#
# A fatal error has been detected by the Java Runtime Environment:
#
#  EXCEPTION_ACCESS_VIOLATION (0xc0000005) at pc=0x00007ff9b069b386, pid=44464, tid=44416
#
# JRE version: OpenJDK Runtime Environment Temurin-17.0.14+7 (17.0.14+7) (build 17.0.14+7)
# Java VM: OpenJDK 64-Bit Server VM Temurin-17.0.14+7 (17.0.14+7, mixed mode, sharing, tiered, compressed oops, compressed class ptrs, g1 gc, windows-amd64)
# Problematic frame:
# C  [igxelpicd64.dll+0x23b386]
#
# No core dump will be written. Minidumps are not enabled by default on client versions of Windows
#
# If you would like to submit a bug report, please visit:
#   https://github.com/adoptium/adoptium-support/issues
#

---------------  S U M M A R Y ------------

Command Line: -agentlib:jdwp=transport=dt_socket,address=8858,server=y,suspend=y,quiet=y -Xms64m -Xmx1024m -Djna.nosys=true -Djava.library.path=;C:\Program Files\Processing\app\resources\core\library;C:\Program Files\Processing;C:\WINDOWS\system32;C:\WINDOWS;C:\Program Files\PlasticSCM5\server;C:\Program Files\PlasticSCM5\client;C:\Program Files\Common Files\Oracle\Java\javapath;C:\Program Files (x86)\Common Files\Oracle\Java\javapath;C:\Windows\System32\HWAudioDriverLibs;C:\Windows\system32;C:\Windows;C:\Windows\System32\Wbem;C:\Windows\System32\WindowsPowerShell\v1.0;C:\Windows\System32\OpenSSH;C:\Program Files\Microsoft SQL Server\150\Tools\Binn;C:\Program Files\Microsoft SQL Server\Client SDK\ODBC\170\Tools\Binn;C:\Program Files\dotnet;D:\Windows Kits\10\Windows Performance Toolkit;C:\Program Files\Java\jdk-23\bin;C:\WINDOWS\system32;C:\WINDOWS;C:\WINDOWS\System32\Wbem;C:\WINDOWS\System32\WindowsPowerShell\v1.0;C:\WINDOWS\System32\OpenSSH;C:\Program Files\nodejs;C:\Program Files\Docker\Docker\resources\bin;C:\Program Files\TortoiseGit\bin;C:\Program Files\Git\cmd;C:\Users\danil\AppData\Local\Programs\Python\Python312\Scripts;C:\Users\danil\AppData\Local\Programs\Python\Python312;C:\Users\danil\AppData\Local\Microsoft\WindowsApps;C:\Users\danil\AppData\Local\Programs\Microsoft VS Code\bin;C:\Users\danil\AppData\Roaming\npm;D:\DataBase\18\bin;C:\Program Files\Processing\app;. -ea processing.core.PApplet --editor-location=-7,-7 --external --display=1 --sketch-path=C:\Users\danil\Desktop\Gravity_simul Gravity_simul

Host: 11th Gen Intel(R) Core(TM) i5-1155G7 @ 2.50GHz, 8 cores, 7G,  Windows 11 , 64 bit Build 26100 (10.0.26100.8328)
Time: Sat Jun 27 23:23:28 2026 RTZ 3 (s 11 , 64 bit Build 26100 (10.0.26100.8328) elapsed time: 25.508688 seconds (0d 0h 0m 25s)

---------------  T H R E A D  ---------------

Current thread (0x0000017e7d206270):  VMThread "VM Thread" [stack: 0x0000000875000000,0x0000000875100000] [id=44416]

Stack: [0x0000000875000000,0x0000000875100000],  sp=0x00000008750fe2f0,  free space=1016k
Native frames: (J=compiled Java code, j=interpreted, Vv=VM code, C=native code)
C  [igxelpicd64.dll+0x23b386]


siginfo: EXCEPTION_ACCESS_VIOLATION (0xc0000005), reading address 0x0000000000035468


Registers:
RAX=0x0000017e55eea550, RBX=0x0000017e7df8c010, RCX=0x0000000000000004, RDX=0x0000000000000000
RSP=0x00000008750fe2f0, RBP=0x0000000000000000, RSI=0x0000017e55eea350, RDI=0x0000017e7d9f5080
R8 =0x0000017e55eea450, R9 =0x00000008744e0000, R10=0x0000000000000000, R11=0x0000000000000246
R12=0x0000017e55eea350, R13=0x0000000000000000, R14=0x0000017e55eea898, R15=0x0000017e55eeaef0
RIP=0x00007ff9b069b386, EFLAGS=0x0000000000010206


Register to memory mapping:

RIP=0x00007ff9b069b386 igxelpicd64.dll
RAX=0x0000017e55eea550 points into unknown readable memory: 0x0000000000027673 | 73 76 02 00 00 00 00 00
RBX=0x0000017e7df8c010 points into unknown readable memory: 0xffffffffffffffff | ff ff ff ff ff ff ff ff
RCX=0x0000000000000004 is an unknown value
RDX=0x0 is NULL
RSP=0x00000008750fe2f0 points into unknown readable memory: 0x0000017e7df8c010 | 10 c0 f8 7d 7e 01 00 00
RBP=0x0 is NULL
RSI=0x0000017e55eea350 points into unknown readable memory: 0x0000017e7dfe86e0 | e0 86 fe 7d 7e 01 00 00
RDI=0x0000017e7d9f5080 points into unknown readable memory: 0x00007ffa7d6f1500 | 00 15 6f 7d fa 7f 00 00
R8 =0x0000017e55eea450 points into unknown readable memory: 0x0000000000000000 | 00 00 00 00 00 00 00 00
R9 =0x00000008744e0000 points into unknown readable memory: 0x0000000000000000 | 00 00 00 00 00 00 00 00
R10=0x0 is NULL
R11=0x0000000000000246 is an unknown value
R12=0x0000017e55eea350 points into unknown readable memory: 0x0000017e7dfe86e0 | e0 86 fe 7d 7e 01 00 00
R13=0x0 is NULL
R14=0x0000017e55eea898 points into unknown readable memory: 0x0000017e55eeaef0 | f0 ae ee 55 7e 01 00 00
R15=0x0000017e55eeaef0 points into unknown readable memory: 0x0000017e7dfe86e0 | e0 86 fe 7d 7e 01 00 00


Top of Stack: (sp=0x00000008750fe2f0)
0x00000008750fe2f0:   0000017e7df8c010 0255429d03862e9d
0x00000008750fe300:   0391939f00929d9d 0250f39f03309c9f
0x00000008750fe310:   0000001603000000 0000000000000000
0x00000008750fe320:   032b66a303b02aa3 0365e2a3036987a3
0x00000008750fe330:   0000017e7df8c010 031d81a403732ea4
0x00000008750fe340:   032a3ea502743ca5 02de81a503725aa5
0x00000008750fe350:   02db39a602a81ca6 0353bba603a49ca6
0x00000008750fe360:   00b3e9a603a7cba6 039039a700a836a7
0x00000008750fe370:   0326f4a70133c2a7 031e5ea90399e2a8
0x00000008750fe380:   036a28aa035e61a9 035b9aaa02fe53aa
0x00000008750fe390:   022dceaa02eccdaa 02fe53ab02bf12ab
0x00000008750fe3a0:   02b97dab02e266ab 036fedab021f82ab
0x00000008750fe3b0:   03990eac01e702ac 02c01eac039d16ac
0x00000008750fe3c0:   01d979ac034833ac 02db8cac03a986ac
0x00000008750fe3d0:   036602ad03a4d0ac 00007ffa7dbc5b54
0x00000008750fe3e0:   0000000000000000 0000000000000000
0x00000008750fe3f0:   00000008750fe590 00007ffa7be21259
0x00000008750fe400:   00000008750fe488 0000000000000000
0x00000008750fe410:   0000000000000054 0000000000000000
0x00000008750fe420:   032eb8b1029d98b1 00007ffa7dbc5cc4
0x00000008750fe430:   039650b302c0ccb2 005273b3035461b3
0x00000008750fe440:   0000f16995dee8d8 036c27b5039305b5
0x00000008750fe450:   0000017e45d0aaf8 00000000000276b5
0x00000008750fe460:   0000000000000000 0000000000000016
0x00000008750fe470:   0000000000000000 0000000000000000
0x00000008750fe480:   00000008750fe590 00007ff9b06c82ae
0x00000008750fe490:   0000017e7d9f5080 0000000000000000
0x00000008750fe4a0:   0000017e7d9f5080 0329a6bb033875bb
0x00000008750fe4b0:   0000000800000ed4 0000740400860000
0x00000008750fe4c0:   0000000000000000 033838be036430be
0x00000008750fe4d0:   02aa5abe029d43be 03a6fcbe02eec1be
0x00000008750fe4e0:   038ec2bf02f831bf 00ad46c00276c4bf 

Instructions: (pc=0x00007ff9b069b386)
0x00007ff9b069b286:   00 90 4c 8b bf 80 02 00 00 48 8b 05 9a 85 bd 00
0x00007ff9b069b296:   8b 80 c8 0a 00 00 89 44 24 24 c6 44 24 20 00 48
0x00007ff9b069b2a6:   c7 87 80 02 00 00 00 00 00 00 c7 87 88 02 00 00
0x00007ff9b069b2b6:   00 00 00 00 48 c7 87 a0 02 00 00 00 00 00 00 48
0x00007ff9b069b2c6:   c7 87 90 02 00 00 00 00 00 00 48 85 ed 75 3d 8b
0x00007ff9b069b2d6:   35 0d 77 cd 00 65 48 8b 04 25 58 00 00 00 b9 14
0x00007ff9b069b2e6:   00 00 00 48 8b 04 f0 40 38 2c 01 0f 84 c9 e7 75
0x00007ff9b069b2f6:   00 65 48 8b 04 25 58 00 00 00 bd 20 00 00 00 48
0x00007ff9b069b306:   8b 04 f0 48 8b 2c 28 48 89 6c 24 28 48 3b 2d 07
0x00007ff9b069b316:   9b cd 00 0f 84 9b 10 00 00 4d 85 ff 0f 84 3a 01
0x00007ff9b069b326:   00 00 0f 1f 84 00 00 00 00 00 49 8b f7 4d 8b e7
0x00007ff9b069b336:   4d 8d b7 48 05 00 00 4d 8b 3e 45 84 ed 0f 85 d9
0x00007ff9b069b346:   0e 00 00 8b 8f d0 01 00 00 48 8b 05 da 84 bd 00
0x00007ff9b069b356:   83 b8 64 03 00 00 02 75 34 4d 8d 84 24 00 01 00
0x00007ff9b069b366:   00 83 f9 10 0f 83 3a 01 00 00 8b c1 48 c1 e0 06
0x00007ff9b069b376:   49 03 c0 48 85 c0 0f 84 9b 01 00 00 48 8b 50 08
0x00007ff9b069b386:   48 3b 95 68 54 03 00 0f 87 b6 0e 00 00 48 83 be
0x00007ff9b069b396:   c0 05 00 00 00 0f 85 50 e7 75 00 44 8b 8f d0 01
0x00007ff9b069b3a6:   00 00 48 8b 87 e8 01 00 00 4c 8b 00 8b 8f d0 01
0x00007ff9b069b3b6:   00 00 48 8d 9e 00 01 00 00 83 f9 10 0f 83 1e 01
0x00007ff9b069b3c6:   00 00 8b c1 48 c1 e0 06 48 03 c3 48 85 c0 0f 84
0x00007ff9b069b3d6:   4a 01 00 00 4c 39 40 08 0f 86 40 01 00 00 48 8b
0x00007ff9b069b3e6:   87 80 02 00 00 49 89 06 48 89 b7 80 02 00 00 ff
0x00007ff9b069b3f6:   87 88 02 00 00 48 8b 4e 08 48 8b 01 ba 01 00 00
0x00007ff9b069b406:   00 48 8b 80 e0 02 00 00 ff 15 f4 c1 88 00 0f b7
0x00007ff9b069b416:   c8 48 2b c1 48 05 00 00 01 00 48 01 87 90 02 00
0x00007ff9b069b426:   00 48 8b 4e 08 48 8b 01 ba 01 00 00 00 48 8b 80
0x00007ff9b069b436:   e0 02 00 00 ff 15 c8 c1 88 00 48 01 87 a0 02 00
0x00007ff9b069b446:   00 0f b6 54 24 20 4d 85 ff 0f 85 db fe ff ff 84
0x00007ff9b069b456:   d2 0f 85 37 0f 00 00 48 8b 5c 24 40 48 8b cf 80
0x00007ff9b069b466:   7c 24 22 00 0f 85 40 0f 00 00 e8 3b f9 ff ff 90
0x00007ff9b069b476:   48 8b cb ff 15 99 bc 88 00 48 8b 8c 24 50 01 00 


Stack slot to memory mapping:
stack at sp + 0 slots: 0x0000017e7df8c010 points into unknown readable memory: 0xffffffffffffffff | ff ff ff ff ff ff ff ff
stack at sp + 1 slots: 0x0255429d03862e9d is an unknown value
stack at sp + 2 slots: 0x0391939f00929d9d is an unknown value
stack at sp + 3 slots: 0x0250f39f03309c9f is an unknown value
stack at sp + 4 slots: 0x0000001603000000 is an unknown value
stack at sp + 5 slots: 0x0 is NULL
stack at sp + 6 slots: 0x032b66a303b02aa3 is an unknown value
stack at sp + 7 slots: 0x0365e2a3036987a3 is an unknown value

VM_Operation (0x00000008771fe8b0): Exit, mode: safepoint, requested by thread 0x0000017e7db90880


---------------  P R O C E S S  ---------------

Threads class SMR info:
_java_thread_list=0x0000017e7df74590, length=219, elements={
0x0000017e7d20aac0, 0x0000017e7d20d4a0, 0x0000017e7d224350, 0x0000017e7d224c20,
0x0000017e7d2254f0, 0x0000017e7d225dc0, 0x0000017e7d236e10, 0x0000017e7d23dc40,
0x0000017e7d240560, 0x0000017e7d4bcb80, 0x0000017e7d4f1cd0, 0x0000017e7d4f49e0,
0x0000017e7d4f7460, 0x0000017e7d508fe0, 0x0000017e7d7d6f10, 0x0000017e7d9bc030,
0x0000017e7db90880, 0x0000017e45a11ad0, 0x0000017e45a11fe0, 0x0000017e45a110b0,
0x0000017e45a124f0, 0x0000017e45a12a00, 0x0000017e45a115c0, 0x0000017e55fadb80,
0x0000017e55fae5a0, 0x0000017e55fae090, 0x0000017e55faf9e0, 0x0000017e55faeab0,
0x0000017e55fafef0, 0x0000017e55faefc0, 0x0000017e55faf4d0, 0x0000017e55fac740,
0x0000017e55fb0400, 0x0000017e55facc50, 0x0000017e55fb0910, 0x0000017e55fad670,
0x0000017e55fad160, 0x0000017e55fb2c80, 0x0000017e55fb0e20, 0x0000017e55fb3190,
0x0000017e55fb1330, 0x0000017e55fb1840, 0x0000017e55fb2770, 0x0000017e55fb1d50,
0x0000017e55fb36a0, 0x0000017e55fb2260, 0x0000017e55fb3bb0, 0x0000017e55fb40c0,
0x0000017e562273c0, 0x0000017e56226490, 0x0000017e56225050, 0x0000017e562269a0,
0x0000017e562282f0, 0x0000017e56224b40, 0x0000017e56228800, 0x0000017e56228d10,
0x0000017e56225a70, 0x0000017e56226eb0, 0x0000017e562278d0, 0x0000017e56225560,
0x0000017e56227de0, 0x0000017e56229220, 0x0000017e56229730, 0x0000017e56225f80,
0x0000017e5622b080, 0x0000017e5622a660, 0x0000017e5622ab70, 0x0000017e56229c40,
0x0000017e5622b590, 0x0000017e5622a150, 0x0000017e5622c4c0, 0x0000017e5622baa0,
0x0000017e5622bfb0, 0x0000017e45f49db0, 0x0000017e45f49390, 0x0000017e45f48e80,
0x0000017e45f47a40, 0x0000017e45f48970, 0x0000017e45f4a7d0, 0x0000017e45f4ace0,
0x0000017e45f47f50, 0x0000017e45f498a0, 0x0000017e45f4bc10, 0x0000017e45f48460,
0x0000017e45f4cb40, 0x0000017e45f4da70, 0x0000017e45f4a2c0, 0x0000017e45f4c120,
0x0000017e45f4df80, 0x0000017e45f4e490, 0x0000017e45f4d560, 0x0000017e45f4e9a0,
0x0000017e45f4b1f0, 0x0000017e45f4eeb0, 0x0000017e45f4d050, 0x0000017e45f4b700,
0x0000017e45f4f3c0, 0x0000017e45f4c630, 0x0000017e564ce190, 0x0000017e564cebb0,
0x0000017e564ce6a0, 0x0000017e564cf5d0, 0x0000017e564cc840, 0x0000017e564cd260,
0x0000017e564cf0c0, 0x0000017e564cd770, 0x0000017e564cdc80, 0x0000017e564ccd50,
0x0000017e564cbe20, 0x0000017e564cfae0, 0x0000017e564cc330, 0x0000017e564cfff0,
0x0000017e564d1940, 0x0000017e564d1e50, 0x0000017e564d0500, 0x0000017e564d3290,
0x0000017e564d37a0, 0x0000017e564d0a10, 0x0000017e564d0f20, 0x0000017e564d1430,
0x0000017e564d2360, 0x0000017e564d2870, 0x0000017e564d2d80, 0x0000017e56795480,
0x0000017e56794f70, 0x0000017e567977f0, 0x0000017e56795990, 0x0000017e567963b0,
0x0000017e567968c0, 0x0000017e56795ea0, 0x0000017e56796dd0, 0x0000017e567972e0,
0x0000017e56797d00, 0x0000017e56798210, 0x0000017e56794a60, 0x0000017e5679a070,
0x0000017e5679afa0, 0x0000017e5679a580, 0x0000017e5679aa90, 0x0000017e5679b4b0,
0x0000017e56799140, 0x0000017e5679b9c0, 0x0000017e5679bed0, 0x0000017e56798720,
0x0000017e5679c3e0, 0x0000017e56798c30, 0x0000017e56799650, 0x0000017e7de86940,
0x0000017e7de86e50, 0x0000017e7de88290, 0x0000017e7de887a0, 0x0000017e7de87870,
0x0000017e7de88cb0, 0x0000017e7de85500, 0x0000017e7de87360, 0x0000017e7de85f20,
0x0000017e7de85a10, 0x0000017e7de87d80, 0x0000017e7de86430, 0x0000017e56799b60,
0x0000017e5677f260, 0x0000017e5677e330, 0x0000017e5677c9e0, 0x0000017e5677f770,
0x0000017e5677d400, 0x0000017e5677cef0, 0x0000017e5677fc80, 0x0000017e5677de20,
0x0000017e5677d910, 0x0000017e56781ae0, 0x0000017e56780190, 0x0000017e56781ff0,
0x0000017e5677e840, 0x0000017e567806a0, 0x0000017e56780bb0, 0x0000017e567810c0,
0x0000017e5677ed50, 0x0000017e56782500, 0x0000017e56783940, 0x0000017e56782a10,
0x0000017e56782f20, 0x0000017e56783430, 0x0000017e56783e50, 0x0000017e56784360,
0x0000017e567815d0, 0x0000017e567439a0, 0x0000017e56743eb0, 0x0000017e56747b70,
0x0000017e567448d0, 0x0000017e56744de0, 0x0000017e56746220, 0x0000017e567452f0,
0x0000017e56745800, 0x0000017e56745d10, 0x0000017e56746730, 0x0000017e56746c40,
0x0000017e56747150, 0x0000017e56747660, 0x0000017e567443c0, 0x0000017e56748fb0,
0x0000017e56748080, 0x0000017e56748590, 0x0000017e56748aa0, 0x0000017e567494c0,
0x0000017e5674a900, 0x0000017e567499d0, 0x0000017e56749ee0, 0x0000017e5674a3f0,
0x0000017e5674ae10, 0x0000017e5674b320, 0x0000017e5672cda0, 0x0000017e5672c380,
0x0000017e5672e6f0, 0x0000017e5672c890, 0x0000017e5672d2b0, 0x0000017e5672d7c0,
0x0000017e5672e1e0, 0x0000017e5672ec00, 0x0000017e5672f620
}

Java Threads: ( => current thread )
  0x0000017e7d20aac0 JavaThread "Reference Handler" daemon [_thread_blocked, id=44412, stack(0x0000000875100000,0x0000000875200000)]
  0x0000017e7d20d4a0 JavaThread "Finalizer" daemon [_thread_blocked, id=44408, stack(0x0000000875200000,0x0000000875300000)]
  0x0000017e7d224350 JavaThread "Signal Dispatcher" daemon [_thread_blocked, id=44376, stack(0x0000000875300000,0x0000000875400000)]
  0x0000017e7d224c20 JavaThread "Attach Listener" daemon [_thread_blocked, id=41244, stack(0x0000000875400000,0x0000000875500000)]
  0x0000017e7d2254f0 JavaThread "Service Thread" daemon [_thread_blocked, id=40560, stack(0x0000000875500000,0x0000000875600000)]
  0x0000017e7d225dc0 JavaThread "Monitor Deflation Thread" daemon [_thread_blocked, id=41296, stack(0x0000000875600000,0x0000000875700000)]
  0x0000017e7d236e10 JavaThread "C2 CompilerThread0" daemon [_thread_blocked, id=44584, stack(0x0000000875700000,0x0000000875800000)]
  0x0000017e7d23dc40 JavaThread "C1 CompilerThread0" daemon [_thread_blocked, id=44588, stack(0x0000000875800000,0x0000000875900000)]
  0x0000017e7d240560 JavaThread "Sweeper thread" daemon [_thread_blocked, id=44572, stack(0x0000000875900000,0x0000000875a00000)]
  0x0000017e7d4bcb80 JavaThread "JDWP Transport Listener: dt_socket" daemon [_thread_blocked, id=44592, stack(0x0000000875a00000,0x0000000875b00000)]
  0x0000017e7d4f1cd0 JavaThread "JDWP Event Helper Thread" daemon [_thread_blocked, id=44596, stack(0x0000000875b00000,0x0000000875c00000)]
  0x0000017e7d4f49e0 JavaThread "JDWP Command Reader" daemon [_thread_blocked, id=44580, stack(0x0000000875c00000,0x0000000875d00000)]
  0x0000017e7d4f7460 JavaThread "Notification Thread" daemon [_thread_blocked, id=44704, stack(0x0000000875d00000,0x0000000875e00000)]
  0x0000017e7d508fe0 JavaThread "Common-Cleaner" daemon [_thread_blocked, id=44660, stack(0x0000000875f00000,0x0000000876000000)]
  0x0000017e7d7d6f10 JavaThread "Java2D Disposer" daemon [_thread_blocked, id=44672, stack(0x0000000876000000,0x0000000876100000)]
  0x0000017e7d9bc030 JavaThread "HighResTimerThread" daemon [_thread_blocked, id=1448, stack(0x0000000876100000,0x0000000876200000)]
  0x0000017e7db90880 JavaThread "main-FPSAWTAnimator#00-Timer0" [_thread_blocked, id=4384, stack(0x0000000877100000,0x0000000877200000)]
  0x0000017e45a11ad0 JavaThread "DestroyJavaVM" [_thread_blocked, id=44440, stack(0x0000000874a00000,0x0000000874b00000)]
  0x0000017e45a11fe0 JavaThread "pool-1-thread-1" [_thread_blocked, id=13648, stack(0x0000000877500000,0x0000000877600000)]
  0x0000017e45a110b0 JavaThread "pool-1-thread-2" [_thread_blocked, id=13128, stack(0x0000000877600000,0x0000000877700000)]
  0x0000017e45a124f0 JavaThread "pool-1-thread-3" [_thread_blocked, id=1824, stack(0x0000000877700000,0x0000000877800000)]
  0x0000017e45a12a00 JavaThread "pool-1-thread-4" [_thread_blocked, id=12856, stack(0x0000000877800000,0x0000000877900000)]
  0x0000017e45a115c0 JavaThread "pool-1-thread-5" [_thread_blocked, id=13460, stack(0x0000000877900000,0x0000000877a00000)]
  0x0000017e55fadb80 JavaThread "pool-1-thread-6" [_thread_blocked, id=1876, stack(0x0000000877a00000,0x0000000877b00000)]
  0x0000017e55fae5a0 JavaThread "pool-1-thread-7" [_thread_blocked, id=16580, stack(0x0000000877b00000,0x0000000877c00000)]
  0x0000017e55fae090 JavaThread "pool-1-thread-8" [_thread_blocked, id=20052, stack(0x0000000877c00000,0x0000000877d00000)]
  0x0000017e55faf9e0 JavaThread "pool-1-thread-9" [_thread_blocked, id=19544, stack(0x0000000877d00000,0x0000000877e00000)]
  0x0000017e55faeab0 JavaThread "pool-1-thread-10" [_thread_blocked, id=9328, stack(0x0000000877e00000,0x0000000877f00000)]
  0x0000017e55fafef0 JavaThread "pool-1-thread-11" [_thread_blocked, id=17564, stack(0x0000000877f00000,0x0000000878000000)]
  0x0000017e55faefc0 JavaThread "pool-1-thread-12" [_thread_blocked, id=12412, stack(0x0000000878000000,0x0000000878100000)]
  0x0000017e55faf4d0 JavaThread "pool-1-thread-13" [_thread_blocked, id=9640, stack(0x0000000878100000,0x0000000878200000)]
  0x0000017e55fac740 JavaThread "pool-1-thread-14" [_thread_blocked, id=616, stack(0x0000000878200000,0x0000000878300000)]
  0x0000017e55fb0400 JavaThread "pool-1-thread-15" [_thread_blocked, id=11368, stack(0x0000000878300000,0x0000000878400000)]
  0x0000017e55facc50 JavaThread "pool-1-thread-16" [_thread_blocked, id=16196, stack(0x0000000878400000,0x0000000878500000)]
  0x0000017e55fb0910 JavaThread "pool-1-thread-17" [_thread_blocked, id=11868, stack(0x0000000878500000,0x0000000878600000)]
  0x0000017e55fad670 JavaThread "pool-1-thread-18" [_thread_blocked, id=10780, stack(0x0000000878600000,0x0000000878700000)]
  0x0000017e55fad160 JavaThread "pool-1-thread-19" [_thread_blocked, id=19564, stack(0x0000000878700000,0x0000000878800000)]
  0x0000017e55fb2c80 JavaThread "pool-1-thread-20" [_thread_blocked, id=17876, stack(0x0000000878800000,0x0000000878900000)]
  0x0000017e55fb0e20 JavaThread "pool-1-thread-21" [_thread_blocked, id=6344, stack(0x0000000878900000,0x0000000878a00000)]
  0x0000017e55fb3190 JavaThread "pool-1-thread-22" [_thread_blocked, id=20120, stack(0x0000000878a00000,0x0000000878b00000)]
  0x0000017e55fb1330 JavaThread "pool-1-thread-23" [_thread_blocked, id=17244, stack(0x0000000878b00000,0x0000000878c00000)]
  0x0000017e55fb1840 JavaThread "pool-1-thread-24" [_thread_blocked, id=15608, stack(0x0000000878c00000,0x0000000878d00000)]
  0x0000017e55fb2770 JavaThread "pool-1-thread-25" [_thread_blocked, id=15704, stack(0x0000000878d00000,0x0000000878e00000)]
  0x0000017e55fb1d50 JavaThread "pool-1-thread-26" [_thread_blocked, id=19484, stack(0x0000000878e00000,0x0000000878f00000)]
  0x0000017e55fb36a0 JavaThread "pool-1-thread-27" [_thread_blocked, id=15680, stack(0x0000000878f00000,0x0000000879000000)]
  0x0000017e55fb2260 JavaThread "pool-1-thread-28" [_thread_blocked, id=10180, stack(0x0000000879000000,0x0000000879100000)]
  0x0000017e55fb3bb0 JavaThread "pool-1-thread-29" [_thread_blocked, id=18332, stack(0x0000000879100000,0x0000000879200000)]
  0x0000017e55fb40c0 JavaThread "pool-1-thread-30" [_thread_blocked, id=3576, stack(0x0000000879200000,0x0000000879300000)]
  0x0000017e562273c0 JavaThread "pool-1-thread-31" [_thread_blocked, id=14920, stack(0x0000000879300000,0x0000000879400000)]
  0x0000017e56226490 JavaThread "pool-1-thread-32" [_thread_blocked, id=16036, stack(0x0000000879400000,0x0000000879500000)]
  0x0000017e56225050 JavaThread "pool-1-thread-33" [_thread_blocked, id=3648, stack(0x0000000879500000,0x0000000879600000)]
  0x0000017e562269a0 JavaThread "pool-1-thread-34" [_thread_blocked, id=6472, stack(0x0000000879600000,0x0000000879700000)]
  0x0000017e562282f0 JavaThread "pool-1-thread-35" [_thread_blocked, id=10484, stack(0x0000000879700000,0x0000000879800000)]
  0x0000017e56224b40 JavaThread "pool-1-thread-36" [_thread_blocked, id=17196, stack(0x0000000879800000,0x0000000879900000)]
  0x0000017e56228800 JavaThread "pool-1-thread-37" [_thread_blocked, id=18108, stack(0x0000000879900000,0x0000000879a00000)]
  0x0000017e56228d10 JavaThread "pool-1-thread-38" [_thread_blocked, id=15412, stack(0x0000000879a00000,0x0000000879b00000)]
  0x0000017e56225a70 JavaThread "pool-1-thread-39" [_thread_blocked, id=1200, stack(0x0000000879b00000,0x0000000879c00000)]
  0x0000017e56226eb0 JavaThread "pool-1-thread-40" [_thread_blocked, id=520, stack(0x0000000879c00000,0x0000000879d00000)]
  0x0000017e562278d0 JavaThread "pool-1-thread-41" [_thread_blocked, id=20204, stack(0x0000000879d00000,0x0000000879e00000)]
  0x0000017e56225560 JavaThread "pool-1-thread-42" [_thread_blocked, id=14828, stack(0x0000000879e00000,0x0000000879f00000)]
  0x0000017e56227de0 JavaThread "pool-1-thread-43" [_thread_blocked, id=18500, stack(0x0000000879f00000,0x000000087a000000)]
  0x0000017e56229220 JavaThread "pool-1-thread-44" [_thread_blocked, id=39120, stack(0x000000087a000000,0x000000087a100000)]
  0x0000017e56229730 JavaThread "pool-1-thread-45" [_thread_blocked, id=39564, stack(0x000000087a100000,0x000000087a200000)]
  0x0000017e56225f80 JavaThread "pool-1-thread-46" [_thread_blocked, id=41680, stack(0x000000087a200000,0x000000087a300000)]
  0x0000017e5622b080 JavaThread "pool-1-thread-47" [_thread_blocked, id=41676, stack(0x000000087a300000,0x000000087a400000)]
  0x0000017e5622a660 JavaThread "pool-1-thread-48" [_thread_blocked, id=44764, stack(0x000000087a400000,0x000000087a500000)]
  0x0000017e5622ab70 JavaThread "pool-1-thread-49" [_thread_blocked, id=33352, stack(0x000000087a500000,0x000000087a600000)]
  0x0000017e56229c40 JavaThread "pool-1-thread-50" [_thread_blocked, id=33376, stack(0x000000087a600000,0x000000087a700000)]
  0x0000017e5622b590 JavaThread "pool-1-thread-51" [_thread_blocked, id=33372, stack(0x000000087a700000,0x000000087a800000)]
  0x0000017e5622a150 JavaThread "pool-1-thread-52" [_thread_blocked, id=33380, stack(0x000000087a800000,0x000000087a900000)]
  0x0000017e5622c4c0 JavaThread "pool-1-thread-53" [_thread_blocked, id=33388, stack(0x000000087a900000,0x000000087aa00000)]
  0x0000017e5622baa0 JavaThread "pool-1-thread-54" [_thread_blocked, id=33396, stack(0x000000087aa00000,0x000000087ab00000)]
  0x0000017e5622bfb0 JavaThread "pool-1-thread-55" [_thread_blocked, id=33348, stack(0x000000087ab00000,0x000000087ac00000)]
  0x0000017e45f49db0 JavaThread "pool-1-thread-56" [_thread_blocked, id=33368, stack(0x000000087ac00000,0x000000087ad00000)]
  0x0000017e45f49390 JavaThread "pool-1-thread-57" [_thread_blocked, id=33344, stack(0x000000087ad00000,0x000000087ae00000)]
  0x0000017e45f48e80 JavaThread "pool-1-thread-58" [_thread_blocked, id=44812, stack(0x000000087ae00000,0x000000087af00000)]
  0x0000017e45f47a40 JavaThread "pool-1-thread-59" [_thread_blocked, id=44800, stack(0x000000087af00000,0x000000087b000000)]
  0x0000017e45f48970 JavaThread "pool-1-thread-60" [_thread_blocked, id=44796, stack(0x000000087b000000,0x000000087b100000)]
  0x0000017e45f4a7d0 JavaThread "pool-1-thread-61" [_thread_blocked, id=44792, stack(0x000000087b100000,0x000000087b200000)]
  0x0000017e45f4ace0 JavaThread "pool-1-thread-62" [_thread_blocked, id=44820, stack(0x000000087b200000,0x000000087b300000)]
  0x0000017e45f47f50 JavaThread "pool-1-thread-63" [_thread_blocked, id=44824, stack(0x000000087b300000,0x000000087b400000)]
  0x0000017e45f498a0 JavaThread "pool-1-thread-64" [_thread_blocked, id=44808, stack(0x000000087b400000,0x000000087b500000)]
  0x0000017e45f4bc10 JavaThread "pool-1-thread-65" [_thread_blocked, id=41764, stack(0x000000087b500000,0x000000087b600000)]
  0x0000017e45f48460 JavaThread "pool-1-thread-66" [_thread_blocked, id=44924, stack(0x000000087b600000,0x000000087b700000)]
  0x0000017e45f4cb40 JavaThread "pool-1-thread-67" [_thread_blocked, id=44912, stack(0x000000087b700000,0x000000087b800000)]
  0x0000017e45f4da70 JavaThread "pool-1-thread-68" [_thread_blocked, id=44908, stack(0x000000087b800000,0x000000087b900000)]
  0x0000017e45f4a2c0 JavaThread "pool-1-thread-69" [_thread_blocked, id=44904, stack(0x000000087b900000,0x000000087ba00000)]
  0x0000017e45f4c120 JavaThread "pool-1-thread-70" [_thread_blocked, id=44900, stack(0x000000087ba00000,0x000000087bb00000)]
  0x0000017e45f4df80 JavaThread "pool-1-thread-71" [_thread_blocked, id=44896, stack(0x000000087bb00000,0x000000087bc00000)]
  0x0000017e45f4e490 JavaThread "pool-1-thread-72" [_thread_blocked, id=44892, stack(0x000000087bc00000,0x000000087bd00000)]
  0x0000017e45f4d560 JavaThread "pool-1-thread-73" [_thread_blocked, id=44888, stack(0x000000087bd00000,0x000000087be00000)]
  0x0000017e45f4e9a0 JavaThread "pool-1-thread-74" [_thread_blocked, id=44916, stack(0x000000087be00000,0x000000087bf00000)]
  0x0000017e45f4b1f0 JavaThread "pool-1-thread-75" [_thread_blocked, id=44920, stack(0x000000087bf00000,0x000000087c000000)]
  0x0000017e45f4eeb0 JavaThread "pool-1-thread-76" [_thread_blocked, id=44928, stack(0x000000087c000000,0x000000087c100000)]
  0x0000017e45f4d050 JavaThread "pool-1-thread-77" [_thread_blocked, id=44932, stack(0x000000087c100000,0x000000087c200000)]
  0x0000017e45f4b700 JavaThread "pool-1-thread-78" [_thread_blocked, id=44884, stack(0x000000087c200000,0x000000087c300000)]
  0x0000017e45f4f3c0 JavaThread "pool-1-thread-79" [_thread_blocked, id=44876, stack(0x000000087c300000,0x000000087c400000)]
  0x0000017e45f4c630 JavaThread "pool-1-thread-80" [_thread_blocked, id=44856, stack(0x000000087c400000,0x000000087c500000)]
  0x0000017e564ce190 JavaThread "pool-1-thread-81" [_thread_blocked, id=44852, stack(0x000000087c500000,0x000000087c600000)]
  0x0000017e564cebb0 JavaThread "pool-1-thread-82" [_thread_blocked, id=44840, stack(0x000000087c600000,0x000000087c700000)]
  0x0000017e564ce6a0 JavaThread "pool-1-thread-83" [_thread_blocked, id=44868, stack(0x000000087c700000,0x000000087c800000)]
  0x0000017e564cf5d0 JavaThread "pool-1-thread-84" [_thread_blocked, id=44864, stack(0x000000087c800000,0x000000087c900000)]
  0x0000017e564cc840 JavaThread "pool-1-thread-85" [_thread_blocked, id=44860, stack(0x000000087c900000,0x000000087ca00000)]
  0x0000017e564cd260 JavaThread "pool-1-thread-86" [_thread_blocked, id=44872, stack(0x000000087ca00000,0x000000087cb00000)]
  0x0000017e564cf0c0 JavaThread "pool-1-thread-87" [_thread_blocked, id=44776, stack(0x000000087cb00000,0x000000087cc00000)]
  0x0000017e564cd770 JavaThread "pool-1-thread-88" [_thread_blocked, id=44784, stack(0x000000087cc00000,0x000000087cd00000)]
  0x0000017e564cdc80 JavaThread "pool-1-thread-89" [_thread_blocked, id=44880, stack(0x000000087cd00000,0x000000087ce00000)]
  0x0000017e564ccd50 JavaThread "pool-1-thread-90" [_thread_blocked, id=44772, stack(0x000000087ce00000,0x000000087cf00000)]
  0x0000017e564cbe20 JavaThread "pool-1-thread-91" [_thread_blocked, id=44828, stack(0x000000087cf00000,0x000000087d000000)]
  0x0000017e564cfae0 JavaThread "pool-1-thread-92" [_thread_blocked, id=44844, stack(0x000000087d000000,0x000000087d100000)]
  0x0000017e564cc330 JavaThread "pool-1-thread-93" [_thread_blocked, id=44780, stack(0x000000087d100000,0x000000087d200000)]
  0x0000017e564cfff0 JavaThread "pool-1-thread-94" [_thread_blocked, id=44848, stack(0x000000087d200000,0x000000087d300000)]
  0x0000017e564d1940 JavaThread "pool-1-thread-95" [_thread_blocked, id=44832, stack(0x000000087d300000,0x000000087d400000)]
  0x0000017e564d1e50 JavaThread "pool-1-thread-96" [_thread_blocked, id=44816, stack(0x000000087d400000,0x000000087d500000)]
  0x0000017e564d0500 JavaThread "pool-1-thread-97" [_thread_blocked, id=44788, stack(0x000000087d500000,0x000000087d600000)]
  0x0000017e564d3290 JavaThread "pool-1-thread-98" [_thread_blocked, id=44836, stack(0x000000087d600000,0x000000087d700000)]
  0x0000017e564d37a0 JavaThread "pool-1-thread-99" [_thread_blocked, id=44804, stack(0x000000087d700000,0x000000087d800000)]
  0x0000017e564d0a10 JavaThread "pool-1-thread-100" [_thread_blocked, id=41772, stack(0x000000087d800000,0x000000087d900000)]
  0x0000017e564d0f20 JavaThread "pool-1-thread-101" [_thread_blocked, id=39128, stack(0x000000087d900000,0x000000087da00000)]
  0x0000017e564d1430 JavaThread "pool-1-thread-102" [_thread_blocked, id=41788, stack(0x000000087da00000,0x000000087db00000)]
  0x0000017e564d2360 JavaThread "pool-1-thread-103" [_thread_blocked, id=41236, stack(0x000000087db00000,0x000000087dc00000)]
  0x0000017e564d2870 JavaThread "pool-1-thread-104" [_thread_blocked, id=41232, stack(0x000000087dc00000,0x000000087dd00000)]
  0x0000017e564d2d80 JavaThread "pool-1-thread-105" [_thread_blocked, id=42412, stack(0x000000087dd00000,0x000000087de00000)]
  0x0000017e56795480 JavaThread "pool-1-thread-106" [_thread_blocked, id=42416, stack(0x000000087de00000,0x000000087df00000)]
  0x0000017e56794f70 JavaThread "pool-1-thread-107" [_thread_blocked, id=41640, stack(0x000000087df00000,0x000000087e000000)]
  0x0000017e567977f0 JavaThread "pool-1-thread-108" [_thread_blocked, id=44952, stack(0x000000087e000000,0x000000087e100000)]
  0x0000017e56795990 JavaThread "pool-1-thread-109" [_thread_blocked, id=41632, stack(0x000000087e100000,0x000000087e200000)]
  0x0000017e567963b0 JavaThread "pool-1-thread-110" [_thread_blocked, id=26252, stack(0x000000087e200000,0x000000087e300000)]
  0x0000017e567968c0 JavaThread "pool-1-thread-111" [_thread_blocked, id=41648, stack(0x000000087e300000,0x000000087e400000)]
  0x0000017e56795ea0 JavaThread "pool-1-thread-112" [_thread_blocked, id=26248, stack(0x000000087e400000,0x000000087e500000)]
  0x0000017e56796dd0 JavaThread "pool-1-thread-113" [_thread_blocked, id=42408, stack(0x000000087e500000,0x000000087e600000)]
  0x0000017e567972e0 JavaThread "pool-1-thread-114" [_thread_blocked, id=41228, stack(0x000000087e600000,0x000000087e700000)]
  0x0000017e56797d00 JavaThread "pool-1-thread-115" [_thread_blocked, id=43560, stack(0x000000087e700000,0x000000087e800000)]
  0x0000017e56798210 JavaThread "pool-1-thread-116" [_thread_blocked, id=32872, stack(0x000000087e800000,0x000000087e900000)]
  0x0000017e56794a60 JavaThread "pool-1-thread-117" [_thread_blocked, id=44748, stack(0x000000087e900000,0x000000087ea00000)]
  0x0000017e5679a070 JavaThread "pool-1-thread-118" [_thread_blocked, id=41952, stack(0x000000087ea00000,0x000000087eb00000)]
  0x0000017e5679afa0 JavaThread "pool-1-thread-119" [_thread_blocked, id=40468, stack(0x000000087eb00000,0x000000087ec00000)]
  0x0000017e5679a580 JavaThread "pool-1-thread-120" [_thread_blocked, id=41956, stack(0x000000087ec00000,0x000000087ed00000)]
  0x0000017e5679aa90 JavaThread "pool-1-thread-121" [_thread_blocked, id=39336, stack(0x000000087ed00000,0x000000087ee00000)]
  0x0000017e5679b4b0 JavaThread "pool-1-thread-122" [_thread_blocked, id=40488, stack(0x000000087ee00000,0x000000087ef00000)]
  0x0000017e56799140 JavaThread "pool-1-thread-123" [_thread_blocked, id=40480, stack(0x000000087ef00000,0x000000087f000000)]
  0x0000017e5679b9c0 JavaThread "pool-1-thread-124" [_thread_blocked, id=39356, stack(0x000000087f000000,0x000000087f100000)]
  0x0000017e5679bed0 JavaThread "pool-1-thread-125" [_thread_blocked, id=40492, stack(0x000000087f100000,0x000000087f200000)]
  0x0000017e56798720 JavaThread "pool-1-thread-126" [_thread_blocked, id=40500, stack(0x000000087f200000,0x000000087f300000)]
  0x0000017e5679c3e0 JavaThread "pool-1-thread-127" [_thread_blocked, id=40508, stack(0x000000087f300000,0x000000087f400000)]
  0x0000017e56798c30 JavaThread "pool-1-thread-128" [_thread_blocked, id=36900, stack(0x000000087f400000,0x000000087f500000)]
  0x0000017e56799650 JavaThread "pool-1-thread-129" [_thread_blocked, id=40512, stack(0x000000087f500000,0x000000087f600000)]
  0x0000017e7de86940 JavaThread "pool-1-thread-130" [_thread_blocked, id=40520, stack(0x000000087f600000,0x000000087f700000)]
  0x0000017e7de86e50 JavaThread "pool-1-thread-131" [_thread_blocked, id=41220, stack(0x000000087f700000,0x000000087f800000)]
  0x0000017e7de88290 JavaThread "pool-1-thread-132" [_thread_blocked, id=31260, stack(0x000000087f800000,0x000000087f900000)]
  0x0000017e7de887a0 JavaThread "pool-1-thread-133" [_thread_blocked, id=40536, stack(0x000000087f900000,0x000000087fa00000)]
  0x0000017e7de87870 JavaThread "pool-1-thread-134" [_thread_blocked, id=40540, stack(0x000000087fa00000,0x000000087fb00000)]
  0x0000017e7de88cb0 JavaThread "pool-1-thread-135" [_thread_blocked, id=40552, stack(0x000000087fb00000,0x000000087fc00000)]
  0x0000017e7de85500 JavaThread "pool-1-thread-136" [_thread_blocked, id=42012, stack(0x000000087fc00000,0x000000087fd00000)]
  0x0000017e7de87360 JavaThread "pool-1-thread-137" [_thread_blocked, id=45084, stack(0x000000087fd00000,0x000000087fe00000)]
  0x0000017e7de85f20 JavaThread "pool-1-thread-138" [_thread_blocked, id=45088, stack(0x000000087fe00000,0x000000087ff00000)]
  0x0000017e7de85a10 JavaThread "pool-1-thread-139" [_thread_blocked, id=45072, stack(0x000000087ff00000,0x0000000880000000)]
  0x0000017e7de87d80 JavaThread "pool-1-thread-140" [_thread_blocked, id=45096, stack(0x0000000800000000,0x0000000800100000)]
  0x0000017e7de86430 JavaThread "pool-1-thread-141" [_thread_blocked, id=45092, stack(0x0000000800100000,0x0000000800200000)]
  0x0000017e56799b60 JavaThread "pool-1-thread-142" [_thread_blocked, id=45080, stack(0x0000000800200000,0x0000000800300000)]
  0x0000017e5677f260 JavaThread "pool-1-thread-143" [_thread_blocked, id=45200, stack(0x0000000800300000,0x0000000800400000)]
  0x0000017e5677e330 JavaThread "pool-1-thread-144" [_thread_blocked, id=45196, stack(0x0000000800400000,0x0000000800500000)]
  0x0000017e5677c9e0 JavaThread "pool-1-thread-145" [_thread_blocked, id=45208, stack(0x0000000800500000,0x0000000800600000)]
  0x0000017e5677f770 JavaThread "pool-1-thread-146" [_thread_blocked, id=45192, stack(0x0000000800600000,0x0000000800700000)]
  0x0000017e5677d400 JavaThread "pool-1-thread-147" [_thread_blocked, id=45180, stack(0x0000000800700000,0x0000000800800000)]
  0x0000017e5677cef0 JavaThread "pool-1-thread-148" [_thread_blocked, id=45172, stack(0x0000000800800000,0x0000000800900000)]
  0x0000017e5677fc80 JavaThread "pool-1-thread-149" [_thread_blocked, id=45216, stack(0x0000000800900000,0x0000000800a00000)]
  0x0000017e5677de20 JavaThread "pool-1-thread-150" [_thread_blocked, id=45188, stack(0x0000000800a00000,0x0000000800b00000)]
  0x0000017e5677d910 JavaThread "pool-1-thread-151" [_thread_blocked, id=45184, stack(0x0000000800b00000,0x0000000800c00000)]
  0x0000017e56781ae0 JavaThread "pool-1-thread-152" [_thread_blocked, id=45176, stack(0x0000000800c00000,0x0000000800d00000)]
  0x0000017e56780190 JavaThread "pool-1-thread-153" [_thread_blocked, id=45204, stack(0x0000000800d00000,0x0000000800e00000)]
  0x0000017e56781ff0 JavaThread "pool-1-thread-154" [_thread_blocked, id=45212, stack(0x0000000800e00000,0x0000000800f00000)]
  0x0000017e5677e840 JavaThread "pool-1-thread-155" [_thread_blocked, id=45160, stack(0x0000000800f00000,0x0000000801000000)]
  0x0000017e567806a0 JavaThread "pool-1-thread-156" [_thread_blocked, id=45152, stack(0x0000000801000000,0x0000000801100000)]
  0x0000017e56780bb0 JavaThread "pool-1-thread-157" [_thread_blocked, id=45144, stack(0x0000000801100000,0x0000000801200000)]
  0x0000017e567810c0 JavaThread "pool-1-thread-158" [_thread_blocked, id=45140, stack(0x0000000801200000,0x0000000801300000)]
  0x0000017e5677ed50 JavaThread "pool-1-thread-159" [_thread_blocked, id=45128, stack(0x0000000801300000,0x0000000801400000)]
  0x0000017e56782500 JavaThread "pool-1-thread-160" [_thread_blocked, id=45136, stack(0x0000000801400000,0x0000000801500000)]
  0x0000017e56783940 JavaThread "pool-1-thread-161" [_thread_blocked, id=45132, stack(0x0000000801500000,0x0000000801600000)]
  0x0000017e56782a10 JavaThread "pool-1-thread-162" [_thread_blocked, id=45124, stack(0x0000000801600000,0x0000000801700000)]
  0x0000017e56782f20 JavaThread "pool-1-thread-163" [_thread_blocked, id=45156, stack(0x0000000801700000,0x0000000801800000)]
  0x0000017e56783430 JavaThread "pool-1-thread-164" [_thread_blocked, id=45064, stack(0x0000000801800000,0x0000000801900000)]
  0x0000017e56783e50 JavaThread "pool-1-thread-165" [_thread_blocked, id=45052, stack(0x0000000801900000,0x0000000801a00000)]
  0x0000017e56784360 JavaThread "pool-1-thread-166" [_thread_blocked, id=45148, stack(0x0000000801a00000,0x0000000801b00000)]
  0x0000017e567815d0 JavaThread "pool-1-thread-167" [_thread_blocked, id=45048, stack(0x0000000801b00000,0x0000000801c00000)]
  0x0000017e567439a0 JavaThread "pool-1-thread-168" [_thread_blocked, id=45112, stack(0x0000000801c00000,0x0000000801d00000)]
  0x0000017e56743eb0 JavaThread "pool-1-thread-169" [_thread_blocked, id=45104, stack(0x0000000801d00000,0x0000000801e00000)]
  0x0000017e56747b70 JavaThread "pool-1-thread-170" [_thread_blocked, id=45060, stack(0x0000000801e00000,0x0000000801f00000)]
  0x0000017e567448d0 JavaThread "pool-1-thread-171" [_thread_blocked, id=45120, stack(0x0000000801f00000,0x0000000802000000)]
  0x0000017e56744de0 JavaThread "pool-1-thread-172" [_thread_blocked, id=45116, stack(0x0000000802000000,0x0000000802100000)]
  0x0000017e56746220 JavaThread "pool-1-thread-173" [_thread_blocked, id=45100, stack(0x0000000802100000,0x0000000802200000)]
  0x0000017e567452f0 JavaThread "pool-1-thread-174" [_thread_blocked, id=45068, stack(0x0000000802200000,0x0000000802300000)]
  0x0000017e56745800 JavaThread "pool-1-thread-175" [_thread_blocked, id=45108, stack(0x0000000802300000,0x0000000802400000)]
  0x0000017e56745d10 JavaThread "pool-1-thread-176" [_thread_blocked, id=45076, stack(0x0000000802400000,0x0000000802500000)]
  0x0000017e56746730 JavaThread "pool-1-thread-177" [_thread_blocked, id=42380, stack(0x0000000802500000,0x0000000802600000)]
  0x0000017e56746c40 JavaThread "pool-1-thread-178" [_thread_blocked, id=48564, stack(0x0000000802600000,0x0000000802700000)]
  0x0000017e56747150 JavaThread "pool-1-thread-179" [_thread_blocked, id=25788, stack(0x0000000802700000,0x0000000802800000)]
  0x0000017e56747660 JavaThread "pool-1-thread-180" [_thread_blocked, id=33132, stack(0x0000000802800000,0x0000000802900000)]
  0x0000017e567443c0 JavaThread "pool-1-thread-181" [_thread_blocked, id=45240, stack(0x0000000802900000,0x0000000802a00000)]
  0x0000017e56748fb0 JavaThread "pool-1-thread-182" [_thread_blocked, id=20732, stack(0x0000000802a00000,0x0000000802b00000)]
  0x0000017e56748080 JavaThread "pool-1-thread-183" [_thread_blocked, id=39140, stack(0x0000000802b00000,0x0000000802c00000)]
  0x0000017e56748590 JavaThread "pool-1-thread-184" [_thread_blocked, id=39136, stack(0x0000000802c00000,0x0000000802d00000)]
  0x0000017e56748aa0 JavaThread "pool-1-thread-185" [_thread_blocked, id=45284, stack(0x0000000802d00000,0x0000000802e00000)]
  0x0000017e567494c0 JavaThread "pool-1-thread-186" [_thread_blocked, id=45280, stack(0x0000000802e00000,0x0000000802f00000)]
  0x0000017e5674a900 JavaThread "pool-1-thread-187" [_thread_blocked, id=45268, stack(0x0000000802f00000,0x0000000803000000)]
  0x0000017e567499d0 JavaThread "pool-1-thread-188" [_thread_blocked, id=45292, stack(0x0000000803000000,0x0000000803100000)]
  0x0000017e56749ee0 JavaThread "pool-1-thread-189" [_thread_blocked, id=45288, stack(0x0000000803100000,0x0000000803200000)]
  0x0000017e5674a3f0 JavaThread "pool-1-thread-190" [_thread_blocked, id=45276, stack(0x0000000803200000,0x0000000803300000)]
  0x0000017e5674ae10 JavaThread "pool-1-thread-191" [_thread_blocked, id=45388, stack(0x0000000803300000,0x0000000803400000)]
  0x0000017e5674b320 JavaThread "pool-1-thread-192" [_thread_blocked, id=45384, stack(0x0000000803400000,0x0000000803500000)]
  0x0000017e5672cda0 JavaThread "pool-1-thread-193" [_thread_blocked, id=45380, stack(0x0000000803500000,0x0000000803600000)]
  0x0000017e5672c380 JavaThread "pool-1-thread-194" [_thread_blocked, id=45368, stack(0x0000000803600000,0x0000000803700000)]
  0x0000017e5672e6f0 JavaThread "pool-1-thread-195" [_thread_blocked, id=45360, stack(0x0000000803700000,0x0000000803800000)]
  0x0000017e5672c890 JavaThread "pool-1-thread-196" [_thread_blocked, id=45376, stack(0x0000000803800000,0x0000000803900000)]
  0x0000017e5672d2b0 JavaThread "pool-1-thread-197" [_thread_blocked, id=45372, stack(0x0000000803900000,0x0000000803a00000)]
  0x0000017e5672d7c0 JavaThread "pool-1-thread-198" [_thread_blocked, id=45364, stack(0x0000000803a00000,0x0000000803b00000)]
  0x0000017e5672e1e0 JavaThread "pool-1-thread-199" [_thread_blocked, id=45392, stack(0x0000000803b00000,0x0000000803c00000)]
  0x0000017e5672ec00 JavaThread "pool-1-thread-200" [_thread_blocked, id=45400, stack(0x0000000803c00000,0x0000000803d00000)]
  0x0000017e5672f620 JavaThread "AWT-Shutdown" [_thread_blocked, id=46140, stack(0x0000000804200000,0x0000000804300000)]

Other Threads:
=>0x0000017e7d206270 VMThread "VM Thread" [stack: 0x0000000875000000,0x0000000875100000] [id=44416]
  0x0000017e6140dd30 GCTaskThread "GC Thread#0" [stack: 0x0000000874b00000,0x0000000874c00000] [id=44436]
  0x0000017e45338110 GCTaskThread "GC Thread#1" [stack: 0x0000000876800000,0x0000000876900000] [id=41432]
  0x0000017e453383d0 GCTaskThread "GC Thread#2" [stack: 0x0000000876900000,0x0000000876a00000] [id=38688]
  0x0000017e45338690 GCTaskThread "GC Thread#3" [stack: 0x0000000876a00000,0x0000000876b00000] [id=12528]
  0x0000017e45338950 GCTaskThread "GC Thread#4" [stack: 0x0000000876b00000,0x0000000876c00000] [id=6468]
  0x0000017e45338c10 GCTaskThread "GC Thread#5" [stack: 0x0000000876c00000,0x0000000876d00000] [id=16324]
  0x0000017e4536c940 GCTaskThread "GC Thread#6" [stack: 0x0000000876d00000,0x0000000876e00000] [id=19880]
  0x0000017e45370c10 GCTaskThread "GC Thread#7" [stack: 0x0000000876e00000,0x0000000876f00000] [id=7356]
  0x0000017e61416b90 ConcurrentGCThread "G1 Main Marker" terminated
  0x0000017e614174c0 ConcurrentGCThread "G1 Conc#0" [stack: 0x0000000874d00000,0x0000000874e00000] [id=44456]
  0x0000017e564bbe20 ConcurrentGCThread "G1 Conc#1" [stack: 0x0000000803e00000,0x0000000803f00000] [id=45404]
  0x0000017e6146f740 ConcurrentGCThread "G1 Refine#0" terminated
  0x0000017e561c0790 ConcurrentGCThread "G1 Refine#1" terminated
  0x0000017e7d0d0090 ConcurrentGCThread "G1 Service" terminated

Threads with active compile tasks:

VM state: at safepoint (shutting down)

VM Mutex/Monitor currently owned by a thread:  ([mutex/lock_event])
[0x0000017e5f16d5e0] Threads_lock - owner thread: 0x0000017e7d206270
[0x0000017e5f16e360] Heap_lock - owner thread: 0x0000017e7db90880

Heap address: 0x00000000c0000000, size: 1024 MB, Compressed Oops mode: 32-bit

CDS archive(s) mapped at: [0x0000017e00000000-0x0000017e00bb0000-0x0000017e00bb0000), size 12255232, SharedBaseAddress: 0x0000017e00000000, ArchiveRelocationMode: 1.
Compressed class space mapped at: 0x0000017e01000000-0x0000017e41000000, reserved size: 1073741824
Narrow klass base: 0x0000017e00000000, Narrow klass shift: 0, Narrow klass range: 0x100000000

GC Precious Log:
 CPUs: 8 total, 8 available
 Memory: 7975M
 Large Page Support: Disabled
 NUMA Support: Disabled
 Compressed Oops: Enabled (32-bit)
 Heap Region Size: 1M
 Heap Min Capacity: 64M
 Heap Initial Capacity: 64M
 Heap Max Capacity: 1G
 Pre-touch: Disabled
 Parallel Workers: 8
 Concurrent Workers: 2
 Concurrent Refinement Workers: 8
 Periodic GC: Disabled

Heap:
 garbage-first heap   total 167936K, used 130280K [0x00000000c0000000, 0x0000000100000000)
  region size 1024K, 38 young (38912K), 5 survivors (5120K)
 Metaspace       used 13129K, committed 13312K, reserved 1114112K
  class space    used 918K, committed 1024K, reserved 1048576K

Heap Regions: E=young(eden), S=young(survivor), O=old, HS=humongous(starts), HC=humongous(continues), CS=collection set, F=free, OA=open archive, CA=closed archive, TAMS=top-at-mark-start (previous, next)
|   0|0x00000000c0000000, 0x00000000c0100000, 0x00000000c0100000|100%| O|  |TAMS 0x00000000c0100000, 0x00000000c0000000| Untracked 
|   1|0x00000000c0100000, 0x00000000c0200000, 0x00000000c0200000|100%| O|  |TAMS 0x00000000c0200000, 0x00000000c0100000| Untracked 
|   2|0x00000000c0200000, 0x00000000c0300000, 0x00000000c0300000|100%| O|  |TAMS 0x00000000c0300000, 0x00000000c0200000| Untracked 
|   3|0x00000000c0300000, 0x00000000c0400000, 0x00000000c0400000|100%| O|  |TAMS 0x00000000c0400000, 0x00000000c0300000| Untracked 
|   4|0x00000000c0400000, 0x00000000c0500000, 0x00000000c0500000|100%| O|  |TAMS 0x00000000c0500000, 0x00000000c0400000| Untracked 
|   5|0x00000000c0500000, 0x00000000c0600000, 0x00000000c0600000|100%| O|  |TAMS 0x00000000c0600000, 0x00000000c0500000| Untracked 
|   6|0x00000000c0600000, 0x00000000c0700000, 0x00000000c0700000|100%| O|  |TAMS 0x00000000c0700000, 0x00000000c0600000| Untracked 
|   7|0x00000000c0700000, 0x00000000c0800000, 0x00000000c0800000|100%| O|  |TAMS 0x00000000c0800000, 0x00000000c0700000| Untracked 
|   8|0x00000000c0800000, 0x00000000c0900000, 0x00000000c0900000|100%| O|  |TAMS 0x00000000c0900000, 0x00000000c0800000| Untracked 
|   9|0x00000000c0900000, 0x00000000c0a00000, 0x00000000c0a00000|100%| O|  |TAMS 0x00000000c0a00000, 0x00000000c0900000| Untracked 
|  10|0x00000000c0a00000, 0x00000000c0a00000, 0x00000000c0b00000|  0%| F|  |TAMS 0x00000000c0a00000, 0x00000000c0a00000| Untracked 
|  11|0x00000000c0b00000, 0x00000000c0c00000, 0x00000000c0c00000|100%| O|  |TAMS 0x00000000c0c00000, 0x00000000c0b00000| Untracked 
|  12|0x00000000c0c00000, 0x00000000c0d00000, 0x00000000c0d00000|100%| O|  |TAMS 0x00000000c0d00000, 0x00000000c0c00000| Untracked 
|  13|0x00000000c0d00000, 0x00000000c0e00000, 0x00000000c0e00000|100%| O|  |TAMS 0x00000000c0e00000, 0x00000000c0d00000| Complete 
|  14|0x00000000c0e00000, 0x00000000c0f00000, 0x00000000c0f00000|100%|HS|  |TAMS 0x00000000c0f00000, 0x00000000c0e00000| Complete 
|  15|0x00000000c0f00000, 0x00000000c1000000, 0x00000000c1000000|100%|HS|  |TAMS 0x00000000c1000000, 0x00000000c0f00000| Complete 
|  16|0x00000000c1000000, 0x00000000c1100000, 0x00000000c1100000|100%|HS|  |TAMS 0x00000000c1100000, 0x00000000c1000000| Complete 
|  17|0x00000000c1100000, 0x00000000c1200000, 0x00000000c1200000|100%|HS|  |TAMS 0x00000000c1200000, 0x00000000c1100000| Complete 
|  18|0x00000000c1200000, 0x00000000c1300000, 0x00000000c1300000|100%|HC|  |TAMS 0x00000000c1300000, 0x00000000c1200000| Complete 
|  19|0x00000000c1300000, 0x00000000c1400000, 0x00000000c1400000|100%|HC|  |TAMS 0x00000000c1400000, 0x00000000c1300000| Complete 
|  20|0x00000000c1400000, 0x00000000c1500000, 0x00000000c1500000|100%|HC|  |TAMS 0x00000000c1500000, 0x00000000c1400000| Complete 
|  21|0x00000000c1500000, 0x00000000c1600000, 0x00000000c1600000|100%|HC|  |TAMS 0x00000000c1600000, 0x00000000c1500000| Complete 
|  22|0x00000000c1600000, 0x00000000c1700000, 0x00000000c1700000|100%|HC|  |TAMS 0x00000000c1700000, 0x00000000c1600000| Complete 
|  23|0x00000000c1700000, 0x00000000c1800000, 0x00000000c1800000|100%|HC|  |TAMS 0x00000000c1800000, 0x00000000c1700000| Complete 
|  24|0x00000000c1800000, 0x00000000c1900000, 0x00000000c1900000|100%|HC|  |TAMS 0x00000000c1900000, 0x00000000c1800000| Complete 
|  25|0x00000000c1900000, 0x00000000c1a00000, 0x00000000c1a00000|100%|HC|  |TAMS 0x00000000c1a00000, 0x00000000c1900000| Complete 
|  26|0x00000000c1a00000, 0x00000000c1b00000, 0x00000000c1b00000|100%|HC|  |TAMS 0x00000000c1b00000, 0x00000000c1a00000| Complete 
|  27|0x00000000c1b00000, 0x00000000c1c00000, 0x00000000c1c00000|100%|HC|  |TAMS 0x00000000c1c00000, 0x00000000c1b00000| Complete 
|  28|0x00000000c1c00000, 0x00000000c1d00000, 0x00000000c1d00000|100%|HC|  |TAMS 0x00000000c1d00000, 0x00000000c1c00000| Complete 
|  29|0x00000000c1d00000, 0x00000000c1e00000, 0x00000000c1e00000|100%|HC|  |TAMS 0x00000000c1e00000, 0x00000000c1d00000| Complete 
|  30|0x00000000c1e00000, 0x00000000c1f00000, 0x00000000c1f00000|100%|HC|  |TAMS 0x00000000c1f00000, 0x00000000c1e00000| Complete 
|  31|0x00000000c1f00000, 0x00000000c2000000, 0x00000000c2000000|100%|HC|  |TAMS 0x00000000c2000000, 0x00000000c1f00000| Complete 
|  32|0x00000000c2000000, 0x00000000c2100000, 0x00000000c2100000|100%|HC|  |TAMS 0x00000000c2100000, 0x00000000c2000000| Complete 
|  33|0x00000000c2100000, 0x00000000c2200000, 0x00000000c2200000|100%|HC|  |TAMS 0x00000000c2200000, 0x00000000c2100000| Complete 
|  34|0x00000000c2200000, 0x00000000c2300000, 0x00000000c2300000|100%|HS|  |TAMS 0x00000000c2300000, 0x00000000c2200000| Complete 
|  35|0x00000000c2300000, 0x00000000c2400000, 0x00000000c2400000|100%|HC|  |TAMS 0x00000000c2400000, 0x00000000c2300000| Complete 
|  36|0x00000000c2400000, 0x00000000c2500000, 0x00000000c2500000|100%|HC|  |TAMS 0x00000000c2500000, 0x00000000c2400000| Complete 
|  37|0x00000000c2500000, 0x00000000c2600000, 0x00000000c2600000|100%|HC|  |TAMS 0x00000000c2600000, 0x00000000c2500000| Complete 
|  38|0x00000000c2600000, 0x00000000c2700000, 0x00000000c2700000|100%|HC|  |TAMS 0x00000000c2700000, 0x00000000c2600000| Complete 
|  39|0x00000000c2700000, 0x00000000c2800000, 0x00000000c2800000|100%|HS|  |TAMS 0x00000000c2800000, 0x00000000c2700000| Complete 
|  40|0x00000000c2800000, 0x00000000c2900000, 0x00000000c2900000|100%|HC|  |TAMS 0x00000000c2900000, 0x00000000c2800000| Complete 
|  41|0x00000000c2900000, 0x00000000c2a00000, 0x00000000c2a00000|100%|HC|  |TAMS 0x00000000c2a00000, 0x00000000c2900000| Complete 
|  42|0x00000000c2a00000, 0x00000000c2b00000, 0x00000000c2b00000|100%|HC|  |TAMS 0x00000000c2b00000, 0x00000000c2a00000| Complete 
|  43|0x00000000c2b00000, 0x00000000c2c00000, 0x00000000c2c00000|100%|HC|  |TAMS 0x00000000c2c00000, 0x00000000c2b00000| Complete 
|  44|0x00000000c2c00000, 0x00000000c2d00000, 0x00000000c2d00000|100%|HC|  |TAMS 0x00000000c2d00000, 0x00000000c2c00000| Complete 
|  45|0x00000000c2d00000, 0x00000000c2e00000, 0x00000000c2e00000|100%|HC|  |TAMS 0x00000000c2e00000, 0x00000000c2d00000| Complete 
|  46|0x00000000c2e00000, 0x00000000c2f00000, 0x00000000c2f00000|100%|HC|  |TAMS 0x00000000c2f00000, 0x00000000c2e00000| Complete 
|  47|0x00000000c2f00000, 0x00000000c3000000, 0x00000000c3000000|100%|HC|  |TAMS 0x00000000c3000000, 0x00000000c2f00000| Complete 
|  48|0x00000000c3000000, 0x00000000c3100000, 0x00000000c3100000|100%|HC|  |TAMS 0x00000000c3100000, 0x00000000c3000000| Complete 
|  49|0x00000000c3100000, 0x00000000c3200000, 0x00000000c3200000|100%|HC|  |TAMS 0x00000000c3200000, 0x00000000c3100000| Complete 
|  50|0x00000000c3200000, 0x00000000c3300000, 0x00000000c3300000|100%|HC|  |TAMS 0x00000000c3300000, 0x00000000c3200000| Complete 
|  51|0x00000000c3300000, 0x00000000c3400000, 0x00000000c3400000|100%|HC|  |TAMS 0x00000000c3400000, 0x00000000c3300000| Complete 
|  52|0x00000000c3400000, 0x00000000c3500000, 0x00000000c3500000|100%|HS|  |TAMS 0x00000000c3500000, 0x00000000c3400000| Complete 
|  53|0x00000000c3500000, 0x00000000c3600000, 0x00000000c3600000|100%|HC|  |TAMS 0x00000000c3600000, 0x00000000c3500000| Complete 
|  54|0x00000000c3600000, 0x00000000c3700000, 0x00000000c3700000|100%|HC|  |TAMS 0x00000000c3700000, 0x00000000c3600000| Complete 
|  55|0x00000000c3700000, 0x00000000c3800000, 0x00000000c3800000|100%|HC|  |TAMS 0x00000000c3800000, 0x00000000c3700000| Complete 
|  56|0x00000000c3800000, 0x00000000c3900000, 0x00000000c3900000|100%|HC|  |TAMS 0x00000000c3900000, 0x00000000c3800000| Complete 
|  57|0x00000000c3900000, 0x00000000c3a00000, 0x00000000c3a00000|100%| O|  |TAMS 0x00000000c3a00000, 0x00000000c3900000| Untracked 
|  58|0x00000000c3a00000, 0x00000000c3a00000, 0x00000000c3b00000|  0%| F|  |TAMS 0x00000000c3a00000, 0x00000000c3a00000| Untracked 
|  59|0x00000000c3b00000, 0x00000000c3c00000, 0x00000000c3c00000|100%| O|  |TAMS 0x00000000c3c00000, 0x00000000c3b00000| Untracked 
|  60|0x00000000c3c00000, 0x00000000c3c00000, 0x00000000c3d00000|  0%| F|  |TAMS 0x00000000c3c00000, 0x00000000c3c00000| Untracked 
|  61|0x00000000c3d00000, 0x00000000c3d00000, 0x00000000c3e00000|  0%| F|  |TAMS 0x00000000c3d00000, 0x00000000c3d00000| Untracked 
|  62|0x00000000c3e00000, 0x00000000c3e00000, 0x00000000c3f00000|  0%| F|  |TAMS 0x00000000c3e00000, 0x00000000c3e00000| Untracked 
|  63|0x00000000c3f00000, 0x00000000c3f00000, 0x00000000c4000000|  0%| F|  |TAMS 0x00000000c3f00000, 0x00000000c3f00000| Untracked 
|  64|0x00000000c4000000, 0x00000000c4100000, 0x00000000c4100000|100%|HS|  |TAMS 0x00000000c4100000, 0x00000000c4000000| Complete 
|  65|0x00000000c4100000, 0x00000000c4200000, 0x00000000c4200000|100%|HC|  |TAMS 0x00000000c4200000, 0x00000000c4100000| Complete 
|  66|0x00000000c4200000, 0x00000000c4300000, 0x00000000c4300000|100%|HC|  |TAMS 0x00000000c4300000, 0x00000000c4200000| Complete 
|  67|0x00000000c4300000, 0x00000000c4400000, 0x00000000c4400000|100%|HC|  |TAMS 0x00000000c4400000, 0x00000000c4300000| Complete 
|  68|0x00000000c4400000, 0x00000000c4500000, 0x00000000c4500000|100%|HC|  |TAMS 0x00000000c4500000, 0x00000000c4400000| Complete 
|  69|0x00000000c4500000, 0x00000000c4600000, 0x00000000c4600000|100%|HC|  |TAMS 0x00000000c4600000, 0x00000000c4500000| Complete 
|  70|0x00000000c4600000, 0x00000000c4700000, 0x00000000c4700000|100%|HC|  |TAMS 0x00000000c4700000, 0x00000000c4600000| Complete 
|  71|0x00000000c4700000, 0x00000000c4800000, 0x00000000c4800000|100%|HC|  |TAMS 0x00000000c4800000, 0x00000000c4700000| Complete 
|  72|0x00000000c4800000, 0x00000000c4900000, 0x00000000c4900000|100%|HC|  |TAMS 0x00000000c4900000, 0x00000000c4800000| Complete 
|  73|0x00000000c4900000, 0x00000000c4a00000, 0x00000000c4a00000|100%|HS|  |TAMS 0x00000000c4a00000, 0x00000000c4900000| Complete 
|  74|0x00000000c4a00000, 0x00000000c4b00000, 0x00000000c4b00000|100%|HC|  |TAMS 0x00000000c4b00000, 0x00000000c4a00000| Complete 
|  75|0x00000000c4b00000, 0x00000000c4c00000, 0x00000000c4c00000|100%|HC|  |TAMS 0x00000000c4c00000, 0x00000000c4b00000| Complete 
|  76|0x00000000c4c00000, 0x00000000c4d00000, 0x00000000c4d00000|100%|HC|  |TAMS 0x00000000c4d00000, 0x00000000c4c00000| Complete 
|  77|0x00000000c4d00000, 0x00000000c4e00000, 0x00000000c4e00000|100%|HC|  |TAMS 0x00000000c4e00000, 0x00000000c4d00000| Complete 
|  78|0x00000000c4e00000, 0x00000000c4f00000, 0x00000000c4f00000|100%|HS|  |TAMS 0x00000000c4f00000, 0x00000000c4e00000| Complete 
|  79|0x00000000c4f00000, 0x00000000c5000000, 0x00000000c5000000|100%|HC|  |TAMS 0x00000000c5000000, 0x00000000c4f00000| Complete 
|  80|0x00000000c5000000, 0x00000000c5100000, 0x00000000c5100000|100%|HC|  |TAMS 0x00000000c5100000, 0x00000000c5000000| Complete 
|  81|0x00000000c5100000, 0x00000000c5200000, 0x00000000c5200000|100%|HC|  |TAMS 0x00000000c5200000, 0x00000000c5100000| Complete 
|  82|0x00000000c5200000, 0x00000000c5300000, 0x00000000c5300000|100%|HC|  |TAMS 0x00000000c5300000, 0x00000000c5200000| Complete 
|  83|0x00000000c5300000, 0x00000000c5400000, 0x00000000c5400000|100%|HS|  |TAMS 0x00000000c5400000, 0x00000000c5300000| Complete 
|  84|0x00000000c5400000, 0x00000000c5500000, 0x00000000c5500000|100%|HC|  |TAMS 0x00000000c5500000, 0x00000000c5400000| Complete 
|  85|0x00000000c5500000, 0x00000000c5600000, 0x00000000c5600000|100%|HC|  |TAMS 0x00000000c5600000, 0x00000000c5500000| Complete 
|  86|0x00000000c5600000, 0x00000000c5700000, 0x00000000c5700000|100%|HC|  |TAMS 0x00000000c5700000, 0x00000000c5600000| Complete 
|  87|0x00000000c5700000, 0x00000000c5800000, 0x00000000c5800000|100%|HC|  |TAMS 0x00000000c5800000, 0x00000000c5700000| Complete 
|  88|0x00000000c5800000, 0x00000000c5900000, 0x00000000c5900000|100%|HS|  |TAMS 0x00000000c5900000, 0x00000000c5800000| Complete 
|  89|0x00000000c5900000, 0x00000000c5a00000, 0x00000000c5a00000|100%|HC|  |TAMS 0x00000000c5a00000, 0x00000000c5900000| Complete 
|  90|0x00000000c5a00000, 0x00000000c5b00000, 0x00000000c5b00000|100%|HC|  |TAMS 0x00000000c5b00000, 0x00000000c5a00000| Complete 
|  91|0x00000000c5b00000, 0x00000000c5c00000, 0x00000000c5c00000|100%|HC|  |TAMS 0x00000000c5c00000, 0x00000000c5b00000| Complete 
|  92|0x00000000c5c00000, 0x00000000c5d00000, 0x00000000c5d00000|100%|HC|  |TAMS 0x00000000c5d00000, 0x00000000c5c00000| Complete 
|  93|0x00000000c5d00000, 0x00000000c5e00000, 0x00000000c5e00000|100%|HC|  |TAMS 0x00000000c5e00000, 0x00000000c5d00000| Complete 
|  94|0x00000000c5e00000, 0x00000000c5f00000, 0x00000000c5f00000|100%|HC|  |TAMS 0x00000000c5f00000, 0x00000000c5e00000| Complete 
|  95|0x00000000c5f00000, 0x00000000c6000000, 0x00000000c6000000|100%|HC|  |TAMS 0x00000000c6000000, 0x00000000c5f00000| Complete 
|  96|0x00000000c6000000, 0x00000000c6100000, 0x00000000c6100000|100%|HC|  |TAMS 0x00000000c6100000, 0x00000000c6000000| Complete 
|  97|0x00000000c6100000, 0x00000000c6100000, 0x00000000c6200000|  0%| F|  |TAMS 0x00000000c6100000, 0x00000000c6100000| Untracked 
|  98|0x00000000c6200000, 0x00000000c6200000, 0x00000000c6300000|  0%| F|  |TAMS 0x00000000c6200000, 0x00000000c6200000| Untracked 
|  99|0x00000000c6300000, 0x00000000c6300000, 0x00000000c6400000|  0%| F|  |TAMS 0x00000000c6300000, 0x00000000c6300000| Untracked 
| 100|0x00000000c6400000, 0x00000000c6400000, 0x00000000c6500000|  0%| F|  |TAMS 0x00000000c6400000, 0x00000000c6400000| Untracked 
| 101|0x00000000c6500000, 0x00000000c6500000, 0x00000000c6600000|  0%| F|  |TAMS 0x00000000c6500000, 0x00000000c6500000| Untracked 
| 102|0x00000000c6600000, 0x00000000c6600000, 0x00000000c6700000|  0%| F|  |TAMS 0x00000000c6600000, 0x00000000c6600000| Untracked 
| 103|0x00000000c6700000, 0x00000000c6700000, 0x00000000c6800000|  0%| F|  |TAMS 0x00000000c6700000, 0x00000000c6700000| Untracked 
| 104|0x00000000c6800000, 0x00000000c6800000, 0x00000000c6900000|  0%| F|  |TAMS 0x00000000c6800000, 0x00000000c6800000| Untracked 
| 105|0x00000000c6900000, 0x00000000c6900000, 0x00000000c6a00000|  0%| F|  |TAMS 0x00000000c6900000, 0x00000000c6900000| Untracked 
| 106|0x00000000c6a00000, 0x00000000c6a00000, 0x00000000c6b00000|  0%| F|  |TAMS 0x00000000c6a00000, 0x00000000c6a00000| Untracked 
| 107|0x00000000c6b00000, 0x00000000c6b00000, 0x00000000c6c00000|  0%| F|  |TAMS 0x00000000c6b00000, 0x00000000c6b00000| Untracked 
| 108|0x00000000c6c00000, 0x00000000c6c00000, 0x00000000c6d00000|  0%| F|  |TAMS 0x00000000c6c00000, 0x00000000c6c00000| Untracked 
| 109|0x00000000c6d00000, 0x00000000c6d00000, 0x00000000c6e00000|  0%| F|  |TAMS 0x00000000c6d00000, 0x00000000c6d00000| Untracked 
| 110|0x00000000c6e00000, 0x00000000c6e00000, 0x00000000c6f00000|  0%| F|  |TAMS 0x00000000c6e00000, 0x00000000c6e00000| Untracked 
| 111|0x00000000c6f00000, 0x00000000c6f00000, 0x00000000c7000000|  0%| F|  |TAMS 0x00000000c6f00000, 0x00000000c6f00000| Untracked 
| 112|0x00000000c7000000, 0x00000000c7000000, 0x00000000c7100000|  0%| F|  |TAMS 0x00000000c7000000, 0x00000000c7000000| Untracked 
| 113|0x00000000c7100000, 0x00000000c713a338, 0x00000000c7200000| 22%| S|CS|TAMS 0x00000000c7100000, 0x00000000c7100000| Complete 
| 114|0x00000000c7200000, 0x00000000c7300000, 0x00000000c7300000|100%| S|CS|TAMS 0x00000000c7200000, 0x00000000c7200000| Complete 
| 115|0x00000000c7300000, 0x00000000c7400000, 0x00000000c7400000|100%| S|CS|TAMS 0x00000000c7300000, 0x00000000c7300000| Complete 
| 116|0x00000000c7400000, 0x00000000c7500000, 0x00000000c7500000|100%| S|CS|TAMS 0x00000000c7400000, 0x00000000c7400000| Complete 
| 117|0x00000000c7500000, 0x00000000c7600000, 0x00000000c7600000|100%| S|CS|TAMS 0x00000000c7500000, 0x00000000c7500000| Complete 
| 118|0x00000000c7600000, 0x00000000c7600000, 0x00000000c7700000|  0%| F|  |TAMS 0x00000000c7600000, 0x00000000c7600000| Untracked 
| 119|0x00000000c7700000, 0x00000000c7700000, 0x00000000c7800000|  0%| F|  |TAMS 0x00000000c7700000, 0x00000000c7700000| Untracked 
| 120|0x00000000c7800000, 0x00000000c7800000, 0x00000000c7900000|  0%| F|  |TAMS 0x00000000c7800000, 0x00000000c7800000| Untracked 
| 121|0x00000000c7900000, 0x00000000c7900000, 0x00000000c7a00000|  0%| F|  |TAMS 0x00000000c7900000, 0x00000000c7900000| Untracked 
| 122|0x00000000c7a00000, 0x00000000c7a00000, 0x00000000c7b00000|  0%| F|  |TAMS 0x00000000c7a00000, 0x00000000c7a00000| Untracked 
| 123|0x00000000c7b00000, 0x00000000c7b00000, 0x00000000c7c00000|  0%| F|  |TAMS 0x00000000c7b00000, 0x00000000c7b00000| Untracked 
| 124|0x00000000c7c00000, 0x00000000c7c00000, 0x00000000c7d00000|  0%| F|  |TAMS 0x00000000c7c00000, 0x00000000c7c00000| Untracked 
| 125|0x00000000c7d00000, 0x00000000c7d00000, 0x00000000c7e00000|  0%| F|  |TAMS 0x00000000c7d00000, 0x00000000c7d00000| Untracked 
| 126|0x00000000c7e00000, 0x00000000c7e00000, 0x00000000c7f00000|  0%| F|  |TAMS 0x00000000c7e00000, 0x00000000c7e00000| Untracked 
| 127|0x00000000c7f00000, 0x00000000c7f00000, 0x00000000c8000000|  0%| F|  |TAMS 0x00000000c7f00000, 0x00000000c7f00000| Untracked 
| 128|0x00000000c8000000, 0x00000000c8000000, 0x00000000c8100000|  0%| F|  |TAMS 0x00000000c8000000, 0x00000000c8000000| Untracked 
| 129|0x00000000c8100000, 0x00000000c8100000, 0x00000000c8200000|  0%| F|  |TAMS 0x00000000c8100000, 0x00000000c8100000| Untracked 
| 130|0x00000000c8200000, 0x00000000c8200000, 0x00000000c8300000|  0%| F|  |TAMS 0x00000000c8200000, 0x00000000c8200000| Untracked 
| 131|0x00000000c8300000, 0x00000000c838ecf8, 0x00000000c8400000| 55%| E|  |TAMS 0x00000000c8300000, 0x00000000c8300000| Complete 
| 132|0x00000000c8400000, 0x00000000c8500000, 0x00000000c8500000|100%| E|CS|TAMS 0x00000000c8400000, 0x00000000c8400000| Complete 
| 133|0x00000000c8500000, 0x00000000c8600000, 0x00000000c8600000|100%| E|CS|TAMS 0x00000000c8500000, 0x00000000c8500000| Complete 
| 134|0x00000000c8600000, 0x00000000c8700000, 0x00000000c8700000|100%| E|CS|TAMS 0x00000000c8600000, 0x00000000c8600000| Complete 
| 135|0x00000000c8700000, 0x00000000c8800000, 0x00000000c8800000|100%| E|CS|TAMS 0x00000000c8700000, 0x00000000c8700000| Complete 
| 136|0x00000000c8800000, 0x00000000c8900000, 0x00000000c8900000|100%| E|CS|TAMS 0x00000000c8800000, 0x00000000c8800000| Complete 
| 137|0x00000000c8900000, 0x00000000c8a00000, 0x00000000c8a00000|100%| E|CS|TAMS 0x00000000c8900000, 0x00000000c8900000| Complete 
| 138|0x00000000c8a00000, 0x00000000c8b00000, 0x00000000c8b00000|100%| E|CS|TAMS 0x00000000c8a00000, 0x00000000c8a00000| Complete 
| 139|0x00000000c8b00000, 0x00000000c8c00000, 0x00000000c8c00000|100%| E|CS|TAMS 0x00000000c8b00000, 0x00000000c8b00000| Complete 
| 140|0x00000000c8c00000, 0x00000000c8d00000, 0x00000000c8d00000|100%| E|CS|TAMS 0x00000000c8c00000, 0x00000000c8c00000| Complete 
| 141|0x00000000c8d00000, 0x00000000c8e00000, 0x00000000c8e00000|100%| E|CS|TAMS 0x00000000c8d00000, 0x00000000c8d00000| Complete 
| 142|0x00000000c8e00000, 0x00000000c8f00000, 0x00000000c8f00000|100%| E|CS|TAMS 0x00000000c8e00000, 0x00000000c8e00000| Complete 
| 143|0x00000000c8f00000, 0x00000000c9000000, 0x00000000c9000000|100%| E|CS|TAMS 0x00000000c8f00000, 0x00000000c8f00000| Complete 
| 144|0x00000000c9000000, 0x00000000c9100000, 0x00000000c9100000|100%| E|CS|TAMS 0x00000000c9000000, 0x00000000c9000000| Complete 
| 145|0x00000000c9100000, 0x00000000c9200000, 0x00000000c9200000|100%| E|CS|TAMS 0x00000000c9100000, 0x00000000c9100000| Complete 
| 146|0x00000000c9200000, 0x00000000c9300000, 0x00000000c9300000|100%| E|CS|TAMS 0x00000000c9200000, 0x00000000c9200000| Complete 
| 147|0x00000000c9300000, 0x00000000c9400000, 0x00000000c9400000|100%| E|CS|TAMS 0x00000000c9300000, 0x00000000c9300000| Complete 
| 148|0x00000000c9400000, 0x00000000c9500000, 0x00000000c9500000|100%| E|CS|TAMS 0x00000000c9400000, 0x00000000c9400000| Complete 
| 149|0x00000000c9500000, 0x00000000c9600000, 0x00000000c9600000|100%| E|CS|TAMS 0x00000000c9500000, 0x00000000c9500000| Complete 
| 150|0x00000000c9600000, 0x00000000c9700000, 0x00000000c9700000|100%| E|CS|TAMS 0x00000000c9600000, 0x00000000c9600000| Complete 
| 151|0x00000000c9700000, 0x00000000c9800000, 0x00000000c9800000|100%| E|CS|TAMS 0x00000000c9700000, 0x00000000c9700000| Complete 
| 152|0x00000000c9800000, 0x00000000c9900000, 0x00000000c9900000|100%| E|CS|TAMS 0x00000000c9800000, 0x00000000c9800000| Complete 
| 153|0x00000000c9900000, 0x00000000c9a00000, 0x00000000c9a00000|100%| E|CS|TAMS 0x00000000c9900000, 0x00000000c9900000| Complete 
| 154|0x00000000c9a00000, 0x00000000c9b00000, 0x00000000c9b00000|100%| E|CS|TAMS 0x00000000c9a00000, 0x00000000c9a00000| Complete 
| 155|0x00000000c9b00000, 0x00000000c9c00000, 0x00000000c9c00000|100%| E|CS|TAMS 0x00000000c9b00000, 0x00000000c9b00000| Complete 
| 156|0x00000000c9c00000, 0x00000000c9d00000, 0x00000000c9d00000|100%| E|CS|TAMS 0x00000000c9c00000, 0x00000000c9c00000| Complete 
| 157|0x00000000c9d00000, 0x00000000c9e00000, 0x00000000c9e00000|100%| E|CS|TAMS 0x00000000c9d00000, 0x00000000c9d00000| Complete 
| 158|0x00000000c9e00000, 0x00000000c9f00000, 0x00000000c9f00000|100%| E|CS|TAMS 0x00000000c9e00000, 0x00000000c9e00000| Complete 
| 159|0x00000000c9f00000, 0x00000000ca000000, 0x00000000ca000000|100%| E|CS|TAMS 0x00000000c9f00000, 0x00000000c9f00000| Complete 
| 160|0x00000000ca000000, 0x00000000ca100000, 0x00000000ca100000|100%| E|CS|TAMS 0x00000000ca000000, 0x00000000ca000000| Complete 
| 161|0x00000000ca100000, 0x00000000ca200000, 0x00000000ca200000|100%| E|CS|TAMS 0x00000000ca100000, 0x00000000ca100000| Complete 
| 162|0x00000000ca200000, 0x00000000ca300000, 0x00000000ca300000|100%| E|CS|TAMS 0x00000000ca200000, 0x00000000ca200000| Complete 
| 163|0x00000000ca300000, 0x00000000ca400000, 0x00000000ca400000|100%| E|CS|TAMS 0x00000000ca300000, 0x00000000ca300000| Complete 

Card table byte_map: [0x0000017e78430000,0x0000017e78630000] _byte_map_base: 0x0000017e77e30000

Marking Bits (Prev, Next): (CMBitMap*) 0x0000017e6140e260, (CMBitMap*) 0x0000017e6140e2a0
 Prev Bits: [0x0000017e78830000, 0x0000017e79830000)
 Next Bits: [0x0000017e79830000, 0x0000017e7a830000)

Polling page: 0x0000017e5f2b0000

Metaspace:

Usage:
  Non-class:     11.92 MB used.
      Class:    918.72 KB used.
       Both:     12.82 MB used.

Virtual space:
  Non-class space:       64.00 MB reserved,      12.00 MB ( 19%) committed,  1 nodes.
      Class space:        1.00 GB reserved,       1.00 MB ( <1%) committed,  1 nodes.
             Both:        1.06 GB reserved,      13.00 MB (  1%) committed. 

Chunk freelists:
   Non-Class:  3.84 MB
       Class:  14.91 MB
        Both:  18.75 MB

MaxMetaspaceSize: unlimited
CompressedClassSpaceSize: 1.00 GB
Initial GC threshold: 21.00 MB
Current GC threshold: 21.38 MB
CDS: on
MetaspaceReclaimPolicy: balanced
 - commit_granule_bytes: 65536.
 - commit_granule_words: 8192.
 - virtual_space_node_default_size: 8388608.
 - enlarge_chunks_in_place: 1.
 - new_chunks_are_fully_committed: 0.
 - uncommit_free_chunks: 1.
 - use_allocation_guard: 0.
 - handle_deallocations: 1.


Internal statistics:

num_allocs_failed_limit: 0.
num_arena_births: 106.
num_arena_deaths: 0.
num_vsnodes_births: 2.
num_vsnodes_deaths: 0.
num_space_committed: 204.
num_space_uncommitted: 0.
num_chunks_returned_to_freelist: 0.
num_chunks_taken_from_freelist: 390.
num_chunk_merges: 0.
num_chunk_splits: 307.
num_chunks_enlarged: 247.
num_inconsistent_stats: 0.

CodeHeap 'non-profiled nmethods': size=120000Kb used=919Kb max_used=919Kb free=119081Kb
 bounds [0x0000017e709d0000, 0x0000017e70c40000, 0x0000017e77f00000]
CodeHeap 'profiled nmethods': size=120000Kb used=3198Kb max_used=3198Kb free=116801Kb
 bounds [0x0000017e68f00000, 0x0000017e69220000, 0x0000017e70430000]
CodeHeap 'non-nmethods': size=5760Kb used=1613Kb max_used=1661Kb free=4146Kb
 bounds [0x0000017e70430000, 0x0000017e706a0000, 0x0000017e709d0000]
 total_blobs=2693 nmethods=1755 adapters=851
 compilation: enabled
              stopped_count=0, restarted_count=0
 full_count=0

Compilation events (20 events):
Event: 20.180 Thread 0x0000017e7d23dc40 1746       3       processing.opengl.PGraphicsOpenGL$TessGeometry::polyVertexCheck (103 bytes)
Event: 20.180 Thread 0x0000017e7d23dc40 nmethod 1746 0x0000017e6921c610 code [0x0000017e6921c840, 0x0000017e6921cd68]
Event: 20.180 Thread 0x0000017e7d23dc40 1747       3       processing.opengl.PGraphicsOpenGL$TessGeometry::polyIndexCheck (61 bytes)
Event: 20.180 Thread 0x0000017e7d23dc40 nmethod 1747 0x0000017e6921cf90 code [0x0000017e6921d140, 0x0000017e6921d408]
Event: 20.196 Thread 0x0000017e7d23dc40 1748       3       processing.opengl.PGraphicsOpenGL::polyBuffersContextIsOutdated (20 bytes)
Event: 20.196 Thread 0x0000017e7d23dc40 nmethod 1748 0x0000017e6921d590 code [0x0000017e6921d740, 0x0000017e6921da18]
Event: 20.221 Thread 0x0000017e7d23dc40 1749       3       java.util.concurrent.locks.AbstractQueuedSynchronizer::tryInitializeHead (29 bytes)
Event: 20.221 Thread 0x0000017e7d23dc40 nmethod 1749 0x0000017e6921db10 code [0x0000017e6921dcc0, 0x0000017e6921e058]
Event: 20.323 Thread 0x0000017e7d23dc40 1750       3       java.util.concurrent.locks.AbstractQueuedSynchronizer::signalNextIfShared (41 bytes)
Event: 20.323 Thread 0x0000017e7d23dc40 nmethod 1750 0x0000017e6921e190 code [0x0000017e6921e360, 0x0000017e6921e758]
Event: 25.323 Thread 0x0000017e7d236e10 1751       4       jogamp.opengl.GLBufferStateTracker::getBoundBufferObject (221 bytes)
Event: 25.324 Thread 0x0000017e7d236e10 nmethod 1751 0x0000017e70ab5210 code [0x0000017e70ab53a0, 0x0000017e70ab5518]
Event: 25.395 Thread 0x0000017e7d236e10 1752 %     4       java.lang.StringCoding::hasNegatives @ 2 (25 bytes)
Event: 25.398 Thread 0x0000017e7d236e10 nmethod 1752% 0x0000017e70ab5710 code [0x0000017e70ab58a0, 0x0000017e70ab5ab8]
Event: 25.424 Thread 0x0000017e7d23dc40 1753       3       java.util.zip.CRC32::update (51 bytes)
Event: 25.425 Thread 0x0000017e7d23dc40 nmethod 1753 0x0000017e6921e890 code [0x0000017e6921ea80, 0x0000017e6921ef08]
Event: 25.425 Thread 0x0000017e7d23dc40 1754       3       jdk.internal.misc.Unsafe::getAndAddLong (27 bytes)
Event: 25.425 Thread 0x0000017e7d23dc40 nmethod 1754 0x0000017e6921f110 code [0x0000017e6921f2c0, 0x0000017e6921f508]
Event: 25.425 Thread 0x0000017e7d23dc40 1755       3       jdk.internal.misc.Unsafe::weakCompareAndSetLong (11 bytes)
Event: 25.425 Thread 0x0000017e7d23dc40 nmethod 1755 0x0000017e6921f610 code [0x0000017e6921f7a0, 0x0000017e6921f8d8]

GC Heap History (20 events):
Event: 20.282 GC heap before
{Heap before GC invocations=58 (full 0):
 garbage-first heap   total 167936K, used 140548K [0x00000000c0000000, 0x0000000100000000)
  region size 1024K, 46 young (47104K), 1 survivors (1024K)
 Metaspace       used 13084K, committed 13248K, reserved 1114112K
  class space    used 914K, committed 1024K, reserved 1048576K
}
Event: 20.284 GC heap after
{Heap after GC invocations=59 (full 0):
 garbage-first heap   total 167936K, used 97775K [0x00000000c0000000, 0x0000000100000000)
  region size 1024K, 5 young (5120K), 5 survivors (5120K)
 Metaspace       used 13084K, committed 13248K, reserved 1114112K
  class space    used 914K, committed 1024K, reserved 1048576K
}
Event: 21.016 GC heap before
{Heap before GC invocations=60 (full 0):
 garbage-first heap   total 167936K, used 140522K [0x00000000c0000000, 0x0000000100000000)
  region size 1024K, 47 young (48128K), 5 survivors (5120K)
 Metaspace       used 13084K, committed 13248K, reserved 1114112K
  class space    used 914K, committed 1024K, reserved 1048576K
}
Event: 21.017 GC heap after
{Heap after GC invocations=61 (full 0):
 garbage-first heap   total 167936K, used 95415K [0x00000000c0000000, 0x0000000100000000)
  region size 1024K, 3 young (3072K), 3 survivors (3072K)
 Metaspace       used 13084K, committed 13248K, reserved 1114112K
  class space    used 914K, committed 1024K, reserved 1048576K
}
Event: 21.085 GC heap before
{Heap before GC invocations=61 (full 0):
 garbage-first heap   total 167936K, used 100535K [0x00000000c0000000, 0x0000000100000000)
  region size 1024K, 8 young (8192K), 3 survivors (3072K)
 Metaspace       used 13084K, committed 13248K, reserved 1114112K
  class space    used 914K, committed 1024K, reserved 1048576K
}
Event: 21.086 GC heap after
{Heap after GC invocations=62 (full 0):
 garbage-first heap   total 167936K, used 94466K [0x00000000c0000000, 0x0000000100000000)
  region size 1024K, 1 young (1024K), 1 survivors (1024K)
 Metaspace       used 13084K, committed 13248K, reserved 1114112K
  class space    used 914K, committed 1024K, reserved 1048576K
}
Event: 21.773 GC heap before
{Heap before GC invocations=62 (full 0):
 garbage-first heap   total 167936K, used 140546K [0x00000000c0000000, 0x0000000100000000)
  region size 1024K, 46 young (47104K), 1 survivors (1024K)
 Metaspace       used 13084K, committed 13248K, reserved 1114112K
  class space    used 914K, committed 1024K, reserved 1048576K
}
Event: 21.775 GC heap after
{Heap after GC invocations=63 (full 0):
 garbage-first heap   total 167936K, used 97737K [0x00000000c0000000, 0x0000000100000000)
  region size 1024K, 5 young (5120K), 5 survivors (5120K)
 Metaspace       used 13084K, committed 13248K, reserved 1114112K
  class space    used 914K, committed 1024K, reserved 1048576K
}
Event: 22.554 GC heap before
{Heap before GC invocations=64 (full 0):
 garbage-first heap   total 167936K, used 140487K [0x00000000c0000000, 0x0000000100000000)
  region size 1024K, 47 young (48128K), 5 survivors (5120K)
 Metaspace       used 13084K, committed 13248K, reserved 1114112K
  class space    used 914K, committed 1024K, reserved 1048576K
}
Event: 22.555 GC heap after
{Heap after GC invocations=65 (full 0):
 garbage-first heap   total 167936K, used 95491K [0x00000000c0000000, 0x0000000100000000)
  region size 1024K, 3 young (3072K), 3 survivors (3072K)
 Metaspace       used 13084K, committed 13248K, reserved 1114112K
  class space    used 914K, committed 1024K, reserved 1048576K
}
Event: 22.629 GC heap before
{Heap before GC invocations=65 (full 0):
 garbage-first heap   total 167936K, used 100611K [0x00000000c0000000, 0x0000000100000000)
  region size 1024K, 8 young (8192K), 3 survivors (3072K)
 Metaspace       used 13084K, committed 13248K, reserved 1114112K
  class space    used 914K, committed 1024K, reserved 1048576K
}
Event: 22.631 GC heap after
{Heap after GC invocations=66 (full 0):
 garbage-first heap   total 167936K, used 94430K [0x00000000c0000000, 0x0000000100000000)
  region size 1024K, 1 young (1024K), 1 survivors (1024K)
 Metaspace       used 13084K, committed 13248K, reserved 1114112K
  class space    used 914K, committed 1024K, reserved 1048576K
}
Event: 23.346 GC heap before
{Heap before GC invocations=66 (full 0):
 garbage-first heap   total 167936K, used 140510K [0x00000000c0000000, 0x0000000100000000)
  region size 1024K, 46 young (47104K), 1 survivors (1024K)
 Metaspace       used 13084K, committed 13248K, reserved 1114112K
  class space    used 914K, committed 1024K, reserved 1048576K
}
Event: 23.349 GC heap after
{Heap after GC invocations=67 (full 0):
 garbage-first heap   total 167936K, used 97800K [0x00000000c0000000, 0x0000000100000000)
  region size 1024K, 5 young (5120K), 5 survivors (5120K)
 Metaspace       used 13084K, committed 13248K, reserved 1114112K
  class space    used 914K, committed 1024K, reserved 1048576K
}
Event: 24.075 GC heap before
{Heap before GC invocations=68 (full 0):
 garbage-first heap   total 167936K, used 140586K [0x00000000c0000000, 0x0000000100000000)
  region size 1024K, 47 young (48128K), 5 survivors (5120K)
 Metaspace       used 13084K, committed 13248K, reserved 1114112K
  class space    used 914K, committed 1024K, reserved 1048576K
}
Event: 24.077 GC heap after
{Heap after GC invocations=69 (full 0):
 garbage-first heap   total 167936K, used 95329K [0x00000000c0000000, 0x0000000100000000)
  region size 1024K, 3 young (3072K), 3 survivors (3072K)
 Metaspace       used 13084K, committed 13248K, reserved 1114112K
  class space    used 914K, committed 1024K, reserved 1048576K
}
Event: 24.148 GC heap before
{Heap before GC invocations=69 (full 0):
 garbage-first heap   total 167936K, used 100449K [0x00000000c0000000, 0x0000000100000000)
  region size 1024K, 8 young (8192K), 3 survivors (3072K)
 Metaspace       used 13084K, committed 13248K, reserved 1114112K
  class space    used 914K, committed 1024K, reserved 1048576K
}
Event: 24.149 GC heap after
{Heap after GC invocations=70 (full 0):
 garbage-first heap   total 167936K, used 94436K [0x00000000c0000000, 0x0000000100000000)
  region size 1024K, 1 young (1024K), 1 survivors (1024K)
 Metaspace       used 13084K, committed 13248K, reserved 1114112K
  class space    used 914K, committed 1024K, reserved 1048576K
}
Event: 24.838 GC heap before
{Heap before GC invocations=70 (full 0):
 garbage-first heap   total 167936K, used 140516K [0x00000000c0000000, 0x0000000100000000)
  region size 1024K, 46 young (47104K), 1 survivors (1024K)
 Metaspace       used 13084K, committed 13248K, reserved 1114112K
  class space    used 914K, committed 1024K, reserved 1048576K
}
Event: 24.840 GC heap after
{Heap after GC invocations=71 (full 0):
 garbage-first heap   total 167936K, used 97740K [0x00000000c0000000, 0x0000000100000000)
  region size 1024K, 5 young (5120K), 5 survivors (5120K)
 Metaspace       used 13084K, committed 13248K, reserved 1114112K
  class space    used 914K, committed 1024K, reserved 1048576K
}

Dll operation events (14 events):
Event: 0.006 Loaded shared library C:\Program Files\Processing\app\resources\jdk-17.0.14+7\bin\java.dll
Event: 0.017 Loaded shared library C:\Program Files\Processing\app\resources\jdk-17.0.14+7\bin\jsvml.dll
Event: 0.091 Loaded shared library C:\Program Files\Processing\app\resources\jdk-17.0.14+7\bin\net.dll
Event: 0.092 Loaded shared library C:\Program Files\Processing\app\resources\jdk-17.0.14+7\bin\nio.dll
Event: 0.094 Loaded shared library C:\Program Files\Processing\app\resources\jdk-17.0.14+7\bin\zip.dll
Event: 0.140 Loaded shared library C:\Program Files\Processing\app\resources\jdk-17.0.14+7\bin\jimage.dll
Event: 0.142 Loaded shared library C:\Program Files\Processing\app\resources\jdk-17.0.14+7\bin\awt.dll
Event: 0.403 Loaded shared library C:\Users\danil\AppData\Local\Temp\jogamp_0000\file_cache\jln13758030268178087336\jln10873215193420644758\natives\windows-amd64\gluegen_rt.dll
Event: 0.409 Loaded shared library C:\Program Files\Processing\app\resources\jdk-17.0.14+7\bin\jawt.dll
Event: 0.419 Loaded shared library C:\Users\danil\AppData\Local\Temp\jogamp_0000\file_cache\jln13758030268178087336\jln10873215193420644758\natives\windows-amd64\nativewindow_awt.dll
Event: 0.443 Loaded shared library C:\Users\danil\AppData\Local\Temp\jogamp_0000\file_cache\jln13758030268178087336\jln10873215193420644758\natives\windows-amd64\nativewindow_win32.dll
Event: 0.518 Loaded shared library C:\Users\danil\AppData\Local\Temp\jogamp_0000\file_cache\jln13758030268178087336\jln10873215193420644758\natives\windows-amd64\jogl_desktop.dll
Event: 0.675 Loaded shared library C:\Users\danil\AppData\Local\Temp\jogamp_0000\file_cache\jln13758030268178087336\jln10873215193420644758\natives\windows-amd64\jogl_mobile.dll
Event: 1.384 Loaded shared library C:\Users\danil\AppData\Local\Temp\jogamp_0000\file_cache\jln13758030268178087336\jln10873215193420644758\natives\windows-amd64\newt_head.dll

Deoptimization events (20 events):
Event: 25.252 Thread 0x0000017e7db90880 DEOPT PACKING pc=0x0000017e691d5c41 sp=0x00000008771fea50
Event: 25.252 Thread 0x0000017e7db90880 DEOPT UNPACKING pc=0x0000017e7048ace3 sp=0x00000008771fdf40 mode 1
Event: 25.252 Thread 0x0000017e7db90880 DEOPT PACKING pc=0x0000017e691d35f4 sp=0x00000008771feae0
Event: 25.252 Thread 0x0000017e7db90880 DEOPT UNPACKING pc=0x0000017e7048ace3 sp=0x00000008771fdf88 mode 1
Event: 25.252 Thread 0x0000017e7db90880 DEOPT PACKING pc=0x0000017e691d5c41 sp=0x00000008771fead0
Event: 25.252 Thread 0x0000017e7db90880 DEOPT UNPACKING pc=0x0000017e7048ace3 sp=0x00000008771fdfc0 mode 1
Event: 25.252 Thread 0x0000017e7db90880 DEOPT PACKING pc=0x0000017e691d35f4 sp=0x00000008771feb60
Event: 25.252 Thread 0x0000017e7db90880 DEOPT UNPACKING pc=0x0000017e7048ace3 sp=0x00000008771fe018 mode 1
Event: 25.324 Thread 0x0000017e7db90880 DEOPT PACKING pc=0x0000017e691d5c41 sp=0x00000008771fea50
Event: 25.324 Thread 0x0000017e7db90880 DEOPT UNPACKING pc=0x0000017e7048ace3 sp=0x00000008771fdf40 mode 1
Event: 25.324 Thread 0x0000017e7db90880 DEOPT PACKING pc=0x0000017e691d35f4 sp=0x00000008771feae0
Event: 25.324 Thread 0x0000017e7db90880 DEOPT UNPACKING pc=0x0000017e7048ace3 sp=0x00000008771fdf88 mode 1
Event: 25.324 Thread 0x0000017e7db90880 DEOPT PACKING pc=0x0000017e691d5c41 sp=0x00000008771fead0
Event: 25.324 Thread 0x0000017e7db90880 DEOPT UNPACKING pc=0x0000017e7048ace3 sp=0x00000008771fdfc0 mode 1
Event: 25.324 Thread 0x0000017e7db90880 DEOPT PACKING pc=0x0000017e691d35f4 sp=0x00000008771feb60
Event: 25.324 Thread 0x0000017e7db90880 DEOPT UNPACKING pc=0x0000017e7048ace3 sp=0x00000008771fe018 mode 1
Event: 25.421 Thread 0x0000017e7e12d970 Uncommon trap: trap_request=0xffffff45 fr.pc=0x0000017e70a9a970 relative=0x00000000000000f0
Event: 25.421 Thread 0x0000017e7e12d970 Uncommon trap: reason=unstable_if action=reinterpret pc=0x0000017e70a9a970 method=com.jogamp.common.util.IntIntHashMap.put(II)I @ 21 c2
Event: 25.421 Thread 0x0000017e7e12d970 DEOPT PACKING pc=0x0000017e70a9a970 sp=0x00000008765fedf0
Event: 25.421 Thread 0x0000017e7e12d970 DEOPT UNPACKING pc=0x0000017e7048a1a3 sp=0x00000008765fed58 mode 2

Classes loaded (20 events):
Event: 1.581 Loading class java/util/concurrent/Callable done
Event: 1.581 Loading class java/util/concurrent/Executors$RunnableAdapter done
Event: 1.581 Loading class java/util/concurrent/ThreadPoolExecutor$Worker
Event: 1.581 Loading class java/util/concurrent/ThreadPoolExecutor$Worker done
Event: 1.593 Loading class java/util/concurrent/locks/AbstractQueuedSynchronizer$SharedNode
Event: 1.593 Loading class java/util/concurrent/locks/AbstractQueuedSynchronizer$SharedNode done
Event: 1.708 Loading class sun/nio/cs/StreamDecoder
Event: 1.708 Loading class sun/nio/cs/StreamDecoder done
Event: 1.709 Loading class java/util/regex/Pattern$LookBehindEndNode
Event: 1.709 Loading class java/util/regex/Pattern$LookBehindEndNode done
Event: 1.709 Loading class java/util/regex/Pattern$NotBehind
Event: 1.709 Loading class java/util/regex/Pattern$NotBehind done
Event: 1.709 Loading class java/util/regex/Pattern$Neg
Event: 1.709 Loading class java/util/regex/Pattern$Neg done
Event: 1.709 Loading class java/util/regex/Pattern$Pos
Event: 1.709 Loading class java/util/regex/Pattern$Pos done
Event: 1.716 Loading class java/util/regex/Pattern$SliceS
Event: 1.716 Loading class java/util/regex/Pattern$SliceS done
Event: 25.395 Loading class java/nio/channels/ClosedChannelException
Event: 25.395 Loading class java/nio/channels/ClosedChannelException done

Classes unloaded (0 events):
No events

Classes redefined (0 events):
No events

Internal exceptions (20 events):
Event: 0.128 Thread 0x0000017e613ca400 Exception <a 'java/lang/NoSuchMethodError'{0x00000000c3ce5458}: 'void java.lang.invoke.DirectMethodHandle$Holder.invokeStatic(java.lang.Object, java.lang.Object, java.lang.Object)'> (0x00000000c3ce5458) 
thrown [s\src\hotspot\share\interpreter\linkResolver.cpp, line 759]
Event: 0.135 Thread 0x0000017e613ca400 Exception <a 'java/lang/ClassNotFoundException'{0x00000000c3b0d1f0}: sun/awt/resources/spi/awtProvider> (0x00000000c3b0d1f0) 
thrown [s\src\hotspot\share\classfile\systemDictionary.cpp, line 256]
Event: 0.149 Thread 0x0000017e613ca400 Exception <a 'java/io/FileNotFoundException'{0x00000000c3b62b30}> (0x00000000c3b62b30) 
thrown [s\src\hotspot\share\prims\jni.cpp, line 516]
Event: 0.154 Thread 0x0000017e613ca400 Exception <a 'java/io/FileNotFoundException'{0x00000000c3b901e8}> (0x00000000c3b901e8) 
thrown [s\src\hotspot\share\prims\jni.cpp, line 516]
Event: 0.182 Thread 0x0000017e613ca400 Exception <a 'java/lang/NoSuchMethodError'{0x00000000c3a3d530}: 'java.lang.Object java.lang.invoke.DirectMethodHandle$Holder.invokeStaticInit(java.lang.Object)'> (0x00000000c3a3d530) 
thrown [s\src\hotspot\share\interpreter\linkResolver.cpp, line 759]
Event: 0.266 Thread 0x0000017e613ca400 Exception <a 'java/lang/NoSuchMethodError'{0x00000000c364c2a8}: 'java.lang.Object java.lang.invoke.DirectMethodHandle$Holder.invokeStaticInit(java.lang.Object, int, int, int, int)'> (0x00000000c364c2a8) 
thrown [s\src\hotspot\share\interpreter\linkResolver.cpp, line 759]
Event: 0.299 Thread 0x0000017e613ca400 Exception <a 'java/lang/NoSuchMethodError'{0x00000000c35363d8}: 'java.lang.Object java.lang.invoke.DirectMethodHandle$Holder.invokeStaticInit(java.lang.Object, java.lang.Object, int, int, int, int)'> (0x00000000c35363d8) 
thrown [s\src\hotspot\share\interpreter\linkResolver.cpp, line 759]
Event: 0.319 Thread 0x0000017e613ca400 Exception <a 'java/lang/NoSuchMethodError'{0x00000000c3541a78}: 'void java.lang.invoke.DirectMethodHandle$Holder.invokeStatic(java.lang.Object, long)'> (0x00000000c3541a78) 
thrown [s\src\hotspot\share\interpreter\linkResolver.cpp, line 759]
Event: 0.320 Thread 0x0000017e613ca400 Exception <a 'java/lang/NoSuchMethodError'{0x00000000c3547058}: 'java.lang.Object java.lang.invoke.DirectMethodHandle$Holder.newInvokeSpecial(java.lang.Object, long)'> (0x00000000c3547058) 
thrown [s\src\hotspot\share\interpreter\linkResolver.cpp, line 759]
Event: 0.322 Thread 0x0000017e613ca400 Exception <a 'java/lang/NoSuchMethodError'{0x00000000c3551870}: 'java.lang.Object java.lang.invoke.DirectMethodHandle$Holder.invokeStaticInit(java.lang.Object, java.lang.Object, long, java.lang.Object)'> (0x00000000c3551870) 
thrown [s\src\hotspot\share\interpreter\linkResolver.cpp, line 759]
Event: 0.322 Thread 0x0000017e613ca400 Exception <a 'java/lang/NoSuchMethodError'{0x00000000c3557e30}: 'java.lang.Object java.lang.invoke.DirectMethodHandle$Holder.newInvokeSpecial(java.lang.Object, java.lang.Object, long)'> (0x00000000c3557e30) 
thrown [s\src\hotspot\share\interpreter\linkResolver.cpp, line 759]
Event: 0.323 Thread 0x0000017e613ca400 Exception <a 'java/lang/NoSuchMethodError'{0x00000000c355b9a0}: 'java.lang.Object java.lang.invoke.Invokers$Holder.linkToTargetMethod(java.lang.Object, long, java.lang.Object)'> (0x00000000c355b9a0) 
thrown [s\src\hotspot\share\interpreter\linkResolver.cpp, line 759]
Event: 0.428 Thread 0x0000017e613ca400 Exception <a 'java/lang/NoSuchMethodError'{0x00000000c34cc1d0}: 'java.lang.Object java.lang.invoke.DirectMethodHandle$Holder.invokeInterface(java.lang.Object, java.lang.Object)'> (0x00000000c34cc1d0) 
thrown [s\src\hotspot\share\interpreter\linkResolver.cpp, line 759]
Event: 0.428 Thread 0x0000017e613ca400 Exception <a 'java/lang/IncompatibleClassChangeError'{0x00000000c34cfaf0}: Found class java.lang.Object, but interface was expected> (0x00000000c34cfaf0) 
thrown [s\src\hotspot\share\interpreter\linkResolver.cpp, line 826]
Event: 1.468 Thread 0x0000017e613ca400 Exception <a 'java/lang/NoSuchMethodError'{0x00000000c33ef118}: 'void java.lang.invoke.DirectMethodHandle$Holder.invokeSpecial(java.lang.Object, java.lang.Object, java.lang.Object, java.lang.Object, java.lang.Object)'> (0x00000000c33ef118) 
thrown [s\src\hotspot\share\interpreter\linkResolver.cpp, line 759]
Event: 1.469 Thread 0x0000017e613ca400 Exception <a 'java/lang/NoSuchMethodError'{0x00000000c33f80d8}: 'void java.lang.invoke.DirectMethodHandle$Holder.invokeSpecial(java.lang.Object, java.lang.Object, java.lang.Object)'> (0x00000000c33f80d8) 
thrown [s\src\hotspot\share\interpreter\linkResolver.cpp, line 759]
Event: 1.470 Thread 0x0000017e613ca400 Exception <a 'java/lang/NoSuchMethodError'{0x00000000c33fe408}: 'void java.lang.invoke.DirectMethodHandle$Holder.invokeSpecial(java.lang.Object, java.lang.Object, int)'> (0x00000000c33fe408) 
thrown [s\src\hotspot\share\interpreter\linkResolver.cpp, line 759]
Event: 1.470 Thread 0x0000017e613ca400 Exception <a 'java/lang/NoSuchMethodError'{0x00000000c3204668}: 'java.lang.Object java.lang.invoke.DirectMethodHandle$Holder.newInvokeSpecial(java.lang.Object, java.lang.Object, int)'> (0x00000000c3204668) 
thrown [s\src\hotspot\share\interpreter\linkResolver.cpp, line 759]
Event: 25.395 Thread 0x0000017e45ab9270 Exception <a 'java/lang/InterruptedException'{0x00000000c8480a70}> (0x00000000c8480a70) 
thrown [s\src\hotspot\share\runtime\objectMonitor.cpp, line 1658]
Event: 25.421 Thread 0x0000017e7e12d970 Implicit null exception at 0x0000017e70a9a8c4 to 0x0000017e70a9a94c

VM Operations (20 events):
Event: 22.555 Executing VM operation: G1CollectForAllocation done
Event: 22.629 Executing VM operation: G1CollectForAllocation
Event: 22.631 Executing VM operation: G1CollectForAllocation done
Event: 23.346 Executing VM operation: G1CollectForAllocation
Event: 23.349 Executing VM operation: G1CollectForAllocation done
Event: 23.357 Executing VM operation: G1PauseRemark
Event: 23.357 Executing VM operation: G1PauseRemark done
Event: 23.361 Executing VM operation: G1PauseCleanup
Event: 23.362 Executing VM operation: G1PauseCleanup done
Event: 24.075 Executing VM operation: G1CollectForAllocation
Event: 24.077 Executing VM operation: G1CollectForAllocation done
Event: 24.148 Executing VM operation: G1CollectForAllocation
Event: 24.149 Executing VM operation: G1CollectForAllocation done
Event: 24.838 Executing VM operation: G1CollectForAllocation
Event: 24.840 Executing VM operation: G1CollectForAllocation done
Event: 24.848 Executing VM operation: G1PauseRemark
Event: 24.849 Executing VM operation: G1PauseRemark done
Event: 24.852 Executing VM operation: G1PauseCleanup
Event: 24.852 Executing VM operation: G1PauseCleanup done
Event: 25.497 Executing VM operation: Exit

Memory protections (0 events):
No events

Nmethod flushes (0 events):
No events

Events (20 events):
Event: 1.592 Thread 0x0000017e7db90880 Thread added: 0x0000017e5672d2b0
Event: 1.593 Thread 0x0000017e7db90880 Thread added: 0x0000017e5672d7c0
Event: 1.593 Thread 0x0000017e7db90880 Thread added: 0x0000017e5672e1e0
Event: 1.593 Thread 0x0000017e7db90880 Thread added: 0x0000017e5672ec00
Event: 2.094 Thread 0x0000017e45f2f530 Thread exited: 0x0000017e45f2f530
Event: 2.137 Thread 0x0000017e45f2f010 Thread exited: 0x0000017e45f2f010
Event: 5.465 Thread 0x0000017e7d9c4d60 Thread added: 0x0000017e5672be70
Event: 6.495 Thread 0x0000017e5672be70 Thread exited: 0x0000017e5672be70
Event: 25.395 Thread 0x0000017e7db90880 Thread added: 0x0000017e5672dcd0
Event: 25.395 Thread 0x0000017e7db90880 Thread added: 0x0000017e5672b960
Event: 25.395 Thread 0x0000017e7db90880 Thread added: 0x0000017e5672f110
Event: 25.395 Thread 0x0000017e45ab9270 Thread exited: 0x0000017e45ab9270
Event: 25.395 Thread 0x0000017e7d9c4d60 Thread added: 0x0000017e5672f620
Event: 25.395 Thread 0x0000017e5672f110 Thread exited: 0x0000017e5672f110
Event: 25.396 Thread 0x0000017e45867f70 Thread exited: 0x0000017e45867f70
Event: 25.397 Thread 0x0000017e7d9c4d60 Thread exited: 0x0000017e7d9c4d60
Event: 25.423 Thread 0x0000017e7e12d970 Thread exited: 0x0000017e7e12d970
Event: 25.426 Thread 0x0000017e5672dcd0 Thread exited: 0x0000017e5672dcd0
Event: 25.496 Thread 0x0000017e5672b960 Thread exited: 0x0000017e5672b960
Event: 25.496 Thread 0x0000017e7db90880 Before exit entered


Dynamic libraries:
0x00007ff7c9de0000 - 0x00007ff7c9dee000 	C:\Program Files\Processing\app\resources\jdk-17.0.14+7\bin\java.exe
0x00007ffa7da60000 - 0x00007ffa7dcc7000 	C:\WINDOWS\SYSTEM32\ntdll.dll
0x00007ffa7c020000 - 0x00007ffa7c0e9000 	C:\WINDOWS\System32\KERNEL32.DLL
0x00007ffa7a540000 - 0x00007ffa7a937000 	C:\WINDOWS\System32\KERNELBASE.dll
0x00007ffa7ab20000 - 0x00007ffa7ac6b000 	C:\WINDOWS\System32\ucrtbase.dll
0x00007ffa4d920000 - 0x00007ffa4d937000 	C:\Program Files\Processing\app\resources\jdk-17.0.14+7\bin\jli.dll
0x00007ffa4d900000 - 0x00007ffa4d91e000 	C:\Program Files\Processing\app\resources\jdk-17.0.14+7\bin\VCRUNTIME140.dll
0x00007ffa7bdd0000 - 0x00007ffa7bf96000 	C:\WINDOWS\System32\USER32.dll
0x00007ffa7b630000 - 0x00007ffa7b657000 	C:\WINDOWS\System32\win32u.dll
0x00007ffa61590000 - 0x00007ffa61822000 	C:\WINDOWS\WinSxS\amd64_microsoft.windows.common-controls_6595b64144ccf1df_6.0.26100.8457_none_3e0b2faee331e92d\COMCTL32.dll
0x00007ffa7cc40000 - 0x00007ffa7cc6b000 	C:\WINDOWS\System32\GDI32.dll
0x00007ffa7b7e0000 - 0x00007ffa7b889000 	C:\WINDOWS\System32\msvcrt.dll
0x00007ffa7a940000 - 0x00007ffa7aa6c000 	C:\WINDOWS\System32\gdi32full.dll
0x00007ffa7a490000 - 0x00007ffa7a533000 	C:\WINDOWS\System32\msvcp_win.dll
0x00007ffa7ba00000 - 0x00007ffa7ba32000 	C:\WINDOWS\System32\IMM32.DLL
0x00007ffa73680000 - 0x00007ffa7368c000 	C:\Program Files\Processing\app\resources\jdk-17.0.14+7\bin\vcruntime140_1.dll
0x00007ffa457d0000 - 0x00007ffa4585d000 	C:\Program Files\Processing\app\resources\jdk-17.0.14+7\bin\msvcp140.dll
0x00007ff9b1440000 - 0x00007ff9b20ab000 	C:\Program Files\Processing\app\resources\jdk-17.0.14+7\bin\server\jvm.dll
0x00007ffa7d380000 - 0x00007ffa7d436000 	C:\WINDOWS\System32\ADVAPI32.dll
0x00007ffa7d450000 - 0x00007ffa7d4f7000 	C:\WINDOWS\System32\sechost.dll
0x00007ffa7d610000 - 0x00007ffa7d728000 	C:\WINDOWS\System32\RPCRT4.dll
0x00007ffa7d500000 - 0x00007ffa7d580000 	C:\WINDOWS\System32\WS2_32.dll
0x00007ffa7a310000 - 0x00007ffa7a36e000 	C:\WINDOWS\SYSTEM32\POWRPROF.dll
0x00007ffa61e60000 - 0x00007ffa61e96000 	C:\WINDOWS\SYSTEM32\WINMM.dll
0x00007ffa704a0000 - 0x00007ffa704ab000 	C:\WINDOWS\SYSTEM32\VERSION.dll
0x00007ffa7a2f0000 - 0x00007ffa7a304000 	C:\WINDOWS\SYSTEM32\UMPDC.dll
0x00007ffa79220000 - 0x00007ffa7923b000 	C:\WINDOWS\SYSTEM32\kernel.appcore.dll
0x00007ffa6a5b0000 - 0x00007ffa6a5ba000 	C:\Program Files\Processing\app\resources\jdk-17.0.14+7\bin\jimage.dll
0x00007ffa72470000 - 0x00007ffa726b2000 	C:\WINDOWS\SYSTEM32\DBGHELP.DLL
0x00007ffa7c870000 - 0x00007ffa7cbf3000 	C:\WINDOWS\System32\combase.dll
0x00007ffa7bc30000 - 0x00007ffa7bd09000 	C:\WINDOWS\System32\OLEAUT32.dll
0x00007ffa410a0000 - 0x00007ffa410db000 	C:\WINDOWS\SYSTEM32\dbgcore.DLL
0x00007ffa7aa70000 - 0x00007ffa7ab18000 	C:\WINDOWS\System32\bcryptPrimitives.dll
0x00007ffa478a0000 - 0x00007ffa478db000 	C:\Program Files\Processing\app\resources\jdk-17.0.14+7\bin\jdwp.dll
0x00007ffa4c330000 - 0x00007ffa4c355000 	C:\Program Files\Processing\app\resources\jdk-17.0.14+7\bin\java.dll
0x00007ffa41a00000 - 0x00007ffa41ad7000 	C:\Program Files\Processing\app\resources\jdk-17.0.14+7\bin\jsvml.dll
0x00007ffa7c0f0000 - 0x00007ffa7c85e000 	C:\WINDOWS\System32\SHELL32.dll
0x00007ffa7ac70000 - 0x00007ffa7b4dc000 	C:\WINDOWS\System32\windows.storage.dll
0x00007ffa7d730000 - 0x00007ffa7d826000 	C:\WINDOWS\System32\SHCORE.dll
0x00007ffa7d210000 - 0x00007ffa7d276000 	C:\WINDOWS\System32\shlwapi.dll
0x00007ffa7a3b0000 - 0x00007ffa7a3d9000 	C:\WINDOWS\SYSTEM32\profapi.dll
0x00007ffa4d410000 - 0x00007ffa4d41c000 	C:\Program Files\Processing\app\resources\jdk-17.0.14+7\bin\dt_socket.dll
0x00007ffa78c30000 - 0x00007ffa78c62000 	C:\WINDOWS\SYSTEM32\IPHLPAPI.DLL
0x00007ffa79790000 - 0x00007ffa797fc000 	C:\WINDOWS\system32\mswsock.dll
0x00007ffa4ce10000 - 0x00007ffa4ce29000 	C:\Program Files\Processing\app\resources\jdk-17.0.14+7\bin\net.dll
0x00007ffa775b0000 - 0x00007ffa776d9000 	C:\WINDOWS\SYSTEM32\WINHTTP.dll
0x00007ffa4cd70000 - 0x00007ffa4cd86000 	C:\Program Files\Processing\app\resources\jdk-17.0.14+7\bin\nio.dll
0x00007ffa47880000 - 0x00007ffa47898000 	C:\Program Files\Processing\app\resources\jdk-17.0.14+7\bin\zip.dll
0x00007ffa24050000 - 0x00007ffa241e0000 	C:\Program Files\Processing\app\resources\jdk-17.0.14+7\bin\awt.dll
0x00007ffa76060000 - 0x00007ffa76100000 	C:\WINDOWS\SYSTEM32\apphelp.dll
0x00007ffa77ee0000 - 0x00007ffa77f8a000 	C:\WINDOWS\system32\uxtheme.dll
0x00007ffa7b890000 - 0x00007ffa7b9ec000 	C:\WINDOWS\System32\MSCTF.dll
0x00007ffa7ba40000 - 0x00007ffa7bbd7000 	C:\WINDOWS\System32\ole32.dll
0x00007ffa781d0000 - 0x00007ffa781ff000 	C:\WINDOWS\system32\DWMAPI.DLL
0x00007ffa33d40000 - 0x00007ffa33e4f000 	C:\WINDOWS\system32\opengl32.dll
0x00007ffa36620000 - 0x00007ffa3664d000 	C:\WINDOWS\SYSTEM32\GLU32.dll
0x00007ffa77ff0000 - 0x00007ffa78035000 	C:\WINDOWS\SYSTEM32\dxcore.dll
0x00007ffa79a70000 - 0x00007ffa79a8b000 	C:\WINDOWS\SYSTEM32\CRYPTSP.dll
0x00007ffa79180000 - 0x00007ffa791b9000 	C:\WINDOWS\system32\rsaenh.dll
0x00007ffa79840000 - 0x00007ffa79873000 	C:\WINDOWS\SYSTEM32\USERENV.dll
0x00007ffa7a380000 - 0x00007ffa7a3aa000 	C:\WINDOWS\SYSTEM32\bcrypt.dll
0x00007ffa79a90000 - 0x00007ffa79a9c000 	C:\WINDOWS\SYSTEM32\CRYPTBASE.dll
0x00007ffa7cc00000 - 0x00007ffa7cc0a000 	C:\WINDOWS\System32\NSI.dll
0x00007ffa77800000 - 0x00007ffa7781d000 	C:\WINDOWS\SYSTEM32\dhcpcsvc6.DLL
0x00007ffa77750000 - 0x00007ffa77775000 	C:\WINDOWS\SYSTEM32\dhcpcsvc.DLL
0x00007ffa78ce0000 - 0x00007ffa78e12000 	C:\WINDOWS\SYSTEM32\DNSAPI.dll
0x00007ffa44850000 - 0x00007ffa44863000 	C:\Users\danil\AppData\Local\Temp\jogamp_0000\file_cache\jln13758030268178087336\jln10873215193420644758\natives\windows-amd64\gluegen_rt.dll
0x00007ffa4d400000 - 0x00007ffa4d407000 	C:\Program Files\Processing\app\resources\jdk-17.0.14+7\bin\jawt.dll
0x00007ffa4cd50000 - 0x00007ffa4cd5d000 	C:\Users\danil\AppData\Local\Temp\jogamp_0000\file_cache\jln13758030268178087336\jln10873215193420644758\natives\windows-amd64\nativewindow_awt.dll
0x00007ffa419e0000 - 0x00007ffa419f5000 	C:\Users\danil\AppData\Local\Temp\jogamp_0000\file_cache\jln13758030268178087336\jln10873215193420644758\natives\windows-amd64\nativewindow_win32.dll
0x00007ffa3fac0000 - 0x00007ffa3fb43000 	C:\Users\danil\AppData\Local\Temp\jogamp_0000\file_cache\jln13758030268178087336\jln10873215193420644758\natives\windows-amd64\jogl_desktop.dll
0x00007ffa24380000 - 0x00007ffa243d2000 	C:\Users\danil\AppData\Local\Temp\jogamp_0000\file_cache\jln13758030268178087336\jln10873215193420644758\natives\windows-amd64\jogl_mobile.dll
0x00007ffa73470000 - 0x00007ffa734d1000 	C:\WINDOWS\SYSTEM32\directxdatabasehelper.dll
0x00007ffa665e0000 - 0x00007ffa665fd000 	C:\WINDOWS\SYSTEM32\windows.staterepositorycore.dll
0x00007ff9b0460000 - 0x00007ff9b1433000 	C:\WINDOWS\System32\DriverStore\FileRepository\iigd_dch.inf_amd64_225f37aa3862fc3f\igxelpicd64.dll
0x00007ffa78040000 - 0x00007ffa7817e000 	C:\WINDOWS\system32\dxgi.dll
0x00007ff9ec6a0000 - 0x00007ff9ecb27000 	C:\WINDOWS\System32\DriverStore\FileRepository\iigd_dch.inf_amd64_225f37aa3862fc3f\igdml64.dll
0x00007ffa7a000000 - 0x00007ffa7a051000 	C:\WINDOWS\SYSTEM32\cfgmgr32.dll
0x00007ffa704b0000 - 0x00007ffa70871000 	C:\WINDOWS\System32\DriverStore\FileRepository\iigd_dch.inf_amd64_225f37aa3862fc3f\igdgmm64.dll
0x00007ffa6d290000 - 0x00007ffa70496000 	C:\WINDOWS\System32\DriverStore\FileRepository\iigd_dch.inf_amd64_225f37aa3862fc3f\igc64.dll
0x00007ffa41800000 - 0x00007ffa41819000 	C:\Users\danil\AppData\Local\Temp\jogamp_0000\file_cache\jln13758030268178087336\jln10873215193420644758\natives\windows-amd64\newt_head.dll
0x00007ffa6bce0000 - 0x00007ffa6bd9f000 	C:\WINDOWS\SYSTEM32\mscms.dll
0x00007ffa111b0000 - 0x00007ffa111f9000 	C:\WINDOWS\SYSTEM32\icm32.dll
0x00007ffa7cc70000 - 0x00007ffa7d0f7000 	C:\WINDOWS\System32\setupapi.dll
0x00007ffa79fd0000 - 0x00007ffa79ffd000 	C:\WINDOWS\SYSTEM32\DEVOBJ.dll
0x00007ffa7b4e0000 - 0x00007ffa7b562000 	C:\WINDOWS\System32\WINTRUST.dll
0x00007ffa7b660000 - 0x00007ffa7b7d8000 	C:\WINDOWS\System32\CRYPT32.dll
0x00007ffa79ba0000 - 0x00007ffa79bb3000 	C:\WINDOWS\SYSTEM32\MSASN1.dll
0x00007ffa4d4c0000 - 0x00007ffa4d606000 	C:\WINDOWS\SYSTEM32\textinputframework.dll
0x00007ffa76ea0000 - 0x00007ffa76fc7000 	C:\WINDOWS\SYSTEM32\CoreMessaging.dll
0x00007ffa726c0000 - 0x00007ffa729a2000 	C:\WINDOWS\SYSTEM32\CoreUIComponents.dll
0x00007ffa737b0000 - 0x00007ffa7391a000 	C:\WINDOWS\SYSTEM32\wintypes.dll

dbghelp: loaded successfully - version: 4.0.5 - missing functions: none
symbol engine: initialized successfully - sym options: 0x614 - pdb path: .;C:\Program Files\Processing\app\resources\jdk-17.0.14+7\bin;C:\WINDOWS\SYSTEM32;C:\WINDOWS\WinSxS\amd64_microsoft.windows.common-controls_6595b64144ccf1df_6.0.26100.8457_none_3e0b2faee331e92d;C:\Program Files\Processing\app\resources\jdk-17.0.14+7\bin\server;C:\Users\danil\AppData\Local\Temp\jogamp_0000\file_cache\jln13758030268178087336\jln10873215193420644758\natives\windows-amd64;C:\WINDOWS\System32\DriverStore\FileRepository\iigd_dch.inf_amd64_225f37aa3862fc3f

VM Arguments:
jvm_args: -agentlib:jdwp=transport=dt_socket,address=8858,server=y,suspend=y,quiet=y -Xms64m -Xmx1024m -Djna.nosys=true -Djava.library.path=;C:\Program Files\Processing\app\resources\core\library;C:\Program Files\Processing;C:\WINDOWS\system32;C:\WINDOWS;C:\Program Files\PlasticSCM5\server;C:\Program Files\PlasticSCM5\client;C:\Program Files\Common Files\Oracle\Java\javapath;C:\Program Files (x86)\Common Files\Oracle\Java\javapath;C:\Windows\System32\HWAudioDriverLibs;C:\Windows\system32;C:\Windows;C:\Windows\System32\Wbem;C:\Windows\System32\WindowsPowerShell\v1.0;C:\Windows\System32\OpenSSH;C:\Program Files\Microsoft SQL Server\150\Tools\Binn;C:\Program Files\Microsoft SQL Server\Client SDK\ODBC\170\Tools\Binn;C:\Program Files\dotnet;D:\Windows Kits\10\Windows Performance Toolkit;C:\Program Files\Java\jdk-23\bin;C:\WINDOWS\system32;C:\WINDOWS;C:\WINDOWS\System32\Wbem;C:\WINDOWS\System32\WindowsPowerShell\v1.0;C:\WINDOWS\System32\OpenSSH;C:\Program Files\nodejs;C:\Program Files\Docker\Docker\resources\bin;C:\Program Files\TortoiseGit\bin;C:\Program Files\Git\cmd;C:\Users\danil\AppData\Local\Programs\Python\Python312\Scripts;C:\Users\danil\AppData\Local\Programs\Python\Python312;C:\Users\danil\AppData\Local\Microsoft\WindowsApps;C:\Users\danil\AppData\Local\Programs\Microsoft VS Code\bin;C:\Users\danil\AppData\Roaming\npm;D:\DataBase\18\bin;C:\Program Files\Processing\app;. -ea 
java_command: processing.core.PApplet --editor-location=-7,-7 --external --display=1 --sketch-path=C:\Users\danil\Desktop\Gravity_simul Gravity_simul
java_class_path (initial): C:\Users\danil\AppData\Local\Temp\processing\Gravity_simul897277564748406183temp;C:\Program Files\Processing\app\resources\core\library\annotations-13.0.jar;C:\Program Files\Processing\app\resources\core\library\antlr-2.7.7.jar;C:\Program Files\Processing\app\resources\core\library\core-4.4.1.jar;C:\Program Files\Processing\app\resources\core\library\gluegen-rt-2.5.0-natives-android-aarch64.jar;C:\Program Files\Processing\app\resources\core\library\gluegen-rt-2.5.0-natives-linux-aarch64.jar;C:\Program Files\Processing\app\resources\core\library\gluegen-rt-2.5.0-natives-linux-amd64.jar;C:\Program Files\Processing\app\resources\core\library\gluegen-rt-2.5.0-natives-linux-armv6hf.jar;C:\Program Files\Processing\app\resources\core\library\gluegen-rt-2.5.0-natives-macosx-universal.jar;C:\Program Files\Processing\app\resources\core\library\gluegen-rt-2.5.0-natives-windows-amd64.jar;C:\Program Files\Processing\app\resources\core\library\gluegen-rt-2.5.0.jar;C:\Program Files\Processing\app\resources\core\library\gluegen-rt-main-2.5.0.jar;C:\Program Files\Processing\app\resources\core\library\jogl-all-2.5.0-natives-android-aarch64.jar;C:\Program Files\Processing\app\resources\core\library\jogl-all-2.5.0-natives-linux-aarch64.jar;C:\Program Files\Processing\app\resources\core\library\jogl-all-2.5.0-natives-linux-amd64.jar;C:\Program Files\Processing\app\resources\core\library\jogl-all-2.5.0-natives-linux-armv6hf.jar;C:\Program Files\Processing\app\resources\core\library\jogl-all-2.5.0-natives-macosx-universal.jar;C:\Program Files\Processing\app\resources\core\library\jogl-all-2.5.0-natives-windows-amd64.jar;C:\Program Files\Processing\app\resources\core\library\jogl-all-2.5.0.jar;C:\Program Files\Processing\app\resources\core\library\jogl-all-main-2.5.0.jar;C:\Program Files\Processing\app\resources\core\library\kotlin-stdlib-2.0.20.jar
Launcher Type: SUN_STANDARD

[Global flags]
     intx CICompilerCount                          = 4                                         {product} {ergonomic}
     uint ConcGCThreads                            = 2                                         {product} {ergonomic}
     uint G1ConcRefinementThreads                  = 8                                         {product} {ergonomic}
   size_t G1HeapRegionSize                         = 1048576                                   {product} {ergonomic}
    uintx GCDrainStackTargetSize                   = 64                                        {product} {ergonomic}
   size_t InitialHeapSize                          = 67108864                                  {product} {command line}
   size_t MarkStackSize                            = 4194304                                   {product} {ergonomic}
   size_t MaxHeapSize                              = 1073741824                                {product} {command line}
   size_t MaxNewSize                               = 643825664                                 {product} {ergonomic}
   size_t MinHeapDeltaBytes                        = 1048576                                   {product} {ergonomic}
   size_t MinHeapSize                              = 67108864                                  {product} {command line}
    uintx NonNMethodCodeHeapSize                   = 5839372                                {pd product} {ergonomic}
    uintx NonProfiledCodeHeapSize                  = 122909434                              {pd product} {ergonomic}
    uintx ProfiledCodeHeapSize                     = 122909434                              {pd product} {ergonomic}
    uintx ReservedCodeCacheSize                    = 251658240                              {pd product} {ergonomic}
     bool SegmentedCodeCache                       = true                                      {product} {ergonomic}
   size_t SoftMaxHeapSize                          = 1073741824                             {manageable} {ergonomic}
     bool UseCompressedClassPointers               = true                           {product lp64_product} {ergonomic}
     bool UseCompressedOops                        = true                           {product lp64_product} {ergonomic}
     bool UseG1GC                                  = true                                      {product} {ergonomic}
     bool UseLargePagesIndividualAllocation        = false                                  {pd product} {ergonomic}

Logging:
Log output configuration:
 #0: stdout all=off uptime,level,tags
 #1: stderr all=off uptime,level,tags

Environment Variables:
JAVA_HOME=C:\Program Files\Java\jdk-23
PATH=C:\Program Files\PlasticSCM5\server;C:\Program Files\PlasticSCM5\client;C:\Program Files\Common Files\Oracle\Java\javapath;C:\Program Files (x86)\Common Files\Oracle\Java\javapath;C:\Windows\System32\HWAudioDriverLibs;C:\Windows\system32;C:\Windows;C:\Windows\System32\Wbem;C:\Windows\System32\WindowsPowerShell\v1.0\;C:\Windows\System32\OpenSSH\;C:\Users\Administrator\AppData\Local\Microsoft\WindowsApps;C:\Program Files\Microsoft SQL Server\150\Tools\Binn\;C:\Program Files\Microsoft SQL Server\Client SDK\ODBC\170\Tools\Binn\;C:\Program Files\dotnet\;D:\Windows Kits\10\Windows Performance Toolkit\;C:\Program Files\Java\jdk-23\bin;C:\WINDOWS\system32;C:\WINDOWS;C:\WINDOWS\System32\Wbem;C:\WINDOWS\System32\WindowsPowerShell\v1.0\;C:\WINDOWS\System32\OpenSSH\;C:\Program Files\nodejs\;C:\Program Files\Docker\Docker\resources\bin;C:\Program Files\TortoiseGit\bin;C:\Program Files\Git\cmd;C:\Users\danil\AppData\Local\Programs\Python\Python312\Scripts\;C:\Users\danil\AppData\Local\Programs\Python\Python312\;C:\Users\danil\AppData\Local\Microsoft\WindowsApps;C:\Users\danil\.dotnet\tools;C:\Users\danil\AppData\Local\Programs\Microsoft VS Code\bin;C:\Users\danil\AppData\Roaming\npm;D:\DataBase\18\bin;C:\Program Files\Processing\app
USERNAME=danil
OS=Windows_NT
PROCESSOR_IDENTIFIER=Intel64 Family 6 Model 140 Stepping 2, GenuineIntel
TMP=C:\Users\danil\AppData\Local\Temp
TEMP=C:\Users\danil\AppData\Local\Temp



Periodic native trim disabled


---------------  S Y S T E M  ---------------

OS:
 Windows 11 , 64 bit Build 26100 (10.0.26100.8328)
OS uptime: 0 days 3:58 hours
Hyper-V role detected

CPU: total 8 (initial active 8) (4 cores per cpu, 2 threads per core) family 6 model 140 stepping 2 microcode 0x16, cx8, cmov, fxsr, ht, mmx, 3dnowpref, sse, sse2, sse3, ssse3, sse4.1, sse4.2, popcnt, lzcnt, tsc, tscinvbit, avx, avx2, aes, erms, clmul, bmi1, bmi2, adx, avx512f, avx512dq, avx512cd, avx512bw, avx512vl, sha, fma, vzeroupper, avx512_vpopcntdq, avx512_vpclmulqdq, avx512_vaes, avx512_vnni, clflush, clflushopt, clwb, avx512_vbmi2, avx512_vbmi, hv
Processor Information for all 8 processors :
  Max Mhz: 2496, Current Mhz: 2496, Mhz Limit: 2496

Memory: 4k page, system-wide physical 7975M (2447M free)
TotalPageFile size 17703M (AvailPageFile size 8181M)
current process WorkingSet (physical memory assigned to process): 571M, peak: 590M
current process commit charge ("private bytes"): 572M, peak: 601M

vm_info: OpenJDK 64-Bit Server VM (17.0.14+7) for windows-amd64 JRE (17.0.14+7), built on Jan 21 2025 23:40:15 by "admin" with MS VC++ 17.7 (VS2022)

END.
