#
# A fatal error has been detected by the Java Runtime Environment:
#
#  EXCEPTION_ACCESS_VIOLATION (0xc0000005) at pc=0x00007ff9b069b386, pid=9268, tid=17072
#
# JRE version: OpenJDK Runtime Environment Temurin-17.0.14+7 (17.0.14+7) (build 17.0.14+7)
# Java VM: OpenJDK 64-Bit Server VM Temurin-17.0.14+7 (17.0.14+7, mixed mode, sharing, tiered, compressed oops, compressed class ptrs, g1 gc, windows-amd64)
# Problematic frame:
# C  [igxelpicd64.dll+0x23b386]
#
# No core dump will be written. Minidumps are not enabled by default on client versions of Windows
#
# If you would like to submit a bug report, please visit:
#   https://github.com/adoptium/adoptium-support/issues
#

---------------  S U M M A R Y ------------

Command Line: -agentlib:jdwp=transport=dt_socket,address=8088,server=y,suspend=y,quiet=y -Xms64m -Xmx1024m -Djna.nosys=true -Djava.library.path=;C:\Program Files\Processing\app\resources\core\library;C:\Program Files\Processing;C:\WINDOWS\system32;C:\WINDOWS;C:\Program Files\PlasticSCM5\server;C:\Program Files\PlasticSCM5\client;C:\Program Files\Common Files\Oracle\Java\javapath;C:\Program Files (x86)\Common Files\Oracle\Java\javapath;C:\Windows\System32\HWAudioDriverLibs;C:\Windows\system32;C:\Windows;C:\Windows\System32\Wbem;C:\Windows\System32\WindowsPowerShell\v1.0;C:\Windows\System32\OpenSSH;C:\Program Files\Microsoft SQL Server\150\Tools\Binn;C:\Program Files\Microsoft SQL Server\Client SDK\ODBC\170\Tools\Binn;C:\Program Files\dotnet;D:\Windows Kits\10\Windows Performance Toolkit;C:\Program Files\Java\jdk-23\bin;C:\WINDOWS\system32;C:\WINDOWS;C:\WINDOWS\System32\Wbem;C:\WINDOWS\System32\WindowsPowerShell\v1.0;C:\WINDOWS\System32\OpenSSH;C:\Program Files\nodejs;C:\Program Files\Docker\Docker\resources\bin;C:\Program Files\TortoiseGit\bin;C:\Program Files\Git\cmd;C:\Users\danil\AppData\Local\Programs\Python\Python312\Scripts;C:\Users\danil\AppData\Local\Programs\Python\Python312;C:\Users\danil\AppData\Local\Microsoft\WindowsApps;C:\Users\danil\AppData\Local\Programs\Microsoft VS Code\bin;C:\Users\danil\AppData\Roaming\npm;D:\DataBase\18\bin;C:\Program Files\Processing\app;. -ea processing.core.PApplet --editor-location=-7,-7 --external --display=1 --sketch-path=C:\Users\danil\Desktop\Gravity_simul Gravity_simul

Host: 11th Gen Intel(R) Core(TM) i5-1155G7 @ 2.50GHz, 8 cores, 7G,  Windows 11 , 64 bit Build 26100 (10.0.26100.8328)
Time: Sat Jun 27 23:24:35 2026 RTZ 3 (s 11 , 64 bit Build 26100 (10.0.26100.8328) elapsed time: 5.895628 seconds (0d 0h 0m 5s)

---------------  T H R E A D  ---------------

Current thread (0x000001d8ff87fac0):  VMThread "VM Thread" [stack: 0x000000912c000000,0x000000912c100000] [id=17072]

Stack: [0x000000912c000000,0x000000912c100000],  sp=0x000000912c0fe3a0,  free space=1016k
Native frames: (J=compiled Java code, j=interpreted, Vv=VM code, C=native code)
C  [igxelpicd64.dll+0x23b386]


siginfo: EXCEPTION_ACCESS_VIOLATION (0xc0000005), reading address 0x0000000000035468


Registers:
RAX=0x000001d8d9f0b570, RBX=0x000001d8d7a6e130, RCX=0x0000000000000004, RDX=0x0000000000000000
RSP=0x000000912c0fe3a0, RBP=0x0000000000000000, RSI=0x000001d8d9f0b370, RDI=0x000001d8d74fb870
R8 =0x000001d8d9f0b470, R9 =0x000000912b4cc000, R10=0x0000000000000000, R11=0x0000000000000246
R12=0x000001d8d9f0b370, R13=0x0000000000000000, R14=0x000001d8d9f0b8b8, R15=0x000001d8d9f03f30
RIP=0x00007ff9b069b386, EFLAGS=0x0000000000010202


Register to memory mapping:

RIP=0x00007ff9b069b386 igxelpicd64.dll
RAX=0x000001d8d9f0b570 points into unknown readable memory: 0x0000000000001996 | 96 19 00 00 00 00 00 00
RBX=0x000001d8d7a6e130 points into unknown readable memory: 0xffffffffffffffff | ff ff ff ff ff ff ff ff
RCX=0x0000000000000004 is an unknown value
RDX=0x0 is NULL
RSP=0x000000912c0fe3a0 points into unknown readable memory: 0x000001d8d7a6e130 | 30 e1 a6 d7 d8 01 00 00
RBP=0x0 is NULL
RSI=0x000001d8d9f0b370 points into unknown readable memory: 0x000001d8d7ad33c0 | c0 33 ad d7 d8 01 00 00
RDI=0x000001d8d74fb870 points into unknown readable memory: 0x34000000bebafe00 | 00 fe ba be 00 00 00 34
R8 =0x000001d8d9f0b470 points into unknown readable memory: 0x0000000000000000 | 00 00 00 00 00 00 00 00
R9 =0x000000912b4cc000 points into unknown readable memory: 0x0000000000000000 | 00 00 00 00 00 00 00 00
R10=0x0 is NULL
R11=0x0000000000000246 is an unknown value
R12=0x000001d8d9f0b370 points into unknown readable memory: 0x000001d8d7ad33c0 | c0 33 ad d7 d8 01 00 00
R13=0x0 is NULL
R14=0x000001d8d9f0b8b8 points into unknown readable memory: 0x000001d8d9f03f30 | 30 3f f0 d9 d8 01 00 00
R15=0x000001d8d9f03f30 points into unknown readable memory: 0x000001d8d7ad33c0 | c0 33 ad d7 d8 01 00 00


Top of Stack: (sp=0x000000912c0fe3a0)
0x000000912c0fe3a0:   000001d8d7a6e130 0255429d03862e9d
0x000000912c0fe3b0:   0391939f00929d9d 0250f39f03309c9f
0x000000912c0fe3c0:   0000001603000000 0000000000000000
0x000000912c0fe3d0:   032b66a303b02aa3 0365e2a3036987a3
0x000000912c0fe3e0:   000001d8d7a6e130 031d81a403732ea4
0x000000912c0fe3f0:   032a3ea502743ca5 02de81a503725aa5
0x000000912c0fe400:   02db39a602a81ca6 0353bba603a49ca6
0x000000912c0fe410:   00b3e9a603a7cba6 039039a700a836a7
0x000000912c0fe420:   0326f4a70133c2a7 031e5ea90399e2a8
0x000000912c0fe430:   036a28aa035e61a9 035b9aaa02fe53aa
0x000000912c0fe440:   022dceaa02eccdaa 02fe53ab02bf12ab
0x000000912c0fe450:   02b97dab02e266ab 036fedab021f82ab
0x000000912c0fe460:   03990eac01e702ac 02c01eac039d16ac
0x000000912c0fe470:   01d979ac034833ac 02db8cac03a986ac
0x000000912c0fe480:   036602ad03a4d0ac 00007ffa7dbc5b54
0x000000912c0fe490:   0000000000000000 0000000000000000
0x000000912c0fe4a0:   000000912c0fe640 00007ffa7be21259
0x000000912c0fe4b0:   000000912c0fe538 0000000000000000
0x000000912c0fe4c0:   0000000000000054 0000000000000000
0x000000912c0fe4d0:   032eb8b1029d98b1 00007ffa7dbc5cc4
0x000000912c0fe4e0:   039650b302c0ccb2 005273b3035461b3
0x000000912c0fe4f0:   0000c4e3e8ea0faf 036c27b5039305b5
0x000000912c0fe500:   000001d8d9df0478 00000000000019e6
0x000000912c0fe510:   0000000000000000 0000000000000016
0x000000912c0fe520:   0000000000000000 0000000000000000
0x000000912c0fe530:   000000912c0fe640 00007ff9b06c82ae
0x000000912c0fe540:   000001d8d74fb870 0000000000000000
0x000000912c0fe550:   000001d8d74fb870 0329a6bb033875bb
0x000000912c0fe560:   0000009100001094 00007404006b0000
0x000000912c0fe570:   0000000000000000 033838be036430be
0x000000912c0fe580:   02aa5abe029d43be 03a6fcbe02eec1be
0x000000912c0fe590:   038ec2bf02f831bf 00ad46c00276c4bf 

Instructions: (pc=0x00007ff9b069b386)
0x00007ff9b069b286:   00 90 4c 8b bf 80 02 00 00 48 8b 05 9a 85 bd 00
0x00007ff9b069b296:   8b 80 c8 0a 00 00 89 44 24 24 c6 44 24 20 00 48
0x00007ff9b069b2a6:   c7 87 80 02 00 00 00 00 00 00 c7 87 88 02 00 00
0x00007ff9b069b2b6:   00 00 00 00 48 c7 87 a0 02 00 00 00 00 00 00 48
0x00007ff9b069b2c6:   c7 87 90 02 00 00 00 00 00 00 48 85 ed 75 3d 8b
0x00007ff9b069b2d6:   35 0d 77 cd 00 65 48 8b 04 25 58 00 00 00 b9 14
0x00007ff9b069b2e6:   00 00 00 48 8b 04 f0 40 38 2c 01 0f 84 c9 e7 75
0x00007ff9b069b2f6:   00 65 48 8b 04 25 58 00 00 00 bd 20 00 00 00 48
0x00007ff9b069b306:   8b 04 f0 48 8b 2c 28 48 89 6c 24 28 48 3b 2d 07
0x00007ff9b069b316:   9b cd 00 0f 84 9b 10 00 00 4d 85 ff 0f 84 3a 01
0x00007ff9b069b326:   00 00 0f 1f 84 00 00 00 00 00 49 8b f7 4d 8b e7
0x00007ff9b069b336:   4d 8d b7 48 05 00 00 4d 8b 3e 45 84 ed 0f 85 d9
0x00007ff9b069b346:   0e 00 00 8b 8f d0 01 00 00 48 8b 05 da 84 bd 00
0x00007ff9b069b356:   83 b8 64 03 00 00 02 75 34 4d 8d 84 24 00 01 00
0x00007ff9b069b366:   00 83 f9 10 0f 83 3a 01 00 00 8b c1 48 c1 e0 06
0x00007ff9b069b376:   49 03 c0 48 85 c0 0f 84 9b 01 00 00 48 8b 50 08
0x00007ff9b069b386:   48 3b 95 68 54 03 00 0f 87 b6 0e 00 00 48 83 be
0x00007ff9b069b396:   c0 05 00 00 00 0f 85 50 e7 75 00 44 8b 8f d0 01
0x00007ff9b069b3a6:   00 00 48 8b 87 e8 01 00 00 4c 8b 00 8b 8f d0 01
0x00007ff9b069b3b6:   00 00 48 8d 9e 00 01 00 00 83 f9 10 0f 83 1e 01
0x00007ff9b069b3c6:   00 00 8b c1 48 c1 e0 06 48 03 c3 48 85 c0 0f 84
0x00007ff9b069b3d6:   4a 01 00 00 4c 39 40 08 0f 86 40 01 00 00 48 8b
0x00007ff9b069b3e6:   87 80 02 00 00 49 89 06 48 89 b7 80 02 00 00 ff
0x00007ff9b069b3f6:   87 88 02 00 00 48 8b 4e 08 48 8b 01 ba 01 00 00
0x00007ff9b069b406:   00 48 8b 80 e0 02 00 00 ff 15 f4 c1 88 00 0f b7
0x00007ff9b069b416:   c8 48 2b c1 48 05 00 00 01 00 48 01 87 90 02 00
0x00007ff9b069b426:   00 48 8b 4e 08 48 8b 01 ba 01 00 00 00 48 8b 80
0x00007ff9b069b436:   e0 02 00 00 ff 15 c8 c1 88 00 48 01 87 a0 02 00
0x00007ff9b069b446:   00 0f b6 54 24 20 4d 85 ff 0f 85 db fe ff ff 84
0x00007ff9b069b456:   d2 0f 85 37 0f 00 00 48 8b 5c 24 40 48 8b cf 80
0x00007ff9b069b466:   7c 24 22 00 0f 85 40 0f 00 00 e8 3b f9 ff ff 90
0x00007ff9b069b476:   48 8b cb ff 15 99 bc 88 00 48 8b 8c 24 50 01 00 


Stack slot to memory mapping:
stack at sp + 0 slots: 0x000001d8d7a6e130 points into unknown readable memory: 0xffffffffffffffff | ff ff ff ff ff ff ff ff
stack at sp + 1 slots: 0x0255429d03862e9d is an unknown value
stack at sp + 2 slots: 0x0391939f00929d9d is an unknown value
stack at sp + 3 slots: 0x0250f39f03309c9f is an unknown value
stack at sp + 4 slots: 0x0000001603000000 is an unknown value
stack at sp + 5 slots: 0x0 is NULL
stack at sp + 6 slots: 0x032b66a303b02aa3 is an unknown value
stack at sp + 7 slots: 0x0365e2a3036987a3 is an unknown value

VM_Operation (0x000000912e4fe850): Exit, mode: safepoint, requested by thread 0x000001d8d9b3c060


---------------  P R O C E S S  ---------------

Threads class SMR info:
_java_thread_list=0x000001d8da04e340, length=219, elements={
0x000001d8ff883f10, 0x000001d8ff886400, 0x000001d8ff89c4d0, 0x000001d8ff89c9b0,
0x000001d8ff89ce90, 0x000001d8ff89d370, 0x000001d8ff8a5bb0, 0x000001d8ff8aa1a0,
0x000001d8ff8ac6d0, 0x000001d8d70f82e0, 0x000001d8d710be20, 0x000001d8d710e520,
0x000001d8d7111140, 0x000001d8d7146d00, 0x000001d8d749f7a0, 0x000001d8d9b3ca80,
0x000001d8d9b3c060, 0x000001d8d9b3cf90, 0x000001d8d9b3c570, 0x000001d8d9b3d4a0,
0x000001d8d9b3d9b0, 0x000001d8d9b3dec0, 0x000001d8d9b3f810, 0x000001d8d9b3e3d0,
0x000001d8d9b3e8e0, 0x000001d8d9b3edf0, 0x000001d8d92e31c0, 0x000001d8d92e0e50,
0x000001d8d92e0430, 0x000001d8d92e2cb0, 0x000001d8d92dff20, 0x000001d8d92e1360,
0x000001d8d92dfa10, 0x000001d8d92e1870, 0x000001d8d92e1d80, 0x000001d8d92e2290,
0x000001d8d92e36d0, 0x000001d8d92e27a0, 0x000001d8d92e3be0, 0x000001d8d92e40f0,
0x000001d8d92e0940, 0x000001d8d92e6e80, 0x000001d8d92e5020, 0x000001d8d92e5530,
0x000001d8d92e5a40, 0x000001d8d92e5f50, 0x000001d8d92e6970, 0x000001d8d92e4600,
0x000001d8d92e4b10, 0x000001d8d92e6460, 0x000001d8d92e7390, 0x000001d8ea387200,
0x000001d8ea387710, 0x000001d8ea389a80, 0x000001d8ea3862d0, 0x000001d8ea389f90,
0x000001d8ea3867e0, 0x000001d8ea389060, 0x000001d8ea387c20, 0x000001d8ea389570,
0x000001d8ea388130, 0x000001d8ea388b50, 0x000001d8ea388640, 0x000001d8ea38a4a0,
0x000001d8ea386cf0, 0x000001d8ea38c300, 0x000001d8ea38aec0, 0x000001d8ea38b8e0,
0x000001d8ea38a9b0, 0x000001d8ea38bdf0, 0x000001d8ea38c810, 0x000001d8ea38cd20,
0x000001d8ea38b3d0, 0x000001d8ea38d230, 0x000001d8ea38d740, 0x000001d8ea38dc50,
0x000001d8ea37b900, 0x000001d8ea37be10, 0x000001d8ea37cd40, 0x000001d8ea37aee0,
0x000001d8ea37c830, 0x000001d8ea37a4c0, 0x000001d8ea37d250, 0x000001d8ea379fb0,
0x000001d8ea37d760, 0x000001d8ea37dc70, 0x000001d8ea37c320, 0x000001d8ea37b3f0,
0x000001d8ea37e180, 0x000001d8ea37a9d0, 0x000001d8ea381420, 0x000001d8ea37eba0,
0x000001d8ea37e690, 0x000001d8ea380f10, 0x000001d8ea37f0b0, 0x000001d8ea381930,
0x000001d8ea37f5c0, 0x000001d8ea37fad0, 0x000001d8ea37ffe0, 0x000001d8ea3804f0,
0x000001d8ea380a00, 0x000001d8ea3d98a0, 0x000001d8ea3d8e80, 0x000001d8ea3d7530,
0x000001d8ea3d8460, 0x000001d8ea3d7a40, 0x000001d8ea3d7f50, 0x000001d8ea3d8970,
0x000001d8ea3d9390, 0x000001d8ea3d9db0, 0x000001d8ea3d6600, 0x000001d8ea3d6b10,
0x000001d8ea3da2c0, 0x000001d8ea3da7d0, 0x000001d8ea3d7020, 0x000001d8ea3db1f0,
0x000001d8ea3dace0, 0x000001d8ea3dc630, 0x000001d8ea3ddf80, 0x000001d8ea3dcb40,
0x000001d8ea3db700, 0x000001d8ea3dd050, 0x000001d8ea3dd560, 0x000001d8ea3dbc10,
0x000001d8ea3dda70, 0x000001d8ea3dc120, 0x000001d8ea7a6b90, 0x000001d8ea7a70a0,
0x000001d8ea7a4820, 0x000001d8ea7a6680, 0x000001d8ea7a3e00, 0x000001d8ea7a4d30,
0x000001d8ea7a38f0, 0x000001d8ea7a6170, 0x000001d8ea7a75b0, 0x000001d8ea7a7ac0,
0x000001d8ea7a4310, 0x000001d8ea7a7fd0, 0x000001d8ea7a84e0, 0x000001d8ea7a89f0,
0x000001d8ea7a5c60, 0x000001d8ea7a5240, 0x000001d8ea7a8f00, 0x000001d8ea7a5750,
0x000001d8ea7aa850, 0x000001d8ea7aad60, 0x000001d8ea7a9410, 0x000001d8ea7ab270,
0x000001d8ea7aa340, 0x000001d8ea7a9920, 0x000001d8ea7a9e30, 0x000001d8ea8e0e00,
0x000001d8ea8dea90, 0x000001d8ea8df4b0, 0x000001d8ea8df9c0, 0x000001d8ea8e1310,
0x000001d8ea8defa0, 0x000001d8ea8e08f0, 0x000001d8ea8dfed0, 0x000001d8ea8e03e0,
0x000001d8ea8e1820, 0x000001d8ea8de070, 0x000001d8ea8e1d30, 0x000001d8ea8de580,
0x000001d8ea8e4fd0, 0x000001d8ea8e40a0, 0x000001d8ea8e2c60, 0x000001d8ea8e45b0,
0x000001d8ea8e3b90, 0x000001d8ea8e3170, 0x000001d8ea8e4ac0, 0x000001d8ea8e3680,
0x000001d8ea8e59f0, 0x000001d8ea8e2750, 0x000001d8ea8e54e0, 0x000001d8ea8e2240,
0x000001d8ea940c80, 0x000001d8ea940260, 0x000001d8ea93ee20, 0x000001d8ea93f330,
0x000001d8ea93f840, 0x000001d8ea940770, 0x000001d8ea93fd50, 0x000001d8ea941190,
0x000001d8ea9416a0, 0x000001d8ea93def0, 0x000001d8ea941bb0, 0x000001d8ea93e400,
0x000001d8ea9420c0, 0x000001d8ea93e910, 0x000001d8ea945360, 0x000001d8ea945870,
0x000001d8ea944e50, 0x000001d8ea9425d0, 0x000001d8ea942ff0, 0x000001d8ea943f20,
0x000001d8ea942ae0, 0x000001d8ea943500, 0x000001d8ea943a10, 0x000001d8ea944430,
0x000001d8ea944940, 0x000001d8ea8fd2c0, 0x000001d8ea900560, 0x000001d8ea8fec10,
0x000001d8ea8ff630, 0x000001d8ea900050, 0x000001d8ea900a70, 0x000001d8ea900f80,
0x000001d8ea8fe700, 0x000001d8ea8ff120, 0x000001d8ea8ffb40, 0x000001d8ea8fd7d0,
0x000001d8ea8fe1f0, 0x000001d8ea901490, 0x000001d8ea8fdce0, 0x000001d8ea904220,
0x000001d8ea9028d0, 0x000001d8ea9019a0, 0x000001d8ea901eb0
}

Java Threads: ( => current thread )
  0x000001d8ff883f10 JavaThread "Reference Handler" daemon [_thread_blocked, id=12056, stack(0x000000912c100000,0x000000912c200000)]
  0x000001d8ff886400 JavaThread "Finalizer" daemon [_thread_blocked, id=3716, stack(0x000000912c200000,0x000000912c300000)]
  0x000001d8ff89c4d0 JavaThread "Signal Dispatcher" daemon [_thread_blocked, id=9628, stack(0x000000912c300000,0x000000912c400000)]
  0x000001d8ff89c9b0 JavaThread "Attach Listener" daemon [_thread_blocked, id=12468, stack(0x000000912c400000,0x000000912c500000)]
  0x000001d8ff89ce90 JavaThread "Service Thread" daemon [_thread_blocked, id=9808, stack(0x000000912c500000,0x000000912c600000)]
  0x000001d8ff89d370 JavaThread "Monitor Deflation Thread" daemon [_thread_blocked, id=19988, stack(0x000000912c600000,0x000000912c700000)]
  0x000001d8ff8a5bb0 JavaThread "C2 CompilerThread0" daemon [_thread_blocked, id=1724, stack(0x000000912c700000,0x000000912c800000)]
  0x000001d8ff8aa1a0 JavaThread "C1 CompilerThread0" daemon [_thread_blocked, id=16148, stack(0x000000912c800000,0x000000912c900000)]
  0x000001d8ff8ac6d0 JavaThread "Sweeper thread" daemon [_thread_blocked, id=16912, stack(0x000000912c900000,0x000000912ca00000)]
  0x000001d8d70f82e0 JavaThread "JDWP Transport Listener: dt_socket" daemon [_thread_blocked, id=2680, stack(0x000000912ca00000,0x000000912cb00000)]
  0x000001d8d710be20 JavaThread "JDWP Event Helper Thread" daemon [_thread_blocked, id=13020, stack(0x000000912cb00000,0x000000912cc00000)]
  0x000001d8d710e520 JavaThread "JDWP Command Reader" daemon [_thread_blocked, id=16644, stack(0x000000912cc00000,0x000000912cd00000)]
  0x000001d8d7111140 JavaThread "Notification Thread" daemon [_thread_blocked, id=3012, stack(0x000000912cd00000,0x000000912ce00000)]
  0x000001d8d7146d00 JavaThread "Common-Cleaner" daemon [_thread_blocked, id=11348, stack(0x000000912cf00000,0x000000912d000000)]
  0x000001d8d749f7a0 JavaThread "Java2D Disposer" daemon [_thread_blocked, id=2152, stack(0x000000912d000000,0x000000912d100000)]
  0x000001d8d9b3ca80 JavaThread "HighResTimerThread" daemon [_thread_blocked, id=20632, stack(0x000000912e200000,0x000000912e300000)]
  0x000001d8d9b3c060 JavaThread "main-FPSAWTAnimator#00-Timer0" [_thread_blocked, id=1492, stack(0x000000912e400000,0x000000912e500000)]
  0x000001d8d9b3cf90 JavaThread "DestroyJavaVM" [_thread_blocked, id=1728, stack(0x000000912ba00000,0x000000912bb00000)]
  0x000001d8d9b3c570 JavaThread "pool-1-thread-1" [_thread_blocked, id=20556, stack(0x000000912d400000,0x000000912d500000)]
  0x000001d8d9b3d4a0 JavaThread "pool-1-thread-2" [_thread_blocked, id=20612, stack(0x000000912e500000,0x000000912e600000)]
  0x000001d8d9b3d9b0 JavaThread "pool-1-thread-3" [_thread_blocked, id=20624, stack(0x000000912e600000,0x000000912e700000)]
  0x000001d8d9b3dec0 JavaThread "pool-1-thread-4" [_thread_blocked, id=20552, stack(0x000000912e700000,0x000000912e800000)]
  0x000001d8d9b3f810 JavaThread "pool-1-thread-5" [_thread_blocked, id=20640, stack(0x000000912e800000,0x000000912e900000)]
  0x000001d8d9b3e3d0 JavaThread "pool-1-thread-6" [_thread_blocked, id=20628, stack(0x000000912e900000,0x000000912ea00000)]
  0x000001d8d9b3e8e0 JavaThread "pool-1-thread-7" [_thread_blocked, id=20600, stack(0x000000912ea00000,0x000000912eb00000)]
  0x000001d8d9b3edf0 JavaThread "pool-1-thread-8" [_thread_blocked, id=20636, stack(0x000000912eb00000,0x000000912ec00000)]
  0x000001d8d92e31c0 JavaThread "pool-1-thread-9" [_thread_blocked, id=20680, stack(0x000000912ec00000,0x000000912ed00000)]
  0x000001d8d92e0e50 JavaThread "pool-1-thread-10" [_thread_blocked, id=20608, stack(0x000000912ed00000,0x000000912ee00000)]
  0x000001d8d92e0430 JavaThread "pool-1-thread-11" [_thread_blocked, id=20572, stack(0x000000912ee00000,0x000000912ef00000)]
  0x000001d8d92e2cb0 JavaThread "pool-1-thread-12" [_thread_blocked, id=20644, stack(0x000000912ef00000,0x000000912f000000)]
  0x000001d8d92dff20 JavaThread "pool-1-thread-13" [_thread_blocked, id=20672, stack(0x000000912f000000,0x000000912f100000)]
  0x000001d8d92e1360 JavaThread "pool-1-thread-14" [_thread_blocked, id=19556, stack(0x000000912f100000,0x000000912f200000)]
  0x000001d8d92dfa10 JavaThread "pool-1-thread-15" [_thread_blocked, id=13992, stack(0x000000912f200000,0x000000912f300000)]
  0x000001d8d92e1870 JavaThread "pool-1-thread-16" [_thread_blocked, id=18144, stack(0x000000912f300000,0x000000912f400000)]
  0x000001d8d92e1d80 JavaThread "pool-1-thread-17" [_thread_blocked, id=20676, stack(0x000000912f400000,0x000000912f500000)]
  0x000001d8d92e2290 JavaThread "pool-1-thread-18" [_thread_blocked, id=42904, stack(0x000000912f500000,0x000000912f600000)]
  0x000001d8d92e36d0 JavaThread "pool-1-thread-19" [_thread_blocked, id=3108, stack(0x000000912f600000,0x000000912f700000)]
  0x000001d8d92e27a0 JavaThread "pool-1-thread-20" [_thread_blocked, id=48640, stack(0x000000912f700000,0x000000912f800000)]
  0x000001d8d92e3be0 JavaThread "pool-1-thread-21" [_thread_blocked, id=48312, stack(0x000000912f800000,0x000000912f900000)]
  0x000001d8d92e40f0 JavaThread "pool-1-thread-22" [_thread_blocked, id=16488, stack(0x000000912f900000,0x000000912fa00000)]
  0x000001d8d92e0940 JavaThread "pool-1-thread-23" [_thread_blocked, id=18396, stack(0x000000912fa00000,0x000000912fb00000)]
  0x000001d8d92e6e80 JavaThread "pool-1-thread-24" [_thread_blocked, id=18104, stack(0x000000912fb00000,0x000000912fc00000)]
  0x000001d8d92e5020 JavaThread "pool-1-thread-25" [_thread_blocked, id=11280, stack(0x000000912fc00000,0x000000912fd00000)]
  0x000001d8d92e5530 JavaThread "pool-1-thread-26" [_thread_blocked, id=1508, stack(0x000000912fd00000,0x000000912fe00000)]
  0x000001d8d92e5a40 JavaThread "pool-1-thread-27" [_thread_blocked, id=20800, stack(0x000000912fe00000,0x000000912ff00000)]
  0x000001d8d92e5f50 JavaThread "pool-1-thread-28" [_thread_blocked, id=20804, stack(0x000000912ff00000,0x0000009130000000)]
  0x000001d8d92e6970 JavaThread "pool-1-thread-29" [_thread_blocked, id=20888, stack(0x0000009130000000,0x0000009130100000)]
  0x000001d8d92e4600 JavaThread "pool-1-thread-30" [_thread_blocked, id=20796, stack(0x0000009130100000,0x0000009130200000)]
  0x000001d8d92e4b10 JavaThread "pool-1-thread-31" [_thread_blocked, id=20816, stack(0x0000009130200000,0x0000009130300000)]
  0x000001d8d92e6460 JavaThread "pool-1-thread-32" [_thread_blocked, id=20820, stack(0x0000009130300000,0x0000009130400000)]
  0x000001d8d92e7390 JavaThread "pool-1-thread-33" [_thread_blocked, id=18484, stack(0x0000009130400000,0x0000009130500000)]
  0x000001d8ea387200 JavaThread "pool-1-thread-34" [_thread_blocked, id=20852, stack(0x0000009130500000,0x0000009130600000)]
  0x000001d8ea387710 JavaThread "pool-1-thread-35" [_thread_blocked, id=20856, stack(0x0000009130600000,0x0000009130700000)]
  0x000001d8ea389a80 JavaThread "pool-1-thread-36" [_thread_blocked, id=20860, stack(0x0000009130700000,0x0000009130800000)]
  0x000001d8ea3862d0 JavaThread "pool-1-thread-37" [_thread_blocked, id=20824, stack(0x0000009130800000,0x0000009130900000)]
  0x000001d8ea389f90 JavaThread "pool-1-thread-38" [_thread_blocked, id=17560, stack(0x0000009130900000,0x0000009130a00000)]
  0x000001d8ea3867e0 JavaThread "pool-1-thread-39" [_thread_blocked, id=1288, stack(0x0000009130a00000,0x0000009130b00000)]
  0x000001d8ea389060 JavaThread "pool-1-thread-40" [_thread_blocked, id=20808, stack(0x0000009130b00000,0x0000009130c00000)]
  0x000001d8ea387c20 JavaThread "pool-1-thread-41" [_thread_blocked, id=20812, stack(0x0000009130c00000,0x0000009130d00000)]
  0x000001d8ea389570 JavaThread "pool-1-thread-42" [_thread_blocked, id=20880, stack(0x0000009130d00000,0x0000009130e00000)]
  0x000001d8ea388130 JavaThread "pool-1-thread-43" [_thread_blocked, id=11892, stack(0x0000009130e00000,0x0000009130f00000)]
  0x000001d8ea388b50 JavaThread "pool-1-thread-44" [_thread_blocked, id=17464, stack(0x0000009130f00000,0x0000009131000000)]
  0x000001d8ea388640 JavaThread "pool-1-thread-45" [_thread_blocked, id=20864, stack(0x0000009131000000,0x0000009131100000)]
  0x000001d8ea38a4a0 JavaThread "pool-1-thread-46" [_thread_blocked, id=20872, stack(0x0000009131100000,0x0000009131200000)]
  0x000001d8ea386cf0 JavaThread "pool-1-thread-47" [_thread_blocked, id=20916, stack(0x0000009131200000,0x0000009131300000)]
  0x000001d8ea38c300 JavaThread "pool-1-thread-48" [_thread_blocked, id=20912, stack(0x0000009131300000,0x0000009131400000)]
  0x000001d8ea38aec0 JavaThread "pool-1-thread-49" [_thread_blocked, id=20896, stack(0x0000009131400000,0x0000009131500000)]
  0x000001d8ea38b8e0 JavaThread "pool-1-thread-50" [_thread_blocked, id=20868, stack(0x0000009131500000,0x0000009131600000)]
  0x000001d8ea38a9b0 JavaThread "pool-1-thread-51" [_thread_blocked, id=20844, stack(0x0000009131600000,0x0000009131700000)]
  0x000001d8ea38bdf0 JavaThread "pool-1-thread-52" [_thread_blocked, id=20900, stack(0x0000009131700000,0x0000009131800000)]
  0x000001d8ea38c810 JavaThread "pool-1-thread-53" [_thread_blocked, id=20904, stack(0x0000009131800000,0x0000009131900000)]
  0x000001d8ea38cd20 JavaThread "pool-1-thread-54" [_thread_blocked, id=20768, stack(0x0000009131900000,0x0000009131a00000)]
  0x000001d8ea38b3d0 JavaThread "pool-1-thread-55" [_thread_blocked, id=20848, stack(0x0000009131a00000,0x0000009131b00000)]
  0x000001d8ea38d230 JavaThread "pool-1-thread-56" [_thread_blocked, id=20908, stack(0x0000009131b00000,0x0000009131c00000)]
  0x000001d8ea38d740 JavaThread "pool-1-thread-57" [_thread_blocked, id=20784, stack(0x0000009131c00000,0x0000009131d00000)]
  0x000001d8ea38dc50 JavaThread "pool-1-thread-58" [_thread_blocked, id=20884, stack(0x0000009131d00000,0x0000009131e00000)]
  0x000001d8ea37b900 JavaThread "pool-1-thread-59" [_thread_blocked, id=20876, stack(0x0000009131e00000,0x0000009131f00000)]
  0x000001d8ea37be10 JavaThread "pool-1-thread-60" [_thread_blocked, id=20788, stack(0x0000009131f00000,0x0000009132000000)]
  0x000001d8ea37cd40 JavaThread "pool-1-thread-61" [_thread_blocked, id=20892, stack(0x0000009132000000,0x0000009132100000)]
  0x000001d8ea37aee0 JavaThread "pool-1-thread-62" [_thread_blocked, id=20828, stack(0x0000009132100000,0x0000009132200000)]
  0x000001d8ea37c830 JavaThread "pool-1-thread-63" [_thread_blocked, id=20792, stack(0x0000009132200000,0x0000009132300000)]
  0x000001d8ea37a4c0 JavaThread "pool-1-thread-64" [_thread_blocked, id=20760, stack(0x0000009132300000,0x0000009132400000)]
  0x000001d8ea37d250 JavaThread "pool-1-thread-65" [_thread_blocked, id=20764, stack(0x0000009132400000,0x0000009132500000)]
  0x000001d8ea379fb0 JavaThread "pool-1-thread-66" [_thread_blocked, id=20840, stack(0x0000009132500000,0x0000009132600000)]
  0x000001d8ea37d760 JavaThread "pool-1-thread-67" [_thread_blocked, id=20164, stack(0x0000009132600000,0x0000009132700000)]
  0x000001d8ea37dc70 JavaThread "pool-1-thread-68" [_thread_blocked, id=6652, stack(0x0000009132700000,0x0000009132800000)]
  0x000001d8ea37c320 JavaThread "pool-1-thread-69" [_thread_blocked, id=16308, stack(0x0000009132800000,0x0000009132900000)]
  0x000001d8ea37b3f0 JavaThread "pool-1-thread-70" [_thread_blocked, id=16768, stack(0x0000009132900000,0x0000009132a00000)]
  0x000001d8ea37e180 JavaThread "pool-1-thread-71" [_thread_blocked, id=9932, stack(0x0000009132a00000,0x0000009132b00000)]
  0x000001d8ea37a9d0 JavaThread "pool-1-thread-72" [_thread_blocked, id=15284, stack(0x0000009132b00000,0x0000009132c00000)]
  0x000001d8ea381420 JavaThread "pool-1-thread-73" [_thread_blocked, id=17836, stack(0x0000009132c00000,0x0000009132d00000)]
  0x000001d8ea37eba0 JavaThread "pool-1-thread-74" [_thread_blocked, id=14132, stack(0x0000009132d00000,0x0000009132e00000)]
  0x000001d8ea37e690 JavaThread "pool-1-thread-75" [_thread_blocked, id=15624, stack(0x0000009132e00000,0x0000009132f00000)]
  0x000001d8ea380f10 JavaThread "pool-1-thread-76" [_thread_blocked, id=8960, stack(0x0000009132f00000,0x0000009133000000)]
  0x000001d8ea37f0b0 JavaThread "pool-1-thread-77" [_thread_blocked, id=18376, stack(0x0000009133000000,0x0000009133100000)]
  0x000001d8ea381930 JavaThread "pool-1-thread-78" [_thread_blocked, id=5712, stack(0x0000009133100000,0x0000009133200000)]
  0x000001d8ea37f5c0 JavaThread "pool-1-thread-79" [_thread_blocked, id=41652, stack(0x0000009133200000,0x0000009133300000)]
  0x000001d8ea37fad0 JavaThread "pool-1-thread-80" [_thread_blocked, id=2136, stack(0x0000009133300000,0x0000009133400000)]
  0x000001d8ea37ffe0 JavaThread "pool-1-thread-81" [_thread_blocked, id=6496, stack(0x0000009133400000,0x0000009133500000)]
  0x000001d8ea3804f0 JavaThread "pool-1-thread-82" [_thread_blocked, id=17544, stack(0x0000009133500000,0x0000009133600000)]
  0x000001d8ea380a00 JavaThread "pool-1-thread-83" [_thread_blocked, id=14584, stack(0x0000009133600000,0x0000009133700000)]
  0x000001d8ea3d98a0 JavaThread "pool-1-thread-84" [_thread_blocked, id=11908, stack(0x0000009133700000,0x0000009133800000)]
  0x000001d8ea3d8e80 JavaThread "pool-1-thread-85" [_thread_blocked, id=7380, stack(0x0000009133800000,0x0000009133900000)]
  0x000001d8ea3d7530 JavaThread "pool-1-thread-86" [_thread_blocked, id=20928, stack(0x0000009133900000,0x0000009133a00000)]
  0x000001d8ea3d8460 JavaThread "pool-1-thread-87" [_thread_blocked, id=1620, stack(0x0000009133a00000,0x0000009133b00000)]
  0x000001d8ea3d7a40 JavaThread "pool-1-thread-88" [_thread_blocked, id=18120, stack(0x0000009133b00000,0x0000009133c00000)]
  0x000001d8ea3d7f50 JavaThread "pool-1-thread-89" [_thread_blocked, id=8372, stack(0x0000009133c00000,0x0000009133d00000)]
  0x000001d8ea3d8970 JavaThread "pool-1-thread-90" [_thread_blocked, id=1656, stack(0x0000009133d00000,0x0000009133e00000)]
  0x000001d8ea3d9390 JavaThread "pool-1-thread-91" [_thread_blocked, id=15048, stack(0x0000009133e00000,0x0000009133f00000)]
  0x000001d8ea3d9db0 JavaThread "pool-1-thread-92" [_thread_blocked, id=11708, stack(0x0000009133f00000,0x0000009134000000)]
  0x000001d8ea3d6600 JavaThread "pool-1-thread-93" [_thread_blocked, id=2616, stack(0x0000009134000000,0x0000009134100000)]
  0x000001d8ea3d6b10 JavaThread "pool-1-thread-94" [_thread_blocked, id=2536, stack(0x0000009134100000,0x0000009134200000)]
  0x000001d8ea3da2c0 JavaThread "pool-1-thread-95" [_thread_blocked, id=6416, stack(0x0000009134200000,0x0000009134300000)]
  0x000001d8ea3da7d0 JavaThread "pool-1-thread-96" [_thread_blocked, id=8684, stack(0x0000009134300000,0x0000009134400000)]
  0x000001d8ea3d7020 JavaThread "pool-1-thread-97" [_thread_blocked, id=11924, stack(0x0000009134400000,0x0000009134500000)]
  0x000001d8ea3db1f0 JavaThread "pool-1-thread-98" [_thread_blocked, id=4112, stack(0x0000009134500000,0x0000009134600000)]
  0x000001d8ea3dace0 JavaThread "pool-1-thread-99" [_thread_blocked, id=12084, stack(0x0000009134600000,0x0000009134700000)]
  0x000001d8ea3dc630 JavaThread "pool-1-thread-100" [_thread_blocked, id=20940, stack(0x0000009134700000,0x0000009134800000)]
  0x000001d8ea3ddf80 JavaThread "pool-1-thread-101" [_thread_blocked, id=4528, stack(0x0000009134800000,0x0000009134900000)]
  0x000001d8ea3dcb40 JavaThread "pool-1-thread-102" [_thread_blocked, id=20748, stack(0x0000009134900000,0x0000009134a00000)]
  0x000001d8ea3db700 JavaThread "pool-1-thread-103" [_thread_blocked, id=10348, stack(0x0000009134a00000,0x0000009134b00000)]
  0x000001d8ea3dd050 JavaThread "pool-1-thread-104" [_thread_blocked, id=7192, stack(0x0000009134b00000,0x0000009134c00000)]
  0x000001d8ea3dd560 JavaThread "pool-1-thread-105" [_thread_blocked, id=20924, stack(0x0000009134c00000,0x0000009134d00000)]
  0x000001d8ea3dbc10 JavaThread "pool-1-thread-106" [_thread_blocked, id=20944, stack(0x0000009134d00000,0x0000009134e00000)]
  0x000001d8ea3dda70 JavaThread "pool-1-thread-107" [_thread_blocked, id=19504, stack(0x0000009134e00000,0x0000009134f00000)]
  0x000001d8ea3dc120 JavaThread "pool-1-thread-108" [_thread_blocked, id=19844, stack(0x0000009134f00000,0x0000009135000000)]
  0x000001d8ea7a6b90 JavaThread "pool-1-thread-109" [_thread_blocked, id=20932, stack(0x0000009135000000,0x0000009135100000)]
  0x000001d8ea7a70a0 JavaThread "pool-1-thread-110" [_thread_blocked, id=6024, stack(0x0000009135100000,0x0000009135200000)]
  0x000001d8ea7a4820 JavaThread "pool-1-thread-111" [_thread_blocked, id=20744, stack(0x0000009135200000,0x0000009135300000)]
  0x000001d8ea7a6680 JavaThread "pool-1-thread-112" [_thread_blocked, id=14592, stack(0x0000009135300000,0x0000009135400000)]
  0x000001d8ea7a3e00 JavaThread "pool-1-thread-113" [_thread_blocked, id=12908, stack(0x0000009135400000,0x0000009135500000)]
  0x000001d8ea7a4d30 JavaThread "pool-1-thread-114" [_thread_blocked, id=11872, stack(0x0000009135500000,0x0000009135600000)]
  0x000001d8ea7a38f0 JavaThread "pool-1-thread-115" [_thread_blocked, id=12336, stack(0x0000009135600000,0x0000009135700000)]
  0x000001d8ea7a6170 JavaThread "pool-1-thread-116" [_thread_blocked, id=12588, stack(0x0000009135700000,0x0000009135800000)]
  0x000001d8ea7a75b0 JavaThread "pool-1-thread-117" [_thread_blocked, id=20776, stack(0x0000009135800000,0x0000009135900000)]
  0x000001d8ea7a7ac0 JavaThread "pool-1-thread-118" [_thread_blocked, id=3204, stack(0x0000009135900000,0x0000009135a00000)]
  0x000001d8ea7a4310 JavaThread "pool-1-thread-119" [_thread_blocked, id=3508, stack(0x0000009135a00000,0x0000009135b00000)]
  0x000001d8ea7a7fd0 JavaThread "pool-1-thread-120" [_thread_blocked, id=19032, stack(0x0000009135b00000,0x0000009135c00000)]
  0x000001d8ea7a84e0 JavaThread "pool-1-thread-121" [_thread_blocked, id=19412, stack(0x0000009135c00000,0x0000009135d00000)]
  0x000001d8ea7a89f0 JavaThread "pool-1-thread-122" [_thread_blocked, id=3856, stack(0x0000009135d00000,0x0000009135e00000)]
  0x000001d8ea7a5c60 JavaThread "pool-1-thread-123" [_thread_blocked, id=12052, stack(0x0000009135e00000,0x0000009135f00000)]
  0x000001d8ea7a5240 JavaThread "pool-1-thread-124" [_thread_blocked, id=12012, stack(0x0000009135f00000,0x0000009136000000)]
  0x000001d8ea7a8f00 JavaThread "pool-1-thread-125" [_thread_blocked, id=17460, stack(0x0000009136000000,0x0000009136100000)]
  0x000001d8ea7a5750 JavaThread "pool-1-thread-126" [_thread_blocked, id=6636, stack(0x0000009136100000,0x0000009136200000)]
  0x000001d8ea7aa850 JavaThread "pool-1-thread-127" [_thread_blocked, id=3588, stack(0x0000009136200000,0x0000009136300000)]
  0x000001d8ea7aad60 JavaThread "pool-1-thread-128" [_thread_blocked, id=20104, stack(0x0000009136300000,0x0000009136400000)]
  0x000001d8ea7a9410 JavaThread "pool-1-thread-129" [_thread_blocked, id=13180, stack(0x0000009136400000,0x0000009136500000)]
  0x000001d8ea7ab270 JavaThread "pool-1-thread-130" [_thread_blocked, id=20936, stack(0x0000009136500000,0x0000009136600000)]
  0x000001d8ea7aa340 JavaThread "pool-1-thread-131" [_thread_blocked, id=47304, stack(0x0000009136600000,0x0000009136700000)]
  0x000001d8ea7a9920 JavaThread "pool-1-thread-132" [_thread_blocked, id=16056, stack(0x0000009136700000,0x0000009136800000)]
  0x000001d8ea7a9e30 JavaThread "pool-1-thread-133" [_thread_blocked, id=17688, stack(0x0000009136800000,0x0000009136900000)]
  0x000001d8ea8e0e00 JavaThread "pool-1-thread-134" [_thread_blocked, id=10148, stack(0x0000009136900000,0x0000009136a00000)]
  0x000001d8ea8dea90 JavaThread "pool-1-thread-135" [_thread_blocked, id=18316, stack(0x0000009136a00000,0x0000009136b00000)]
  0x000001d8ea8df4b0 JavaThread "pool-1-thread-136" [_thread_blocked, id=6484, stack(0x0000009136b00000,0x0000009136c00000)]
  0x000001d8ea8df9c0 JavaThread "pool-1-thread-137" [_thread_blocked, id=19924, stack(0x0000009136c00000,0x0000009136d00000)]
  0x000001d8ea8e1310 JavaThread "pool-1-thread-138" [_thread_blocked, id=18800, stack(0x0000009136d00000,0x0000009136e00000)]
  0x000001d8ea8defa0 JavaThread "pool-1-thread-139" [_thread_blocked, id=18168, stack(0x0000009136e00000,0x0000009136f00000)]
  0x000001d8ea8e08f0 JavaThread "pool-1-thread-140" [_thread_blocked, id=5020, stack(0x0000009136f00000,0x0000009137000000)]
  0x000001d8ea8dfed0 JavaThread "pool-1-thread-141" [_thread_blocked, id=9316, stack(0x0000009137000000,0x0000009137100000)]
  0x000001d8ea8e03e0 JavaThread "pool-1-thread-142" [_thread_blocked, id=19828, stack(0x0000009137100000,0x0000009137200000)]
  0x000001d8ea8e1820 JavaThread "pool-1-thread-143" [_thread_blocked, id=15156, stack(0x0000009137200000,0x0000009137300000)]
  0x000001d8ea8de070 JavaThread "pool-1-thread-144" [_thread_blocked, id=12556, stack(0x0000009137300000,0x0000009137400000)]
  0x000001d8ea8e1d30 JavaThread "pool-1-thread-145" [_thread_blocked, id=48772, stack(0x0000009137400000,0x0000009137500000)]
  0x000001d8ea8de580 JavaThread "pool-1-thread-146" [_thread_blocked, id=48756, stack(0x0000009137500000,0x0000009137600000)]
  0x000001d8ea8e4fd0 JavaThread "pool-1-thread-147" [_thread_blocked, id=48744, stack(0x0000009137600000,0x0000009137700000)]
  0x000001d8ea8e40a0 JavaThread "pool-1-thread-148" [_thread_blocked, id=19448, stack(0x0000009137700000,0x0000009137800000)]
  0x000001d8ea8e2c60 JavaThread "pool-1-thread-149" [_thread_blocked, id=21156, stack(0x0000009137800000,0x0000009137900000)]
  0x000001d8ea8e45b0 JavaThread "pool-1-thread-150" [_thread_blocked, id=21112, stack(0x0000009137900000,0x0000009137a00000)]
  0x000001d8ea8e3b90 JavaThread "pool-1-thread-151" [_thread_blocked, id=21132, stack(0x0000009137a00000,0x0000009137b00000)]
  0x000001d8ea8e3170 JavaThread "pool-1-thread-152" [_thread_blocked, id=21028, stack(0x0000009137b00000,0x0000009137c00000)]
  0x000001d8ea8e4ac0 JavaThread "pool-1-thread-153" [_thread_blocked, id=21120, stack(0x0000009137c00000,0x0000009137d00000)]
  0x000001d8ea8e3680 JavaThread "pool-1-thread-154" [_thread_blocked, id=21116, stack(0x0000009137d00000,0x0000009137e00000)]
  0x000001d8ea8e59f0 JavaThread "pool-1-thread-155" [_thread_blocked, id=21020, stack(0x0000009137e00000,0x0000009137f00000)]
  0x000001d8ea8e2750 JavaThread "pool-1-thread-156" [_thread_blocked, id=19388, stack(0x0000009137f00000,0x0000009138000000)]
  0x000001d8ea8e54e0 JavaThread "pool-1-thread-157" [_thread_blocked, id=1428, stack(0x0000009138000000,0x0000009138100000)]
  0x000001d8ea8e2240 JavaThread "pool-1-thread-158" [_thread_blocked, id=16576, stack(0x0000009138100000,0x0000009138200000)]
  0x000001d8ea940c80 JavaThread "pool-1-thread-159" [_thread_blocked, id=21032, stack(0x0000009138200000,0x0000009138300000)]
  0x000001d8ea940260 JavaThread "pool-1-thread-160" [_thread_blocked, id=15064, stack(0x0000009138300000,0x0000009138400000)]
  0x000001d8ea93ee20 JavaThread "pool-1-thread-161" [_thread_blocked, id=2972, stack(0x0000009138400000,0x0000009138500000)]
  0x000001d8ea93f330 JavaThread "pool-1-thread-162" [_thread_blocked, id=9252, stack(0x0000009138500000,0x0000009138600000)]
  0x000001d8ea93f840 JavaThread "pool-1-thread-163" [_thread_blocked, id=10792, stack(0x0000009138600000,0x0000009138700000)]
  0x000001d8ea940770 JavaThread "pool-1-thread-164" [_thread_blocked, id=16448, stack(0x0000009138700000,0x0000009138800000)]
  0x000001d8ea93fd50 JavaThread "pool-1-thread-165" [_thread_blocked, id=1184, stack(0x0000009138800000,0x0000009138900000)]
  0x000001d8ea941190 JavaThread "pool-1-thread-166" [_thread_blocked, id=21144, stack(0x0000009138900000,0x0000009138a00000)]
  0x000001d8ea9416a0 JavaThread "pool-1-thread-167" [_thread_blocked, id=21124, stack(0x0000009138a00000,0x0000009138b00000)]
  0x000001d8ea93def0 JavaThread "pool-1-thread-168" [_thread_blocked, id=21136, stack(0x0000009138b00000,0x0000009138c00000)]
  0x000001d8ea941bb0 JavaThread "pool-1-thread-169" [_thread_blocked, id=21140, stack(0x0000009138c00000,0x0000009138d00000)]
  0x000001d8ea93e400 JavaThread "pool-1-thread-170" [_thread_blocked, id=21128, stack(0x0000009138d00000,0x0000009138e00000)]
  0x000001d8ea9420c0 JavaThread "pool-1-thread-171" [_thread_blocked, id=21148, stack(0x0000009138e00000,0x0000009138f00000)]
  0x000001d8ea93e910 JavaThread "pool-1-thread-172" [_thread_blocked, id=21040, stack(0x0000009138f00000,0x0000009139000000)]
  0x000001d8ea945360 JavaThread "pool-1-thread-173" [_thread_blocked, id=21036, stack(0x0000009139000000,0x0000009139100000)]
  0x000001d8ea945870 JavaThread "pool-1-thread-174" [_thread_blocked, id=20992, stack(0x0000009139100000,0x0000009139200000)]
  0x000001d8ea944e50 JavaThread "pool-1-thread-175" [_thread_blocked, id=11672, stack(0x0000009139200000,0x0000009139300000)]
  0x000001d8ea9425d0 JavaThread "pool-1-thread-176" [_thread_blocked, id=21044, stack(0x0000009139300000,0x0000009139400000)]
  0x000001d8ea942ff0 JavaThread "pool-1-thread-177" [_thread_blocked, id=18348, stack(0x0000009139400000,0x0000009139500000)]
  0x000001d8ea943f20 JavaThread "pool-1-thread-178" [_thread_blocked, id=10684, stack(0x0000009139500000,0x0000009139600000)]
  0x000001d8ea942ae0 JavaThread "pool-1-thread-179" [_thread_blocked, id=1952, stack(0x0000009139600000,0x0000009139700000)]
  0x000001d8ea943500 JavaThread "pool-1-thread-180" [_thread_blocked, id=11600, stack(0x0000009139700000,0x0000009139800000)]
  0x000001d8ea943a10 JavaThread "pool-1-thread-181" [_thread_blocked, id=13364, stack(0x0000009139800000,0x0000009139900000)]
  0x000001d8ea944430 JavaThread "pool-1-thread-182" [_thread_blocked, id=1880, stack(0x0000009139900000,0x0000009139a00000)]
  0x000001d8ea944940 JavaThread "pool-1-thread-183" [_thread_blocked, id=10228, stack(0x0000009139a00000,0x0000009139b00000)]
  0x000001d8ea8fd2c0 JavaThread "pool-1-thread-184" [_thread_blocked, id=19588, stack(0x0000009139b00000,0x0000009139c00000)]
  0x000001d8ea900560 JavaThread "pool-1-thread-185" [_thread_blocked, id=16896, stack(0x0000009139c00000,0x0000009139d00000)]
  0x000001d8ea8fec10 JavaThread "pool-1-thread-186" [_thread_blocked, id=47760, stack(0x0000009139d00000,0x0000009139e00000)]
  0x000001d8ea8ff630 JavaThread "pool-1-thread-187" [_thread_blocked, id=19640, stack(0x0000009139e00000,0x0000009139f00000)]
  0x000001d8ea900050 JavaThread "pool-1-thread-188" [_thread_blocked, id=40976, stack(0x0000009139f00000,0x000000913a000000)]
  0x000001d8ea900a70 JavaThread "pool-1-thread-189" [_thread_blocked, id=40980, stack(0x000000913a000000,0x000000913a100000)]
  0x000001d8ea900f80 JavaThread "pool-1-thread-190" [_thread_blocked, id=10588, stack(0x000000913a100000,0x000000913a200000)]
  0x000001d8ea8fe700 JavaThread "pool-1-thread-191" [_thread_blocked, id=17748, stack(0x000000913a200000,0x000000913a300000)]
  0x000001d8ea8ff120 JavaThread "pool-1-thread-192" [_thread_blocked, id=21076, stack(0x000000913a300000,0x000000913a400000)]
  0x000001d8ea8ffb40 JavaThread "pool-1-thread-193" [_thread_blocked, id=18356, stack(0x000000913a400000,0x000000913a500000)]
  0x000001d8ea8fd7d0 JavaThread "pool-1-thread-194" [_thread_blocked, id=6840, stack(0x000000913a500000,0x000000913a600000)]
  0x000001d8ea8fe1f0 JavaThread "pool-1-thread-195" [_thread_blocked, id=14716, stack(0x000000913a600000,0x000000913a700000)]
  0x000001d8ea901490 JavaThread "pool-1-thread-196" [_thread_blocked, id=47788, stack(0x000000913a700000,0x000000913a800000)]
  0x000001d8ea8fdce0 JavaThread "pool-1-thread-197" [_thread_blocked, id=19144, stack(0x000000913a800000,0x000000913a900000)]
  0x000001d8ea904220 JavaThread "pool-1-thread-198" [_thread_blocked, id=21092, stack(0x000000913a900000,0x000000913aa00000)]
  0x000001d8ea9028d0 JavaThread "pool-1-thread-199" [_thread_blocked, id=17768, stack(0x000000913aa00000,0x000000913ab00000)]
  0x000001d8ea9019a0 JavaThread "pool-1-thread-200" [_thread_blocked, id=21084, stack(0x000000913ab00000,0x000000913ac00000)]
  0x000001d8ea901eb0 JavaThread "AWT-Shutdown" [_thread_blocked, id=20008, stack(0x000000912e000000,0x000000912e100000)]

Other Threads:
=>0x000001d8ff87fac0 VMThread "VM Thread" [stack: 0x000000912c000000,0x000000912c100000] [id=17072]
  0x000001d8f3d0d390 GCTaskThread "GC Thread#0" [stack: 0x000000912bb00000,0x000000912bc00000] [id=7672]
  0x000001d8d947c5d0 GCTaskThread "GC Thread#1" [stack: 0x000000912d800000,0x000000912d900000] [id=16776]
  0x000001d8d947c890 GCTaskThread "GC Thread#2" [stack: 0x000000912d900000,0x000000912da00000] [id=36320]
  0x000001d8d947cb50 GCTaskThread "GC Thread#3" [stack: 0x000000912da00000,0x000000912db00000] [id=20564]
  0x000001d8d947ce10 GCTaskThread "GC Thread#4" [stack: 0x000000912db00000,0x000000912dc00000] [id=8872]
  0x000001d8d947d0d0 GCTaskThread "GC Thread#5" [stack: 0x000000912dc00000,0x000000912dd00000] [id=20752]
  0x000001d8d94b3df0 GCTaskThread "GC Thread#6" [stack: 0x000000912dd00000,0x000000912de00000] [id=1996]
  0x000001d8d94b40b0 GCTaskThread "GC Thread#7" [stack: 0x000000912de00000,0x000000912df00000] [id=11072]
  0x000001d8f3d161f0 ConcurrentGCThread "G1 Main Marker" terminated
  0x000001d8f3d16c80 ConcurrentGCThread "G1 Conc#0" [stack: 0x000000912bd00000,0x000000912be00000] [id=5976]
  0x000001d8ea4edc80 ConcurrentGCThread "G1 Conc#1" [stack: 0x000000913ad00000,0x000000913ae00000] [id=11132]
  0x000001d8ff753cb0 ConcurrentGCThread "G1 Refine#0" terminated
  0x000001d8ff7540a0 ConcurrentGCThread "G1 Service" terminated

Threads with active compile tasks:

VM state: at safepoint (shutting down)

VM Mutex/Monitor currently owned by a thread:  ([mutex/lock_event])
[0x000001d8f3cc7550] Threads_lock - owner thread: 0x000001d8ff87fac0
[0x000001d8f3cc6ce0] Heap_lock - owner thread: 0x000001d8d9b3c060

Heap address: 0x00000000c0000000, size: 1024 MB, Compressed Oops mode: 32-bit

CDS archive(s) mapped at: [0x000001d892000000-0x000001d892bb0000-0x000001d892bb0000), size 12255232, SharedBaseAddress: 0x000001d892000000, ArchiveRelocationMode: 1.
Compressed class space mapped at: 0x000001d893000000-0x000001d8d3000000, reserved size: 1073741824
Narrow klass base: 0x000001d892000000, Narrow klass shift: 0, Narrow klass range: 0x100000000

GC Precious Log:
 CPUs: 8 total, 8 available
 Memory: 7975M
 Large Page Support: Disabled
 NUMA Support: Disabled
 Compressed Oops: Enabled (32-bit)
 Heap Region Size: 1M
 Heap Min Capacity: 64M
 Heap Initial Capacity: 64M
 Heap Max Capacity: 1G
 Pre-touch: Disabled
 Parallel Workers: 8
 Concurrent Workers: 2
 Concurrent Refinement Workers: 8
 Periodic GC: Disabled

Heap:
 garbage-first heap   total 263168K, used 158226K [0x00000000c0000000, 0x0000000100000000)
  region size 1024K, 9 young (9216K), 4 survivors (4096K)
 Metaspace       used 12855K, committed 13056K, reserved 1114112K
  class space    used 918K, committed 1024K, reserved 1048576K

Heap Regions: E=young(eden), S=young(survivor), O=old, HS=humongous(starts), HC=humongous(continues), CS=collection set, F=free, OA=open archive, CA=closed archive, TAMS=top-at-mark-start (previous, next)
|   0|0x00000000c0000000, 0x00000000c0100000, 0x00000000c0100000|100%| O|  |TAMS 0x00000000c0100000, 0x00000000c0000000| Untracked 
|   1|0x00000000c0100000, 0x00000000c0200000, 0x00000000c0200000|100%| O|  |TAMS 0x00000000c0200000, 0x00000000c0100000| Untracked 
|   2|0x00000000c0200000, 0x00000000c0300000, 0x00000000c0300000|100%| O|  |TAMS 0x00000000c0300000, 0x00000000c0200000| Untracked 
|   3|0x00000000c0300000, 0x00000000c0400000, 0x00000000c0400000|100%| O|  |TAMS 0x00000000c0400000, 0x00000000c0300000| Untracked 
|   4|0x00000000c0400000, 0x00000000c0500000, 0x00000000c0500000|100%| O|  |TAMS 0x00000000c0500000, 0x00000000c0400000| Untracked 
|   5|0x00000000c0500000, 0x00000000c0600000, 0x00000000c0600000|100%| O|  |TAMS 0x00000000c0600000, 0x00000000c0500000| Untracked 
|   6|0x00000000c0600000, 0x00000000c0700000, 0x00000000c0700000|100%| O|  |TAMS 0x00000000c0700000, 0x00000000c0600000| Untracked 
|   7|0x00000000c0700000, 0x00000000c0800000, 0x00000000c0800000|100%| O|  |TAMS 0x00000000c0800000, 0x00000000c0700000| Untracked 
|   8|0x00000000c0800000, 0x00000000c0900000, 0x00000000c0900000|100%| O|  |TAMS 0x00000000c0900000, 0x00000000c0800000| Untracked 
|   9|0x00000000c0900000, 0x00000000c0a00000, 0x00000000c0a00000|100%| O|  |TAMS 0x00000000c0a00000, 0x00000000c0900000| Untracked 
|  10|0x00000000c0a00000, 0x00000000c0a69a00, 0x00000000c0b00000| 41%| O|  |TAMS 0x00000000c0a69a00, 0x00000000c0a00000| Untracked 
|  11|0x00000000c0b00000, 0x00000000c0b00000, 0x00000000c0c00000|  0%| F|  |TAMS 0x00000000c0b00000, 0x00000000c0b00000| Untracked 
|  12|0x00000000c0c00000, 0x00000000c0d00000, 0x00000000c0d00000|100%| O|  |TAMS 0x00000000c0d00000, 0x00000000c0c00000| Untracked 
|  13|0x00000000c0d00000, 0x00000000c0e00000, 0x00000000c0e00000|100%| O|  |TAMS 0x00000000c0e00000, 0x00000000c0d00000| Untracked 
|  14|0x00000000c0e00000, 0x00000000c0e00000, 0x00000000c0f00000|  0%| F|  |TAMS 0x00000000c0e00000, 0x00000000c0e00000| Untracked 
|  15|0x00000000c0f00000, 0x00000000c0f00000, 0x00000000c1000000|  0%| F|  |TAMS 0x00000000c0f00000, 0x00000000c0f00000| Untracked 
|  16|0x00000000c1000000, 0x00000000c1100000, 0x00000000c1100000|100%|HS|  |TAMS 0x00000000c1100000, 0x00000000c1000000| Complete 
|  17|0x00000000c1100000, 0x00000000c1200000, 0x00000000c1200000|100%|HS|  |TAMS 0x00000000c1200000, 0x00000000c1100000| Complete 
|  18|0x00000000c1200000, 0x00000000c1300000, 0x00000000c1300000|100%|HS|  |TAMS 0x00000000c1300000, 0x00000000c1200000| Complete 
|  19|0x00000000c1300000, 0x00000000c1400000, 0x00000000c1400000|100%|HS|  |TAMS 0x00000000c1400000, 0x00000000c1300000| Complete 
|  20|0x00000000c1400000, 0x00000000c1500000, 0x00000000c1500000|100%|HC|  |TAMS 0x00000000c1500000, 0x00000000c1400000| Complete 
|  21|0x00000000c1500000, 0x00000000c1600000, 0x00000000c1600000|100%|HC|  |TAMS 0x00000000c1600000, 0x00000000c1500000| Complete 
|  22|0x00000000c1600000, 0x00000000c1700000, 0x00000000c1700000|100%|HC|  |TAMS 0x00000000c1700000, 0x00000000c1600000| Complete 
|  23|0x00000000c1700000, 0x00000000c1800000, 0x00000000c1800000|100%|HC|  |TAMS 0x00000000c1800000, 0x00000000c1700000| Complete 
|  24|0x00000000c1800000, 0x00000000c1900000, 0x00000000c1900000|100%|HC|  |TAMS 0x00000000c1900000, 0x00000000c1800000| Complete 
|  25|0x00000000c1900000, 0x00000000c1a00000, 0x00000000c1a00000|100%|HC|  |TAMS 0x00000000c1a00000, 0x00000000c1900000| Complete 
|  26|0x00000000c1a00000, 0x00000000c1b00000, 0x00000000c1b00000|100%|HC|  |TAMS 0x00000000c1b00000, 0x00000000c1a00000| Complete 
|  27|0x00000000c1b00000, 0x00000000c1c00000, 0x00000000c1c00000|100%|HC|  |TAMS 0x00000000c1c00000, 0x00000000c1b00000| Complete 
|  28|0x00000000c1c00000, 0x00000000c1d00000, 0x00000000c1d00000|100%|HC|  |TAMS 0x00000000c1d00000, 0x00000000c1c00000| Complete 
|  29|0x00000000c1d00000, 0x00000000c1e00000, 0x00000000c1e00000|100%|HC|  |TAMS 0x00000000c1e00000, 0x00000000c1d00000| Complete 
|  30|0x00000000c1e00000, 0x00000000c1f00000, 0x00000000c1f00000|100%|HC|  |TAMS 0x00000000c1f00000, 0x00000000c1e00000| Complete 
|  31|0x00000000c1f00000, 0x00000000c2000000, 0x00000000c2000000|100%|HC|  |TAMS 0x00000000c2000000, 0x00000000c1f00000| Complete 
|  32|0x00000000c2000000, 0x00000000c2100000, 0x00000000c2100000|100%|HC|  |TAMS 0x00000000c2100000, 0x00000000c2000000| Complete 
|  33|0x00000000c2100000, 0x00000000c2200000, 0x00000000c2200000|100%|HC|  |TAMS 0x00000000c2200000, 0x00000000c2100000| Complete 
|  34|0x00000000c2200000, 0x00000000c2300000, 0x00000000c2300000|100%|HC|  |TAMS 0x00000000c2300000, 0x00000000c2200000| Complete 
|  35|0x00000000c2300000, 0x00000000c2400000, 0x00000000c2400000|100%|HC|  |TAMS 0x00000000c2400000, 0x00000000c2300000| Complete 
|  36|0x00000000c2400000, 0x00000000c2500000, 0x00000000c2500000|100%|HC|  |TAMS 0x00000000c2500000, 0x00000000c2400000| Complete 
|  37|0x00000000c2500000, 0x00000000c2600000, 0x00000000c2600000|100%|HC|  |TAMS 0x00000000c2600000, 0x00000000c2500000| Complete 
|  38|0x00000000c2600000, 0x00000000c2700000, 0x00000000c2700000|100%|HC|  |TAMS 0x00000000c2700000, 0x00000000c2600000| Complete 
|  39|0x00000000c2700000, 0x00000000c2800000, 0x00000000c2800000|100%|HC|  |TAMS 0x00000000c2800000, 0x00000000c2700000| Complete 
|  40|0x00000000c2800000, 0x00000000c2900000, 0x00000000c2900000|100%|HC|  |TAMS 0x00000000c2900000, 0x00000000c2800000| Complete 
|  41|0x00000000c2900000, 0x00000000c2a00000, 0x00000000c2a00000|100%|HC|  |TAMS 0x00000000c2a00000, 0x00000000c2900000| Complete 
|  42|0x00000000c2a00000, 0x00000000c2b00000, 0x00000000c2b00000|100%|HC|  |TAMS 0x00000000c2b00000, 0x00000000c2a00000| Complete 
|  43|0x00000000c2b00000, 0x00000000c2c00000, 0x00000000c2c00000|100%|HC|  |TAMS 0x00000000c2c00000, 0x00000000c2b00000| Complete 
|  44|0x00000000c2c00000, 0x00000000c2d00000, 0x00000000c2d00000|100%|HC|  |TAMS 0x00000000c2d00000, 0x00000000c2c00000| Complete 
|  45|0x00000000c2d00000, 0x00000000c2e00000, 0x00000000c2e00000|100%|HC|  |TAMS 0x00000000c2e00000, 0x00000000c2d00000| Complete 
|  46|0x00000000c2e00000, 0x00000000c2f00000, 0x00000000c2f00000|100%|HC|  |TAMS 0x00000000c2f00000, 0x00000000c2e00000| Complete 
|  47|0x00000000c2f00000, 0x00000000c3000000, 0x00000000c3000000|100%|HC|  |TAMS 0x00000000c3000000, 0x00000000c2f00000| Complete 
|  48|0x00000000c3000000, 0x00000000c3100000, 0x00000000c3100000|100%|HC|  |TAMS 0x00000000c3100000, 0x00000000c3000000| Complete 
|  49|0x00000000c3100000, 0x00000000c3200000, 0x00000000c3200000|100%|HC|  |TAMS 0x00000000c3200000, 0x00000000c3100000| Complete 
|  50|0x00000000c3200000, 0x00000000c3300000, 0x00000000c3300000|100%|HC|  |TAMS 0x00000000c3300000, 0x00000000c3200000| Complete 
|  51|0x00000000c3300000, 0x00000000c3400000, 0x00000000c3400000|100%|HC|  |TAMS 0x00000000c3400000, 0x00000000c3300000| Complete 
|  52|0x00000000c3400000, 0x00000000c3400000, 0x00000000c3500000|  0%| F|  |TAMS 0x00000000c3400000, 0x00000000c3400000| Untracked 
|  53|0x00000000c3500000, 0x00000000c3500000, 0x00000000c3600000|  0%| F|  |TAMS 0x00000000c3500000, 0x00000000c3500000| Untracked 
|  54|0x00000000c3600000, 0x00000000c3600000, 0x00000000c3700000|  0%| F|  |TAMS 0x00000000c3600000, 0x00000000c3600000| Untracked 
|  55|0x00000000c3700000, 0x00000000c3800000, 0x00000000c3800000|100%| O|  |TAMS 0x00000000c3800000, 0x00000000c3700000| Untracked 
|  56|0x00000000c3800000, 0x00000000c3900000, 0x00000000c3900000|100%| O|  |TAMS 0x00000000c3900000, 0x00000000c3800000| Untracked 
|  57|0x00000000c3900000, 0x00000000c3a00000, 0x00000000c3a00000|100%| O|  |TAMS 0x00000000c3a00000, 0x00000000c3900000| Untracked 
|  58|0x00000000c3a00000, 0x00000000c3a00000, 0x00000000c3b00000|  0%| F|  |TAMS 0x00000000c3a00000, 0x00000000c3a00000| Untracked 
|  59|0x00000000c3b00000, 0x00000000c3b00000, 0x00000000c3c00000|  0%| F|  |TAMS 0x00000000c3b00000, 0x00000000c3b00000| Untracked 
|  60|0x00000000c3c00000, 0x00000000c3c00000, 0x00000000c3d00000|  0%| F|  |TAMS 0x00000000c3c00000, 0x00000000c3c00000| Untracked 
|  61|0x00000000c3d00000, 0x00000000c3d00000, 0x00000000c3e00000|  0%| F|  |TAMS 0x00000000c3d00000, 0x00000000c3d00000| Untracked 
|  62|0x00000000c3e00000, 0x00000000c3e00000, 0x00000000c3f00000|  0%| F|  |TAMS 0x00000000c3e00000, 0x00000000c3e00000| Untracked 
|  63|0x00000000c3f00000, 0x00000000c4000000, 0x00000000c4000000|100%|HS|  |TAMS 0x00000000c4000000, 0x00000000c3f00000| Complete 
|  64|0x00000000c4000000, 0x00000000c4100000, 0x00000000c4100000|100%|HC|  |TAMS 0x00000000c4100000, 0x00000000c4000000| Complete 
|  65|0x00000000c4100000, 0x00000000c4200000, 0x00000000c4200000|100%|HC|  |TAMS 0x00000000c4200000, 0x00000000c4100000| Complete 
|  66|0x00000000c4200000, 0x00000000c4300000, 0x00000000c4300000|100%|HC|  |TAMS 0x00000000c4300000, 0x00000000c4200000| Complete 
|  67|0x00000000c4300000, 0x00000000c4400000, 0x00000000c4400000|100%|HC|  |TAMS 0x00000000c4400000, 0x00000000c4300000| Complete 
|  68|0x00000000c4400000, 0x00000000c4500000, 0x00000000c4500000|100%|HC|  |TAMS 0x00000000c4500000, 0x00000000c4400000| Complete 
|  69|0x00000000c4500000, 0x00000000c4600000, 0x00000000c4600000|100%|HC|  |TAMS 0x00000000c4600000, 0x00000000c4500000| Complete 
|  70|0x00000000c4600000, 0x00000000c4700000, 0x00000000c4700000|100%|HC|  |TAMS 0x00000000c4700000, 0x00000000c4600000| Complete 
|  71|0x00000000c4700000, 0x00000000c4800000, 0x00000000c4800000|100%|HC|  |TAMS 0x00000000c4800000, 0x00000000c4700000| Complete 
|  72|0x00000000c4800000, 0x00000000c4900000, 0x00000000c4900000|100%|HS|  |TAMS 0x00000000c4900000, 0x00000000c4800000| Complete 
|  73|0x00000000c4900000, 0x00000000c4a00000, 0x00000000c4a00000|100%|HC|  |TAMS 0x00000000c4a00000, 0x00000000c4900000| Complete 
|  74|0x00000000c4a00000, 0x00000000c4b00000, 0x00000000c4b00000|100%|HC|  |TAMS 0x00000000c4b00000, 0x00000000c4a00000| Complete 
|  75|0x00000000c4b00000, 0x00000000c4c00000, 0x00000000c4c00000|100%|HC|  |TAMS 0x00000000c4c00000, 0x00000000c4b00000| Complete 
|  76|0x00000000c4c00000, 0x00000000c4d00000, 0x00000000c4d00000|100%|HC|  |TAMS 0x00000000c4d00000, 0x00000000c4c00000| Complete 
|  77|0x00000000c4d00000, 0x00000000c4e00000, 0x00000000c4e00000|100%|HC|  |TAMS 0x00000000c4e00000, 0x00000000c4d00000| Complete 
|  78|0x00000000c4e00000, 0x00000000c4f00000, 0x00000000c4f00000|100%|HC|  |TAMS 0x00000000c4f00000, 0x00000000c4e00000| Complete 
|  79|0x00000000c4f00000, 0x00000000c5000000, 0x00000000c5000000|100%|HC|  |TAMS 0x00000000c5000000, 0x00000000c4f00000| Complete 
|  80|0x00000000c5000000, 0x00000000c5100000, 0x00000000c5100000|100%|HC|  |TAMS 0x00000000c5100000, 0x00000000c5000000| Complete 
|  81|0x00000000c5100000, 0x00000000c5200000, 0x00000000c5200000|100%|HC|  |TAMS 0x00000000c5200000, 0x00000000c5100000| Complete 
|  82|0x00000000c5200000, 0x00000000c5300000, 0x00000000c5300000|100%|HC|  |TAMS 0x00000000c5300000, 0x00000000c5200000| Complete 
|  83|0x00000000c5300000, 0x00000000c5400000, 0x00000000c5400000|100%|HC|  |TAMS 0x00000000c5400000, 0x00000000c5300000| Complete 
|  84|0x00000000c5400000, 0x00000000c5500000, 0x00000000c5500000|100%|HC|  |TAMS 0x00000000c5500000, 0x00000000c5400000| Complete 
|  85|0x00000000c5500000, 0x00000000c5600000, 0x00000000c5600000|100%|HC|  |TAMS 0x00000000c5600000, 0x00000000c5500000| Complete 
|  86|0x00000000c5600000, 0x00000000c5700000, 0x00000000c5700000|100%|HC|  |TAMS 0x00000000c5700000, 0x00000000c5600000| Complete 
|  87|0x00000000c5700000, 0x00000000c5800000, 0x00000000c5800000|100%|HC|  |TAMS 0x00000000c5800000, 0x00000000c5700000| Complete 
|  88|0x00000000c5800000, 0x00000000c5900000, 0x00000000c5900000|100%|HC|  |TAMS 0x00000000c5900000, 0x00000000c5800000| Complete 
|  89|0x00000000c5900000, 0x00000000c5a00000, 0x00000000c5a00000|100%|HC|  |TAMS 0x00000000c5a00000, 0x00000000c5900000| Complete 
|  90|0x00000000c5a00000, 0x00000000c5b00000, 0x00000000c5b00000|100%|HC|  |TAMS 0x00000000c5b00000, 0x00000000c5a00000| Complete 
|  91|0x00000000c5b00000, 0x00000000c5c00000, 0x00000000c5c00000|100%|HC|  |TAMS 0x00000000c5c00000, 0x00000000c5b00000| Complete 
|  92|0x00000000c5c00000, 0x00000000c5d00000, 0x00000000c5d00000|100%|HC|  |TAMS 0x00000000c5d00000, 0x00000000c5c00000| Complete 
|  93|0x00000000c5d00000, 0x00000000c5e00000, 0x00000000c5e00000|100%|HC|  |TAMS 0x00000000c5e00000, 0x00000000c5d00000| Complete 
|  94|0x00000000c5e00000, 0x00000000c5f00000, 0x00000000c5f00000|100%|HC|  |TAMS 0x00000000c5f00000, 0x00000000c5e00000| Complete 
|  95|0x00000000c5f00000, 0x00000000c6000000, 0x00000000c6000000|100%|HC|  |TAMS 0x00000000c6000000, 0x00000000c5f00000| Complete 
|  96|0x00000000c6000000, 0x00000000c6100000, 0x00000000c6100000|100%|HC|  |TAMS 0x00000000c6100000, 0x00000000c6000000| Complete 
|  97|0x00000000c6100000, 0x00000000c6200000, 0x00000000c6200000|100%|HS|  |TAMS 0x00000000c6200000, 0x00000000c6100000| Complete 
|  98|0x00000000c6200000, 0x00000000c6300000, 0x00000000c6300000|100%|HC|  |TAMS 0x00000000c6300000, 0x00000000c6200000| Complete 
|  99|0x00000000c6300000, 0x00000000c6400000, 0x00000000c6400000|100%|HC|  |TAMS 0x00000000c6400000, 0x00000000c6300000| Complete 
| 100|0x00000000c6400000, 0x00000000c6500000, 0x00000000c6500000|100%|HC|  |TAMS 0x00000000c6500000, 0x00000000c6400000| Complete 
| 101|0x00000000c6500000, 0x00000000c6600000, 0x00000000c6600000|100%|HC|  |TAMS 0x00000000c6600000, 0x00000000c6500000| Complete 
| 102|0x00000000c6600000, 0x00000000c6700000, 0x00000000c6700000|100%|HC|  |TAMS 0x00000000c6700000, 0x00000000c6600000| Complete 
| 103|0x00000000c6700000, 0x00000000c6800000, 0x00000000c6800000|100%|HC|  |TAMS 0x00000000c6800000, 0x00000000c6700000| Complete 
| 104|0x00000000c6800000, 0x00000000c6900000, 0x00000000c6900000|100%|HC|  |TAMS 0x00000000c6900000, 0x00000000c6800000| Complete 
| 105|0x00000000c6900000, 0x00000000c6a00000, 0x00000000c6a00000|100%|HC|  |TAMS 0x00000000c6a00000, 0x00000000c6900000| Complete 
| 106|0x00000000c6a00000, 0x00000000c6b00000, 0x00000000c6b00000|100%|HC|  |TAMS 0x00000000c6b00000, 0x00000000c6a00000| Complete 
| 107|0x00000000c6b00000, 0x00000000c6c00000, 0x00000000c6c00000|100%|HC|  |TAMS 0x00000000c6c00000, 0x00000000c6b00000| Complete 
| 108|0x00000000c6c00000, 0x00000000c6d00000, 0x00000000c6d00000|100%|HC|  |TAMS 0x00000000c6d00000, 0x00000000c6c00000| Complete 
| 109|0x00000000c6d00000, 0x00000000c6e00000, 0x00000000c6e00000|100%|HC|  |TAMS 0x00000000c6e00000, 0x00000000c6d00000| Complete 
| 110|0x00000000c6e00000, 0x00000000c6f00000, 0x00000000c6f00000|100%|HC|  |TAMS 0x00000000c6f00000, 0x00000000c6e00000| Complete 
| 111|0x00000000c6f00000, 0x00000000c7000000, 0x00000000c7000000|100%|HC|  |TAMS 0x00000000c7000000, 0x00000000c6f00000| Complete 
| 112|0x00000000c7000000, 0x00000000c7100000, 0x00000000c7100000|100%|HC|  |TAMS 0x00000000c7100000, 0x00000000c7000000| Complete 
| 113|0x00000000c7100000, 0x00000000c7200000, 0x00000000c7200000|100%|HC|  |TAMS 0x00000000c7200000, 0x00000000c7100000| Complete 
| 114|0x00000000c7200000, 0x00000000c7300000, 0x00000000c7300000|100%|HS|  |TAMS 0x00000000c7300000, 0x00000000c7200000| Complete 
| 115|0x00000000c7300000, 0x00000000c7400000, 0x00000000c7400000|100%|HC|  |TAMS 0x00000000c7400000, 0x00000000c7300000| Complete 
| 116|0x00000000c7400000, 0x00000000c7500000, 0x00000000c7500000|100%|HC|  |TAMS 0x00000000c7500000, 0x00000000c7400000| Complete 
| 117|0x00000000c7500000, 0x00000000c7600000, 0x00000000c7600000|100%|HC|  |TAMS 0x00000000c7600000, 0x00000000c7500000| Complete 
| 118|0x00000000c7600000, 0x00000000c7700000, 0x00000000c7700000|100%|HC|  |TAMS 0x00000000c7700000, 0x00000000c7600000| Complete 
| 119|0x00000000c7700000, 0x00000000c7800000, 0x00000000c7800000|100%|HC|  |TAMS 0x00000000c7800000, 0x00000000c7700000| Complete 
| 120|0x00000000c7800000, 0x00000000c7900000, 0x00000000c7900000|100%|HC|  |TAMS 0x00000000c7900000, 0x00000000c7800000| Complete 
| 121|0x00000000c7900000, 0x00000000c7a00000, 0x00000000c7a00000|100%|HC|  |TAMS 0x00000000c7a00000, 0x00000000c7900000| Complete 
| 122|0x00000000c7a00000, 0x00000000c7b00000, 0x00000000c7b00000|100%|HC|  |TAMS 0x00000000c7b00000, 0x00000000c7a00000| Complete 
| 123|0x00000000c7b00000, 0x00000000c7c00000, 0x00000000c7c00000|100%|HS|  |TAMS 0x00000000c7c00000, 0x00000000c7b00000| Complete 
| 124|0x00000000c7c00000, 0x00000000c7d00000, 0x00000000c7d00000|100%|HC|  |TAMS 0x00000000c7d00000, 0x00000000c7c00000| Complete 
| 125|0x00000000c7d00000, 0x00000000c7e00000, 0x00000000c7e00000|100%|HC|  |TAMS 0x00000000c7e00000, 0x00000000c7d00000| Complete 
| 126|0x00000000c7e00000, 0x00000000c7f00000, 0x00000000c7f00000|100%|HC|  |TAMS 0x00000000c7f00000, 0x00000000c7e00000| Complete 
| 127|0x00000000c7f00000, 0x00000000c8000000, 0x00000000c8000000|100%|HC|  |TAMS 0x00000000c8000000, 0x00000000c7f00000| Complete 
| 128|0x00000000c8000000, 0x00000000c8100000, 0x00000000c8100000|100%|HC|  |TAMS 0x00000000c8100000, 0x00000000c8000000| Complete 
| 129|0x00000000c8100000, 0x00000000c8200000, 0x00000000c8200000|100%|HC|  |TAMS 0x00000000c8200000, 0x00000000c8100000| Complete 
| 130|0x00000000c8200000, 0x00000000c8300000, 0x00000000c8300000|100%|HC|  |TAMS 0x00000000c8300000, 0x00000000c8200000| Complete 
| 131|0x00000000c8300000, 0x00000000c8400000, 0x00000000c8400000|100%|HC|  |TAMS 0x00000000c8400000, 0x00000000c8300000| Complete 
| 132|0x00000000c8400000, 0x00000000c8500000, 0x00000000c8500000|100%|HS|  |TAMS 0x00000000c8500000, 0x00000000c8400000| Complete 
| 133|0x00000000c8500000, 0x00000000c8600000, 0x00000000c8600000|100%|HC|  |TAMS 0x00000000c8600000, 0x00000000c8500000| Complete 
| 134|0x00000000c8600000, 0x00000000c8700000, 0x00000000c8700000|100%|HC|  |TAMS 0x00000000c8700000, 0x00000000c8600000| Complete 
| 135|0x00000000c8700000, 0x00000000c8800000, 0x00000000c8800000|100%|HC|  |TAMS 0x00000000c8800000, 0x00000000c8700000| Complete 
| 136|0x00000000c8800000, 0x00000000c8900000, 0x00000000c8900000|100%|HC|  |TAMS 0x00000000c8900000, 0x00000000c8800000| Complete 
| 137|0x00000000c8900000, 0x00000000c8a00000, 0x00000000c8a00000|100%|HC|  |TAMS 0x00000000c8a00000, 0x00000000c8900000| Complete 
| 138|0x00000000c8a00000, 0x00000000c8b00000, 0x00000000c8b00000|100%|HC|  |TAMS 0x00000000c8b00000, 0x00000000c8a00000| Complete 
| 139|0x00000000c8b00000, 0x00000000c8c00000, 0x00000000c8c00000|100%|HC|  |TAMS 0x00000000c8c00000, 0x00000000c8b00000| Complete 
| 140|0x00000000c8c00000, 0x00000000c8d00000, 0x00000000c8d00000|100%|HC|  |TAMS 0x00000000c8d00000, 0x00000000c8c00000| Complete 
| 141|0x00000000c8d00000, 0x00000000c8e00000, 0x00000000c8e00000|100%|HS|  |TAMS 0x00000000c8e00000, 0x00000000c8d00000| Complete 
| 142|0x00000000c8e00000, 0x00000000c8f00000, 0x00000000c8f00000|100%|HC|  |TAMS 0x00000000c8f00000, 0x00000000c8e00000| Complete 
| 143|0x00000000c8f00000, 0x00000000c9000000, 0x00000000c9000000|100%|HC|  |TAMS 0x00000000c9000000, 0x00000000c8f00000| Complete 
| 144|0x00000000c9000000, 0x00000000c9100000, 0x00000000c9100000|100%|HC|  |TAMS 0x00000000c9100000, 0x00000000c9000000| Complete 
| 145|0x00000000c9100000, 0x00000000c9200000, 0x00000000c9200000|100%|HC|  |TAMS 0x00000000c9200000, 0x00000000c9100000| Complete 
| 146|0x00000000c9200000, 0x00000000c9300000, 0x00000000c9300000|100%|HC|  |TAMS 0x00000000c9300000, 0x00000000c9200000| Complete 
| 147|0x00000000c9300000, 0x00000000c9400000, 0x00000000c9400000|100%|HC|  |TAMS 0x00000000c9400000, 0x00000000c9300000| Complete 
| 148|0x00000000c9400000, 0x00000000c9500000, 0x00000000c9500000|100%|HC|  |TAMS 0x00000000c9500000, 0x00000000c9400000| Complete 
| 149|0x00000000c9500000, 0x00000000c9600000, 0x00000000c9600000|100%|HC|  |TAMS 0x00000000c9600000, 0x00000000c9500000| Complete 
| 150|0x00000000c9600000, 0x00000000c9600000, 0x00000000c9700000|  0%| F|  |TAMS 0x00000000c9600000, 0x00000000c9600000| Untracked 
| 151|0x00000000c9700000, 0x00000000c9700000, 0x00000000c9800000|  0%| F|  |TAMS 0x00000000c9700000, 0x00000000c9700000| Untracked 
| 152|0x00000000c9800000, 0x00000000c9900000, 0x00000000c9900000|100%|HS|  |TAMS 0x00000000c9900000, 0x00000000c9800000| Complete 
| 153|0x00000000c9900000, 0x00000000c9a00000, 0x00000000c9a00000|100%|HC|  |TAMS 0x00000000c9a00000, 0x00000000c9900000| Complete 
| 154|0x00000000c9a00000, 0x00000000c9b00000, 0x00000000c9b00000|100%|HC|  |TAMS 0x00000000c9b00000, 0x00000000c9a00000| Complete 
| 155|0x00000000c9b00000, 0x00000000c9c00000, 0x00000000c9c00000|100%|HC|  |TAMS 0x00000000c9c00000, 0x00000000c9b00000| Complete 
| 156|0x00000000c9c00000, 0x00000000c9d00000, 0x00000000c9d00000|100%|HC|  |TAMS 0x00000000c9d00000, 0x00000000c9c00000| Complete 
| 157|0x00000000c9d00000, 0x00000000c9e00000, 0x00000000c9e00000|100%|HC|  |TAMS 0x00000000c9e00000, 0x00000000c9d00000| Complete 
| 158|0x00000000c9e00000, 0x00000000c9f00000, 0x00000000c9f00000|100%|HC|  |TAMS 0x00000000c9f00000, 0x00000000c9e00000| Complete 
| 159|0x00000000c9f00000, 0x00000000ca000000, 0x00000000ca000000|100%|HC|  |TAMS 0x00000000ca000000, 0x00000000c9f00000| Complete 
| 160|0x00000000ca000000, 0x00000000ca100000, 0x00000000ca100000|100%|HC|  |TAMS 0x00000000ca100000, 0x00000000ca000000| Complete 
| 161|0x00000000ca100000, 0x00000000ca100000, 0x00000000ca200000|  0%| F|  |TAMS 0x00000000ca100000, 0x00000000ca100000| Untracked 
| 162|0x00000000ca200000, 0x00000000ca200000, 0x00000000ca300000|  0%| F|  |TAMS 0x00000000ca200000, 0x00000000ca200000| Untracked 
| 163|0x00000000ca300000, 0x00000000ca300000, 0x00000000ca400000|  0%| F|  |TAMS 0x00000000ca300000, 0x00000000ca300000| Untracked 
| 164|0x00000000ca400000, 0x00000000ca400000, 0x00000000ca500000|  0%| F|  |TAMS 0x00000000ca400000, 0x00000000ca400000| Untracked 
| 165|0x00000000ca500000, 0x00000000ca500000, 0x00000000ca600000|  0%| F|  |TAMS 0x00000000ca500000, 0x00000000ca500000| Untracked 
| 166|0x00000000ca600000, 0x00000000ca600000, 0x00000000ca700000|  0%| F|  |TAMS 0x00000000ca600000, 0x00000000ca600000| Untracked 
| 167|0x00000000ca700000, 0x00000000ca700000, 0x00000000ca800000|  0%| F|  |TAMS 0x00000000ca700000, 0x00000000ca700000| Untracked 
| 168|0x00000000ca800000, 0x00000000ca800000, 0x00000000ca900000|  0%| F|  |TAMS 0x00000000ca800000, 0x00000000ca800000| Untracked 
| 169|0x00000000ca900000, 0x00000000ca900000, 0x00000000caa00000|  0%| F|  |TAMS 0x00000000ca900000, 0x00000000ca900000| Untracked 
| 170|0x00000000caa00000, 0x00000000caa00000, 0x00000000cab00000|  0%| F|  |TAMS 0x00000000caa00000, 0x00000000caa00000| Untracked 
| 171|0x00000000cab00000, 0x00000000cab00000, 0x00000000cac00000|  0%| F|  |TAMS 0x00000000cab00000, 0x00000000cab00000| Untracked 
| 172|0x00000000cac00000, 0x00000000cac00000, 0x00000000cad00000|  0%| F|  |TAMS 0x00000000cac00000, 0x00000000cac00000| Untracked 
| 173|0x00000000cad00000, 0x00000000cad00000, 0x00000000cae00000|  0%| F|  |TAMS 0x00000000cad00000, 0x00000000cad00000| Untracked 
| 174|0x00000000cae00000, 0x00000000cae00000, 0x00000000caf00000|  0%| F|  |TAMS 0x00000000cae00000, 0x00000000cae00000| Untracked 
| 175|0x00000000caf00000, 0x00000000caf00000, 0x00000000cb000000|  0%| F|  |TAMS 0x00000000caf00000, 0x00000000caf00000| Untracked 
| 176|0x00000000cb000000, 0x00000000cb000000, 0x00000000cb100000|  0%| F|  |TAMS 0x00000000cb000000, 0x00000000cb000000| Untracked 
| 177|0x00000000cb100000, 0x00000000cb100000, 0x00000000cb200000|  0%| F|  |TAMS 0x00000000cb100000, 0x00000000cb100000| Untracked 
| 178|0x00000000cb200000, 0x00000000cb200000, 0x00000000cb300000|  0%| F|  |TAMS 0x00000000cb200000, 0x00000000cb200000| Untracked 
| 179|0x00000000cb300000, 0x00000000cb300000, 0x00000000cb400000|  0%| F|  |TAMS 0x00000000cb300000, 0x00000000cb300000| Untracked 
| 180|0x00000000cb400000, 0x00000000cb400000, 0x00000000cb500000|  0%| F|  |TAMS 0x00000000cb400000, 0x00000000cb400000| Untracked 
| 181|0x00000000cb500000, 0x00000000cb51aec8, 0x00000000cb600000| 10%| S|CS|TAMS 0x00000000cb500000, 0x00000000cb500000| Complete 
| 182|0x00000000cb600000, 0x00000000cb700000, 0x00000000cb700000|100%| S|CS|TAMS 0x00000000cb600000, 0x00000000cb600000| Complete 
| 183|0x00000000cb700000, 0x00000000cb800000, 0x00000000cb800000|100%| S|CS|TAMS 0x00000000cb700000, 0x00000000cb700000| Complete 
| 184|0x00000000cb800000, 0x00000000cb900000, 0x00000000cb900000|100%| S|CS|TAMS 0x00000000cb800000, 0x00000000cb800000| Complete 
| 185|0x00000000cb900000, 0x00000000cb900000, 0x00000000cba00000|  0%| F|  |TAMS 0x00000000cb900000, 0x00000000cb900000| Untracked 
| 186|0x00000000cba00000, 0x00000000cba00000, 0x00000000cbb00000|  0%| F|  |TAMS 0x00000000cba00000, 0x00000000cba00000| Untracked 
| 187|0x00000000cbb00000, 0x00000000cbb00000, 0x00000000cbc00000|  0%| F|  |TAMS 0x00000000cbb00000, 0x00000000cbb00000| Untracked 
| 188|0x00000000cbc00000, 0x00000000cbc00000, 0x00000000cbd00000|  0%| F|  |TAMS 0x00000000cbc00000, 0x00000000cbc00000| Untracked 
| 189|0x00000000cbd00000, 0x00000000cbd00000, 0x00000000cbe00000|  0%| F|  |TAMS 0x00000000cbd00000, 0x00000000cbd00000| Untracked 
| 190|0x00000000cbe00000, 0x00000000cbe00000, 0x00000000cbf00000|  0%| F|  |TAMS 0x00000000cbe00000, 0x00000000cbe00000| Untracked 
| 191|0x00000000cbf00000, 0x00000000cbf00000, 0x00000000cc000000|  0%| F|  |TAMS 0x00000000cbf00000, 0x00000000cbf00000| Untracked 
| 192|0x00000000cc000000, 0x00000000cc000000, 0x00000000cc100000|  0%| F|  |TAMS 0x00000000cc000000, 0x00000000cc000000| Untracked 
| 193|0x00000000cc100000, 0x00000000cc100000, 0x00000000cc200000|  0%| F|  |TAMS 0x00000000cc100000, 0x00000000cc100000| Untracked 
| 194|0x00000000cc200000, 0x00000000cc200000, 0x00000000cc300000|  0%| F|  |TAMS 0x00000000cc200000, 0x00000000cc200000| Untracked 
| 195|0x00000000cc300000, 0x00000000cc300000, 0x00000000cc400000|  0%| F|  |TAMS 0x00000000cc300000, 0x00000000cc300000| Untracked 
| 196|0x00000000cc400000, 0x00000000cc400000, 0x00000000cc500000|  0%| F|  |TAMS 0x00000000cc400000, 0x00000000cc400000| Untracked 
| 197|0x00000000cc500000, 0x00000000cc500000, 0x00000000cc600000|  0%| F|  |TAMS 0x00000000cc500000, 0x00000000cc500000| Untracked 
| 198|0x00000000cc600000, 0x00000000cc600000, 0x00000000cc700000|  0%| F|  |TAMS 0x00000000cc600000, 0x00000000cc600000| Untracked 
| 199|0x00000000cc700000, 0x00000000cc700000, 0x00000000cc800000|  0%| F|  |TAMS 0x00000000cc700000, 0x00000000cc700000| Untracked 
| 200|0x00000000cc800000, 0x00000000cc800000, 0x00000000cc900000|  0%| F|  |TAMS 0x00000000cc800000, 0x00000000cc800000| Untracked 
| 201|0x00000000cc900000, 0x00000000cc900000, 0x00000000cca00000|  0%| F|  |TAMS 0x00000000cc900000, 0x00000000cc900000| Untracked 
| 202|0x00000000cca00000, 0x00000000cca00000, 0x00000000ccb00000|  0%| F|  |TAMS 0x00000000cca00000, 0x00000000cca00000| Untracked 
| 203|0x00000000ccb00000, 0x00000000ccb00000, 0x00000000ccc00000|  0%| F|  |TAMS 0x00000000ccb00000, 0x00000000ccb00000| Untracked 
| 204|0x00000000ccc00000, 0x00000000ccc00000, 0x00000000ccd00000|  0%| F|  |TAMS 0x00000000ccc00000, 0x00000000ccc00000| Untracked 
| 205|0x00000000ccd00000, 0x00000000ccd00000, 0x00000000cce00000|  0%| F|  |TAMS 0x00000000ccd00000, 0x00000000ccd00000| Untracked 
| 206|0x00000000cce00000, 0x00000000cce00000, 0x00000000ccf00000|  0%| F|  |TAMS 0x00000000cce00000, 0x00000000cce00000| Untracked 
| 207|0x00000000ccf00000, 0x00000000ccf00000, 0x00000000cd000000|  0%| F|  |TAMS 0x00000000ccf00000, 0x00000000ccf00000| Untracked 
| 208|0x00000000cd000000, 0x00000000cd000000, 0x00000000cd100000|  0%| F|  |TAMS 0x00000000cd000000, 0x00000000cd000000| Untracked 
| 209|0x00000000cd100000, 0x00000000cd100000, 0x00000000cd200000|  0%| F|  |TAMS 0x00000000cd100000, 0x00000000cd100000| Untracked 
| 210|0x00000000cd200000, 0x00000000cd200000, 0x00000000cd300000|  0%| F|  |TAMS 0x00000000cd200000, 0x00000000cd200000| Untracked 
| 211|0x00000000cd300000, 0x00000000cd300000, 0x00000000cd400000|  0%| F|  |TAMS 0x00000000cd300000, 0x00000000cd300000| Untracked 
| 212|0x00000000cd400000, 0x00000000cd400000, 0x00000000cd500000|  0%| F|  |TAMS 0x00000000cd400000, 0x00000000cd400000| Untracked 
| 213|0x00000000cd500000, 0x00000000cd500000, 0x00000000cd600000|  0%| F|  |TAMS 0x00000000cd500000, 0x00000000cd500000| Untracked 
| 214|0x00000000cd600000, 0x00000000cd600000, 0x00000000cd700000|  0%| F|  |TAMS 0x00000000cd600000, 0x00000000cd600000| Untracked 
| 215|0x00000000cd700000, 0x00000000cd700000, 0x00000000cd800000|  0%| F|  |TAMS 0x00000000cd700000, 0x00000000cd700000| Untracked 
| 216|0x00000000cd800000, 0x00000000cd800000, 0x00000000cd900000|  0%| F|  |TAMS 0x00000000cd800000, 0x00000000cd800000| Untracked 
| 217|0x00000000cd900000, 0x00000000cd900000, 0x00000000cda00000|  0%| F|  |TAMS 0x00000000cd900000, 0x00000000cd900000| Untracked 
| 218|0x00000000cda00000, 0x00000000cda00000, 0x00000000cdb00000|  0%| F|  |TAMS 0x00000000cda00000, 0x00000000cda00000| Untracked 
| 219|0x00000000cdb00000, 0x00000000cdb00000, 0x00000000cdc00000|  0%| F|  |TAMS 0x00000000cdb00000, 0x00000000cdb00000| Untracked 
| 220|0x00000000cdc00000, 0x00000000cdc00000, 0x00000000cdd00000|  0%| F|  |TAMS 0x00000000cdc00000, 0x00000000cdc00000| Untracked 
| 221|0x00000000cdd00000, 0x00000000cdd00000, 0x00000000cde00000|  0%| F|  |TAMS 0x00000000cdd00000, 0x00000000cdd00000| Untracked 
| 222|0x00000000cde00000, 0x00000000cde00000, 0x00000000cdf00000|  0%| F|  |TAMS 0x00000000cde00000, 0x00000000cde00000| Untracked 
| 223|0x00000000cdf00000, 0x00000000cdf00000, 0x00000000ce000000|  0%| F|  |TAMS 0x00000000cdf00000, 0x00000000cdf00000| Untracked 
| 224|0x00000000ce000000, 0x00000000ce000000, 0x00000000ce100000|  0%| F|  |TAMS 0x00000000ce000000, 0x00000000ce000000| Untracked 
| 225|0x00000000ce100000, 0x00000000ce100000, 0x00000000ce200000|  0%| F|  |TAMS 0x00000000ce100000, 0x00000000ce100000| Untracked 
| 226|0x00000000ce200000, 0x00000000ce200000, 0x00000000ce300000|  0%| F|  |TAMS 0x00000000ce200000, 0x00000000ce200000| Untracked 
| 227|0x00000000ce300000, 0x00000000ce300000, 0x00000000ce400000|  0%| F|  |TAMS 0x00000000ce300000, 0x00000000ce300000| Untracked 
| 228|0x00000000ce400000, 0x00000000ce400000, 0x00000000ce500000|  0%| F|  |TAMS 0x00000000ce400000, 0x00000000ce400000| Untracked 
| 229|0x00000000ce500000, 0x00000000ce500000, 0x00000000ce600000|  0%| F|  |TAMS 0x00000000ce500000, 0x00000000ce500000| Untracked 
| 230|0x00000000ce600000, 0x00000000ce600000, 0x00000000ce700000|  0%| F|  |TAMS 0x00000000ce600000, 0x00000000ce600000| Untracked 
| 231|0x00000000ce700000, 0x00000000ce700000, 0x00000000ce800000|  0%| F|  |TAMS 0x00000000ce700000, 0x00000000ce700000| Untracked 
| 232|0x00000000ce800000, 0x00000000ce800000, 0x00000000ce900000|  0%| F|  |TAMS 0x00000000ce800000, 0x00000000ce800000| Untracked 
| 233|0x00000000ce900000, 0x00000000ce900000, 0x00000000cea00000|  0%| F|  |TAMS 0x00000000ce900000, 0x00000000ce900000| Untracked 
| 234|0x00000000cea00000, 0x00000000cea00000, 0x00000000ceb00000|  0%| F|  |TAMS 0x00000000cea00000, 0x00000000cea00000| Untracked 
| 235|0x00000000ceb00000, 0x00000000ceb00000, 0x00000000cec00000|  0%| F|  |TAMS 0x00000000ceb00000, 0x00000000ceb00000| Untracked 
| 236|0x00000000cec00000, 0x00000000cec00000, 0x00000000ced00000|  0%| F|  |TAMS 0x00000000cec00000, 0x00000000cec00000| Untracked 
| 237|0x00000000ced00000, 0x00000000ced00000, 0x00000000cee00000|  0%| F|  |TAMS 0x00000000ced00000, 0x00000000ced00000| Untracked 
| 238|0x00000000cee00000, 0x00000000cee00000, 0x00000000cef00000|  0%| F|  |TAMS 0x00000000cee00000, 0x00000000cee00000| Untracked 
| 239|0x00000000cef00000, 0x00000000cef00000, 0x00000000cf000000|  0%| F|  |TAMS 0x00000000cef00000, 0x00000000cef00000| Untracked 
| 240|0x00000000cf000000, 0x00000000cf000000, 0x00000000cf100000|  0%| F|  |TAMS 0x00000000cf000000, 0x00000000cf000000| Untracked 
| 241|0x00000000cf100000, 0x00000000cf100000, 0x00000000cf200000|  0%| F|  |TAMS 0x00000000cf100000, 0x00000000cf100000| Untracked 
| 242|0x00000000cf200000, 0x00000000cf200000, 0x00000000cf300000|  0%| F|  |TAMS 0x00000000cf200000, 0x00000000cf200000| Untracked 
| 243|0x00000000cf300000, 0x00000000cf300000, 0x00000000cf400000|  0%| F|  |TAMS 0x00000000cf300000, 0x00000000cf300000| Untracked 
| 244|0x00000000cf400000, 0x00000000cf400000, 0x00000000cf500000|  0%| F|  |TAMS 0x00000000cf400000, 0x00000000cf400000| Untracked 
| 245|0x00000000cf500000, 0x00000000cf500000, 0x00000000cf600000|  0%| F|  |TAMS 0x00000000cf500000, 0x00000000cf500000| Untracked 
| 246|0x00000000cf600000, 0x00000000cf600000, 0x00000000cf700000|  0%| F|  |TAMS 0x00000000cf600000, 0x00000000cf600000| Untracked 
| 247|0x00000000cf700000, 0x00000000cf700000, 0x00000000cf800000|  0%| F|  |TAMS 0x00000000cf700000, 0x00000000cf700000| Untracked 
| 248|0x00000000cf800000, 0x00000000cf800000, 0x00000000cf900000|  0%| F|  |TAMS 0x00000000cf800000, 0x00000000cf800000| Untracked 
| 249|0x00000000cf900000, 0x00000000cf900000, 0x00000000cfa00000|  0%| F|  |TAMS 0x00000000cf900000, 0x00000000cf900000| Untracked 
| 250|0x00000000cfa00000, 0x00000000cfa00000, 0x00000000cfb00000|  0%| F|  |TAMS 0x00000000cfa00000, 0x00000000cfa00000| Untracked 
| 251|0x00000000cfb00000, 0x00000000cfb00000, 0x00000000cfc00000|  0%| F|  |TAMS 0x00000000cfb00000, 0x00000000cfb00000| Untracked 
| 252|0x00000000cfc00000, 0x00000000cfca92f8, 0x00000000cfd00000| 66%| E|  |TAMS 0x00000000cfc00000, 0x00000000cfc00000| Complete 
| 253|0x00000000cfd00000, 0x00000000cfe00000, 0x00000000cfe00000|100%| E|CS|TAMS 0x00000000cfd00000, 0x00000000cfd00000| Complete 
| 254|0x00000000cfe00000, 0x00000000cff00000, 0x00000000cff00000|100%| E|CS|TAMS 0x00000000cfe00000, 0x00000000cfe00000| Complete 
| 255|0x00000000cff00000, 0x00000000d0000000, 0x00000000d0000000|100%| E|CS|TAMS 0x00000000cff00000, 0x00000000cff00000| Complete 
| 256|0x00000000d0000000, 0x00000000d0100000, 0x00000000d0100000|100%| E|CS|TAMS 0x00000000d0000000, 0x00000000d0000000| Complete 

Card table byte_map: [0x000001d8fdc50000,0x000001d8fde50000] _byte_map_base: 0x000001d8fd650000

Marking Bits (Prev, Next): (CMBitMap*) 0x000001d8f3d0d900, (CMBitMap*) 0x000001d8f3d0d8c0
 Prev Bits: [0x000001d88f000000, 0x000001d890000000)
 Next Bits: [0x000001d8fe050000, 0x000001d8ff050000)

Polling page: 0x000001d8f3c60000

Metaspace:

Usage:
  Non-class:     11.66 MB used.
      Class:    918.71 KB used.
       Both:     12.55 MB used.

Virtual space:
  Non-class space:       64.00 MB reserved,      11.75 MB ( 18%) committed,  1 nodes.
      Class space:        1.00 GB reserved,       1.00 MB ( <1%) committed,  1 nodes.
             Both:        1.06 GB reserved,      12.75 MB (  1%) committed. 

Chunk freelists:
   Non-Class:  3.66 MB
       Class:  14.91 MB
        Both:  18.57 MB

MaxMetaspaceSize: unlimited
CompressedClassSpaceSize: 1.00 GB
Initial GC threshold: 21.00 MB
Current GC threshold: 21.00 MB
CDS: on
MetaspaceReclaimPolicy: balanced
 - commit_granule_bytes: 65536.
 - commit_granule_words: 8192.
 - virtual_space_node_default_size: 8388608.
 - enlarge_chunks_in_place: 1.
 - new_chunks_are_fully_committed: 0.
 - uncommit_free_chunks: 1.
 - use_allocation_guard: 0.
 - handle_deallocations: 1.


Internal statistics:

num_allocs_failed_limit: 0.
num_arena_births: 106.
num_arena_deaths: 0.
num_vsnodes_births: 2.
num_vsnodes_deaths: 0.
num_space_committed: 200.
num_space_uncommitted: 0.
num_chunks_returned_to_freelist: 0.
num_chunks_taken_from_freelist: 382.
num_chunk_merges: 0.
num_chunk_splits: 299.
num_chunks_enlarged: 238.
num_inconsistent_stats: 0.

CodeHeap 'non-profiled nmethods': size=120000Kb used=829Kb max_used=829Kb free=119170Kb
 bounds [0x000001d887ad0000, 0x000001d887d40000, 0x000001d88f000000]
CodeHeap 'profiled nmethods': size=120000Kb used=2726Kb max_used=2726Kb free=117273Kb
 bounds [0x000001d880000000, 0x000001d8802b0000, 0x000001d887530000]
CodeHeap 'non-nmethods': size=5760Kb used=1612Kb max_used=1645Kb free=4147Kb
 bounds [0x000001d887530000, 0x000001d8877a0000, 0x000001d887ad0000]
 total_blobs=2448 nmethods=1510 adapters=851
 compilation: enabled
              stopped_count=0, restarted_count=0
 full_count=0

Compilation events (20 events):
Event: 5.624 Thread 0x000001d8ff8aa1a0 1499       3       java.nio.FloatBuffer::position (8 bytes)
Event: 5.624 Thread 0x000001d8ff8a5bb0 1500       4       jogamp.opengl.GLBufferStateTracker::getBoundBufferObject (221 bytes)
Event: 5.624 Thread 0x000001d8ff8aa1a0 nmethod 1499 0x000001d8802a6810 code [0x000001d8802a69a0, 0x000001d8802a6ae8]
Event: 5.626 Thread 0x000001d8ff8a5bb0 nmethod 1500 0x000001d887b9e510 code [0x000001d887b9e6a0, 0x000001d887b9e818]
Event: 5.633 Thread 0x000001d8ff8aa1a0 1502       3       java.lang.Thread::checkAccess (14 bytes)
Event: 5.633 Thread 0x000001d8ff8aa1a0 nmethod 1502 0x000001d8802a6b90 code [0x000001d8802a6d40, 0x000001d8802a7048]
Event: 5.706 Thread 0x000001d8ff8aa1a0 1504       3       com.jogamp.common.util.VersionNumber::compareTo (80 bytes)
Event: 5.707 Thread 0x000001d8ff8aa1a0 nmethod 1504 0x000001d8802a7190 code [0x000001d8802a7360, 0x000001d8802a76d8]
Event: 5.782 Thread 0x000001d8ff8aa1a0 1505   !   3       jdk.internal.misc.ScopedMemoryAccess::copyMemory (31 bytes)
Event: 5.783 Thread 0x000001d8ff8aa1a0 nmethod 1505 0x000001d8802a7790 code [0x000001d8802a79a0, 0x000001d8802a8078]
Event: 5.783 Thread 0x000001d8ff8aa1a0 1506   !   3       jdk.internal.misc.ScopedMemoryAccess::copyMemoryInternal (60 bytes)
Event: 5.783 Thread 0x000001d8ff8aa1a0 nmethod 1506 0x000001d8802a8490 code [0x000001d8802a8680, 0x000001d8802a8c08]
Event: 5.784 Thread 0x000001d8ff8a5bb0 1507       4       jogamp.opengl.gl4.GL4bcImpl::checkBufferObject (187 bytes)
Event: 5.786 Thread 0x000001d8ff8a5bb0 nmethod 1507 0x000001d887b9ee10 code [0x000001d887b9efa0, 0x000001d887b9f298]
Event: 5.811 Thread 0x000001d8ff8aa1a0 1508       3       com.jogamp.nativewindow.DefaultGraphicsConfiguration::getNativeGraphicsConfiguration (2 bytes)
Event: 5.811 Thread 0x000001d8ff8aa1a0 nmethod 1508 0x000001d8802a8f10 code [0x000001d8802a90a0, 0x000001d8802a91b8]
Event: 5.814 Thread 0x000001d8ff8aa1a0 1509       3       jdk.internal.misc.Unsafe::getAndAddLong (27 bytes)
Event: 5.814 Thread 0x000001d8ff8aa1a0 nmethod 1509 0x000001d8802a9290 code [0x000001d8802a9440, 0x000001d8802a9688]
Event: 5.814 Thread 0x000001d8ff8aa1a0 1510       3       jdk.internal.misc.Unsafe::weakCompareAndSetLong (11 bytes)
Event: 5.814 Thread 0x000001d8ff8aa1a0 nmethod 1510 0x000001d8802a9790 code [0x000001d8802a9920, 0x000001d8802a9a58]

GC Heap History (20 events):
Event: 1.586 GC heap before
{Heap before GC invocations=4 (full 0):
 garbage-first heap   total 65536K, used 55835K [0x00000000c0000000, 0x0000000100000000)
  region size 1024K, 4 young (4096K), 3 survivors (3072K)
 Metaspace       used 12540K, committed 12736K, reserved 1114112K
  class space    used 905K, committed 1024K, reserved 1048576K
}
Event: 1.587 GC heap after
{Heap after GC invocations=5 (full 0):
 garbage-first heap   total 65536K, used 55776K [0x00000000c0000000, 0x0000000100000000)
  region size 1024K, 1 young (1024K), 1 survivors (1024K)
 Metaspace       used 12540K, committed 12736K, reserved 1114112K
  class space    used 905K, committed 1024K, reserved 1048576K
}
Event: 1.608 GC heap before
{Heap before GC invocations=6 (full 0):
 garbage-first heap   total 155648K, used 108000K [0x00000000c0000000, 0x0000000100000000)
  region size 1024K, 2 young (2048K), 1 survivors (1024K)
 Metaspace       used 12541K, committed 12736K, reserved 1114112K
  class space    used 905K, committed 1024K, reserved 1048576K
}
Event: 1.609 GC heap after
{Heap after GC invocations=7 (full 0):
 garbage-first heap   total 155648K, used 108007K [0x00000000c0000000, 0x0000000100000000)
  region size 1024K, 1 young (1024K), 1 survivors (1024K)
 Metaspace       used 12541K, committed 12736K, reserved 1114112K
  class space    used 905K, committed 1024K, reserved 1048576K
}
Event: 1.790 GC heap before
{Heap before GC invocations=8 (full 0):
 garbage-first heap   total 261120K, used 175591K [0x00000000c0000000, 0x0000000100000000)
  region size 1024K, 22 young (22528K), 1 survivors (1024K)
 Metaspace       used 12738K, committed 12928K, reserved 1114112K
  class space    used 913K, committed 1024K, reserved 1048576K
}
Event: 1.792 GC heap after
{Heap after GC invocations=9 (full 0):
 garbage-first heap   total 261120K, used 157337K [0x00000000c0000000, 0x0000000100000000)
  region size 1024K, 3 young (3072K), 3 survivors (3072K)
 Metaspace       used 12738K, committed 12928K, reserved 1114112K
  class space    used 913K, committed 1024K, reserved 1048576K
}
Event: 2.304 GC heap before
{Heap before GC invocations=9 (full 0):
 garbage-first heap   total 261120K, used 214681K [0x00000000c0000000, 0x0000000100000000)
  region size 1024K, 59 young (60416K), 3 survivors (3072K)
 Metaspace       used 12767K, committed 12992K, reserved 1114112K
  class space    used 913K, committed 1024K, reserved 1048576K
}
Event: 2.306 GC heap after
{Heap after GC invocations=10 (full 0):
 garbage-first heap   total 261120K, used 157050K [0x00000000c0000000, 0x0000000100000000)
  region size 1024K, 3 young (3072K), 3 survivors (3072K)
 Metaspace       used 12767K, committed 12992K, reserved 1114112K
  class space    used 913K, committed 1024K, reserved 1048576K
}
Event: 2.981 GC heap before
{Heap before GC invocations=11 (full 0):
 garbage-first heap   total 263168K, used 220538K [0x00000000c0000000, 0x0000000100000000)
  region size 1024K, 67 young (68608K), 3 survivors (3072K)
 Metaspace       used 12771K, committed 12992K, reserved 1114112K
  class space    used 913K, committed 1024K, reserved 1048576K
}
Event: 2.983 GC heap after
{Heap after GC invocations=12 (full 0):
 garbage-first heap   total 263168K, used 155976K [0x00000000c0000000, 0x0000000100000000)
  region size 1024K, 4 young (4096K), 4 survivors (4096K)
 Metaspace       used 12771K, committed 12992K, reserved 1114112K
  class space    used 913K, committed 1024K, reserved 1048576K
}
Event: 3.061 GC heap before
{Heap before GC invocations=12 (full 0):
 garbage-first heap   total 263168K, used 164168K [0x00000000c0000000, 0x0000000100000000)
  region size 1024K, 12 young (12288K), 4 survivors (4096K)
 Metaspace       used 12772K, committed 12992K, reserved 1114112K
  class space    used 913K, committed 1024K, reserved 1048576K
}
Event: 3.063 GC heap after
{Heap after GC invocations=13 (full 0):
 garbage-first heap   total 263168K, used 156293K [0x00000000c0000000, 0x0000000100000000)
  region size 1024K, 2 young (2048K), 2 survivors (2048K)
 Metaspace       used 12772K, committed 12992K, reserved 1114112K
  class space    used 913K, committed 1024K, reserved 1048576K
}
Event: 3.879 GC heap before
{Heap before GC invocations=13 (full 0):
 garbage-first heap   total 263168K, used 223877K [0x00000000c0000000, 0x0000000100000000)
  region size 1024K, 68 young (69632K), 2 survivors (2048K)
 Metaspace       used 12779K, committed 12992K, reserved 1114112K
  class space    used 914K, committed 1024K, reserved 1048576K
}
Event: 3.881 GC heap after
{Heap after GC invocations=14 (full 0):
 garbage-first heap   total 263168K, used 159104K [0x00000000c0000000, 0x0000000100000000)
  region size 1024K, 5 young (5120K), 5 survivors (5120K)
 Metaspace       used 12779K, committed 12992K, reserved 1114112K
  class space    used 914K, committed 1024K, reserved 1048576K
}
Event: 4.678 GC heap before
{Heap before GC invocations=15 (full 0):
 garbage-first heap   total 263168K, used 219899K [0x00000000c0000000, 0x0000000100000000)
  region size 1024K, 67 young (68608K), 5 survivors (5120K)
 Metaspace       used 12786K, committed 12992K, reserved 1114112K
  class space    used 914K, committed 1024K, reserved 1048576K
}
Event: 4.680 GC heap after
{Heap after GC invocations=16 (full 0):
 garbage-first heap   total 263168K, used 154824K [0x00000000c0000000, 0x0000000100000000)
  region size 1024K, 4 young (4096K), 4 survivors (4096K)
 Metaspace       used 12786K, committed 12992K, reserved 1114112K
  class space    used 914K, committed 1024K, reserved 1048576K
}
Event: 4.812 GC heap before
{Heap before GC invocations=16 (full 0):
 garbage-first heap   total 263168K, used 163016K [0x00000000c0000000, 0x0000000100000000)
  region size 1024K, 12 young (12288K), 4 survivors (4096K)
 Metaspace       used 12787K, committed 12992K, reserved 1114112K
  class space    used 914K, committed 1024K, reserved 1048576K
}
Event: 4.813 GC heap after
{Heap after GC invocations=17 (full 0):
 garbage-first heap   total 263168K, used 151615K [0x00000000c0000000, 0x0000000100000000)
  region size 1024K, 1 young (1024K), 1 survivors (1024K)
 Metaspace       used 12787K, committed 12992K, reserved 1114112K
  class space    used 914K, committed 1024K, reserved 1048576K
}
Event: 5.717 GC heap before
{Heap before GC invocations=17 (full 0):
 garbage-first heap   total 263168K, used 224319K [0x00000000c0000000, 0x0000000100000000)
  region size 1024K, 72 young (73728K), 1 survivors (1024K)
 Metaspace       used 12808K, committed 12992K, reserved 1114112K
  class space    used 914K, committed 1024K, reserved 1048576K
}
Event: 5.719 GC heap after
{Heap after GC invocations=18 (full 0):
 garbage-first heap   total 263168K, used 154130K [0x00000000c0000000, 0x0000000100000000)
  region size 1024K, 4 young (4096K), 4 survivors (4096K)
 Metaspace       used 12808K, committed 12992K, reserved 1114112K
  class space    used 914K, committed 1024K, reserved 1048576K
}

Dll operation events (14 events):
Event: 0.005 Loaded shared library C:\Program Files\Processing\app\resources\jdk-17.0.14+7\bin\java.dll
Event: 0.017 Loaded shared library C:\Program Files\Processing\app\resources\jdk-17.0.14+7\bin\jsvml.dll
Event: 0.091 Loaded shared library C:\Program Files\Processing\app\resources\jdk-17.0.14+7\bin\net.dll
Event: 0.092 Loaded shared library C:\Program Files\Processing\app\resources\jdk-17.0.14+7\bin\nio.dll
Event: 0.094 Loaded shared library C:\Program Files\Processing\app\resources\jdk-17.0.14+7\bin\zip.dll
Event: 0.130 Loaded shared library C:\Program Files\Processing\app\resources\jdk-17.0.14+7\bin\jimage.dll
Event: 0.133 Loaded shared library C:\Program Files\Processing\app\resources\jdk-17.0.14+7\bin\awt.dll
Event: 0.382 Loaded shared library C:\Users\danil\AppData\Local\Temp\jogamp_0000\file_cache\jln11642063573072234549\jln8376457248581117076\natives\windows-amd64\gluegen_rt.dll
Event: 0.389 Loaded shared library C:\Program Files\Processing\app\resources\jdk-17.0.14+7\bin\jawt.dll
Event: 0.399 Loaded shared library C:\Users\danil\AppData\Local\Temp\jogamp_0000\file_cache\jln11642063573072234549\jln8376457248581117076\natives\windows-amd64\nativewindow_awt.dll
Event: 0.424 Loaded shared library C:\Users\danil\AppData\Local\Temp\jogamp_0000\file_cache\jln11642063573072234549\jln8376457248581117076\natives\windows-amd64\nativewindow_win32.dll
Event: 0.497 Loaded shared library C:\Users\danil\AppData\Local\Temp\jogamp_0000\file_cache\jln11642063573072234549\jln8376457248581117076\natives\windows-amd64\jogl_desktop.dll
Event: 0.654 Loaded shared library C:\Users\danil\AppData\Local\Temp\jogamp_0000\file_cache\jln11642063573072234549\jln8376457248581117076\natives\windows-amd64\jogl_mobile.dll
Event: 1.332 Loaded shared library C:\Users\danil\AppData\Local\Temp\jogamp_0000\file_cache\jln11642063573072234549\jln8376457248581117076\natives\windows-amd64\newt_head.dll

Deoptimization events (20 events):
Event: 1.799 Thread 0x000001d8d9b3c060 DEOPT PACKING pc=0x000001d887b72800 sp=0x000000912e4fea20
Event: 1.799 Thread 0x000001d8d9b3c060 DEOPT UNPACKING pc=0x000001d88758a1a3 sp=0x000000912e4fe9b0 mode 2
Event: 1.902 Thread 0x000001d8d9b3c060 DEOPT PACKING pc=0x000001d8802783e4 sp=0x000000912e4fe930
Event: 1.902 Thread 0x000001d8d9b3c060 DEOPT UNPACKING pc=0x000001d88758ace3 sp=0x000000912e4fde98 mode 0
Event: 1.906 Thread 0x000001d8d9b3c060 DEOPT PACKING pc=0x000001d88027d397 sp=0x000000912e4fe660
Event: 1.906 Thread 0x000001d8d9b3c060 DEOPT UNPACKING pc=0x000001d88758ace3 sp=0x000000912e4fdbe0 mode 0
Event: 1.918 Thread 0x000001d8d9b3c060 DEOPT PACKING pc=0x000001d88027d333 sp=0x000000912e4fe660
Event: 1.918 Thread 0x000001d8d9b3c060 DEOPT UNPACKING pc=0x000001d88758ace3 sp=0x000000912e4fdbe0 mode 0
Event: 3.658 Thread 0x000001d8d9b3c060 Uncommon trap: trap_request=0xffffff5c fr.pc=0x000001d887b8afe0 relative=0x0000000000001060
Event: 3.658 Thread 0x000001d8d9b3c060 Uncommon trap: reason=speculate_null_check action=make_not_entrant pc=0x000001d887b8afe0 method=java.util.concurrent.locks.AbstractQueuedSynchronizer.acquire(Ljava/util/concurrent/locks/AbstractQueuedSynchronizer$Node;IZZZJ)I @ 254 c2
Event: 3.658 Thread 0x000001d8d9b3c060 DEOPT PACKING pc=0x000001d887b8afe0 sp=0x000000912e4fe7d0
Event: 3.658 Thread 0x000001d8d9b3c060 DEOPT UNPACKING pc=0x000001d88758a1a3 sp=0x000000912e4fe7a0 mode 2
Event: 5.807 Thread 0x000001d8d7b9f170 Uncommon trap: trap_request=0xffffff45 fr.pc=0x000001d887b4f9e8 relative=0x00000000000001e8
Event: 5.807 Thread 0x000001d8d7b9f170 Uncommon trap: reason=unstable_if action=reinterpret pc=0x000001d887b4f9e8 method=java.util.HashMap$HashIterator.<init>(Ljava/util/HashMap;)V @ 38 c2
Event: 5.807 Thread 0x000001d8d7b9f170 DEOPT PACKING pc=0x000001d887b4f9e8 sp=0x000000912d3ff510
Event: 5.807 Thread 0x000001d8d7b9f170 DEOPT UNPACKING pc=0x000001d88758a1a3 sp=0x000000912d3ff4b8 mode 2
Event: 5.811 Thread 0x000001d8d7b9f170 Uncommon trap: trap_request=0xffffff45 fr.pc=0x000001d887b9b6f0 relative=0x00000000000000f0
Event: 5.811 Thread 0x000001d8d7b9f170 Uncommon trap: reason=unstable_if action=reinterpret pc=0x000001d887b9b6f0 method=com.jogamp.common.util.IntIntHashMap.put(II)I @ 21 c2
Event: 5.811 Thread 0x000001d8d7b9f170 DEOPT PACKING pc=0x000001d887b9b6f0 sp=0x000000912d3ff290
Event: 5.811 Thread 0x000001d8d7b9f170 DEOPT UNPACKING pc=0x000001d88758a1a3 sp=0x000000912d3ff1f8 mode 2

Classes loaded (20 events):
Event: 1.514 Loading class java/util/concurrent/Callable done
Event: 1.514 Loading class java/util/concurrent/Executors$RunnableAdapter done
Event: 1.514 Loading class java/util/concurrent/ThreadPoolExecutor$Worker
Event: 1.514 Loading class java/util/concurrent/ThreadPoolExecutor$Worker done
Event: 1.524 Loading class java/util/concurrent/locks/AbstractQueuedSynchronizer$SharedNode
Event: 1.524 Loading class java/util/concurrent/locks/AbstractQueuedSynchronizer$SharedNode done
Event: 1.668 Loading class sun/nio/cs/StreamDecoder
Event: 1.668 Loading class sun/nio/cs/StreamDecoder done
Event: 1.668 Loading class java/util/regex/Pattern$LookBehindEndNode
Event: 1.668 Loading class java/util/regex/Pattern$LookBehindEndNode done
Event: 1.669 Loading class java/util/regex/Pattern$NotBehind
Event: 1.669 Loading class java/util/regex/Pattern$NotBehind done
Event: 1.669 Loading class java/util/regex/Pattern$Neg
Event: 1.669 Loading class java/util/regex/Pattern$Neg done
Event: 1.669 Loading class java/util/regex/Pattern$Pos
Event: 1.669 Loading class java/util/regex/Pattern$Pos done
Event: 1.674 Loading class java/util/regex/Pattern$SliceS
Event: 1.674 Loading class java/util/regex/Pattern$SliceS done
Event: 5.785 Loading class java/nio/channels/ClosedChannelException
Event: 5.785 Loading class java/nio/channels/ClosedChannelException done

Classes unloaded (0 events):
No events

Classes redefined (0 events):
No events

Internal exceptions (20 events):
Event: 0.120 Thread 0x000001d8f3cca710 Exception <a 'java/lang/NoSuchMethodError'{0x00000000c3ce4fe0}: 'void java.lang.invoke.DirectMethodHandle$Holder.invokeStatic(java.lang.Object, java.lang.Object, java.lang.Object)'> (0x00000000c3ce4fe0) 
thrown [s\src\hotspot\share\interpreter\linkResolver.cpp, line 759]
Event: 0.125 Thread 0x000001d8f3cca710 Exception <a 'java/lang/ClassNotFoundException'{0x00000000c3b0c018}: sun/awt/resources/spi/awtProvider> (0x00000000c3b0c018) 
thrown [s\src\hotspot\share\classfile\systemDictionary.cpp, line 256]
Event: 0.140 Thread 0x000001d8f3cca710 Exception <a 'java/io/FileNotFoundException'{0x00000000c3b61958}> (0x00000000c3b61958) 
thrown [s\src\hotspot\share\prims\jni.cpp, line 516]
Event: 0.145 Thread 0x000001d8f3cca710 Exception <a 'java/io/FileNotFoundException'{0x00000000c3b8f0e0}> (0x00000000c3b8f0e0) 
thrown [s\src\hotspot\share\prims\jni.cpp, line 516]
Event: 0.171 Thread 0x000001d8f3cca710 Exception <a 'java/lang/NoSuchMethodError'{0x00000000c3a3c340}: 'java.lang.Object java.lang.invoke.DirectMethodHandle$Holder.invokeStaticInit(java.lang.Object)'> (0x00000000c3a3c340) 
thrown [s\src\hotspot\share\interpreter\linkResolver.cpp, line 759]
Event: 0.254 Thread 0x000001d8f3cca710 Exception <a 'java/lang/NoSuchMethodError'{0x00000000c364a050}: 'java.lang.Object java.lang.invoke.DirectMethodHandle$Holder.invokeStaticInit(java.lang.Object, int, int, int, int)'> (0x00000000c364a050) 
thrown [s\src\hotspot\share\interpreter\linkResolver.cpp, line 759]
Event: 0.287 Thread 0x000001d8f3cca710 Exception <a 'java/lang/NoSuchMethodError'{0x00000000c3534c50}: 'java.lang.Object java.lang.invoke.DirectMethodHandle$Holder.invokeStaticInit(java.lang.Object, java.lang.Object, int, int, int, int)'> (0x00000000c3534c50) 
thrown [s\src\hotspot\share\interpreter\linkResolver.cpp, line 759]
Event: 0.306 Thread 0x000001d8f3cca710 Exception <a 'java/lang/NoSuchMethodError'{0x00000000c3540458}: 'void java.lang.invoke.DirectMethodHandle$Holder.invokeStatic(java.lang.Object, long)'> (0x00000000c3540458) 
thrown [s\src\hotspot\share\interpreter\linkResolver.cpp, line 759]
Event: 0.307 Thread 0x000001d8f3cca710 Exception <a 'java/lang/NoSuchMethodError'{0x00000000c3545a38}: 'java.lang.Object java.lang.invoke.DirectMethodHandle$Holder.newInvokeSpecial(java.lang.Object, long)'> (0x00000000c3545a38) 
thrown [s\src\hotspot\share\interpreter\linkResolver.cpp, line 759]
Event: 0.309 Thread 0x000001d8f3cca710 Exception <a 'java/lang/NoSuchMethodError'{0x00000000c3550250}: 'java.lang.Object java.lang.invoke.DirectMethodHandle$Holder.invokeStaticInit(java.lang.Object, java.lang.Object, long, java.lang.Object)'> (0x00000000c3550250) 
thrown [s\src\hotspot\share\interpreter\linkResolver.cpp, line 759]
Event: 0.309 Thread 0x000001d8f3cca710 Exception <a 'java/lang/NoSuchMethodError'{0x00000000c3556810}: 'java.lang.Object java.lang.invoke.DirectMethodHandle$Holder.newInvokeSpecial(java.lang.Object, java.lang.Object, long)'> (0x00000000c3556810) 
thrown [s\src\hotspot\share\interpreter\linkResolver.cpp, line 759]
Event: 0.310 Thread 0x000001d8f3cca710 Exception <a 'java/lang/NoSuchMethodError'{0x00000000c355a380}: 'java.lang.Object java.lang.invoke.Invokers$Holder.linkToTargetMethod(java.lang.Object, long, java.lang.Object)'> (0x00000000c355a380) 
thrown [s\src\hotspot\share\interpreter\linkResolver.cpp, line 759]
Event: 0.408 Thread 0x000001d8f3cca710 Exception <a 'java/lang/NoSuchMethodError'{0x00000000c34c9f88}: 'java.lang.Object java.lang.invoke.DirectMethodHandle$Holder.invokeInterface(java.lang.Object, java.lang.Object)'> (0x00000000c34c9f88) 
thrown [s\src\hotspot\share\interpreter\linkResolver.cpp, line 759]
Event: 0.409 Thread 0x000001d8f3cca710 Exception <a 'java/lang/IncompatibleClassChangeError'{0x00000000c34cd8a8}: Found class java.lang.Object, but interface was expected> (0x00000000c34cd8a8) 
thrown [s\src\hotspot\share\interpreter\linkResolver.cpp, line 826]
Event: 1.396 Thread 0x000001d8f3cca710 Exception <a 'java/lang/NoSuchMethodError'{0x00000000c33498b0}: 'void java.lang.invoke.DirectMethodHandle$Holder.invokeSpecial(java.lang.Object, java.lang.Object, java.lang.Object, java.lang.Object, java.lang.Object)'> (0x00000000c33498b0) 
thrown [s\src\hotspot\share\interpreter\linkResolver.cpp, line 759]
Event: 1.397 Thread 0x000001d8f3cca710 Exception <a 'java/lang/NoSuchMethodError'{0x00000000c3352840}: 'void java.lang.invoke.DirectMethodHandle$Holder.invokeSpecial(java.lang.Object, java.lang.Object, java.lang.Object)'> (0x00000000c3352840) 
thrown [s\src\hotspot\share\interpreter\linkResolver.cpp, line 759]
Event: 1.397 Thread 0x000001d8f3cca710 Exception <a 'java/lang/NoSuchMethodError'{0x00000000c3358b70}: 'void java.lang.invoke.DirectMethodHandle$Holder.invokeSpecial(java.lang.Object, java.lang.Object, int)'> (0x00000000c3358b70) 
thrown [s\src\hotspot\share\interpreter\linkResolver.cpp, line 759]
Event: 1.398 Thread 0x000001d8f3cca710 Exception <a 'java/lang/NoSuchMethodError'{0x00000000c335eb88}: 'java.lang.Object java.lang.invoke.DirectMethodHandle$Holder.newInvokeSpecial(java.lang.Object, java.lang.Object, int)'> (0x00000000c335eb88) 
thrown [s\src\hotspot\share\interpreter\linkResolver.cpp, line 759]
Event: 5.785 Thread 0x000001d8d9b3f300 Exception <a 'java/lang/InterruptedException'{0x00000000cfdb3310}> (0x00000000cfdb3310) 
thrown [s\src\hotspot\share\runtime\objectMonitor.cpp, line 1658]
Event: 5.811 Thread 0x000001d8d7b9f170 Implicit null exception at 0x000001d887b9b644 to 0x000001d887b9b6cc

VM Operations (20 events):
Event: 2.983 Executing VM operation: G1CollectForAllocation done
Event: 3.061 Executing VM operation: G1CollectForAllocation
Event: 3.063 Executing VM operation: G1CollectForAllocation done
Event: 3.879 Executing VM operation: G1CollectForAllocation
Event: 3.881 Executing VM operation: G1CollectForAllocation done
Event: 3.893 Executing VM operation: G1PauseRemark
Event: 3.894 Executing VM operation: G1PauseRemark done
Event: 3.897 Executing VM operation: G1PauseCleanup
Event: 3.897 Executing VM operation: G1PauseCleanup done
Event: 4.678 Executing VM operation: G1CollectForAllocation
Event: 4.680 Executing VM operation: G1CollectForAllocation done
Event: 4.812 Executing VM operation: G1CollectForAllocation
Event: 4.813 Executing VM operation: G1CollectForAllocation done
Event: 5.717 Executing VM operation: G1CollectForAllocation
Event: 5.719 Executing VM operation: G1CollectForAllocation done
Event: 5.726 Executing VM operation: G1PauseRemark
Event: 5.726 Executing VM operation: G1PauseRemark done
Event: 5.729 Executing VM operation: G1PauseCleanup
Event: 5.729 Executing VM operation: G1PauseCleanup done
Event: 5.886 Executing VM operation: Exit

Memory protections (0 events):
No events

Nmethod flushes (0 events):
No events

Events (20 events):
Event: 1.524 Thread 0x000001d8d9b3c060 Thread added: 0x000001d8ea901490
Event: 1.524 Thread 0x000001d8d9b3c060 Thread added: 0x000001d8ea8fdce0
Event: 1.524 Thread 0x000001d8d9b3c060 Thread added: 0x000001d8ea904220
Event: 1.524 Thread 0x000001d8d9b3c060 Thread added: 0x000001d8ea9028d0
Event: 1.524 Thread 0x000001d8d9b3c060 Thread added: 0x000001d8ea9019a0
Event: 1.569 Thread 0x000001d8ff8a5bb0 Thread added: 0x000001d8ead736c0
Event: 1.872 Thread 0x000001d8ead736c0 Thread exited: 0x000001d8ead736c0
Event: 2.039 Thread 0x000001d8d76d91f0 Thread exited: 0x000001d8d76d91f0
Event: 5.633 Thread 0x000001d8d74a0570 Thread added: 0x000001d8ea901eb0
Event: 5.785 Thread 0x000001d8d9b3c060 Thread added: 0x000001d8ea9023c0
Event: 5.785 Thread 0x000001d8d9b3c060 Thread added: 0x000001d8ea902de0
Event: 5.785 Thread 0x000001d8d9b3c060 Thread added: 0x000001d8ea9032f0
Event: 5.785 Thread 0x000001d8d9b3f300 Thread exited: 0x000001d8d9b3f300
Event: 5.785 Thread 0x000001d8ea9032f0 Thread exited: 0x000001d8ea9032f0
Event: 5.785 Thread 0x000001d8d96f8d40 Thread exited: 0x000001d8d96f8d40
Event: 5.786 Thread 0x000001d8d74a0570 Thread exited: 0x000001d8d74a0570
Event: 5.811 Thread 0x000001d8d7b9f170 Thread exited: 0x000001d8d7b9f170
Event: 5.814 Thread 0x000001d8ea9023c0 Thread exited: 0x000001d8ea9023c0
Event: 5.886 Thread 0x000001d8ea902de0 Thread exited: 0x000001d8ea902de0
Event: 5.886 Thread 0x000001d8d9b3c060 Before exit entered


Dynamic libraries:
0x00007ff7c9de0000 - 0x00007ff7c9dee000 	C:\Program Files\Processing\app\resources\jdk-17.0.14+7\bin\java.exe
0x00007ffa7da60000 - 0x00007ffa7dcc7000 	C:\WINDOWS\SYSTEM32\ntdll.dll
0x00007ffa7c020000 - 0x00007ffa7c0e9000 	C:\WINDOWS\System32\KERNEL32.DLL
0x00007ffa7a540000 - 0x00007ffa7a937000 	C:\WINDOWS\System32\KERNELBASE.dll
0x00007ffa7ab20000 - 0x00007ffa7ac6b000 	C:\WINDOWS\System32\ucrtbase.dll
0x00007ffa4d920000 - 0x00007ffa4d937000 	C:\Program Files\Processing\app\resources\jdk-17.0.14+7\bin\jli.dll
0x00007ffa4d900000 - 0x00007ffa4d91e000 	C:\Program Files\Processing\app\resources\jdk-17.0.14+7\bin\VCRUNTIME140.dll
0x00007ffa7bdd0000 - 0x00007ffa7bf96000 	C:\WINDOWS\System32\USER32.dll
0x00007ffa61590000 - 0x00007ffa61822000 	C:\WINDOWS\WinSxS\amd64_microsoft.windows.common-controls_6595b64144ccf1df_6.0.26100.8457_none_3e0b2faee331e92d\COMCTL32.dll
0x00007ffa7b630000 - 0x00007ffa7b657000 	C:\WINDOWS\System32\win32u.dll
0x00007ffa7b7e0000 - 0x00007ffa7b889000 	C:\WINDOWS\System32\msvcrt.dll
0x00007ffa7cc40000 - 0x00007ffa7cc6b000 	C:\WINDOWS\System32\GDI32.dll
0x00007ffa7a940000 - 0x00007ffa7aa6c000 	C:\WINDOWS\System32\gdi32full.dll
0x00007ffa7a490000 - 0x00007ffa7a533000 	C:\WINDOWS\System32\msvcp_win.dll
0x00007ffa7ba00000 - 0x00007ffa7ba32000 	C:\WINDOWS\System32\IMM32.DLL
0x00007ffa73680000 - 0x00007ffa7368c000 	C:\Program Files\Processing\app\resources\jdk-17.0.14+7\bin\vcruntime140_1.dll
0x00007ffa457d0000 - 0x00007ffa4585d000 	C:\Program Files\Processing\app\resources\jdk-17.0.14+7\bin\msvcp140.dll
0x00007ff9b1440000 - 0x00007ff9b20ab000 	C:\Program Files\Processing\app\resources\jdk-17.0.14+7\bin\server\jvm.dll
0x00007ffa7d380000 - 0x00007ffa7d436000 	C:\WINDOWS\System32\ADVAPI32.dll
0x00007ffa7d450000 - 0x00007ffa7d4f7000 	C:\WINDOWS\System32\sechost.dll
0x00007ffa7d610000 - 0x00007ffa7d728000 	C:\WINDOWS\System32\RPCRT4.dll
0x00007ffa7d500000 - 0x00007ffa7d580000 	C:\WINDOWS\System32\WS2_32.dll
0x00007ffa7a310000 - 0x00007ffa7a36e000 	C:\WINDOWS\SYSTEM32\POWRPROF.dll
0x00007ffa704a0000 - 0x00007ffa704ab000 	C:\WINDOWS\SYSTEM32\VERSION.dll
0x00007ffa61e60000 - 0x00007ffa61e96000 	C:\WINDOWS\SYSTEM32\WINMM.dll
0x00007ffa7a2f0000 - 0x00007ffa7a304000 	C:\WINDOWS\SYSTEM32\UMPDC.dll
0x00007ffa79220000 - 0x00007ffa7923b000 	C:\WINDOWS\SYSTEM32\kernel.appcore.dll
0x00007ffa6a5b0000 - 0x00007ffa6a5ba000 	C:\Program Files\Processing\app\resources\jdk-17.0.14+7\bin\jimage.dll
0x00007ffa72470000 - 0x00007ffa726b2000 	C:\WINDOWS\SYSTEM32\DBGHELP.DLL
0x00007ffa7c870000 - 0x00007ffa7cbf3000 	C:\WINDOWS\System32\combase.dll
0x00007ffa7bc30000 - 0x00007ffa7bd09000 	C:\WINDOWS\System32\OLEAUT32.dll
0x00007ffa410a0000 - 0x00007ffa410db000 	C:\WINDOWS\SYSTEM32\dbgcore.DLL
0x00007ffa7aa70000 - 0x00007ffa7ab18000 	C:\WINDOWS\System32\bcryptPrimitives.dll
0x00007ffa478a0000 - 0x00007ffa478db000 	C:\Program Files\Processing\app\resources\jdk-17.0.14+7\bin\jdwp.dll
0x00007ffa4c330000 - 0x00007ffa4c355000 	C:\Program Files\Processing\app\resources\jdk-17.0.14+7\bin\java.dll
0x00007ffa41a00000 - 0x00007ffa41ad7000 	C:\Program Files\Processing\app\resources\jdk-17.0.14+7\bin\jsvml.dll
0x00007ffa7c0f0000 - 0x00007ffa7c85e000 	C:\WINDOWS\System32\SHELL32.dll
0x00007ffa7ac70000 - 0x00007ffa7b4dc000 	C:\WINDOWS\System32\windows.storage.dll
0x00007ffa7d730000 - 0x00007ffa7d826000 	C:\WINDOWS\System32\SHCORE.dll
0x00007ffa7d210000 - 0x00007ffa7d276000 	C:\WINDOWS\System32\shlwapi.dll
0x00007ffa7a3b0000 - 0x00007ffa7a3d9000 	C:\WINDOWS\SYSTEM32\profapi.dll
0x00007ffa4d410000 - 0x00007ffa4d41c000 	C:\Program Files\Processing\app\resources\jdk-17.0.14+7\bin\dt_socket.dll
0x00007ffa78c30000 - 0x00007ffa78c62000 	C:\WINDOWS\SYSTEM32\IPHLPAPI.DLL
0x00007ffa79790000 - 0x00007ffa797fc000 	C:\WINDOWS\system32\mswsock.dll
0x00007ffa4ce10000 - 0x00007ffa4ce29000 	C:\Program Files\Processing\app\resources\jdk-17.0.14+7\bin\net.dll
0x00007ffa775b0000 - 0x00007ffa776d9000 	C:\WINDOWS\SYSTEM32\WINHTTP.dll
0x00007ffa4cd70000 - 0x00007ffa4cd86000 	C:\Program Files\Processing\app\resources\jdk-17.0.14+7\bin\nio.dll
0x00007ffa47880000 - 0x00007ffa47898000 	C:\Program Files\Processing\app\resources\jdk-17.0.14+7\bin\zip.dll
0x00007ffa24050000 - 0x00007ffa241e0000 	C:\Program Files\Processing\app\resources\jdk-17.0.14+7\bin\awt.dll
0x00007ffa76060000 - 0x00007ffa76100000 	C:\WINDOWS\SYSTEM32\apphelp.dll
0x00007ffa77ee0000 - 0x00007ffa77f8a000 	C:\WINDOWS\system32\uxtheme.dll
0x00007ffa7b890000 - 0x00007ffa7b9ec000 	C:\WINDOWS\System32\MSCTF.dll
0x00007ffa7ba40000 - 0x00007ffa7bbd7000 	C:\WINDOWS\System32\ole32.dll
0x00007ffa781d0000 - 0x00007ffa781ff000 	C:\WINDOWS\system32\DWMAPI.DLL
0x00007ffa33d40000 - 0x00007ffa33e4f000 	C:\WINDOWS\system32\opengl32.dll
0x00007ffa36620000 - 0x00007ffa3664d000 	C:\WINDOWS\SYSTEM32\GLU32.dll
0x00007ffa77ff0000 - 0x00007ffa78035000 	C:\WINDOWS\SYSTEM32\dxcore.dll
0x00007ffa79a70000 - 0x00007ffa79a8b000 	C:\WINDOWS\SYSTEM32\CRYPTSP.dll
0x00007ffa79180000 - 0x00007ffa791b9000 	C:\WINDOWS\system32\rsaenh.dll
0x00007ffa79840000 - 0x00007ffa79873000 	C:\WINDOWS\SYSTEM32\USERENV.dll
0x00007ffa7a380000 - 0x00007ffa7a3aa000 	C:\WINDOWS\SYSTEM32\bcrypt.dll
0x00007ffa79a90000 - 0x00007ffa79a9c000 	C:\WINDOWS\SYSTEM32\CRYPTBASE.dll
0x00007ffa7cc00000 - 0x00007ffa7cc0a000 	C:\WINDOWS\System32\NSI.dll
0x00007ffa77800000 - 0x00007ffa7781d000 	C:\WINDOWS\SYSTEM32\dhcpcsvc6.DLL
0x00007ffa77750000 - 0x00007ffa77775000 	C:\WINDOWS\SYSTEM32\dhcpcsvc.DLL
0x00007ffa78ce0000 - 0x00007ffa78e12000 	C:\WINDOWS\SYSTEM32\DNSAPI.dll
0x00007ffa44850000 - 0x00007ffa44863000 	C:\Users\danil\AppData\Local\Temp\jogamp_0000\file_cache\jln11642063573072234549\jln8376457248581117076\natives\windows-amd64\gluegen_rt.dll
0x00007ffa4d400000 - 0x00007ffa4d407000 	C:\Program Files\Processing\app\resources\jdk-17.0.14+7\bin\jawt.dll
0x00007ffa4cd50000 - 0x00007ffa4cd5d000 	C:\Users\danil\AppData\Local\Temp\jogamp_0000\file_cache\jln11642063573072234549\jln8376457248581117076\natives\windows-amd64\nativewindow_awt.dll
0x00007ffa419e0000 - 0x00007ffa419f5000 	C:\Users\danil\AppData\Local\Temp\jogamp_0000\file_cache\jln11642063573072234549\jln8376457248581117076\natives\windows-amd64\nativewindow_win32.dll
0x00007ffa3fac0000 - 0x00007ffa3fb43000 	C:\Users\danil\AppData\Local\Temp\jogamp_0000\file_cache\jln11642063573072234549\jln8376457248581117076\natives\windows-amd64\jogl_desktop.dll
0x00007ffa24380000 - 0x00007ffa243d2000 	C:\Users\danil\AppData\Local\Temp\jogamp_0000\file_cache\jln11642063573072234549\jln8376457248581117076\natives\windows-amd64\jogl_mobile.dll
0x00007ffa73470000 - 0x00007ffa734d1000 	C:\WINDOWS\SYSTEM32\directxdatabasehelper.dll
0x00007ffa665e0000 - 0x00007ffa665fd000 	C:\WINDOWS\SYSTEM32\windows.staterepositorycore.dll
0x00007ff9b0460000 - 0x00007ff9b1433000 	C:\WINDOWS\System32\DriverStore\FileRepository\iigd_dch.inf_amd64_225f37aa3862fc3f\igxelpicd64.dll
0x00007ffa78040000 - 0x00007ffa7817e000 	C:\WINDOWS\system32\dxgi.dll
0x00007ff9ec6a0000 - 0x00007ff9ecb27000 	C:\WINDOWS\System32\DriverStore\FileRepository\iigd_dch.inf_amd64_225f37aa3862fc3f\igdml64.dll
0x00007ffa7a000000 - 0x00007ffa7a051000 	C:\WINDOWS\SYSTEM32\cfgmgr32.dll
0x00007ffa704b0000 - 0x00007ffa70871000 	C:\WINDOWS\System32\DriverStore\FileRepository\iigd_dch.inf_amd64_225f37aa3862fc3f\igdgmm64.dll
0x00007ffa6d290000 - 0x00007ffa70496000 	C:\WINDOWS\System32\DriverStore\FileRepository\iigd_dch.inf_amd64_225f37aa3862fc3f\igc64.dll
0x00007ffa41800000 - 0x00007ffa41819000 	C:\Users\danil\AppData\Local\Temp\jogamp_0000\file_cache\jln11642063573072234549\jln8376457248581117076\natives\windows-amd64\newt_head.dll
0x00007ffa6bce0000 - 0x00007ffa6bd9f000 	C:\WINDOWS\SYSTEM32\mscms.dll
0x00007ffa111b0000 - 0x00007ffa111f9000 	C:\WINDOWS\SYSTEM32\icm32.dll
0x00007ffa7cc70000 - 0x00007ffa7d0f7000 	C:\WINDOWS\System32\setupapi.dll
0x00007ffa79fd0000 - 0x00007ffa79ffd000 	C:\WINDOWS\SYSTEM32\DEVOBJ.dll
0x00007ffa7b4e0000 - 0x00007ffa7b562000 	C:\WINDOWS\System32\WINTRUST.dll
0x00007ffa7b660000 - 0x00007ffa7b7d8000 	C:\WINDOWS\System32\CRYPT32.dll
0x00007ffa79ba0000 - 0x00007ffa79bb3000 	C:\WINDOWS\SYSTEM32\MSASN1.dll
0x00007ffa4d4c0000 - 0x00007ffa4d606000 	C:\WINDOWS\SYSTEM32\textinputframework.dll
0x00007ffa76ea0000 - 0x00007ffa76fc7000 	C:\WINDOWS\SYSTEM32\CoreMessaging.dll
0x00007ffa726c0000 - 0x00007ffa729a2000 	C:\WINDOWS\SYSTEM32\CoreUIComponents.dll
0x00007ffa737b0000 - 0x00007ffa7391a000 	C:\WINDOWS\SYSTEM32\wintypes.dll

dbghelp: loaded successfully - version: 4.0.5 - missing functions: none
symbol engine: initialized successfully - sym options: 0x614 - pdb path: .;C:\Program Files\Processing\app\resources\jdk-17.0.14+7\bin;C:\WINDOWS\SYSTEM32;C:\WINDOWS\WinSxS\amd64_microsoft.windows.common-controls_6595b64144ccf1df_6.0.26100.8457_none_3e0b2faee331e92d;C:\Program Files\Processing\app\resources\jdk-17.0.14+7\bin\server;C:\Users\danil\AppData\Local\Temp\jogamp_0000\file_cache\jln11642063573072234549\jln8376457248581117076\natives\windows-amd64;C:\WINDOWS\System32\DriverStore\FileRepository\iigd_dch.inf_amd64_225f37aa3862fc3f

VM Arguments:
jvm_args: -agentlib:jdwp=transport=dt_socket,address=8088,server=y,suspend=y,quiet=y -Xms64m -Xmx1024m -Djna.nosys=true -Djava.library.path=;C:\Program Files\Processing\app\resources\core\library;C:\Program Files\Processing;C:\WINDOWS\system32;C:\WINDOWS;C:\Program Files\PlasticSCM5\server;C:\Program Files\PlasticSCM5\client;C:\Program Files\Common Files\Oracle\Java\javapath;C:\Program Files (x86)\Common Files\Oracle\Java\javapath;C:\Windows\System32\HWAudioDriverLibs;C:\Windows\system32;C:\Windows;C:\Windows\System32\Wbem;C:\Windows\System32\WindowsPowerShell\v1.0;C:\Windows\System32\OpenSSH;C:\Program Files\Microsoft SQL Server\150\Tools\Binn;C:\Program Files\Microsoft SQL Server\Client SDK\ODBC\170\Tools\Binn;C:\Program Files\dotnet;D:\Windows Kits\10\Windows Performance Toolkit;C:\Program Files\Java\jdk-23\bin;C:\WINDOWS\system32;C:\WINDOWS;C:\WINDOWS\System32\Wbem;C:\WINDOWS\System32\WindowsPowerShell\v1.0;C:\WINDOWS\System32\OpenSSH;C:\Program Files\nodejs;C:\Program Files\Docker\Docker\resources\bin;C:\Program Files\TortoiseGit\bin;C:\Program Files\Git\cmd;C:\Users\danil\AppData\Local\Programs\Python\Python312\Scripts;C:\Users\danil\AppData\Local\Programs\Python\Python312;C:\Users\danil\AppData\Local\Microsoft\WindowsApps;C:\Users\danil\AppData\Local\Programs\Microsoft VS Code\bin;C:\Users\danil\AppData\Roaming\npm;D:\DataBase\18\bin;C:\Program Files\Processing\app;. -ea 
java_command: processing.core.PApplet --editor-location=-7,-7 --external --display=1 --sketch-path=C:\Users\danil\Desktop\Gravity_simul Gravity_simul
java_class_path (initial): C:\Users\danil\AppData\Local\Temp\processing\Gravity_simul7458564897006761648temp;C:\Program Files\Processing\app\resources\core\library\annotations-13.0.jar;C:\Program Files\Processing\app\resources\core\library\antlr-2.7.7.jar;C:\Program Files\Processing\app\resources\core\library\core-4.4.1.jar;C:\Program Files\Processing\app\resources\core\library\gluegen-rt-2.5.0-natives-android-aarch64.jar;C:\Program Files\Processing\app\resources\core\library\gluegen-rt-2.5.0-natives-linux-aarch64.jar;C:\Program Files\Processing\app\resources\core\library\gluegen-rt-2.5.0-natives-linux-amd64.jar;C:\Program Files\Processing\app\resources\core\library\gluegen-rt-2.5.0-natives-linux-armv6hf.jar;C:\Program Files\Processing\app\resources\core\library\gluegen-rt-2.5.0-natives-macosx-universal.jar;C:\Program Files\Processing\app\resources\core\library\gluegen-rt-2.5.0-natives-windows-amd64.jar;C:\Program Files\Processing\app\resources\core\library\gluegen-rt-2.5.0.jar;C:\Program Files\Processing\app\resources\core\library\gluegen-rt-main-2.5.0.jar;C:\Program Files\Processing\app\resources\core\library\jogl-all-2.5.0-natives-android-aarch64.jar;C:\Program Files\Processing\app\resources\core\library\jogl-all-2.5.0-natives-linux-aarch64.jar;C:\Program Files\Processing\app\resources\core\library\jogl-all-2.5.0-natives-linux-amd64.jar;C:\Program Files\Processing\app\resources\core\library\jogl-all-2.5.0-natives-linux-armv6hf.jar;C:\Program Files\Processing\app\resources\core\library\jogl-all-2.5.0-natives-macosx-universal.jar;C:\Program Files\Processing\app\resources\core\library\jogl-all-2.5.0-natives-windows-amd64.jar;C:\Program Files\Processing\app\resources\core\library\jogl-all-2.5.0.jar;C:\Program Files\Processing\app\resources\core\library\jogl-all-main-2.5.0.jar;C:\Program Files\Processing\app\resources\core\library\kotlin-stdlib-2.0.20.jar
Launcher Type: SUN_STANDARD

[Global flags]
     intx CICompilerCount                          = 4                                         {product} {ergonomic}
     uint ConcGCThreads                            = 2                                         {product} {ergonomic}
     uint G1ConcRefinementThreads                  = 8                                         {product} {ergonomic}
   size_t G1HeapRegionSize                         = 1048576                                   {product} {ergonomic}
    uintx GCDrainStackTargetSize                   = 64                                        {product} {ergonomic}
   size_t InitialHeapSize                          = 67108864                                  {product} {command line}
   size_t MarkStackSize                            = 4194304                                   {product} {ergonomic}
   size_t MaxHeapSize                              = 1073741824                                {product} {command line}
   size_t MaxNewSize                               = 643825664                                 {product} {ergonomic}
   size_t MinHeapDeltaBytes                        = 1048576                                   {product} {ergonomic}
   size_t MinHeapSize                              = 67108864                                  {product} {command line}
    uintx NonNMethodCodeHeapSize                   = 5839372                                {pd product} {ergonomic}
    uintx NonProfiledCodeHeapSize                  = 122909434                              {pd product} {ergonomic}
    uintx ProfiledCodeHeapSize                     = 122909434                              {pd product} {ergonomic}
    uintx ReservedCodeCacheSize                    = 251658240                              {pd product} {ergonomic}
     bool SegmentedCodeCache                       = true                                      {product} {ergonomic}
   size_t SoftMaxHeapSize                          = 1073741824                             {manageable} {ergonomic}
     bool UseCompressedClassPointers               = true                           {product lp64_product} {ergonomic}
     bool UseCompressedOops                        = true                           {product lp64_product} {ergonomic}
     bool UseG1GC                                  = true                                      {product} {ergonomic}
     bool UseLargePagesIndividualAllocation        = false                                  {pd product} {ergonomic}

Logging:
Log output configuration:
 #0: stdout all=off uptime,level,tags
 #1: stderr all=off uptime,level,tags

Environment Variables:
JAVA_HOME=C:\Program Files\Java\jdk-23
PATH=C:\Program Files\PlasticSCM5\server;C:\Program Files\PlasticSCM5\client;C:\Program Files\Common Files\Oracle\Java\javapath;C:\Program Files (x86)\Common Files\Oracle\Java\javapath;C:\Windows\System32\HWAudioDriverLibs;C:\Windows\system32;C:\Windows;C:\Windows\System32\Wbem;C:\Windows\System32\WindowsPowerShell\v1.0\;C:\Windows\System32\OpenSSH\;C:\Users\Administrator\AppData\Local\Microsoft\WindowsApps;C:\Program Files\Microsoft SQL Server\150\Tools\Binn\;C:\Program Files\Microsoft SQL Server\Client SDK\ODBC\170\Tools\Binn\;C:\Program Files\dotnet\;D:\Windows Kits\10\Windows Performance Toolkit\;C:\Program Files\Java\jdk-23\bin;C:\WINDOWS\system32;C:\WINDOWS;C:\WINDOWS\System32\Wbem;C:\WINDOWS\System32\WindowsPowerShell\v1.0\;C:\WINDOWS\System32\OpenSSH\;C:\Program Files\nodejs\;C:\Program Files\Docker\Docker\resources\bin;C:\Program Files\TortoiseGit\bin;C:\Program Files\Git\cmd;C:\Users\danil\AppData\Local\Programs\Python\Python312\Scripts\;C:\Users\danil\AppData\Local\Programs\Python\Python312\;C:\Users\danil\AppData\Local\Microsoft\WindowsApps;C:\Users\danil\.dotnet\tools;C:\Users\danil\AppData\Local\Programs\Microsoft VS Code\bin;C:\Users\danil\AppData\Roaming\npm;D:\DataBase\18\bin;C:\Program Files\Processing\app
USERNAME=danil
OS=Windows_NT
PROCESSOR_IDENTIFIER=Intel64 Family 6 Model 140 Stepping 2, GenuineIntel
TMP=C:\Users\danil\AppData\Local\Temp
TEMP=C:\Users\danil\AppData\Local\Temp



Periodic native trim disabled


---------------  S Y S T E M  ---------------

OS:
 Windows 11 , 64 bit Build 26100 (10.0.26100.8328)
OS uptime: 0 days 3:59 hours
Hyper-V role detected

CPU: total 8 (initial active 8) (4 cores per cpu, 2 threads per core) family 6 model 140 stepping 2 microcode 0x16, cx8, cmov, fxsr, ht, mmx, 3dnowpref, sse, sse2, sse3, ssse3, sse4.1, sse4.2, popcnt, lzcnt, tsc, tscinvbit, avx, avx2, aes, erms, clmul, bmi1, bmi2, adx, avx512f, avx512dq, avx512cd, avx512bw, avx512vl, sha, fma, vzeroupper, avx512_vpopcntdq, avx512_vpclmulqdq, avx512_vaes, avx512_vnni, clflush, clflushopt, clwb, avx512_vbmi2, avx512_vbmi, hv
Processor Information for all 8 processors :
  Max Mhz: 2496, Current Mhz: 2496, Mhz Limit: 2496

Memory: 4k page, system-wide physical 7975M (2330M free)
TotalPageFile size 17703M (AvailPageFile size 8076M)
current process WorkingSet (physical memory assigned to process): 724M, peak: 738M
current process commit charge ("private bytes"): 735M, peak: 760M

vm_info: OpenJDK 64-Bit Server VM (17.0.14+7) for windows-amd64 JRE (17.0.14+7), built on Jan 21 2025 23:40:15 by "admin" with MS VC++ 17.7 (VS2022)

END.
