#
# A fatal error has been detected by the Java Runtime Environment:
#
#  EXCEPTION_ACCESS_VIOLATION (0xc0000005) at pc=0x00007ff9b069b386, pid=30800, tid=34784
#
# JRE version: OpenJDK Runtime Environment Temurin-17.0.14+7 (17.0.14+7) (build 17.0.14+7)
# Java VM: OpenJDK 64-Bit Server VM Temurin-17.0.14+7 (17.0.14+7, mixed mode, sharing, tiered, compressed oops, compressed class ptrs, g1 gc, windows-amd64)
# Problematic frame:
# C  [igxelpicd64.dll+0x23b386]
#
# No core dump will be written. Minidumps are not enabled by default on client versions of Windows
#
# If you would like to submit a bug report, please visit:
#   https://github.com/adoptium/adoptium-support/issues
#

---------------  S U M M A R Y ------------

Command Line: -agentlib:jdwp=transport=dt_socket,address=8501,server=y,suspend=y,quiet=y -Xms64m -Xmx1024m -Djna.nosys=true -Djava.library.path=;C:\Program Files\Processing\app\resources\core\library;C:\Program Files\Processing;C:\WINDOWS\system32;C:\WINDOWS;C:\Program Files\PlasticSCM5\server;C:\Program Files\PlasticSCM5\client;C:\Program Files\Common Files\Oracle\Java\javapath;C:\Program Files (x86)\Common Files\Oracle\Java\javapath;C:\Windows\System32\HWAudioDriverLibs;C:\Windows\system32;C:\Windows;C:\Windows\System32\Wbem;C:\Windows\System32\WindowsPowerShell\v1.0;C:\Windows\System32\OpenSSH;C:\Program Files\Microsoft SQL Server\150\Tools\Binn;C:\Program Files\Microsoft SQL Server\Client SDK\ODBC\170\Tools\Binn;C:\Program Files\dotnet;D:\Windows Kits\10\Windows Performance Toolkit;C:\Program Files\Java\jdk-23\bin;C:\WINDOWS\system32;C:\WINDOWS;C:\WINDOWS\System32\Wbem;C:\WINDOWS\System32\WindowsPowerShell\v1.0;C:\WINDOWS\System32\OpenSSH;C:\Program Files\nodejs;C:\Program Files\Docker\Docker\resources\bin;C:\Program Files\TortoiseGit\bin;C:\Program Files\Git\cmd;C:\Users\danil\AppData\Local\Programs\Python\Python312\Scripts;C:\Users\danil\AppData\Local\Programs\Python\Python312;C:\Users\danil\AppData\Local\Microsoft\WindowsApps;C:\Users\danil\AppData\Local\Programs\Microsoft VS Code\bin;C:\Users\danil\AppData\Roaming\npm;D:\DataBase\18\bin;C:\Program Files\Processing\app;. -ea processing.core.PApplet --editor-location=-7,-7 --external --display=1 --sketch-path=C:\Users\danil\Desktop\Gravity_simul Gravity_simul

Host: 11th Gen Intel(R) Core(TM) i5-1155G7 @ 2.50GHz, 8 cores, 7G,  Windows 11 , 64 bit Build 26100 (10.0.26100.8328)
Time: Sun Jun 28 00:16:12 2026 RTZ 3 (s 11 , 64 bit Build 26100 (10.0.26100.8328) elapsed time: 25.282593 seconds (0d 0h 0m 25s)

---------------  T H R E A D  ---------------

Current thread (0x00000251fbafed80):  VMThread "VM Thread" [stack: 0x000000a9ddd00000,0x000000a9dde00000] [id=34784]

Stack: [0x000000a9ddd00000,0x000000a9dde00000],  sp=0x000000a9dddfe470,  free space=1017k
Native frames: (J=compiled Java code, j=interpreted, Vv=VM code, C=native code)
C  [igxelpicd64.dll+0x23b386]


siginfo: EXCEPTION_ACCESS_VIOLATION (0xc0000005), reading address 0x0000000000035468


Registers:
RAX=0x00000251c8443ac0, RBX=0x00000251c525afc0, RCX=0x0000000000000004, RDX=0x0000000000000000
RSP=0x000000a9dddfe470, RBP=0x0000000000000000, RSI=0x00000251c84438c0, RDI=0x00000251c57c3720
R8 =0x00000251c84439c0, R9 =0x000000a9dd396000, R10=0x0000000000000000, R11=0x0000000000000246
R12=0x00000251c84438c0, R13=0x0000000000000000, R14=0x00000251c8443e08, R15=0x00000251c8444a30
RIP=0x00007ff9b069b386, EFLAGS=0x0000000000010206


Register to memory mapping:

RIP=0x00007ff9b069b386 igxelpicd64.dll
RAX=0x00000251c8443ac0 points into unknown readable memory: 0x000000000002bfa2 | a2 bf 02 00 00 00 00 00
RBX=0x00000251c525afc0 points into unknown readable memory: 0xffffffffffffffff | ff ff ff ff ff ff ff ff
RCX=0x0000000000000004 is an unknown value
RDX=0x0 is NULL
RSP=0x000000a9dddfe470 points into unknown readable memory: 0x00000251c525afc0 | c0 af 25 c5 51 02 00 00
RBP=0x0 is NULL
RSI=0x00000251c84438c0 points into unknown readable memory: 0x00000251c5d78070 | 70 80 d7 c5 51 02 00 00
RDI=0x00000251c57c3720 points into unknown readable memory: 0x0000000000000000 | 00 00 00 00 00 00 00 00
R8 =0x00000251c84439c0 points into unknown readable memory: 0x0000000000000000 | 00 00 00 00 00 00 00 00
R9 =0x000000a9dd396000 points into unknown readable memory: 0x0000000000000000 | 00 00 00 00 00 00 00 00
R10=0x0 is NULL
R11=0x0000000000000246 is an unknown value
R12=0x00000251c84438c0 points into unknown readable memory: 0x00000251c5d78070 | 70 80 d7 c5 51 02 00 00
R13=0x0 is NULL
R14=0x00000251c8443e08 points into unknown readable memory: 0x00000251c8444a30 | 30 4a 44 c8 51 02 00 00
R15=0x00000251c8444a30 points into unknown readable memory: 0x00000251c5d78070 | 70 80 d7 c5 51 02 00 00


Top of Stack: (sp=0x000000a9dddfe470)
0x000000a9dddfe470:   00000251c525afc0 0255429d03862e9d
0x000000a9dddfe480:   0391939f00929d9d 0250f39f03309c9f
0x000000a9dddfe490:   0000001603000000 0000000000000000
0x000000a9dddfe4a0:   032b66a303b02aa3 0365e2a3036987a3
0x000000a9dddfe4b0:   00000251c525afc0 031d81a403732ea4
0x000000a9dddfe4c0:   032a3ea502743ca5 02de81a503725aa5
0x000000a9dddfe4d0:   02db39a602a81ca6 0353bba603a49ca6
0x000000a9dddfe4e0:   00b3e9a603a7cba6 039039a700a836a7
0x000000a9dddfe4f0:   0326f4a70133c2a7 031e5ea90399e2a8
0x000000a9dddfe500:   036a28aa035e61a9 035b9aaa02fe53aa
0x000000a9dddfe510:   022dceaa02eccdaa 02fe53ab02bf12ab
0x000000a9dddfe520:   02b97dab02e266ab 036fedab021f82ab
0x000000a9dddfe530:   03990eac01e702ac 02c01eac039d16ac
0x000000a9dddfe540:   01d979ac034833ac 02db8cac03a986ac
0x000000a9dddfe550:   036602ad03a4d0ac 00007ffa7dbc5b54
0x000000a9dddfe560:   0000000000000000 0000000000000000
0x000000a9dddfe570:   000000a9dddfe710 00007ffa7be21259
0x000000a9dddfe580:   000000a9dddfe608 0000000000000000
0x000000a9dddfe590:   0000000000000054 0000000000000000
0x000000a9dddfe5a0:   032eb8b1029d98b1 00007ffa7dbc5cc4
0x000000a9dddfe5b0:   039650b302c0ccb2 005273b3035461b3
0x000000a9dddfe5c0:   0000ae6fa8cc63ac 036c27b5039305b5
0x000000a9dddfe5d0:   00000251c82f05b8 000000000002c012
0x000000a9dddfe5e0:   0000000000000000 0000000000000016
0x000000a9dddfe5f0:   0000000000000000 0000000000000000
0x000000a9dddfe600:   000000a9dddfe710 00007ff9b06c82ae
0x000000a9dddfe610:   00000251c57c3720 0000000000000000
0x000000a9dddfe620:   00000251c57c3720 0329a6bb033875bb
0x000000a9dddfe630:   000000a900001494 0000740400840000
0x000000a9dddfe640:   0000000000000000 033838be036430be
0x000000a9dddfe650:   02aa5abe029d43be 03a6fcbe02eec1be
0x000000a9dddfe660:   038ec2bf02f831bf 00ad46c00276c4bf 

Instructions: (pc=0x00007ff9b069b386)
0x00007ff9b069b286:   00 90 4c 8b bf 80 02 00 00 48 8b 05 9a 85 bd 00
0x00007ff9b069b296:   8b 80 c8 0a 00 00 89 44 24 24 c6 44 24 20 00 48
0x00007ff9b069b2a6:   c7 87 80 02 00 00 00 00 00 00 c7 87 88 02 00 00
0x00007ff9b069b2b6:   00 00 00 00 48 c7 87 a0 02 00 00 00 00 00 00 48
0x00007ff9b069b2c6:   c7 87 90 02 00 00 00 00 00 00 48 85 ed 75 3d 8b
0x00007ff9b069b2d6:   35 0d 77 cd 00 65 48 8b 04 25 58 00 00 00 b9 14
0x00007ff9b069b2e6:   00 00 00 48 8b 04 f0 40 38 2c 01 0f 84 c9 e7 75
0x00007ff9b069b2f6:   00 65 48 8b 04 25 58 00 00 00 bd 20 00 00 00 48
0x00007ff9b069b306:   8b 04 f0 48 8b 2c 28 48 89 6c 24 28 48 3b 2d 07
0x00007ff9b069b316:   9b cd 00 0f 84 9b 10 00 00 4d 85 ff 0f 84 3a 01
0x00007ff9b069b326:   00 00 0f 1f 84 00 00 00 00 00 49 8b f7 4d 8b e7
0x00007ff9b069b336:   4d 8d b7 48 05 00 00 4d 8b 3e 45 84 ed 0f 85 d9
0x00007ff9b069b346:   0e 00 00 8b 8f d0 01 00 00 48 8b 05 da 84 bd 00
0x00007ff9b069b356:   83 b8 64 03 00 00 02 75 34 4d 8d 84 24 00 01 00
0x00007ff9b069b366:   00 83 f9 10 0f 83 3a 01 00 00 8b c1 48 c1 e0 06
0x00007ff9b069b376:   49 03 c0 48 85 c0 0f 84 9b 01 00 00 48 8b 50 08
0x00007ff9b069b386:   48 3b 95 68 54 03 00 0f 87 b6 0e 00 00 48 83 be
0x00007ff9b069b396:   c0 05 00 00 00 0f 85 50 e7 75 00 44 8b 8f d0 01
0x00007ff9b069b3a6:   00 00 48 8b 87 e8 01 00 00 4c 8b 00 8b 8f d0 01
0x00007ff9b069b3b6:   00 00 48 8d 9e 00 01 00 00 83 f9 10 0f 83 1e 01
0x00007ff9b069b3c6:   00 00 8b c1 48 c1 e0 06 48 03 c3 48 85 c0 0f 84
0x00007ff9b069b3d6:   4a 01 00 00 4c 39 40 08 0f 86 40 01 00 00 48 8b
0x00007ff9b069b3e6:   87 80 02 00 00 49 89 06 48 89 b7 80 02 00 00 ff
0x00007ff9b069b3f6:   87 88 02 00 00 48 8b 4e 08 48 8b 01 ba 01 00 00
0x00007ff9b069b406:   00 48 8b 80 e0 02 00 00 ff 15 f4 c1 88 00 0f b7
0x00007ff9b069b416:   c8 48 2b c1 48 05 00 00 01 00 48 01 87 90 02 00
0x00007ff9b069b426:   00 48 8b 4e 08 48 8b 01 ba 01 00 00 00 48 8b 80
0x00007ff9b069b436:   e0 02 00 00 ff 15 c8 c1 88 00 48 01 87 a0 02 00
0x00007ff9b069b446:   00 0f b6 54 24 20 4d 85 ff 0f 85 db fe ff ff 84
0x00007ff9b069b456:   d2 0f 85 37 0f 00 00 48 8b 5c 24 40 48 8b cf 80
0x00007ff9b069b466:   7c 24 22 00 0f 85 40 0f 00 00 e8 3b f9 ff ff 90
0x00007ff9b069b476:   48 8b cb ff 15 99 bc 88 00 48 8b 8c 24 50 01 00 


Stack slot to memory mapping:
stack at sp + 0 slots: 0x00000251c525afc0 points into unknown readable memory: 0xffffffffffffffff | ff ff ff ff ff ff ff ff
stack at sp + 1 slots: 0x0255429d03862e9d is an unknown value
stack at sp + 2 slots: 0x0391939f00929d9d is an unknown value
stack at sp + 3 slots: 0x0250f39f03309c9f is an unknown value
stack at sp + 4 slots: 0x0000001603000000 is an unknown value
stack at sp + 5 slots: 0x0 is NULL
stack at sp + 6 slots: 0x032b66a303b02aa3 is an unknown value
stack at sp + 7 slots: 0x0365e2a3036987a3 is an unknown value

VM_Operation (0x000000a9dfffe880): Exit, mode: safepoint, requested by thread 0x00000251c80f63d0


---------------  P R O C E S S  ---------------

Threads class SMR info:
_java_thread_list=0x00000251c778a230, length=39, elements={
0x00000251fbb036f0, 0x00000251fbb05dd0, 0x00000251fbb1d150, 0x00000251fbb1d720,
0x00000251fbb1dcf0, 0x00000251fbb242e0, 0x00000251fbb26bf0, 0x00000251fbb2f2c0,
0x00000251fbb47120, 0x00000251c524cf10, 0x00000251c524f800, 0x00000251c5253e80,
0x00000251c5254570, 0x00000251c52670d0, 0x00000251c576c1c0, 0x00000251c5957000,
0x00000251c80f63d0, 0x00000251c7bc7100, 0x00000251c7bc9e90, 0x00000251c7bc7610,
0x00000251c7bc8a50, 0x00000251c7bc8f60, 0x00000251c7bca3a0, 0x00000251c7bc8030,
0x00000251c7bc7b20, 0x00000251c7bc8540, 0x00000251c7bc9470, 0x00000251c7bc9980,
0x00000251c7bc6bf0, 0x00000251d8a42120, 0x00000251d8a42630, 0x00000251d8a449a0,
0x00000251d8a43f80, 0x00000251d8a44eb0, 0x00000251d8a43050, 0x00000251d8a43560,
0x00000251d8a44490, 0x00000251d8a453c0, 0x00000251d8a49080
}

Java Threads: ( => current thread )
  0x00000251fbb036f0 JavaThread "Reference Handler" daemon [_thread_blocked, id=34796, stack(0x000000a9dde00000,0x000000a9ddf00000)]
  0x00000251fbb05dd0 JavaThread "Finalizer" daemon [_thread_blocked, id=31584, stack(0x000000a9ddf00000,0x000000a9de000000)]
  0x00000251fbb1d150 JavaThread "Signal Dispatcher" daemon [_thread_blocked, id=30780, stack(0x000000a9de000000,0x000000a9de100000)]
  0x00000251fbb1d720 JavaThread "Attach Listener" daemon [_thread_blocked, id=34896, stack(0x000000a9de100000,0x000000a9de200000)]
  0x00000251fbb1dcf0 JavaThread "Service Thread" daemon [_thread_blocked, id=34780, stack(0x000000a9de200000,0x000000a9de300000)]
  0x00000251fbb242e0 JavaThread "Monitor Deflation Thread" daemon [_thread_blocked, id=34872, stack(0x000000a9de300000,0x000000a9de400000)]
  0x00000251fbb26bf0 JavaThread "C2 CompilerThread0" daemon [_thread_blocked, id=35060, stack(0x000000a9de400000,0x000000a9de500000)]
  0x00000251fbb2f2c0 JavaThread "C1 CompilerThread0" daemon [_thread_blocked, id=6056, stack(0x000000a9de500000,0x000000a9de600000)]
  0x00000251fbb47120 JavaThread "Sweeper thread" daemon [_thread_blocked, id=30816, stack(0x000000a9de600000,0x000000a9de700000)]
  0x00000251c524cf10 JavaThread "JDWP Transport Listener: dt_socket" daemon [_thread_blocked, id=31612, stack(0x000000a9de700000,0x000000a9de800000)]
  0x00000251c524f800 JavaThread "JDWP Event Helper Thread" daemon [_thread_blocked, id=30580, stack(0x000000a9de800000,0x000000a9de900000)]
  0x00000251c5253e80 JavaThread "JDWP Command Reader" daemon [_thread_blocked, id=43012, stack(0x000000a9de900000,0x000000a9dea00000)]
  0x00000251c5254570 JavaThread "Notification Thread" daemon [_thread_blocked, id=18224, stack(0x000000a9dea00000,0x000000a9deb00000)]
  0x00000251c52670d0 JavaThread "Common-Cleaner" daemon [_thread_blocked, id=27104, stack(0x000000a9dec00000,0x000000a9ded00000)]
  0x00000251c576c1c0 JavaThread "Java2D Disposer" daemon [_thread_blocked, id=22312, stack(0x000000a9ded00000,0x000000a9dee00000)]
  0x00000251c5957000 JavaThread "HighResTimerThread" daemon [_thread_blocked, id=32512, stack(0x000000a9dee00000,0x000000a9def00000)]
  0x00000251c80f63d0 JavaThread "main-FPSAWTAnimator#00-Timer0" [_thread_blocked, id=32852, stack(0x000000a9dff00000,0x000000a9e0000000)]
  0x00000251c7bc7100 JavaThread "DestroyJavaVM" [_thread_blocked, id=24912, stack(0x000000a9dd700000,0x000000a9dd800000)]
  0x00000251c7bc9e90 JavaThread "pool-1-thread-1" [_thread_blocked, id=28556, stack(0x000000a9e0100000,0x000000a9e0200000)]
  0x00000251c7bc7610 JavaThread "pool-1-thread-2" [_thread_blocked, id=24168, stack(0x000000a9e0200000,0x000000a9e0300000)]
  0x00000251c7bc8a50 JavaThread "pool-1-thread-3" [_thread_blocked, id=33404, stack(0x000000a9e0300000,0x000000a9e0400000)]
  0x00000251c7bc8f60 JavaThread "pool-1-thread-4" [_thread_blocked, id=27012, stack(0x000000a9e0400000,0x000000a9e0500000)]
  0x00000251c7bca3a0 JavaThread "pool-1-thread-5" [_thread_blocked, id=29300, stack(0x000000a9e0500000,0x000000a9e0600000)]
  0x00000251c7bc8030 JavaThread "pool-1-thread-6" [_thread_blocked, id=18780, stack(0x000000a9e0600000,0x000000a9e0700000)]
  0x00000251c7bc7b20 JavaThread "pool-1-thread-7" [_thread_blocked, id=24836, stack(0x000000a9e0700000,0x000000a9e0800000)]
  0x00000251c7bc8540 JavaThread "pool-1-thread-8" [_thread_blocked, id=20952, stack(0x000000a9e0800000,0x000000a9e0900000)]
  0x00000251c7bc9470 JavaThread "pool-1-thread-9" [_thread_blocked, id=26408, stack(0x000000a9e0900000,0x000000a9e0a00000)]
  0x00000251c7bc9980 JavaThread "pool-1-thread-10" [_thread_blocked, id=26032, stack(0x000000a9e0a00000,0x000000a9e0b00000)]
  0x00000251c7bc6bf0 JavaThread "pool-1-thread-11" [_thread_blocked, id=33212, stack(0x000000a9e0b00000,0x000000a9e0c00000)]
  0x00000251d8a42120 JavaThread "pool-1-thread-12" [_thread_blocked, id=25516, stack(0x000000a9e0c00000,0x000000a9e0d00000)]
  0x00000251d8a42630 JavaThread "pool-1-thread-13" [_thread_blocked, id=22104, stack(0x000000a9e0d00000,0x000000a9e0e00000)]
  0x00000251d8a449a0 JavaThread "pool-1-thread-14" [_thread_blocked, id=34536, stack(0x000000a9e0e00000,0x000000a9e0f00000)]
  0x00000251d8a43f80 JavaThread "pool-1-thread-15" [_thread_blocked, id=26532, stack(0x000000a9e0f00000,0x000000a9e1000000)]
  0x00000251d8a44eb0 JavaThread "pool-1-thread-16" [_thread_blocked, id=48780, stack(0x000000a9e1000000,0x000000a9e1100000)]
  0x00000251d8a43050 JavaThread "pool-1-thread-17" [_thread_blocked, id=26560, stack(0x000000a9e1100000,0x000000a9e1200000)]
  0x00000251d8a43560 JavaThread "pool-1-thread-18" [_thread_blocked, id=32452, stack(0x000000a9e1200000,0x000000a9e1300000)]
  0x00000251d8a44490 JavaThread "pool-1-thread-19" [_thread_blocked, id=30144, stack(0x000000a9e1300000,0x000000a9e1400000)]
  0x00000251d8a453c0 JavaThread "pool-1-thread-20" [_thread_blocked, id=34980, stack(0x000000a9e1400000,0x000000a9e1500000)]
  0x00000251d8a49080 JavaThread "AWT-Shutdown" [_thread_blocked, id=27564, stack(0x000000a9df100000,0x000000a9df200000)]

Other Threads:
=>0x00000251fbafed80 VMThread "VM Thread" [stack: 0x000000a9ddd00000,0x000000a9dde00000] [id=34784]
  0x00000251ddd3c540 GCTaskThread "GC Thread#0" [stack: 0x000000a9dd800000,0x000000a9dd900000] [id=31988]
  0x00000251c7940d10 GCTaskThread "GC Thread#1" [stack: 0x000000a9df600000,0x000000a9df700000] [id=30212]
  0x00000251c7940fd0 GCTaskThread "GC Thread#2" [stack: 0x000000a9df700000,0x000000a9df800000] [id=37016]
  0x00000251c7941290 GCTaskThread "GC Thread#3" [stack: 0x000000a9df800000,0x000000a9df900000] [id=31168]
  0x00000251c7941550 GCTaskThread "GC Thread#4" [stack: 0x000000a9df900000,0x000000a9dfa00000] [id=30864]
  0x00000251c7941810 GCTaskThread "GC Thread#5" [stack: 0x000000a9dfa00000,0x000000a9dfb00000] [id=33932]
  0x00000251c797ef50 GCTaskThread "GC Thread#6" [stack: 0x000000a9dfb00000,0x000000a9dfc00000] [id=25916]
  0x00000251c797f210 GCTaskThread "GC Thread#7" [stack: 0x000000a9dfc00000,0x000000a9dfd00000] [id=48248]
  0x00000251ddd45490 ConcurrentGCThread "G1 Main Marker" terminated
  0x00000251ddd46b80 ConcurrentGCThread "G1 Conc#0" [stack: 0x000000a9dda00000,0x000000a9ddb00000] [id=25528]
  0x00000251d8510800 ConcurrentGCThread "G1 Conc#1" [stack: 0x000000a9e1600000,0x000000a9e1700000] [id=35012]
  0x00000251fb9d3f50 ConcurrentGCThread "G1 Refine#0" terminated
  0x00000251fb9d4430 ConcurrentGCThread "G1 Service" terminated

Threads with active compile tasks:

VM state: at safepoint (shutting down)

VM Mutex/Monitor currently owned by a thread:  ([mutex/lock_event])
[0x00000251ddbcc870] Threads_lock - owner thread: 0x00000251fbafed80
[0x00000251ddbcc7e0] Heap_lock - owner thread: 0x00000251c80f63d0

Heap address: 0x00000000c0000000, size: 1024 MB, Compressed Oops mode: 32-bit

CDS archive(s) mapped at: [0x0000025180000000-0x0000025180bb0000-0x0000025180bb0000), size 12255232, SharedBaseAddress: 0x0000025180000000, ArchiveRelocationMode: 1.
Compressed class space mapped at: 0x0000025181000000-0x00000251c1000000, reserved size: 1073741824
Narrow klass base: 0x0000025180000000, Narrow klass shift: 0, Narrow klass range: 0x100000000

GC Precious Log:
 CPUs: 8 total, 8 available
 Memory: 7975M
 Large Page Support: Disabled
 NUMA Support: Disabled
 Compressed Oops: Enabled (32-bit)
 Heap Region Size: 1M
 Heap Min Capacity: 64M
 Heap Initial Capacity: 64M
 Heap Max Capacity: 1G
 Pre-touch: Disabled
 Parallel Workers: 8
 Concurrent Workers: 2
 Concurrent Refinement Workers: 8
 Periodic GC: Disabled

Heap:
 garbage-first heap   total 302080K, used 247795K [0x00000000c0000000, 0x0000000100000000)
  region size 1024K, 76 young (77824K), 5 survivors (5120K)
 Metaspace       used 12938K, committed 13120K, reserved 1114112K
  class space    used 918K, committed 1024K, reserved 1048576K

Heap Regions: E=young(eden), S=young(survivor), O=old, HS=humongous(starts), HC=humongous(continues), CS=collection set, F=free, OA=open archive, CA=closed archive, TAMS=top-at-mark-start (previous, next)
|   0|0x00000000c0000000, 0x00000000c0100000, 0x00000000c0100000|100%| O|  |TAMS 0x00000000c0100000, 0x00000000c0000000| Untracked 
|   1|0x00000000c0100000, 0x00000000c0100000, 0x00000000c0200000|  0%| F|  |TAMS 0x00000000c0100000, 0x00000000c0100000| Untracked 
|   2|0x00000000c0200000, 0x00000000c0300000, 0x00000000c0300000|100%| O|  |TAMS 0x00000000c0300000, 0x00000000c0200000| Untracked 
|   3|0x00000000c0300000, 0x00000000c0400000, 0x00000000c0400000|100%| O|  |TAMS 0x00000000c0400000, 0x00000000c0300000| Untracked 
|   4|0x00000000c0400000, 0x00000000c0500000, 0x00000000c0500000|100%| O|  |TAMS 0x00000000c0500000, 0x00000000c0400000| Untracked 
|   5|0x00000000c0500000, 0x00000000c0600000, 0x00000000c0600000|100%| O|  |TAMS 0x00000000c0600000, 0x00000000c0500000| Untracked 
|   6|0x00000000c0600000, 0x00000000c0700000, 0x00000000c0700000|100%| O|  |TAMS 0x00000000c0700000, 0x00000000c0600000| Untracked 
|   7|0x00000000c0700000, 0x00000000c0800000, 0x00000000c0800000|100%| O|  |TAMS 0x00000000c0800000, 0x00000000c0700000| Untracked 
|   8|0x00000000c0800000, 0x00000000c0900000, 0x00000000c0900000|100%| O|  |TAMS 0x00000000c0900000, 0x00000000c0800000| Untracked 
|   9|0x00000000c0900000, 0x00000000c0a00000, 0x00000000c0a00000|100%| O|  |TAMS 0x00000000c0a00000, 0x00000000c0900000| Untracked 
|  10|0x00000000c0a00000, 0x00000000c0b00000, 0x00000000c0b00000|100%| O|  |TAMS 0x00000000c0b00000, 0x00000000c0a00000| Untracked 
|  11|0x00000000c0b00000, 0x00000000c0c00000, 0x00000000c0c00000|100%| O|  |TAMS 0x00000000c0c00000, 0x00000000c0b00000| Untracked 
|  12|0x00000000c0c00000, 0x00000000c0c00000, 0x00000000c0d00000|  0%| F|  |TAMS 0x00000000c0c00000, 0x00000000c0c00000| Untracked 
|  13|0x00000000c0d00000, 0x00000000c0e00000, 0x00000000c0e00000|100%|HS|  |TAMS 0x00000000c0e00000, 0x00000000c0d00000| Complete 
|  14|0x00000000c0e00000, 0x00000000c0f00000, 0x00000000c0f00000|100%|HC|  |TAMS 0x00000000c0f00000, 0x00000000c0e00000| Complete 
|  15|0x00000000c0f00000, 0x00000000c1000000, 0x00000000c1000000|100%|HS|  |TAMS 0x00000000c1000000, 0x00000000c0f00000| Complete 
|  16|0x00000000c1000000, 0x00000000c1100000, 0x00000000c1100000|100%|HS|  |TAMS 0x00000000c1100000, 0x00000000c1000000| Complete 
|  17|0x00000000c1100000, 0x00000000c1200000, 0x00000000c1200000|100%|HC|  |TAMS 0x00000000c1200000, 0x00000000c1100000| Complete 
|  18|0x00000000c1200000, 0x00000000c1300000, 0x00000000c1300000|100%|HS|  |TAMS 0x00000000c1300000, 0x00000000c1200000| Complete 
|  19|0x00000000c1300000, 0x00000000c1400000, 0x00000000c1400000|100%|HC|  |TAMS 0x00000000c1400000, 0x00000000c1300000| Complete 
|  20|0x00000000c1400000, 0x00000000c1500000, 0x00000000c1500000|100%|HS|  |TAMS 0x00000000c1500000, 0x00000000c1400000| Complete 
|  21|0x00000000c1500000, 0x00000000c1600000, 0x00000000c1600000|100%|HS|  |TAMS 0x00000000c1600000, 0x00000000c1500000| Complete 
|  22|0x00000000c1600000, 0x00000000c1700000, 0x00000000c1700000|100%|HS|  |TAMS 0x00000000c1700000, 0x00000000c1600000| Complete 
|  23|0x00000000c1700000, 0x00000000c1800000, 0x00000000c1800000|100%|HS|  |TAMS 0x00000000c1800000, 0x00000000c1700000| Complete 
|  24|0x00000000c1800000, 0x00000000c1900000, 0x00000000c1900000|100%|HS|  |TAMS 0x00000000c1900000, 0x00000000c1800000| Complete 
|  25|0x00000000c1900000, 0x00000000c1a00000, 0x00000000c1a00000|100%|HS|  |TAMS 0x00000000c1a00000, 0x00000000c1900000| Complete 
|  26|0x00000000c1a00000, 0x00000000c1b00000, 0x00000000c1b00000|100%| O|  |TAMS 0x00000000c1b00000, 0x00000000c1a00000| Untracked 
|  27|0x00000000c1b00000, 0x00000000c1c00000, 0x00000000c1c00000|100%| O|  |TAMS 0x00000000c1c00000, 0x00000000c1b00000| Untracked 
|  28|0x00000000c1c00000, 0x00000000c1d00000, 0x00000000c1d00000|100%| O|  |TAMS 0x00000000c1d00000, 0x00000000c1c00000| Untracked 
|  29|0x00000000c1d00000, 0x00000000c1d00000, 0x00000000c1e00000|  0%| F|  |TAMS 0x00000000c1d00000, 0x00000000c1d00000| Untracked 
|  30|0x00000000c1e00000, 0x00000000c1e16000, 0x00000000c1f00000|  8%| O|  |TAMS 0x00000000c1e11e00, 0x00000000c1e00000| Untracked 
|  31|0x00000000c1f00000, 0x00000000c1f00000, 0x00000000c2000000|  0%| F|  |TAMS 0x00000000c1f00000, 0x00000000c1f00000| Untracked 
|  32|0x00000000c2000000, 0x00000000c2000000, 0x00000000c2100000|  0%| F|  |TAMS 0x00000000c2000000, 0x00000000c2000000| Untracked 
|  33|0x00000000c2100000, 0x00000000c2200000, 0x00000000c2200000|100%| O|  |TAMS 0x00000000c2200000, 0x00000000c2100000| Untracked 
|  34|0x00000000c2200000, 0x00000000c2300000, 0x00000000c2300000|100%| O|  |TAMS 0x00000000c2300000, 0x00000000c2200000| Untracked 
|  35|0x00000000c2300000, 0x00000000c2300000, 0x00000000c2400000|  0%| F|  |TAMS 0x00000000c2300000, 0x00000000c2300000| Untracked 
|  36|0x00000000c2400000, 0x00000000c2400000, 0x00000000c2500000|  0%| F|  |TAMS 0x00000000c2400000, 0x00000000c2400000| Untracked 
|  37|0x00000000c2500000, 0x00000000c2600000, 0x00000000c2600000|100%| O|  |TAMS 0x00000000c2600000, 0x00000000c2500000| Untracked 
|  38|0x00000000c2600000, 0x00000000c2600000, 0x00000000c2700000|  0%| F|  |TAMS 0x00000000c2600000, 0x00000000c2600000| Untracked 
|  39|0x00000000c2700000, 0x00000000c2700000, 0x00000000c2800000|  0%| F|  |TAMS 0x00000000c2700000, 0x00000000c2700000| Untracked 
|  40|0x00000000c2800000, 0x00000000c2800000, 0x00000000c2900000|  0%| F|  |TAMS 0x00000000c2800000, 0x00000000c2800000| Untracked 
|  41|0x00000000c2900000, 0x00000000c2900000, 0x00000000c2a00000|  0%| F|  |TAMS 0x00000000c2900000, 0x00000000c2900000| Untracked 
|  42|0x00000000c2a00000, 0x00000000c2a00000, 0x00000000c2b00000|  0%| F|  |TAMS 0x00000000c2a00000, 0x00000000c2a00000| Untracked 
|  43|0x00000000c2b00000, 0x00000000c2b00000, 0x00000000c2c00000|  0%| F|  |TAMS 0x00000000c2b00000, 0x00000000c2b00000| Untracked 
|  44|0x00000000c2c00000, 0x00000000c2d00000, 0x00000000c2d00000|100%|HS|  |TAMS 0x00000000c2d00000, 0x00000000c2c00000| Complete 
|  45|0x00000000c2d00000, 0x00000000c2e00000, 0x00000000c2e00000|100%|HC|  |TAMS 0x00000000c2e00000, 0x00000000c2d00000| Complete 
|  46|0x00000000c2e00000, 0x00000000c2f00000, 0x00000000c2f00000|100%|HC|  |TAMS 0x00000000c2f00000, 0x00000000c2e00000| Complete 
|  47|0x00000000c2f00000, 0x00000000c3000000, 0x00000000c3000000|100%|HC|  |TAMS 0x00000000c3000000, 0x00000000c2f00000| Complete 
|  48|0x00000000c3000000, 0x00000000c3100000, 0x00000000c3100000|100%|HC|  |TAMS 0x00000000c3100000, 0x00000000c3000000| Complete 
|  49|0x00000000c3100000, 0x00000000c3200000, 0x00000000c3200000|100%|HC|  |TAMS 0x00000000c3200000, 0x00000000c3100000| Complete 
|  50|0x00000000c3200000, 0x00000000c3300000, 0x00000000c3300000|100%|HC|  |TAMS 0x00000000c3300000, 0x00000000c3200000| Complete 
|  51|0x00000000c3300000, 0x00000000c3400000, 0x00000000c3400000|100%|HC|  |TAMS 0x00000000c3400000, 0x00000000c3300000| Complete 
|  52|0x00000000c3400000, 0x00000000c3500000, 0x00000000c3500000|100%|HC|  |TAMS 0x00000000c3500000, 0x00000000c3400000| Complete 
|  53|0x00000000c3500000, 0x00000000c3600000, 0x00000000c3600000|100%|HC|  |TAMS 0x00000000c3600000, 0x00000000c3500000| Complete 
|  54|0x00000000c3600000, 0x00000000c3700000, 0x00000000c3700000|100%|HC|  |TAMS 0x00000000c3700000, 0x00000000c3600000| Complete 
|  55|0x00000000c3700000, 0x00000000c3800000, 0x00000000c3800000|100%|HC|  |TAMS 0x00000000c3800000, 0x00000000c3700000| Complete 
|  56|0x00000000c3800000, 0x00000000c3900000, 0x00000000c3900000|100%|HC|  |TAMS 0x00000000c3900000, 0x00000000c3800000| Complete 
|  57|0x00000000c3900000, 0x00000000c3a00000, 0x00000000c3a00000|100%|HC|  |TAMS 0x00000000c3a00000, 0x00000000c3900000| Complete 
|  58|0x00000000c3a00000, 0x00000000c3b00000, 0x00000000c3b00000|100%|HC|  |TAMS 0x00000000c3b00000, 0x00000000c3a00000| Complete 
|  59|0x00000000c3b00000, 0x00000000c3c00000, 0x00000000c3c00000|100%|HC|  |TAMS 0x00000000c3c00000, 0x00000000c3b00000| Complete 
|  60|0x00000000c3c00000, 0x00000000c3d00000, 0x00000000c3d00000|100%|HC|  |TAMS 0x00000000c3d00000, 0x00000000c3c00000| Complete 
|  61|0x00000000c3d00000, 0x00000000c3e00000, 0x00000000c3e00000|100%|HC|  |TAMS 0x00000000c3e00000, 0x00000000c3d00000| Complete 
|  62|0x00000000c3e00000, 0x00000000c3f00000, 0x00000000c3f00000|100%|HC|  |TAMS 0x00000000c3f00000, 0x00000000c3e00000| Complete 
|  63|0x00000000c3f00000, 0x00000000c4000000, 0x00000000c4000000|100%|HC|  |TAMS 0x00000000c4000000, 0x00000000c3f00000| Complete 
|  64|0x00000000c4000000, 0x00000000c4100000, 0x00000000c4100000|100%|HC|  |TAMS 0x00000000c4100000, 0x00000000c4000000| Complete 
|  65|0x00000000c4100000, 0x00000000c4200000, 0x00000000c4200000|100%|HC|  |TAMS 0x00000000c4200000, 0x00000000c4100000| Complete 
|  66|0x00000000c4200000, 0x00000000c4300000, 0x00000000c4300000|100%|HC|  |TAMS 0x00000000c4300000, 0x00000000c4200000| Complete 
|  67|0x00000000c4300000, 0x00000000c4400000, 0x00000000c4400000|100%|HC|  |TAMS 0x00000000c4400000, 0x00000000c4300000| Complete 
|  68|0x00000000c4400000, 0x00000000c4500000, 0x00000000c4500000|100%|HC|  |TAMS 0x00000000c4500000, 0x00000000c4400000| Complete 
|  69|0x00000000c4500000, 0x00000000c4600000, 0x00000000c4600000|100%|HC|  |TAMS 0x00000000c4600000, 0x00000000c4500000| Complete 
|  70|0x00000000c4600000, 0x00000000c4700000, 0x00000000c4700000|100%|HC|  |TAMS 0x00000000c4700000, 0x00000000c4600000| Complete 
|  71|0x00000000c4700000, 0x00000000c4800000, 0x00000000c4800000|100%|HC|  |TAMS 0x00000000c4800000, 0x00000000c4700000| Complete 
|  72|0x00000000c4800000, 0x00000000c4900000, 0x00000000c4900000|100%|HC|  |TAMS 0x00000000c4900000, 0x00000000c4800000| Complete 
|  73|0x00000000c4900000, 0x00000000c4a00000, 0x00000000c4a00000|100%|HC|  |TAMS 0x00000000c4a00000, 0x00000000c4900000| Complete 
|  74|0x00000000c4a00000, 0x00000000c4b00000, 0x00000000c4b00000|100%|HC|  |TAMS 0x00000000c4b00000, 0x00000000c4a00000| Complete 
|  75|0x00000000c4b00000, 0x00000000c4c00000, 0x00000000c4c00000|100%|HC|  |TAMS 0x00000000c4c00000, 0x00000000c4b00000| Complete 
|  76|0x00000000c4c00000, 0x00000000c4d00000, 0x00000000c4d00000|100%|HC|  |TAMS 0x00000000c4d00000, 0x00000000c4c00000| Complete 
|  77|0x00000000c4d00000, 0x00000000c4e00000, 0x00000000c4e00000|100%|HS|  |TAMS 0x00000000c4e00000, 0x00000000c4d00000| Complete 
|  78|0x00000000c4e00000, 0x00000000c4f00000, 0x00000000c4f00000|100%|HC|  |TAMS 0x00000000c4f00000, 0x00000000c4e00000| Complete 
|  79|0x00000000c4f00000, 0x00000000c5000000, 0x00000000c5000000|100%|HC|  |TAMS 0x00000000c5000000, 0x00000000c4f00000| Complete 
|  80|0x00000000c5000000, 0x00000000c5100000, 0x00000000c5100000|100%|HC|  |TAMS 0x00000000c5100000, 0x00000000c5000000| Complete 
|  81|0x00000000c5100000, 0x00000000c5200000, 0x00000000c5200000|100%|HC|  |TAMS 0x00000000c5200000, 0x00000000c5100000| Complete 
|  82|0x00000000c5200000, 0x00000000c5300000, 0x00000000c5300000|100%|HC|  |TAMS 0x00000000c5300000, 0x00000000c5200000| Complete 
|  83|0x00000000c5300000, 0x00000000c5400000, 0x00000000c5400000|100%|HC|  |TAMS 0x00000000c5400000, 0x00000000c5300000| Complete 
|  84|0x00000000c5400000, 0x00000000c5500000, 0x00000000c5500000|100%|HC|  |TAMS 0x00000000c5500000, 0x00000000c5400000| Complete 
|  85|0x00000000c5500000, 0x00000000c5600000, 0x00000000c5600000|100%|HC|  |TAMS 0x00000000c5600000, 0x00000000c5500000| Complete 
|  86|0x00000000c5600000, 0x00000000c5700000, 0x00000000c5700000|100%|HS|  |TAMS 0x00000000c5700000, 0x00000000c5600000| Complete 
|  87|0x00000000c5700000, 0x00000000c5800000, 0x00000000c5800000|100%|HC|  |TAMS 0x00000000c5800000, 0x00000000c5700000| Complete 
|  88|0x00000000c5800000, 0x00000000c5900000, 0x00000000c5900000|100%|HC|  |TAMS 0x00000000c5900000, 0x00000000c5800000| Complete 
|  89|0x00000000c5900000, 0x00000000c5a00000, 0x00000000c5a00000|100%|HC|  |TAMS 0x00000000c5a00000, 0x00000000c5900000| Complete 
|  90|0x00000000c5a00000, 0x00000000c5b00000, 0x00000000c5b00000|100%|HC|  |TAMS 0x00000000c5b00000, 0x00000000c5a00000| Complete 
|  91|0x00000000c5b00000, 0x00000000c5c00000, 0x00000000c5c00000|100%|HC|  |TAMS 0x00000000c5c00000, 0x00000000c5b00000| Complete 
|  92|0x00000000c5c00000, 0x00000000c5d00000, 0x00000000c5d00000|100%|HC|  |TAMS 0x00000000c5d00000, 0x00000000c5c00000| Complete 
|  93|0x00000000c5d00000, 0x00000000c5e00000, 0x00000000c5e00000|100%|HC|  |TAMS 0x00000000c5e00000, 0x00000000c5d00000| Complete 
|  94|0x00000000c5e00000, 0x00000000c5f00000, 0x00000000c5f00000|100%|HC|  |TAMS 0x00000000c5f00000, 0x00000000c5e00000| Complete 
|  95|0x00000000c5f00000, 0x00000000c6000000, 0x00000000c6000000|100%|HC|  |TAMS 0x00000000c6000000, 0x00000000c5f00000| Complete 
|  96|0x00000000c6000000, 0x00000000c6100000, 0x00000000c6100000|100%|HC|  |TAMS 0x00000000c6100000, 0x00000000c6000000| Complete 
|  97|0x00000000c6100000, 0x00000000c6200000, 0x00000000c6200000|100%|HC|  |TAMS 0x00000000c6200000, 0x00000000c6100000| Complete 
|  98|0x00000000c6200000, 0x00000000c6300000, 0x00000000c6300000|100%|HC|  |TAMS 0x00000000c6300000, 0x00000000c6200000| Complete 
|  99|0x00000000c6300000, 0x00000000c6400000, 0x00000000c6400000|100%|HC|  |TAMS 0x00000000c6400000, 0x00000000c6300000| Complete 
| 100|0x00000000c6400000, 0x00000000c6500000, 0x00000000c6500000|100%|HC|  |TAMS 0x00000000c6500000, 0x00000000c6400000| Complete 
| 101|0x00000000c6500000, 0x00000000c6600000, 0x00000000c6600000|100%|HC|  |TAMS 0x00000000c6600000, 0x00000000c6500000| Complete 
| 102|0x00000000c6600000, 0x00000000c6700000, 0x00000000c6700000|100%|HC|  |TAMS 0x00000000c6700000, 0x00000000c6600000| Complete 
| 103|0x00000000c6700000, 0x00000000c6800000, 0x00000000c6800000|100%|HC|  |TAMS 0x00000000c6800000, 0x00000000c6700000| Complete 
| 104|0x00000000c6800000, 0x00000000c6900000, 0x00000000c6900000|100%|HC|  |TAMS 0x00000000c6900000, 0x00000000c6800000| Complete 
| 105|0x00000000c6900000, 0x00000000c6a00000, 0x00000000c6a00000|100%|HC|  |TAMS 0x00000000c6a00000, 0x00000000c6900000| Complete 
| 106|0x00000000c6a00000, 0x00000000c6b00000, 0x00000000c6b00000|100%|HC|  |TAMS 0x00000000c6b00000, 0x00000000c6a00000| Complete 
| 107|0x00000000c6b00000, 0x00000000c6c00000, 0x00000000c6c00000|100%|HC|  |TAMS 0x00000000c6c00000, 0x00000000c6b00000| Complete 
| 108|0x00000000c6c00000, 0x00000000c6d00000, 0x00000000c6d00000|100%|HC|  |TAMS 0x00000000c6d00000, 0x00000000c6c00000| Complete 
| 109|0x00000000c6d00000, 0x00000000c6e00000, 0x00000000c6e00000|100%|HC|  |TAMS 0x00000000c6e00000, 0x00000000c6d00000| Complete 
| 110|0x00000000c6e00000, 0x00000000c6f00000, 0x00000000c6f00000|100%|HC|  |TAMS 0x00000000c6f00000, 0x00000000c6e00000| Complete 
| 111|0x00000000c6f00000, 0x00000000c6f00000, 0x00000000c7000000|  0%| F|  |TAMS 0x00000000c6f00000, 0x00000000c6f00000| Untracked 
| 112|0x00000000c7000000, 0x00000000c7000000, 0x00000000c7100000|  0%| F|  |TAMS 0x00000000c7000000, 0x00000000c7000000| Untracked 
| 113|0x00000000c7100000, 0x00000000c7100000, 0x00000000c7200000|  0%| F|  |TAMS 0x00000000c7100000, 0x00000000c7100000| Untracked 
| 114|0x00000000c7200000, 0x00000000c7200000, 0x00000000c7300000|  0%| F|  |TAMS 0x00000000c7200000, 0x00000000c7200000| Untracked 
| 115|0x00000000c7300000, 0x00000000c7400000, 0x00000000c7400000|100%|HS|  |TAMS 0x00000000c7400000, 0x00000000c7300000| Complete 
| 116|0x00000000c7400000, 0x00000000c7500000, 0x00000000c7500000|100%|HC|  |TAMS 0x00000000c7500000, 0x00000000c7400000| Complete 
| 117|0x00000000c7500000, 0x00000000c7600000, 0x00000000c7600000|100%|HC|  |TAMS 0x00000000c7600000, 0x00000000c7500000| Complete 
| 118|0x00000000c7600000, 0x00000000c7700000, 0x00000000c7700000|100%|HC|  |TAMS 0x00000000c7700000, 0x00000000c7600000| Complete 
| 119|0x00000000c7700000, 0x00000000c7800000, 0x00000000c7800000|100%|HC|  |TAMS 0x00000000c7800000, 0x00000000c7700000| Complete 
| 120|0x00000000c7800000, 0x00000000c7900000, 0x00000000c7900000|100%|HC|  |TAMS 0x00000000c7900000, 0x00000000c7800000| Complete 
| 121|0x00000000c7900000, 0x00000000c7a00000, 0x00000000c7a00000|100%|HC|  |TAMS 0x00000000c7a00000, 0x00000000c7900000| Complete 
| 122|0x00000000c7a00000, 0x00000000c7b00000, 0x00000000c7b00000|100%|HC|  |TAMS 0x00000000c7b00000, 0x00000000c7a00000| Complete 
| 123|0x00000000c7b00000, 0x00000000c7c00000, 0x00000000c7c00000|100%|HC|  |TAMS 0x00000000c7c00000, 0x00000000c7b00000| Complete 
| 124|0x00000000c7c00000, 0x00000000c7d00000, 0x00000000c7d00000|100%|HC|  |TAMS 0x00000000c7d00000, 0x00000000c7c00000| Complete 
| 125|0x00000000c7d00000, 0x00000000c7e00000, 0x00000000c7e00000|100%|HC|  |TAMS 0x00000000c7e00000, 0x00000000c7d00000| Complete 
| 126|0x00000000c7e00000, 0x00000000c7f00000, 0x00000000c7f00000|100%|HC|  |TAMS 0x00000000c7f00000, 0x00000000c7e00000| Complete 
| 127|0x00000000c7f00000, 0x00000000c8000000, 0x00000000c8000000|100%|HC|  |TAMS 0x00000000c8000000, 0x00000000c7f00000| Complete 
| 128|0x00000000c8000000, 0x00000000c8100000, 0x00000000c8100000|100%|HC|  |TAMS 0x00000000c8100000, 0x00000000c8000000| Complete 
| 129|0x00000000c8100000, 0x00000000c8200000, 0x00000000c8200000|100%|HC|  |TAMS 0x00000000c8200000, 0x00000000c8100000| Complete 
| 130|0x00000000c8200000, 0x00000000c8300000, 0x00000000c8300000|100%|HC|  |TAMS 0x00000000c8300000, 0x00000000c8200000| Complete 
| 131|0x00000000c8300000, 0x00000000c8400000, 0x00000000c8400000|100%|HC|  |TAMS 0x00000000c8400000, 0x00000000c8300000| Complete 
| 132|0x00000000c8400000, 0x00000000c8500000, 0x00000000c8500000|100%|HS|  |TAMS 0x00000000c8500000, 0x00000000c8400000| Complete 
| 133|0x00000000c8500000, 0x00000000c8600000, 0x00000000c8600000|100%|HC|  |TAMS 0x00000000c8600000, 0x00000000c8500000| Complete 
| 134|0x00000000c8600000, 0x00000000c8700000, 0x00000000c8700000|100%|HC|  |TAMS 0x00000000c8700000, 0x00000000c8600000| Complete 
| 135|0x00000000c8700000, 0x00000000c8800000, 0x00000000c8800000|100%|HC|  |TAMS 0x00000000c8800000, 0x00000000c8700000| Complete 
| 136|0x00000000c8800000, 0x00000000c8900000, 0x00000000c8900000|100%|HC|  |TAMS 0x00000000c8900000, 0x00000000c8800000| Complete 
| 137|0x00000000c8900000, 0x00000000c8a00000, 0x00000000c8a00000|100%|HC|  |TAMS 0x00000000c8a00000, 0x00000000c8900000| Complete 
| 138|0x00000000c8a00000, 0x00000000c8b00000, 0x00000000c8b00000|100%|HC|  |TAMS 0x00000000c8b00000, 0x00000000c8a00000| Complete 
| 139|0x00000000c8b00000, 0x00000000c8c00000, 0x00000000c8c00000|100%|HC|  |TAMS 0x00000000c8c00000, 0x00000000c8b00000| Complete 
| 140|0x00000000c8c00000, 0x00000000c8d00000, 0x00000000c8d00000|100%|HC|  |TAMS 0x00000000c8d00000, 0x00000000c8c00000| Complete 
| 141|0x00000000c8d00000, 0x00000000c8e00000, 0x00000000c8e00000|100%|HS|  |TAMS 0x00000000c8e00000, 0x00000000c8d00000| Complete 
| 142|0x00000000c8e00000, 0x00000000c8f00000, 0x00000000c8f00000|100%|HC|  |TAMS 0x00000000c8f00000, 0x00000000c8e00000| Complete 
| 143|0x00000000c8f00000, 0x00000000c9000000, 0x00000000c9000000|100%|HC|  |TAMS 0x00000000c9000000, 0x00000000c8f00000| Complete 
| 144|0x00000000c9000000, 0x00000000c9100000, 0x00000000c9100000|100%|HC|  |TAMS 0x00000000c9100000, 0x00000000c9000000| Complete 
| 145|0x00000000c9100000, 0x00000000c9200000, 0x00000000c9200000|100%|HC|  |TAMS 0x00000000c9200000, 0x00000000c9100000| Complete 
| 146|0x00000000c9200000, 0x00000000c9300000, 0x00000000c9300000|100%|HC|  |TAMS 0x00000000c9300000, 0x00000000c9200000| Complete 
| 147|0x00000000c9300000, 0x00000000c9400000, 0x00000000c9400000|100%|HC|  |TAMS 0x00000000c9400000, 0x00000000c9300000| Complete 
| 148|0x00000000c9400000, 0x00000000c9500000, 0x00000000c9500000|100%|HC|  |TAMS 0x00000000c9500000, 0x00000000c9400000| Complete 
| 149|0x00000000c9500000, 0x00000000c9600000, 0x00000000c9600000|100%|HC|  |TAMS 0x00000000c9600000, 0x00000000c9500000| Complete 
| 150|0x00000000c9600000, 0x00000000c9700000, 0x00000000c9700000|100%|HS|  |TAMS 0x00000000c9700000, 0x00000000c9600000| Complete 
| 151|0x00000000c9700000, 0x00000000c9800000, 0x00000000c9800000|100%|HC|  |TAMS 0x00000000c9800000, 0x00000000c9700000| Complete 
| 152|0x00000000c9800000, 0x00000000c9900000, 0x00000000c9900000|100%|HC|  |TAMS 0x00000000c9900000, 0x00000000c9800000| Complete 
| 153|0x00000000c9900000, 0x00000000c9a00000, 0x00000000c9a00000|100%|HC|  |TAMS 0x00000000c9a00000, 0x00000000c9900000| Complete 
| 154|0x00000000c9a00000, 0x00000000c9b00000, 0x00000000c9b00000|100%|HC|  |TAMS 0x00000000c9b00000, 0x00000000c9a00000| Complete 
| 155|0x00000000c9b00000, 0x00000000c9c00000, 0x00000000c9c00000|100%|HC|  |TAMS 0x00000000c9c00000, 0x00000000c9b00000| Complete 
| 156|0x00000000c9c00000, 0x00000000c9d00000, 0x00000000c9d00000|100%|HC|  |TAMS 0x00000000c9d00000, 0x00000000c9c00000| Complete 
| 157|0x00000000c9d00000, 0x00000000c9e00000, 0x00000000c9e00000|100%|HC|  |TAMS 0x00000000c9e00000, 0x00000000c9d00000| Complete 
| 158|0x00000000c9e00000, 0x00000000c9f00000, 0x00000000c9f00000|100%|HC|  |TAMS 0x00000000c9f00000, 0x00000000c9e00000| Complete 
| 159|0x00000000c9f00000, 0x00000000ca000000, 0x00000000ca000000|100%|HS|  |TAMS 0x00000000ca000000, 0x00000000c9f00000| Complete 
| 160|0x00000000ca000000, 0x00000000ca100000, 0x00000000ca100000|100%|HC|  |TAMS 0x00000000ca100000, 0x00000000ca000000| Complete 
| 161|0x00000000ca100000, 0x00000000ca200000, 0x00000000ca200000|100%|HC|  |TAMS 0x00000000ca200000, 0x00000000ca100000| Complete 
| 162|0x00000000ca200000, 0x00000000ca300000, 0x00000000ca300000|100%|HC|  |TAMS 0x00000000ca300000, 0x00000000ca200000| Complete 
| 163|0x00000000ca300000, 0x00000000ca400000, 0x00000000ca400000|100%|HC|  |TAMS 0x00000000ca400000, 0x00000000ca300000| Complete 
| 164|0x00000000ca400000, 0x00000000ca500000, 0x00000000ca500000|100%|HC|  |TAMS 0x00000000ca500000, 0x00000000ca400000| Complete 
| 165|0x00000000ca500000, 0x00000000ca600000, 0x00000000ca600000|100%|HC|  |TAMS 0x00000000ca600000, 0x00000000ca500000| Complete 
| 166|0x00000000ca600000, 0x00000000ca700000, 0x00000000ca700000|100%|HC|  |TAMS 0x00000000ca700000, 0x00000000ca600000| Complete 
| 167|0x00000000ca700000, 0x00000000ca800000, 0x00000000ca800000|100%|HC|  |TAMS 0x00000000ca800000, 0x00000000ca700000| Complete 
| 168|0x00000000ca800000, 0x00000000ca900000, 0x00000000ca900000|100%|HS|  |TAMS 0x00000000ca900000, 0x00000000ca800000| Complete 
| 169|0x00000000ca900000, 0x00000000caa00000, 0x00000000caa00000|100%|HC|  |TAMS 0x00000000caa00000, 0x00000000ca900000| Complete 
| 170|0x00000000caa00000, 0x00000000cab00000, 0x00000000cab00000|100%|HC|  |TAMS 0x00000000cab00000, 0x00000000caa00000| Complete 
| 171|0x00000000cab00000, 0x00000000cac00000, 0x00000000cac00000|100%|HC|  |TAMS 0x00000000cac00000, 0x00000000cab00000| Complete 
| 172|0x00000000cac00000, 0x00000000cad00000, 0x00000000cad00000|100%|HC|  |TAMS 0x00000000cad00000, 0x00000000cac00000| Complete 
| 173|0x00000000cad00000, 0x00000000cae00000, 0x00000000cae00000|100%|HC|  |TAMS 0x00000000cae00000, 0x00000000cad00000| Complete 
| 174|0x00000000cae00000, 0x00000000caf00000, 0x00000000caf00000|100%|HC|  |TAMS 0x00000000caf00000, 0x00000000cae00000| Complete 
| 175|0x00000000caf00000, 0x00000000cb000000, 0x00000000cb000000|100%|HC|  |TAMS 0x00000000cb000000, 0x00000000caf00000| Complete 
| 176|0x00000000cb000000, 0x00000000cb100000, 0x00000000cb100000|100%|HC|  |TAMS 0x00000000cb100000, 0x00000000cb000000| Complete 
| 177|0x00000000cb100000, 0x00000000cb200000, 0x00000000cb200000|100%|HC|  |TAMS 0x00000000cb200000, 0x00000000cb100000| Complete 
| 178|0x00000000cb200000, 0x00000000cb300000, 0x00000000cb300000|100%|HC|  |TAMS 0x00000000cb300000, 0x00000000cb200000| Complete 
| 179|0x00000000cb300000, 0x00000000cb400000, 0x00000000cb400000|100%|HC|  |TAMS 0x00000000cb400000, 0x00000000cb300000| Complete 
| 180|0x00000000cb400000, 0x00000000cb500000, 0x00000000cb500000|100%|HC|  |TAMS 0x00000000cb500000, 0x00000000cb400000| Complete 
| 181|0x00000000cb500000, 0x00000000cb600000, 0x00000000cb600000|100%|HC|  |TAMS 0x00000000cb600000, 0x00000000cb500000| Complete 
| 182|0x00000000cb600000, 0x00000000cb700000, 0x00000000cb700000|100%|HC|  |TAMS 0x00000000cb700000, 0x00000000cb600000| Complete 
| 183|0x00000000cb700000, 0x00000000cb800000, 0x00000000cb800000|100%|HC|  |TAMS 0x00000000cb800000, 0x00000000cb700000| Complete 
| 184|0x00000000cb800000, 0x00000000cb900000, 0x00000000cb900000|100%|HC|  |TAMS 0x00000000cb900000, 0x00000000cb800000| Complete 
| 185|0x00000000cb900000, 0x00000000cb900000, 0x00000000cba00000|  0%| F|  |TAMS 0x00000000cb900000, 0x00000000cb900000| Untracked 
| 186|0x00000000cba00000, 0x00000000cba00000, 0x00000000cbb00000|  0%| F|  |TAMS 0x00000000cba00000, 0x00000000cba00000| Untracked 
| 187|0x00000000cbb00000, 0x00000000cbb00000, 0x00000000cbc00000|  0%| F|  |TAMS 0x00000000cbb00000, 0x00000000cbb00000| Untracked 
| 188|0x00000000cbc00000, 0x00000000cbc00000, 0x00000000cbd00000|  0%| F|  |TAMS 0x00000000cbc00000, 0x00000000cbc00000| Untracked 
| 189|0x00000000cbd00000, 0x00000000cbd00000, 0x00000000cbe00000|  0%| F|  |TAMS 0x00000000cbd00000, 0x00000000cbd00000| Untracked 
| 190|0x00000000cbe00000, 0x00000000cbe00000, 0x00000000cbf00000|  0%| F|  |TAMS 0x00000000cbe00000, 0x00000000cbe00000| Untracked 
| 191|0x00000000cbf00000, 0x00000000cbf00000, 0x00000000cc000000|  0%| F|  |TAMS 0x00000000cbf00000, 0x00000000cbf00000| Untracked 
| 192|0x00000000cc000000, 0x00000000cc000000, 0x00000000cc100000|  0%| F|  |TAMS 0x00000000cc000000, 0x00000000cc000000| Untracked 
| 193|0x00000000cc100000, 0x00000000cc100000, 0x00000000cc200000|  0%| F|  |TAMS 0x00000000cc100000, 0x00000000cc100000| Untracked 
| 194|0x00000000cc200000, 0x00000000cc200000, 0x00000000cc300000|  0%| F|  |TAMS 0x00000000cc200000, 0x00000000cc200000| Untracked 
| 195|0x00000000cc300000, 0x00000000cc300000, 0x00000000cc400000|  0%| F|  |TAMS 0x00000000cc300000, 0x00000000cc300000| Untracked 
| 196|0x00000000cc400000, 0x00000000cc400000, 0x00000000cc500000|  0%| F|  |TAMS 0x00000000cc400000, 0x00000000cc400000| Untracked 
| 197|0x00000000cc500000, 0x00000000cc500000, 0x00000000cc600000|  0%| F|  |TAMS 0x00000000cc500000, 0x00000000cc500000| Untracked 
| 198|0x00000000cc600000, 0x00000000cc600000, 0x00000000cc700000|  0%| F|  |TAMS 0x00000000cc600000, 0x00000000cc600000| Untracked 
| 199|0x00000000cc700000, 0x00000000cc700000, 0x00000000cc800000|  0%| F|  |TAMS 0x00000000cc700000, 0x00000000cc700000| Untracked 
| 200|0x00000000cc800000, 0x00000000cc800000, 0x00000000cc900000|  0%| F|  |TAMS 0x00000000cc800000, 0x00000000cc800000| Untracked 
| 201|0x00000000cc900000, 0x00000000cc900000, 0x00000000cca00000|  0%| F|  |TAMS 0x00000000cc900000, 0x00000000cc900000| Untracked 
| 202|0x00000000cca00000, 0x00000000cca00000, 0x00000000ccb00000|  0%| F|  |TAMS 0x00000000cca00000, 0x00000000cca00000| Untracked 
| 203|0x00000000ccb00000, 0x00000000ccb00000, 0x00000000ccc00000|  0%| F|  |TAMS 0x00000000ccb00000, 0x00000000ccb00000| Untracked 
| 204|0x00000000ccc00000, 0x00000000ccc00000, 0x00000000ccd00000|  0%| F|  |TAMS 0x00000000ccc00000, 0x00000000ccc00000| Untracked 
| 205|0x00000000ccd00000, 0x00000000ccd00000, 0x00000000cce00000|  0%| F|  |TAMS 0x00000000ccd00000, 0x00000000ccd00000| Untracked 
| 206|0x00000000cce00000, 0x00000000cce00000, 0x00000000ccf00000|  0%| F|  |TAMS 0x00000000cce00000, 0x00000000cce00000| Untracked 
| 207|0x00000000ccf00000, 0x00000000ccf00000, 0x00000000cd000000|  0%| F|  |TAMS 0x00000000ccf00000, 0x00000000ccf00000| Untracked 
| 208|0x00000000cd000000, 0x00000000cd0e6c80, 0x00000000cd100000| 90%| S|CS|TAMS 0x00000000cd000000, 0x00000000cd000000| Complete 
| 209|0x00000000cd100000, 0x00000000cd200000, 0x00000000cd200000|100%| S|CS|TAMS 0x00000000cd100000, 0x00000000cd100000| Complete 
| 210|0x00000000cd200000, 0x00000000cd200000, 0x00000000cd300000|  0%| F|  |TAMS 0x00000000cd200000, 0x00000000cd200000| Untracked 
| 211|0x00000000cd300000, 0x00000000cd400000, 0x00000000cd400000|100%| S|CS|TAMS 0x00000000cd300000, 0x00000000cd300000| Complete 
| 212|0x00000000cd400000, 0x00000000cd500000, 0x00000000cd500000|100%| S|CS|TAMS 0x00000000cd400000, 0x00000000cd400000| Complete 
| 213|0x00000000cd500000, 0x00000000cd600000, 0x00000000cd600000|100%| S|CS|TAMS 0x00000000cd500000, 0x00000000cd500000| Complete 
| 214|0x00000000cd600000, 0x00000000cd600000, 0x00000000cd700000|  0%| F|  |TAMS 0x00000000cd600000, 0x00000000cd600000| Untracked 
| 215|0x00000000cd700000, 0x00000000cd700000, 0x00000000cd800000|  0%| F|  |TAMS 0x00000000cd700000, 0x00000000cd700000| Untracked 
| 216|0x00000000cd800000, 0x00000000cd800000, 0x00000000cd900000|  0%| F|  |TAMS 0x00000000cd800000, 0x00000000cd800000| Untracked 
| 217|0x00000000cd900000, 0x00000000cd900000, 0x00000000cda00000|  0%| F|  |TAMS 0x00000000cd900000, 0x00000000cd900000| Untracked 
| 218|0x00000000cda00000, 0x00000000cda00000, 0x00000000cdb00000|  0%| F|  |TAMS 0x00000000cda00000, 0x00000000cda00000| Untracked 
| 219|0x00000000cdb00000, 0x00000000cdb00000, 0x00000000cdc00000|  0%| F|  |TAMS 0x00000000cdb00000, 0x00000000cdb00000| Untracked 
| 220|0x00000000cdc00000, 0x00000000cdc00000, 0x00000000cdd00000|  0%| F|  |TAMS 0x00000000cdc00000, 0x00000000cdc00000| Untracked 
| 221|0x00000000cdd00000, 0x00000000cdd00000, 0x00000000cde00000|  0%| F|  |TAMS 0x00000000cdd00000, 0x00000000cdd00000| Untracked 
| 222|0x00000000cde00000, 0x00000000cde00000, 0x00000000cdf00000|  0%| F|  |TAMS 0x00000000cde00000, 0x00000000cde00000| Untracked 
| 223|0x00000000cdf00000, 0x00000000cdf00000, 0x00000000ce000000|  0%| F|  |TAMS 0x00000000cdf00000, 0x00000000cdf00000| Untracked 
| 224|0x00000000ce000000, 0x00000000ce030848, 0x00000000ce100000| 18%| E|  |TAMS 0x00000000ce000000, 0x00000000ce000000| Complete 
| 225|0x00000000ce100000, 0x00000000ce200000, 0x00000000ce200000|100%| E|CS|TAMS 0x00000000ce100000, 0x00000000ce100000| Complete 
| 226|0x00000000ce200000, 0x00000000ce300000, 0x00000000ce300000|100%| E|CS|TAMS 0x00000000ce200000, 0x00000000ce200000| Complete 
| 227|0x00000000ce300000, 0x00000000ce400000, 0x00000000ce400000|100%| E|CS|TAMS 0x00000000ce300000, 0x00000000ce300000| Complete 
| 228|0x00000000ce400000, 0x00000000ce500000, 0x00000000ce500000|100%| E|CS|TAMS 0x00000000ce400000, 0x00000000ce400000| Complete 
| 229|0x00000000ce500000, 0x00000000ce600000, 0x00000000ce600000|100%| E|CS|TAMS 0x00000000ce500000, 0x00000000ce500000| Complete 
| 230|0x00000000ce600000, 0x00000000ce700000, 0x00000000ce700000|100%| E|CS|TAMS 0x00000000ce600000, 0x00000000ce600000| Complete 
| 231|0x00000000ce700000, 0x00000000ce800000, 0x00000000ce800000|100%| E|CS|TAMS 0x00000000ce700000, 0x00000000ce700000| Complete 
| 232|0x00000000ce800000, 0x00000000ce900000, 0x00000000ce900000|100%| E|CS|TAMS 0x00000000ce800000, 0x00000000ce800000| Complete 
| 233|0x00000000ce900000, 0x00000000cea00000, 0x00000000cea00000|100%| E|CS|TAMS 0x00000000ce900000, 0x00000000ce900000| Complete 
| 234|0x00000000cea00000, 0x00000000ceb00000, 0x00000000ceb00000|100%| E|CS|TAMS 0x00000000cea00000, 0x00000000cea00000| Complete 
| 235|0x00000000ceb00000, 0x00000000cec00000, 0x00000000cec00000|100%| E|CS|TAMS 0x00000000ceb00000, 0x00000000ceb00000| Complete 
| 236|0x00000000cec00000, 0x00000000ced00000, 0x00000000ced00000|100%| E|CS|TAMS 0x00000000cec00000, 0x00000000cec00000| Complete 
| 237|0x00000000ced00000, 0x00000000cee00000, 0x00000000cee00000|100%| E|CS|TAMS 0x00000000ced00000, 0x00000000ced00000| Complete 
| 238|0x00000000cee00000, 0x00000000cef00000, 0x00000000cef00000|100%| E|CS|TAMS 0x00000000cee00000, 0x00000000cee00000| Complete 
| 239|0x00000000cef00000, 0x00000000cf000000, 0x00000000cf000000|100%| E|CS|TAMS 0x00000000cef00000, 0x00000000cef00000| Complete 
| 240|0x00000000cf000000, 0x00000000cf100000, 0x00000000cf100000|100%| E|CS|TAMS 0x00000000cf000000, 0x00000000cf000000| Complete 
| 241|0x00000000cf100000, 0x00000000cf200000, 0x00000000cf200000|100%| E|CS|TAMS 0x00000000cf100000, 0x00000000cf100000| Complete 
| 242|0x00000000cf200000, 0x00000000cf300000, 0x00000000cf300000|100%| E|CS|TAMS 0x00000000cf200000, 0x00000000cf200000| Complete 
| 243|0x00000000cf300000, 0x00000000cf400000, 0x00000000cf400000|100%| E|CS|TAMS 0x00000000cf300000, 0x00000000cf300000| Complete 
| 244|0x00000000cf400000, 0x00000000cf500000, 0x00000000cf500000|100%| E|CS|TAMS 0x00000000cf400000, 0x00000000cf400000| Complete 
| 245|0x00000000cf500000, 0x00000000cf600000, 0x00000000cf600000|100%| E|CS|TAMS 0x00000000cf500000, 0x00000000cf500000| Complete 
| 246|0x00000000cf600000, 0x00000000cf700000, 0x00000000cf700000|100%| E|CS|TAMS 0x00000000cf600000, 0x00000000cf600000| Complete 
| 247|0x00000000cf700000, 0x00000000cf800000, 0x00000000cf800000|100%| E|CS|TAMS 0x00000000cf700000, 0x00000000cf700000| Complete 
| 248|0x00000000cf800000, 0x00000000cf900000, 0x00000000cf900000|100%| E|CS|TAMS 0x00000000cf800000, 0x00000000cf800000| Complete 
| 249|0x00000000cf900000, 0x00000000cfa00000, 0x00000000cfa00000|100%| E|CS|TAMS 0x00000000cf900000, 0x00000000cf900000| Complete 
| 250|0x00000000cfa00000, 0x00000000cfb00000, 0x00000000cfb00000|100%| E|CS|TAMS 0x00000000cfa00000, 0x00000000cfa00000| Complete 
| 251|0x00000000cfb00000, 0x00000000cfc00000, 0x00000000cfc00000|100%| E|CS|TAMS 0x00000000cfb00000, 0x00000000cfb00000| Complete 
| 252|0x00000000cfc00000, 0x00000000cfd00000, 0x00000000cfd00000|100%| E|CS|TAMS 0x00000000cfc00000, 0x00000000cfc00000| Complete 
| 253|0x00000000cfd00000, 0x00000000cfe00000, 0x00000000cfe00000|100%| E|CS|TAMS 0x00000000cfd00000, 0x00000000cfd00000| Complete 
| 254|0x00000000cfe00000, 0x00000000cff00000, 0x00000000cff00000|100%| E|CS|TAMS 0x00000000cfe00000, 0x00000000cfe00000| Complete 
| 255|0x00000000cff00000, 0x00000000d0000000, 0x00000000d0000000|100%| E|CS|TAMS 0x00000000cff00000, 0x00000000cff00000| Complete 
| 256|0x00000000d0000000, 0x00000000d0100000, 0x00000000d0100000|100%| E|CS|TAMS 0x00000000d0000000, 0x00000000d0000000| Complete 
| 257|0x00000000d0100000, 0x00000000d0200000, 0x00000000d0200000|100%| E|CS|TAMS 0x00000000d0100000, 0x00000000d0100000| Complete 
| 258|0x00000000d0200000, 0x00000000d0300000, 0x00000000d0300000|100%| E|CS|TAMS 0x00000000d0200000, 0x00000000d0200000| Complete 
| 259|0x00000000d0300000, 0x00000000d0400000, 0x00000000d0400000|100%| E|CS|TAMS 0x00000000d0300000, 0x00000000d0300000| Complete 
| 260|0x00000000d0400000, 0x00000000d0500000, 0x00000000d0500000|100%| E|CS|TAMS 0x00000000d0400000, 0x00000000d0400000| Complete 
| 261|0x00000000d0500000, 0x00000000d0600000, 0x00000000d0600000|100%| E|CS|TAMS 0x00000000d0500000, 0x00000000d0500000| Complete 
| 262|0x00000000d0600000, 0x00000000d0700000, 0x00000000d0700000|100%| E|CS|TAMS 0x00000000d0600000, 0x00000000d0600000| Complete 
| 263|0x00000000d0700000, 0x00000000d0800000, 0x00000000d0800000|100%| E|CS|TAMS 0x00000000d0700000, 0x00000000d0700000| Complete 
| 264|0x00000000d0800000, 0x00000000d0900000, 0x00000000d0900000|100%| E|CS|TAMS 0x00000000d0800000, 0x00000000d0800000| Complete 
| 265|0x00000000d0900000, 0x00000000d0a00000, 0x00000000d0a00000|100%| E|CS|TAMS 0x00000000d0900000, 0x00000000d0900000| Complete 
| 266|0x00000000d0a00000, 0x00000000d0b00000, 0x00000000d0b00000|100%| E|CS|TAMS 0x00000000d0a00000, 0x00000000d0a00000| Complete 
| 267|0x00000000d0b00000, 0x00000000d0c00000, 0x00000000d0c00000|100%| E|CS|TAMS 0x00000000d0b00000, 0x00000000d0b00000| Complete 
| 268|0x00000000d0c00000, 0x00000000d0d00000, 0x00000000d0d00000|100%| E|CS|TAMS 0x00000000d0c00000, 0x00000000d0c00000| Complete 
| 269|0x00000000d0d00000, 0x00000000d0e00000, 0x00000000d0e00000|100%| E|CS|TAMS 0x00000000d0d00000, 0x00000000d0d00000| Complete 
| 270|0x00000000d0e00000, 0x00000000d0f00000, 0x00000000d0f00000|100%| E|CS|TAMS 0x00000000d0e00000, 0x00000000d0e00000| Complete 
| 271|0x00000000d0f00000, 0x00000000d1000000, 0x00000000d1000000|100%| E|CS|TAMS 0x00000000d0f00000, 0x00000000d0f00000| Complete 
| 272|0x00000000d1000000, 0x00000000d1100000, 0x00000000d1100000|100%| E|CS|TAMS 0x00000000d1000000, 0x00000000d1000000| Complete 
| 273|0x00000000d1100000, 0x00000000d1200000, 0x00000000d1200000|100%| E|CS|TAMS 0x00000000d1100000, 0x00000000d1100000| Complete 
| 274|0x00000000d1200000, 0x00000000d1300000, 0x00000000d1300000|100%| E|CS|TAMS 0x00000000d1200000, 0x00000000d1200000| Complete 
| 275|0x00000000d1300000, 0x00000000d1400000, 0x00000000d1400000|100%| E|CS|TAMS 0x00000000d1300000, 0x00000000d1300000| Complete 
| 276|0x00000000d1400000, 0x00000000d1500000, 0x00000000d1500000|100%| E|CS|TAMS 0x00000000d1400000, 0x00000000d1400000| Complete 
| 277|0x00000000d1500000, 0x00000000d1600000, 0x00000000d1600000|100%| E|CS|TAMS 0x00000000d1500000, 0x00000000d1500000| Complete 
| 278|0x00000000d1600000, 0x00000000d1700000, 0x00000000d1700000|100%| E|CS|TAMS 0x00000000d1600000, 0x00000000d1600000| Complete 
| 279|0x00000000d1700000, 0x00000000d1800000, 0x00000000d1800000|100%| E|CS|TAMS 0x00000000d1700000, 0x00000000d1700000| Complete 
| 280|0x00000000d1800000, 0x00000000d1900000, 0x00000000d1900000|100%| E|CS|TAMS 0x00000000d1800000, 0x00000000d1800000| Complete 
| 281|0x00000000d1900000, 0x00000000d1a00000, 0x00000000d1a00000|100%| E|CS|TAMS 0x00000000d1900000, 0x00000000d1900000| Complete 
| 282|0x00000000d1a00000, 0x00000000d1b00000, 0x00000000d1b00000|100%| E|CS|TAMS 0x00000000d1a00000, 0x00000000d1a00000| Complete 
| 283|0x00000000d1b00000, 0x00000000d1c00000, 0x00000000d1c00000|100%| E|CS|TAMS 0x00000000d1b00000, 0x00000000d1b00000| Complete 
| 284|0x00000000d1c00000, 0x00000000d1d00000, 0x00000000d1d00000|100%| E|CS|TAMS 0x00000000d1c00000, 0x00000000d1c00000| Complete 
| 285|0x00000000d1d00000, 0x00000000d1e00000, 0x00000000d1e00000|100%| E|CS|TAMS 0x00000000d1d00000, 0x00000000d1d00000| Complete 
| 286|0x00000000d1e00000, 0x00000000d1f00000, 0x00000000d1f00000|100%| E|CS|TAMS 0x00000000d1e00000, 0x00000000d1e00000| Complete 
| 287|0x00000000d1f00000, 0x00000000d2000000, 0x00000000d2000000|100%| E|CS|TAMS 0x00000000d1f00000, 0x00000000d1f00000| Complete 
| 288|0x00000000d2000000, 0x00000000d2100000, 0x00000000d2100000|100%| E|CS|TAMS 0x00000000d2000000, 0x00000000d2000000| Complete 
| 289|0x00000000d2100000, 0x00000000d2200000, 0x00000000d2200000|100%| E|CS|TAMS 0x00000000d2100000, 0x00000000d2100000| Complete 
| 290|0x00000000d2200000, 0x00000000d2300000, 0x00000000d2300000|100%| E|CS|TAMS 0x00000000d2200000, 0x00000000d2200000| Complete 
| 291|0x00000000d2300000, 0x00000000d2400000, 0x00000000d2400000|100%| E|CS|TAMS 0x00000000d2300000, 0x00000000d2300000| Complete 
| 292|0x00000000d2400000, 0x00000000d2500000, 0x00000000d2500000|100%| E|CS|TAMS 0x00000000d2400000, 0x00000000d2400000| Complete 
| 293|0x00000000d2500000, 0x00000000d2600000, 0x00000000d2600000|100%| E|CS|TAMS 0x00000000d2500000, 0x00000000d2500000| Complete 
| 294|0x00000000d2600000, 0x00000000d2700000, 0x00000000d2700000|100%| E|CS|TAMS 0x00000000d2600000, 0x00000000d2600000| Complete 

Card table byte_map: [0x00000251f6cf0000,0x00000251f6ef0000] _byte_map_base: 0x00000251f66f0000

Marking Bits (Prev, Next): (CMBitMap*) 0x00000251ddd3cb60, (CMBitMap*) 0x00000251ddd3cba0
 Prev Bits: [0x00000251f70f0000, 0x00000251f80f0000)
 Next Bits: [0x00000251f80f0000, 0x00000251f90f0000)

Polling page: 0x00000251ddac0000

Metaspace:

Usage:
  Non-class:     11.74 MB used.
      Class:    918.70 KB used.
       Both:     12.64 MB used.

Virtual space:
  Non-class space:       64.00 MB reserved,      11.81 MB ( 18%) committed,  1 nodes.
      Class space:        1.00 GB reserved,       1.00 MB ( <1%) committed,  1 nodes.
             Both:        1.06 GB reserved,      12.81 MB (  1%) committed. 

Chunk freelists:
   Non-Class:  3.89 MB
       Class:  14.91 MB
        Both:  18.80 MB

MaxMetaspaceSize: unlimited
CompressedClassSpaceSize: 1.00 GB
Initial GC threshold: 21.00 MB
Current GC threshold: 21.38 MB
CDS: on
MetaspaceReclaimPolicy: balanced
 - commit_granule_bytes: 65536.
 - commit_granule_words: 8192.
 - virtual_space_node_default_size: 8388608.
 - enlarge_chunks_in_place: 1.
 - new_chunks_are_fully_committed: 0.
 - uncommit_free_chunks: 1.
 - use_allocation_guard: 0.
 - handle_deallocations: 1.


Internal statistics:

num_allocs_failed_limit: 0.
num_arena_births: 106.
num_arena_deaths: 0.
num_vsnodes_births: 2.
num_vsnodes_deaths: 0.
num_space_committed: 201.
num_space_uncommitted: 0.
num_chunks_returned_to_freelist: 0.
num_chunks_taken_from_freelist: 385.
num_chunk_merges: 0.
num_chunk_splits: 302.
num_chunks_enlarged: 240.
num_inconsistent_stats: 0.

CodeHeap 'non-profiled nmethods': size=120000Kb used=827Kb max_used=827Kb free=119172Kb
 bounds [0x00000251eeb60000, 0x00000251eedd0000, 0x00000251f6090000]
CodeHeap 'profiled nmethods': size=120000Kb used=2869Kb max_used=2869Kb free=117130Kb
 bounds [0x00000251e7090000, 0x00000251e7360000, 0x00000251ee5c0000]
CodeHeap 'non-nmethods': size=5760Kb used=1611Kb max_used=1643Kb free=4148Kb
 bounds [0x00000251ee5c0000, 0x00000251ee830000, 0x00000251eeb60000]
 total_blobs=2543 nmethods=1605 adapters=851
 compilation: enabled
              stopped_count=0, restarted_count=0
 full_count=0

Compilation events (20 events):
Event: 18.126 Thread 0x00000251fbb26bf0 1596       4       processing.opengl.PShader::draw (42 bytes)
Event: 18.134 Thread 0x00000251fbb26bf0 nmethod 1596 0x00000251eec2bb10 code [0x00000251eec2bd20, 0x00000251eec2cae8]
Event: 18.134 Thread 0x00000251fbb26bf0 1597       4       processing.opengl.PGL::drawElements (20 bytes)
Event: 18.138 Thread 0x00000251fbb26bf0 nmethod 1597 0x00000251eec2d890 code [0x00000251eec2da40, 0x00000251eec2de68]
Event: 18.212 Thread 0x00000251fbb26bf0 1598       4       java.util.concurrent.locks.LockSupport::setCurrentBlocker (14 bytes)
Event: 18.213 Thread 0x00000251fbb26bf0 nmethod 1598 0x00000251eec2e410 code [0x00000251eec2e580, 0x00000251eec2e698]
Event: 18.213 Thread 0x00000251fbb26bf0 1599       4       java.util.concurrent.locks.AbstractQueuedSynchronizer$ConditionObject::canReacquire (38 bytes)
Event: 18.214 Thread 0x00000251fbb26bf0 nmethod 1599 0x00000251eec2e710 code [0x00000251eec2e880, 0x00000251eec2e958]
Event: 19.892 Thread 0x00000251fbb2f2c0 1600       3       processing.opengl.PGraphicsOpenGL::updateProjmodelview (23 bytes)
Event: 19.892 Thread 0x00000251fbb2f2c0 nmethod 1600 0x00000251e735be90 code [0x00000251e735c040, 0x00000251e735c1f8]
Event: 19.892 Thread 0x00000251fbb2f2c0 1601       3       processing.core.PMatrix3D::apply (69 bytes)
Event: 19.892 Thread 0x00000251fbb2f2c0 nmethod 1601 0x00000251e735c310 code [0x00000251e735c4c0, 0x00000251e735c6a8]
Event: 21.692 Thread 0x00000251fbb26bf0 1602       4       java.util.concurrent.ThreadPoolExecutor::runStateAtLeast (11 bytes)
Event: 21.692 Thread 0x00000251fbb26bf0 nmethod 1602 0x00000251eec2ea10 code [0x00000251eec2eb80, 0x00000251eec2ebf8]
Event: 25.171 Thread 0x00000251fbb2f2c0 1603       3       java.lang.AbstractStringBuilder::append (55 bytes)
Event: 25.172 Thread 0x00000251fbb2f2c0 nmethod 1603 0x00000251e735c790 code [0x00000251e735c960, 0x00000251e735cc98]
Event: 25.199 Thread 0x00000251fbb2f2c0 1604       3       jdk.internal.misc.Unsafe::getAndAddLong (27 bytes)
Event: 25.200 Thread 0x00000251fbb2f2c0 nmethod 1604 0x00000251e735ce10 code [0x00000251e735cfc0, 0x00000251e735d208]
Event: 25.200 Thread 0x00000251fbb2f2c0 1605       3       jdk.internal.misc.Unsafe::weakCompareAndSetLong (11 bytes)
Event: 25.200 Thread 0x00000251fbb2f2c0 nmethod 1605 0x00000251e735d310 code [0x00000251e735d4a0, 0x00000251e735d5d8]

GC Heap History (20 events):
Event: 11.682 GC heap before
{Heap before GC invocations=21 (full 0):
 garbage-first heap   total 302080K, used 258349K [0x00000000c0000000, 0x0000000100000000)
  region size 1024K, 86 young (88064K), 4 survivors (4096K)
 Metaspace       used 12847K, committed 13056K, reserved 1114112K
  class space    used 914K, committed 1024K, reserved 1048576K
}
Event: 11.684 GC heap after
{Heap after GC invocations=22 (full 0):
 garbage-first heap   total 302080K, used 175321K [0x00000000c0000000, 0x0000000100000000)
  region size 1024K, 5 young (5120K), 5 survivors (5120K)
 Metaspace       used 12847K, committed 13056K, reserved 1114112K
  class space    used 914K, committed 1024K, reserved 1048576K
}
Event: 13.040 GC heap before
{Heap before GC invocations=23 (full 0):
 garbage-first heap   total 302080K, used 258265K [0x00000000c0000000, 0x0000000100000000)
  region size 1024K, 86 young (88064K), 5 survivors (5120K)
 Metaspace       used 12847K, committed 13056K, reserved 1114112K
  class space    used 914K, committed 1024K, reserved 1048576K
}
Event: 13.042 GC heap after
{Heap after GC invocations=24 (full 0):
 garbage-first heap   total 302080K, used 175146K [0x00000000c0000000, 0x0000000100000000)
  region size 1024K, 4 young (4096K), 4 survivors (4096K)
 Metaspace       used 12847K, committed 13056K, reserved 1114112K
  class space    used 914K, committed 1024K, reserved 1048576K
}
Event: 14.416 GC heap before
{Heap before GC invocations=24 (full 0):
 garbage-first heap   total 302080K, used 259114K [0x00000000c0000000, 0x0000000100000000)
  region size 1024K, 86 young (88064K), 4 survivors (4096K)
 Metaspace       used 12860K, committed 13056K, reserved 1114112K
  class space    used 914K, committed 1024K, reserved 1048576K
}
Event: 14.418 GC heap after
{Heap after GC invocations=25 (full 0):
 garbage-first heap   total 302080K, used 175998K [0x00000000c0000000, 0x0000000100000000)
  region size 1024K, 5 young (5120K), 5 survivors (5120K)
 Metaspace       used 12860K, committed 13056K, reserved 1114112K
  class space    used 914K, committed 1024K, reserved 1048576K
}
Event: 15.788 GC heap before
{Heap before GC invocations=26 (full 0):
 garbage-first heap   total 302080K, used 258942K [0x00000000c0000000, 0x0000000100000000)
  region size 1024K, 86 young (88064K), 5 survivors (5120K)
 Metaspace       used 12861K, committed 13056K, reserved 1114112K
  class space    used 914K, committed 1024K, reserved 1048576K
}
Event: 15.789 GC heap after
{Heap after GC invocations=27 (full 0):
 garbage-first heap   total 302080K, used 176032K [0x00000000c0000000, 0x0000000100000000)
  region size 1024K, 5 young (5120K), 5 survivors (5120K)
 Metaspace       used 12861K, committed 13056K, reserved 1114112K
  class space    used 914K, committed 1024K, reserved 1048576K
}
Event: 17.165 GC heap before
{Heap before GC invocations=27 (full 0):
 garbage-first heap   total 302080K, used 258976K [0x00000000c0000000, 0x0000000100000000)
  region size 1024K, 86 young (88064K), 5 survivors (5120K)
 Metaspace       used 12890K, committed 13120K, reserved 1114112K
  class space    used 914K, committed 1024K, reserved 1048576K
}
Event: 17.167 GC heap after
{Heap after GC invocations=28 (full 0):
 garbage-first heap   total 302080K, used 175835K [0x00000000c0000000, 0x0000000100000000)
  region size 1024K, 5 young (5120K), 5 survivors (5120K)
 Metaspace       used 12890K, committed 13120K, reserved 1114112K
  class space    used 914K, committed 1024K, reserved 1048576K
}
Event: 18.551 GC heap before
{Heap before GC invocations=29 (full 0):
 garbage-first heap   total 302080K, used 258779K [0x00000000c0000000, 0x0000000100000000)
  region size 1024K, 86 young (88064K), 5 survivors (5120K)
 Metaspace       used 12892K, committed 13120K, reserved 1114112K
  class space    used 914K, committed 1024K, reserved 1048576K
}
Event: 18.553 GC heap after
{Heap after GC invocations=30 (full 0):
 garbage-first heap   total 302080K, used 175822K [0x00000000c0000000, 0x0000000100000000)
  region size 1024K, 5 young (5120K), 5 survivors (5120K)
 Metaspace       used 12892K, committed 13120K, reserved 1114112K
  class space    used 914K, committed 1024K, reserved 1048576K
}
Event: 19.909 GC heap before
{Heap before GC invocations=30 (full 0):
 garbage-first heap   total 302080K, used 258766K [0x00000000c0000000, 0x0000000100000000)
  region size 1024K, 86 young (88064K), 5 survivors (5120K)
 Metaspace       used 12892K, committed 13120K, reserved 1114112K
  class space    used 914K, committed 1024K, reserved 1048576K
}
Event: 19.911 GC heap after
{Heap after GC invocations=31 (full 0):
 garbage-first heap   total 302080K, used 175828K [0x00000000c0000000, 0x0000000100000000)
  region size 1024K, 5 young (5120K), 5 survivors (5120K)
 Metaspace       used 12892K, committed 13120K, reserved 1114112K
  class space    used 914K, committed 1024K, reserved 1048576K
}
Event: 21.266 GC heap before
{Heap before GC invocations=32 (full 0):
 garbage-first heap   total 302080K, used 258772K [0x00000000c0000000, 0x0000000100000000)
  region size 1024K, 86 young (88064K), 5 survivors (5120K)
 Metaspace       used 12892K, committed 13120K, reserved 1114112K
  class space    used 914K, committed 1024K, reserved 1048576K
}
Event: 21.267 GC heap after
{Heap after GC invocations=33 (full 0):
 garbage-first heap   total 302080K, used 175606K [0x00000000c0000000, 0x0000000100000000)
  region size 1024K, 5 young (5120K), 5 survivors (5120K)
 Metaspace       used 12892K, committed 13120K, reserved 1114112K
  class space    used 914K, committed 1024K, reserved 1048576K
}
Event: 22.643 GC heap before
{Heap before GC invocations=33 (full 0):
 garbage-first heap   total 302080K, used 259574K [0x00000000c0000000, 0x0000000100000000)
  region size 1024K, 87 young (89088K), 5 survivors (5120K)
 Metaspace       used 12892K, committed 13120K, reserved 1114112K
  class space    used 914K, committed 1024K, reserved 1048576K
}
Event: 22.645 GC heap after
{Heap after GC invocations=34 (full 0):
 garbage-first heap   total 302080K, used 176199K [0x00000000c0000000, 0x0000000100000000)
  region size 1024K, 5 young (5120K), 5 survivors (5120K)
 Metaspace       used 12892K, committed 13120K, reserved 1114112K
  class space    used 914K, committed 1024K, reserved 1048576K
}
Event: 23.988 GC heap before
{Heap before GC invocations=35 (full 0):
 garbage-first heap   total 302080K, used 259143K [0x00000000c0000000, 0x0000000100000000)
  region size 1024K, 86 young (88064K), 5 survivors (5120K)
 Metaspace       used 12892K, committed 13120K, reserved 1114112K
  class space    used 914K, committed 1024K, reserved 1048576K
}
Event: 23.990 GC heap after
{Heap after GC invocations=36 (full 0):
 garbage-first heap   total 302080K, used 176115K [0x00000000c0000000, 0x0000000100000000)
  region size 1024K, 5 young (5120K), 5 survivors (5120K)
 Metaspace       used 12892K, committed 13120K, reserved 1114112K
  class space    used 914K, committed 1024K, reserved 1048576K
}

Dll operation events (14 events):
Event: 0.006 Loaded shared library C:\Program Files\Processing\app\resources\jdk-17.0.14+7\bin\java.dll
Event: 0.017 Loaded shared library C:\Program Files\Processing\app\resources\jdk-17.0.14+7\bin\jsvml.dll
Event: 0.088 Loaded shared library C:\Program Files\Processing\app\resources\jdk-17.0.14+7\bin\net.dll
Event: 0.089 Loaded shared library C:\Program Files\Processing\app\resources\jdk-17.0.14+7\bin\nio.dll
Event: 0.091 Loaded shared library C:\Program Files\Processing\app\resources\jdk-17.0.14+7\bin\zip.dll
Event: 0.130 Loaded shared library C:\Program Files\Processing\app\resources\jdk-17.0.14+7\bin\jimage.dll
Event: 0.133 Loaded shared library C:\Program Files\Processing\app\resources\jdk-17.0.14+7\bin\awt.dll
Event: 0.393 Loaded shared library C:\Users\danil\AppData\Local\Temp\jogamp_0000\file_cache\jln3572371439154983586\jln16644847572209167770\natives\windows-amd64\gluegen_rt.dll
Event: 0.399 Loaded shared library C:\Program Files\Processing\app\resources\jdk-17.0.14+7\bin\jawt.dll
Event: 0.409 Loaded shared library C:\Users\danil\AppData\Local\Temp\jogamp_0000\file_cache\jln3572371439154983586\jln16644847572209167770\natives\windows-amd64\nativewindow_awt.dll
Event: 0.435 Loaded shared library C:\Users\danil\AppData\Local\Temp\jogamp_0000\file_cache\jln3572371439154983586\jln16644847572209167770\natives\windows-amd64\nativewindow_win32.dll
Event: 0.518 Loaded shared library C:\Users\danil\AppData\Local\Temp\jogamp_0000\file_cache\jln3572371439154983586\jln16644847572209167770\natives\windows-amd64\jogl_desktop.dll
Event: 0.679 Loaded shared library C:\Users\danil\AppData\Local\Temp\jogamp_0000\file_cache\jln3572371439154983586\jln16644847572209167770\natives\windows-amd64\jogl_mobile.dll
Event: 1.364 Loaded shared library C:\Users\danil\AppData\Local\Temp\jogamp_0000\file_cache\jln3572371439154983586\jln16644847572209167770\natives\windows-amd64\newt_head.dll

Deoptimization events (20 events):
Event: 1.927 Thread 0x00000251c80f63d0 Uncommon trap: trap_request=0xffffff45 fr.pc=0x00000251eebf3904 relative=0x0000000000000f64
Event: 1.927 Thread 0x00000251c80f63d0 Uncommon trap: reason=unstable_if action=reinterpret pc=0x00000251eebf3904 method=processing.opengl.PGraphicsOpenGL$Tessellator.tessellateRoundPoints2D(III)V @ 106 c2
Event: 1.927 Thread 0x00000251c80f63d0 DEOPT PACKING pc=0x00000251eebf3904 sp=0x000000a9dfffe750
Event: 1.927 Thread 0x00000251c80f63d0 DEOPT UNPACKING pc=0x00000251ee61a1a3 sp=0x000000a9dfffe710 mode 2
Event: 2.031 Thread 0x00000251c80f63d0 DEOPT PACKING pc=0x00000251e72a5f1a sp=0x000000a9dfffe720
Event: 2.031 Thread 0x00000251c80f63d0 DEOPT UNPACKING pc=0x00000251ee61ace3 sp=0x000000a9dfffdc10 mode 0
Event: 2.031 Thread 0x00000251c80f63d0 DEOPT PACKING pc=0x00000251e72e1063 sp=0x000000a9dfffe6a0
Event: 2.031 Thread 0x00000251c80f63d0 DEOPT UNPACKING pc=0x00000251ee61ace3 sp=0x000000a9dfffdc10 mode 0
Event: 2.032 Thread 0x00000251c80f63d0 DEOPT PACKING pc=0x00000251e72e1063 sp=0x000000a9dfffe6a0
Event: 2.032 Thread 0x00000251c80f63d0 DEOPT UNPACKING pc=0x00000251ee61ace3 sp=0x000000a9dfffdc10 mode 0
Event: 2.134 Thread 0x00000251c80f63d0 DEOPT PACKING pc=0x00000251e72a5ec0 sp=0x000000a9dfffe720
Event: 2.134 Thread 0x00000251c80f63d0 DEOPT UNPACKING pc=0x00000251ee61ace3 sp=0x000000a9dfffdc10 mode 0
Event: 6.396 Thread 0x00000251d8a42b40 Uncommon trap: trap_request=0xffffff45 fr.pc=0x00000251eebdb500 relative=0x00000000000000e0
Event: 6.396 Thread 0x00000251d8a42b40 Uncommon trap: reason=unstable_if action=reinterpret pc=0x00000251eebdb500 method=java.util.HashMap$HashIterator.<init>(Ljava/util/HashMap;)V @ 38 c2
Event: 6.396 Thread 0x00000251d8a42b40 DEOPT PACKING pc=0x00000251eebdb500 sp=0x000000a9dfdff300
Event: 6.396 Thread 0x00000251d8a42b40 DEOPT UNPACKING pc=0x00000251ee61a1a3 sp=0x000000a9dfdff1e0 mode 2
Event: 25.196 Thread 0x00000251c5ed7540 Uncommon trap: trap_request=0xffffff45 fr.pc=0x00000251eec13970 relative=0x00000000000000f0
Event: 25.196 Thread 0x00000251c5ed7540 Uncommon trap: reason=unstable_if action=reinterpret pc=0x00000251eec13970 method=com.jogamp.common.util.IntIntHashMap.put(II)I @ 21 c2
Event: 25.196 Thread 0x00000251c5ed7540 DEOPT PACKING pc=0x00000251eec13970 sp=0x000000a9df2fee30
Event: 25.196 Thread 0x00000251c5ed7540 DEOPT UNPACKING pc=0x00000251ee61a1a3 sp=0x000000a9df2fed98 mode 2

Classes loaded (20 events):
Event: 1.578 Loading class java/util/concurrent/Callable done
Event: 1.578 Loading class java/util/concurrent/Executors$RunnableAdapter done
Event: 1.578 Loading class java/util/concurrent/ThreadPoolExecutor$Worker
Event: 1.578 Loading class java/util/concurrent/ThreadPoolExecutor$Worker done
Event: 1.579 Loading class java/util/concurrent/locks/AbstractQueuedSynchronizer$SharedNode
Event: 1.580 Loading class java/util/concurrent/locks/AbstractQueuedSynchronizer$SharedNode done
Event: 1.782 Loading class sun/nio/cs/StreamDecoder
Event: 1.782 Loading class sun/nio/cs/StreamDecoder done
Event: 1.783 Loading class java/util/regex/Pattern$LookBehindEndNode
Event: 1.783 Loading class java/util/regex/Pattern$LookBehindEndNode done
Event: 1.783 Loading class java/util/regex/Pattern$NotBehind
Event: 1.783 Loading class java/util/regex/Pattern$NotBehind done
Event: 1.783 Loading class java/util/regex/Pattern$Neg
Event: 1.783 Loading class java/util/regex/Pattern$Neg done
Event: 1.783 Loading class java/util/regex/Pattern$Pos
Event: 1.783 Loading class java/util/regex/Pattern$Pos done
Event: 1.789 Loading class java/util/regex/Pattern$SliceS
Event: 1.790 Loading class java/util/regex/Pattern$SliceS done
Event: 25.171 Loading class java/nio/channels/ClosedChannelException
Event: 25.171 Loading class java/nio/channels/ClosedChannelException done

Classes unloaded (0 events):
No events

Classes redefined (0 events):
No events

Internal exceptions (20 events):
Event: 0.119 Thread 0x00000251ddbcdeb0 Exception <a 'java/lang/NoSuchMethodError'{0x00000000c3ce6c58}: 'void java.lang.invoke.DirectMethodHandle$Holder.invokeStatic(java.lang.Object, java.lang.Object, java.lang.Object)'> (0x00000000c3ce6c58) 
thrown [s\src\hotspot\share\interpreter\linkResolver.cpp, line 759]
Event: 0.125 Thread 0x00000251ddbcdeb0 Exception <a 'java/lang/ClassNotFoundException'{0x00000000c3b0de00}: sun/awt/resources/spi/awtProvider> (0x00000000c3b0de00) 
thrown [s\src\hotspot\share\classfile\systemDictionary.cpp, line 256]
Event: 0.140 Thread 0x00000251ddbcdeb0 Exception <a 'java/io/FileNotFoundException'{0x00000000c3b63740}> (0x00000000c3b63740) 
thrown [s\src\hotspot\share\prims\jni.cpp, line 516]
Event: 0.144 Thread 0x00000251ddbcdeb0 Exception <a 'java/io/FileNotFoundException'{0x00000000c3b90bb8}> (0x00000000c3b90bb8) 
thrown [s\src\hotspot\share\prims\jni.cpp, line 516]
Event: 0.170 Thread 0x00000251ddbcdeb0 Exception <a 'java/lang/NoSuchMethodError'{0x00000000c3a3e218}: 'java.lang.Object java.lang.invoke.DirectMethodHandle$Holder.invokeStaticInit(java.lang.Object)'> (0x00000000c3a3e218) 
thrown [s\src\hotspot\share\interpreter\linkResolver.cpp, line 759]
Event: 0.254 Thread 0x00000251ddbcdeb0 Exception <a 'java/lang/NoSuchMethodError'{0x00000000c364c348}: 'java.lang.Object java.lang.invoke.DirectMethodHandle$Holder.invokeStaticInit(java.lang.Object, int, int, int, int)'> (0x00000000c364c348) 
thrown [s\src\hotspot\share\interpreter\linkResolver.cpp, line 759]
Event: 0.287 Thread 0x00000251ddbcdeb0 Exception <a 'java/lang/NoSuchMethodError'{0x00000000c3535fc0}: 'java.lang.Object java.lang.invoke.DirectMethodHandle$Holder.invokeStaticInit(java.lang.Object, java.lang.Object, int, int, int, int)'> (0x00000000c3535fc0) 
thrown [s\src\hotspot\share\interpreter\linkResolver.cpp, line 759]
Event: 0.307 Thread 0x00000251ddbcdeb0 Exception <a 'java/lang/NoSuchMethodError'{0x00000000c3541660}: 'void java.lang.invoke.DirectMethodHandle$Holder.invokeStatic(java.lang.Object, long)'> (0x00000000c3541660) 
thrown [s\src\hotspot\share\interpreter\linkResolver.cpp, line 759]
Event: 0.307 Thread 0x00000251ddbcdeb0 Exception <a 'java/lang/NoSuchMethodError'{0x00000000c3546c40}: 'java.lang.Object java.lang.invoke.DirectMethodHandle$Holder.newInvokeSpecial(java.lang.Object, long)'> (0x00000000c3546c40) 
thrown [s\src\hotspot\share\interpreter\linkResolver.cpp, line 759]
Event: 0.309 Thread 0x00000251ddbcdeb0 Exception <a 'java/lang/NoSuchMethodError'{0x00000000c3551458}: 'java.lang.Object java.lang.invoke.DirectMethodHandle$Holder.invokeStaticInit(java.lang.Object, java.lang.Object, long, java.lang.Object)'> (0x00000000c3551458) 
thrown [s\src\hotspot\share\interpreter\linkResolver.cpp, line 759]
Event: 0.310 Thread 0x00000251ddbcdeb0 Exception <a 'java/lang/NoSuchMethodError'{0x00000000c3557a18}: 'java.lang.Object java.lang.invoke.DirectMethodHandle$Holder.newInvokeSpecial(java.lang.Object, java.lang.Object, long)'> (0x00000000c3557a18) 
thrown [s\src\hotspot\share\interpreter\linkResolver.cpp, line 759]
Event: 0.310 Thread 0x00000251ddbcdeb0 Exception <a 'java/lang/NoSuchMethodError'{0x00000000c355b588}: 'java.lang.Object java.lang.invoke.Invokers$Holder.linkToTargetMethod(java.lang.Object, long, java.lang.Object)'> (0x00000000c355b588) 
thrown [s\src\hotspot\share\interpreter\linkResolver.cpp, line 759]
Event: 0.419 Thread 0x00000251ddbcdeb0 Exception <a 'java/lang/NoSuchMethodError'{0x00000000c34cc3f8}: 'java.lang.Object java.lang.invoke.DirectMethodHandle$Holder.invokeInterface(java.lang.Object, java.lang.Object)'> (0x00000000c34cc3f8) 
thrown [s\src\hotspot\share\interpreter\linkResolver.cpp, line 759]
Event: 0.419 Thread 0x00000251ddbcdeb0 Exception <a 'java/lang/IncompatibleClassChangeError'{0x00000000c34cfd18}: Found class java.lang.Object, but interface was expected> (0x00000000c34cfd18) 
thrown [s\src\hotspot\share\interpreter\linkResolver.cpp, line 826]
Event: 1.430 Thread 0x00000251ddbcdeb0 Exception <a 'java/lang/NoSuchMethodError'{0x00000000c334c628}: 'void java.lang.invoke.DirectMethodHandle$Holder.invokeSpecial(java.lang.Object, java.lang.Object, java.lang.Object, java.lang.Object, java.lang.Object)'> (0x00000000c334c628) 
thrown [s\src\hotspot\share\interpreter\linkResolver.cpp, line 759]
Event: 1.431 Thread 0x00000251ddbcdeb0 Exception <a 'java/lang/NoSuchMethodError'{0x00000000c33555e8}: 'void java.lang.invoke.DirectMethodHandle$Holder.invokeSpecial(java.lang.Object, java.lang.Object, java.lang.Object)'> (0x00000000c33555e8) 
thrown [s\src\hotspot\share\interpreter\linkResolver.cpp, line 759]
Event: 1.431 Thread 0x00000251ddbcdeb0 Exception <a 'java/lang/NoSuchMethodError'{0x00000000c335b918}: 'void java.lang.invoke.DirectMethodHandle$Holder.invokeSpecial(java.lang.Object, java.lang.Object, int)'> (0x00000000c335b918) 
thrown [s\src\hotspot\share\interpreter\linkResolver.cpp, line 759]
Event: 1.431 Thread 0x00000251ddbcdeb0 Exception <a 'java/lang/NoSuchMethodError'{0x00000000c3361930}: 'java.lang.Object java.lang.invoke.DirectMethodHandle$Holder.newInvokeSpecial(java.lang.Object, java.lang.Object, int)'> (0x00000000c3361930) 
thrown [s\src\hotspot\share\interpreter\linkResolver.cpp, line 759]
Event: 25.170 Thread 0x00000251c576cec0 Exception <a 'java/lang/InterruptedException'{0x00000000ce281168}> (0x00000000ce281168) 
thrown [s\src\hotspot\share\runtime\objectMonitor.cpp, line 1658]
Event: 25.196 Thread 0x00000251c5ed7540 Implicit null exception at 0x00000251eec138c4 to 0x00000251eec1394c

VM Operations (20 events):
Event: 18.183 Executing VM operation: Cleanup done
Event: 18.551 Executing VM operation: G1CollectForAllocation
Event: 18.553 Executing VM operation: G1CollectForAllocation done
Event: 19.909 Executing VM operation: G1CollectForAllocation
Event: 19.911 Executing VM operation: G1CollectForAllocation done
Event: 19.920 Executing VM operation: G1PauseRemark
Event: 19.921 Executing VM operation: G1PauseRemark done
Event: 19.924 Executing VM operation: G1PauseCleanup
Event: 19.924 Executing VM operation: G1PauseCleanup done
Event: 21.266 Executing VM operation: G1CollectForAllocation
Event: 21.267 Executing VM operation: G1CollectForAllocation done
Event: 22.643 Executing VM operation: G1CollectForAllocation
Event: 22.645 Executing VM operation: G1CollectForAllocation done
Event: 22.654 Executing VM operation: G1PauseRemark
Event: 22.655 Executing VM operation: G1PauseRemark done
Event: 22.658 Executing VM operation: G1PauseCleanup
Event: 22.658 Executing VM operation: G1PauseCleanup done
Event: 23.988 Executing VM operation: G1CollectForAllocation
Event: 23.990 Executing VM operation: G1CollectForAllocation done
Event: 25.273 Executing VM operation: Exit

Memory protections (0 events):
No events

Nmethod flushes (0 events):
No events

Events (20 events):
Event: 1.579 Thread 0x00000251c80f63d0 Thread added: 0x00000251d8a43560
Event: 1.579 Thread 0x00000251c80f63d0 Thread added: 0x00000251d8a44490
Event: 1.579 Thread 0x00000251c80f63d0 Thread added: 0x00000251d8a453c0
Event: 1.658 Thread 0x00000251c77df820 Thread added: 0x00000251d8dd95c0
Event: 1.988 Thread 0x00000251d8dd95c0 Thread exited: 0x00000251d8dd95c0
Event: 2.014 Thread 0x00000251c77df820 Thread exited: 0x00000251c77df820
Event: 5.390 Thread 0x00000251c5772bd0 Thread added: 0x00000251d8a42b40
Event: 6.396 Thread 0x00000251d8a42b40 Thread exited: 0x00000251d8a42b40
Event: 25.170 Thread 0x00000251c80f63d0 Thread added: 0x00000251d8a42b40
Event: 25.170 Thread 0x00000251c80f63d0 Thread added: 0x00000251d8a43a70
Event: 25.170 Thread 0x00000251c80f63d0 Thread added: 0x00000251d8a41c10
Event: 25.170 Thread 0x00000251c576cec0 Thread exited: 0x00000251c576cec0
Event: 25.171 Thread 0x00000251c5772bd0 Thread added: 0x00000251d8a49080
Event: 25.171 Thread 0x00000251d8a41c10 Thread exited: 0x00000251d8a41c10
Event: 25.171 Thread 0x00000251c8141960 Thread exited: 0x00000251c8141960
Event: 25.173 Thread 0x00000251c5772bd0 Thread exited: 0x00000251c5772bd0
Event: 25.197 Thread 0x00000251c5ed7540 Thread exited: 0x00000251c5ed7540
Event: 25.200 Thread 0x00000251d8a42b40 Thread exited: 0x00000251d8a42b40
Event: 25.272 Thread 0x00000251d8a43a70 Thread exited: 0x00000251d8a43a70
Event: 25.272 Thread 0x00000251c80f63d0 Before exit entered


Dynamic libraries:
0x00007ff7c9de0000 - 0x00007ff7c9dee000 	C:\Program Files\Processing\app\resources\jdk-17.0.14+7\bin\java.exe
0x00007ffa7da60000 - 0x00007ffa7dcc7000 	C:\WINDOWS\SYSTEM32\ntdll.dll
0x00007ffa7c020000 - 0x00007ffa7c0e9000 	C:\WINDOWS\System32\KERNEL32.DLL
0x00007ffa7a540000 - 0x00007ffa7a937000 	C:\WINDOWS\System32\KERNELBASE.dll
0x00007ffa7ab20000 - 0x00007ffa7ac6b000 	C:\WINDOWS\System32\ucrtbase.dll
0x00007ffa4d900000 - 0x00007ffa4d91e000 	C:\Program Files\Processing\app\resources\jdk-17.0.14+7\bin\VCRUNTIME140.dll
0x00007ffa4d920000 - 0x00007ffa4d937000 	C:\Program Files\Processing\app\resources\jdk-17.0.14+7\bin\jli.dll
0x00007ffa7bdd0000 - 0x00007ffa7bf96000 	C:\WINDOWS\System32\USER32.dll
0x00007ffa61590000 - 0x00007ffa61822000 	C:\WINDOWS\WinSxS\amd64_microsoft.windows.common-controls_6595b64144ccf1df_6.0.26100.8457_none_3e0b2faee331e92d\COMCTL32.dll
0x00007ffa7b630000 - 0x00007ffa7b657000 	C:\WINDOWS\System32\win32u.dll
0x00007ffa7b7e0000 - 0x00007ffa7b889000 	C:\WINDOWS\System32\msvcrt.dll
0x00007ffa7cc40000 - 0x00007ffa7cc6b000 	C:\WINDOWS\System32\GDI32.dll
0x00007ffa7a940000 - 0x00007ffa7aa6c000 	C:\WINDOWS\System32\gdi32full.dll
0x00007ffa7a490000 - 0x00007ffa7a533000 	C:\WINDOWS\System32\msvcp_win.dll
0x00007ffa7ba00000 - 0x00007ffa7ba32000 	C:\WINDOWS\System32\IMM32.DLL
0x00007ffa73680000 - 0x00007ffa7368c000 	C:\Program Files\Processing\app\resources\jdk-17.0.14+7\bin\vcruntime140_1.dll
0x00007ffa457d0000 - 0x00007ffa4585d000 	C:\Program Files\Processing\app\resources\jdk-17.0.14+7\bin\msvcp140.dll
0x00007ff9b1440000 - 0x00007ff9b20ab000 	C:\Program Files\Processing\app\resources\jdk-17.0.14+7\bin\server\jvm.dll
0x00007ffa7d380000 - 0x00007ffa7d436000 	C:\WINDOWS\System32\ADVAPI32.dll
0x00007ffa7d450000 - 0x00007ffa7d4f7000 	C:\WINDOWS\System32\sechost.dll
0x00007ffa7d610000 - 0x00007ffa7d728000 	C:\WINDOWS\System32\RPCRT4.dll
0x00007ffa7d500000 - 0x00007ffa7d580000 	C:\WINDOWS\System32\WS2_32.dll
0x00007ffa7a310000 - 0x00007ffa7a36e000 	C:\WINDOWS\SYSTEM32\POWRPROF.dll
0x00007ffa704a0000 - 0x00007ffa704ab000 	C:\WINDOWS\SYSTEM32\VERSION.dll
0x00007ffa61e60000 - 0x00007ffa61e96000 	C:\WINDOWS\SYSTEM32\WINMM.dll
0x00007ffa7a2f0000 - 0x00007ffa7a304000 	C:\WINDOWS\SYSTEM32\UMPDC.dll
0x00007ffa79220000 - 0x00007ffa7923b000 	C:\WINDOWS\SYSTEM32\kernel.appcore.dll
0x00007ffa6a5b0000 - 0x00007ffa6a5ba000 	C:\Program Files\Processing\app\resources\jdk-17.0.14+7\bin\jimage.dll
0x00007ffa72470000 - 0x00007ffa726b2000 	C:\WINDOWS\SYSTEM32\DBGHELP.DLL
0x00007ffa7c870000 - 0x00007ffa7cbf3000 	C:\WINDOWS\System32\combase.dll
0x00007ffa7bc30000 - 0x00007ffa7bd09000 	C:\WINDOWS\System32\OLEAUT32.dll
0x00007ffa410a0000 - 0x00007ffa410db000 	C:\WINDOWS\SYSTEM32\dbgcore.DLL
0x00007ffa7aa70000 - 0x00007ffa7ab18000 	C:\WINDOWS\System32\bcryptPrimitives.dll
0x00007ffa478a0000 - 0x00007ffa478db000 	C:\Program Files\Processing\app\resources\jdk-17.0.14+7\bin\jdwp.dll
0x00007ffa4c330000 - 0x00007ffa4c355000 	C:\Program Files\Processing\app\resources\jdk-17.0.14+7\bin\java.dll
0x00007ffa41a00000 - 0x00007ffa41ad7000 	C:\Program Files\Processing\app\resources\jdk-17.0.14+7\bin\jsvml.dll
0x00007ffa7c0f0000 - 0x00007ffa7c85e000 	C:\WINDOWS\System32\SHELL32.dll
0x00007ffa7ac70000 - 0x00007ffa7b4dc000 	C:\WINDOWS\System32\windows.storage.dll
0x00007ffa7d730000 - 0x00007ffa7d826000 	C:\WINDOWS\System32\SHCORE.dll
0x00007ffa7d210000 - 0x00007ffa7d276000 	C:\WINDOWS\System32\shlwapi.dll
0x00007ffa7a3b0000 - 0x00007ffa7a3d9000 	C:\WINDOWS\SYSTEM32\profapi.dll
0x00007ffa4d410000 - 0x00007ffa4d41c000 	C:\Program Files\Processing\app\resources\jdk-17.0.14+7\bin\dt_socket.dll
0x00007ffa78c30000 - 0x00007ffa78c62000 	C:\WINDOWS\SYSTEM32\IPHLPAPI.DLL
0x00007ffa79790000 - 0x00007ffa797fc000 	C:\WINDOWS\system32\mswsock.dll
0x00007ffa4ce10000 - 0x00007ffa4ce29000 	C:\Program Files\Processing\app\resources\jdk-17.0.14+7\bin\net.dll
0x00007ffa775b0000 - 0x00007ffa776d9000 	C:\WINDOWS\SYSTEM32\WINHTTP.dll
0x00007ffa4cd70000 - 0x00007ffa4cd86000 	C:\Program Files\Processing\app\resources\jdk-17.0.14+7\bin\nio.dll
0x00007ffa47880000 - 0x00007ffa47898000 	C:\Program Files\Processing\app\resources\jdk-17.0.14+7\bin\zip.dll
0x00007ff9ec9a0000 - 0x00007ff9ecb30000 	C:\Program Files\Processing\app\resources\jdk-17.0.14+7\bin\awt.dll
0x00007ffa76060000 - 0x00007ffa76100000 	C:\WINDOWS\SYSTEM32\apphelp.dll
0x00007ffa77ee0000 - 0x00007ffa77f8a000 	C:\WINDOWS\system32\uxtheme.dll
0x00007ffa7b890000 - 0x00007ffa7b9ec000 	C:\WINDOWS\System32\MSCTF.dll
0x00007ffa7ba40000 - 0x00007ffa7bbd7000 	C:\WINDOWS\System32\ole32.dll
0x00007ffa781d0000 - 0x00007ffa781ff000 	C:\WINDOWS\system32\DWMAPI.DLL
0x00007ffa33d40000 - 0x00007ffa33e4f000 	C:\WINDOWS\system32\opengl32.dll
0x00007ffa36620000 - 0x00007ffa3664d000 	C:\WINDOWS\SYSTEM32\GLU32.dll
0x00007ffa77ff0000 - 0x00007ffa78035000 	C:\WINDOWS\SYSTEM32\dxcore.dll
0x00007ffa79a70000 - 0x00007ffa79a8b000 	C:\WINDOWS\SYSTEM32\CRYPTSP.dll
0x00007ffa79180000 - 0x00007ffa791b9000 	C:\WINDOWS\system32\rsaenh.dll
0x00007ffa79840000 - 0x00007ffa79873000 	C:\WINDOWS\SYSTEM32\USERENV.dll
0x00007ffa7a380000 - 0x00007ffa7a3aa000 	C:\WINDOWS\SYSTEM32\bcrypt.dll
0x00007ffa79a90000 - 0x00007ffa79a9c000 	C:\WINDOWS\SYSTEM32\CRYPTBASE.dll
0x00007ffa7cc00000 - 0x00007ffa7cc0a000 	C:\WINDOWS\System32\NSI.dll
0x00007ffa77800000 - 0x00007ffa7781d000 	C:\WINDOWS\SYSTEM32\dhcpcsvc6.DLL
0x00007ffa77750000 - 0x00007ffa77775000 	C:\WINDOWS\SYSTEM32\dhcpcsvc.DLL
0x00007ffa78ce0000 - 0x00007ffa78e12000 	C:\WINDOWS\SYSTEM32\DNSAPI.dll
0x00007ffa44850000 - 0x00007ffa44863000 	C:\Users\danil\AppData\Local\Temp\jogamp_0000\file_cache\jln3572371439154983586\jln16644847572209167770\natives\windows-amd64\gluegen_rt.dll
0x00007ffa4d400000 - 0x00007ffa4d407000 	C:\Program Files\Processing\app\resources\jdk-17.0.14+7\bin\jawt.dll
0x00007ffa4cd50000 - 0x00007ffa4cd5d000 	C:\Users\danil\AppData\Local\Temp\jogamp_0000\file_cache\jln3572371439154983586\jln16644847572209167770\natives\windows-amd64\nativewindow_awt.dll
0x00007ffa419e0000 - 0x00007ffa419f5000 	C:\Users\danil\AppData\Local\Temp\jogamp_0000\file_cache\jln3572371439154983586\jln16644847572209167770\natives\windows-amd64\nativewindow_win32.dll
0x00007ffa3fac0000 - 0x00007ffa3fb43000 	C:\Users\danil\AppData\Local\Temp\jogamp_0000\file_cache\jln3572371439154983586\jln16644847572209167770\natives\windows-amd64\jogl_desktop.dll
0x00007ff9ec940000 - 0x00007ff9ec992000 	C:\Users\danil\AppData\Local\Temp\jogamp_0000\file_cache\jln3572371439154983586\jln16644847572209167770\natives\windows-amd64\jogl_mobile.dll
0x00007ffa73470000 - 0x00007ffa734d1000 	C:\WINDOWS\SYSTEM32\directxdatabasehelper.dll
0x00007ffa665e0000 - 0x00007ffa665fd000 	C:\WINDOWS\SYSTEM32\windows.staterepositorycore.dll
0x00007ff9b0460000 - 0x00007ff9b1433000 	C:\WINDOWS\System32\DriverStore\FileRepository\iigd_dch.inf_amd64_225f37aa3862fc3f\igxelpicd64.dll
0x00007ffa78040000 - 0x00007ffa7817e000 	C:\WINDOWS\system32\dxgi.dll
0x00007ff9d3b70000 - 0x00007ff9d3ff7000 	C:\WINDOWS\System32\DriverStore\FileRepository\iigd_dch.inf_amd64_225f37aa3862fc3f\igdml64.dll
0x00007ffa7a000000 - 0x00007ffa7a051000 	C:\WINDOWS\SYSTEM32\cfgmgr32.dll
0x00007ffa704b0000 - 0x00007ffa70871000 	C:\WINDOWS\System32\DriverStore\FileRepository\iigd_dch.inf_amd64_225f37aa3862fc3f\igdgmm64.dll
0x00007ffa6d290000 - 0x00007ffa70496000 	C:\WINDOWS\System32\DriverStore\FileRepository\iigd_dch.inf_amd64_225f37aa3862fc3f\igc64.dll
0x00007ffa41800000 - 0x00007ffa41819000 	C:\Users\danil\AppData\Local\Temp\jogamp_0000\file_cache\jln3572371439154983586\jln16644847572209167770\natives\windows-amd64\newt_head.dll
0x00007ffa6bce0000 - 0x00007ffa6bd9f000 	C:\WINDOWS\SYSTEM32\mscms.dll
0x00007ffa111b0000 - 0x00007ffa111f9000 	C:\WINDOWS\SYSTEM32\icm32.dll
0x00007ffa7cc70000 - 0x00007ffa7d0f7000 	C:\WINDOWS\System32\setupapi.dll
0x00007ffa79fd0000 - 0x00007ffa79ffd000 	C:\WINDOWS\SYSTEM32\DEVOBJ.dll
0x00007ffa7b4e0000 - 0x00007ffa7b562000 	C:\WINDOWS\System32\WINTRUST.dll
0x00007ffa7b660000 - 0x00007ffa7b7d8000 	C:\WINDOWS\System32\CRYPT32.dll
0x00007ffa79ba0000 - 0x00007ffa79bb3000 	C:\WINDOWS\SYSTEM32\MSASN1.dll
0x00007ffa4d4c0000 - 0x00007ffa4d606000 	C:\WINDOWS\SYSTEM32\textinputframework.dll
0x00007ffa76ea0000 - 0x00007ffa76fc7000 	C:\WINDOWS\SYSTEM32\CoreMessaging.dll
0x00007ffa726c0000 - 0x00007ffa729a2000 	C:\WINDOWS\SYSTEM32\CoreUIComponents.dll
0x00007ffa737b0000 - 0x00007ffa7391a000 	C:\WINDOWS\SYSTEM32\wintypes.dll

dbghelp: loaded successfully - version: 4.0.5 - missing functions: none
symbol engine: initialized successfully - sym options: 0x614 - pdb path: .;C:\Program Files\Processing\app\resources\jdk-17.0.14+7\bin;C:\WINDOWS\SYSTEM32;C:\WINDOWS\WinSxS\amd64_microsoft.windows.common-controls_6595b64144ccf1df_6.0.26100.8457_none_3e0b2faee331e92d;C:\Program Files\Processing\app\resources\jdk-17.0.14+7\bin\server;C:\Users\danil\AppData\Local\Temp\jogamp_0000\file_cache\jln3572371439154983586\jln16644847572209167770\natives\windows-amd64;C:\WINDOWS\System32\DriverStore\FileRepository\iigd_dch.inf_amd64_225f37aa3862fc3f

VM Arguments:
jvm_args: -agentlib:jdwp=transport=dt_socket,address=8501,server=y,suspend=y,quiet=y -Xms64m -Xmx1024m -Djna.nosys=true -Djava.library.path=;C:\Program Files\Processing\app\resources\core\library;C:\Program Files\Processing;C:\WINDOWS\system32;C:\WINDOWS;C:\Program Files\PlasticSCM5\server;C:\Program Files\PlasticSCM5\client;C:\Program Files\Common Files\Oracle\Java\javapath;C:\Program Files (x86)\Common Files\Oracle\Java\javapath;C:\Windows\System32\HWAudioDriverLibs;C:\Windows\system32;C:\Windows;C:\Windows\System32\Wbem;C:\Windows\System32\WindowsPowerShell\v1.0;C:\Windows\System32\OpenSSH;C:\Program Files\Microsoft SQL Server\150\Tools\Binn;C:\Program Files\Microsoft SQL Server\Client SDK\ODBC\170\Tools\Binn;C:\Program Files\dotnet;D:\Windows Kits\10\Windows Performance Toolkit;C:\Program Files\Java\jdk-23\bin;C:\WINDOWS\system32;C:\WINDOWS;C:\WINDOWS\System32\Wbem;C:\WINDOWS\System32\WindowsPowerShell\v1.0;C:\WINDOWS\System32\OpenSSH;C:\Program Files\nodejs;C:\Program Files\Docker\Docker\resources\bin;C:\Program Files\TortoiseGit\bin;C:\Program Files\Git\cmd;C:\Users\danil\AppData\Local\Programs\Python\Python312\Scripts;C:\Users\danil\AppData\Local\Programs\Python\Python312;C:\Users\danil\AppData\Local\Microsoft\WindowsApps;C:\Users\danil\AppData\Local\Programs\Microsoft VS Code\bin;C:\Users\danil\AppData\Roaming\npm;D:\DataBase\18\bin;C:\Program Files\Processing\app;. -ea 
java_command: processing.core.PApplet --editor-location=-7,-7 --external --display=1 --sketch-path=C:\Users\danil\Desktop\Gravity_simul Gravity_simul
java_class_path (initial): C:\Users\danil\AppData\Local\Temp\processing\Gravity_simul15725371991407212442temp;C:\Program Files\Processing\app\resources\core\library\annotations-13.0.jar;C:\Program Files\Processing\app\resources\core\library\antlr-2.7.7.jar;C:\Program Files\Processing\app\resources\core\library\core-4.4.1.jar;C:\Program Files\Processing\app\resources\core\library\gluegen-rt-2.5.0-natives-android-aarch64.jar;C:\Program Files\Processing\app\resources\core\library\gluegen-rt-2.5.0-natives-linux-aarch64.jar;C:\Program Files\Processing\app\resources\core\library\gluegen-rt-2.5.0-natives-linux-amd64.jar;C:\Program Files\Processing\app\resources\core\library\gluegen-rt-2.5.0-natives-linux-armv6hf.jar;C:\Program Files\Processing\app\resources\core\library\gluegen-rt-2.5.0-natives-macosx-universal.jar;C:\Program Files\Processing\app\resources\core\library\gluegen-rt-2.5.0-natives-windows-amd64.jar;C:\Program Files\Processing\app\resources\core\library\gluegen-rt-2.5.0.jar;C:\Program Files\Processing\app\resources\core\library\gluegen-rt-main-2.5.0.jar;C:\Program Files\Processing\app\resources\core\library\jogl-all-2.5.0-natives-android-aarch64.jar;C:\Program Files\Processing\app\resources\core\library\jogl-all-2.5.0-natives-linux-aarch64.jar;C:\Program Files\Processing\app\resources\core\library\jogl-all-2.5.0-natives-linux-amd64.jar;C:\Program Files\Processing\app\resources\core\library\jogl-all-2.5.0-natives-linux-armv6hf.jar;C:\Program Files\Processing\app\resources\core\library\jogl-all-2.5.0-natives-macosx-universal.jar;C:\Program Files\Processing\app\resources\core\library\jogl-all-2.5.0-natives-windows-amd64.jar;C:\Program Files\Processing\app\resources\core\library\jogl-all-2.5.0.jar;C:\Program Files\Processing\app\resources\core\library\jogl-all-main-2.5.0.jar;C:\Program Files\Processing\app\resources\core\library\kotlin-stdlib-2.0.20.jar
Launcher Type: SUN_STANDARD

[Global flags]
     intx CICompilerCount                          = 4                                         {product} {ergonomic}
     uint ConcGCThreads                            = 2                                         {product} {ergonomic}
     uint G1ConcRefinementThreads                  = 8                                         {product} {ergonomic}
   size_t G1HeapRegionSize                         = 1048576                                   {product} {ergonomic}
    uintx GCDrainStackTargetSize                   = 64                                        {product} {ergonomic}
   size_t InitialHeapSize                          = 67108864                                  {product} {command line}
   size_t MarkStackSize                            = 4194304                                   {product} {ergonomic}
   size_t MaxHeapSize                              = 1073741824                                {product} {command line}
   size_t MaxNewSize                               = 643825664                                 {product} {ergonomic}
   size_t MinHeapDeltaBytes                        = 1048576                                   {product} {ergonomic}
   size_t MinHeapSize                              = 67108864                                  {product} {command line}
    uintx NonNMethodCodeHeapSize                   = 5839372                                {pd product} {ergonomic}
    uintx NonProfiledCodeHeapSize                  = 122909434                              {pd product} {ergonomic}
    uintx ProfiledCodeHeapSize                     = 122909434                              {pd product} {ergonomic}
    uintx ReservedCodeCacheSize                    = 251658240                              {pd product} {ergonomic}
     bool SegmentedCodeCache                       = true                                      {product} {ergonomic}
   size_t SoftMaxHeapSize                          = 1073741824                             {manageable} {ergonomic}
     bool UseCompressedClassPointers               = true                           {product lp64_product} {ergonomic}
     bool UseCompressedOops                        = true                           {product lp64_product} {ergonomic}
     bool UseG1GC                                  = true                                      {product} {ergonomic}
     bool UseLargePagesIndividualAllocation        = false                                  {pd product} {ergonomic}

Logging:
Log output configuration:
 #0: stdout all=off uptime,level,tags
 #1: stderr all=off uptime,level,tags

Environment Variables:
JAVA_HOME=C:\Program Files\Java\jdk-23
PATH=C:\Program Files\PlasticSCM5\server;C:\Program Files\PlasticSCM5\client;C:\Program Files\Common Files\Oracle\Java\javapath;C:\Program Files (x86)\Common Files\Oracle\Java\javapath;C:\Windows\System32\HWAudioDriverLibs;C:\Windows\system32;C:\Windows;C:\Windows\System32\Wbem;C:\Windows\System32\WindowsPowerShell\v1.0\;C:\Windows\System32\OpenSSH\;C:\Users\Administrator\AppData\Local\Microsoft\WindowsApps;C:\Program Files\Microsoft SQL Server\150\Tools\Binn\;C:\Program Files\Microsoft SQL Server\Client SDK\ODBC\170\Tools\Binn\;C:\Program Files\dotnet\;D:\Windows Kits\10\Windows Performance Toolkit\;C:\Program Files\Java\jdk-23\bin;C:\WINDOWS\system32;C:\WINDOWS;C:\WINDOWS\System32\Wbem;C:\WINDOWS\System32\WindowsPowerShell\v1.0\;C:\WINDOWS\System32\OpenSSH\;C:\Program Files\nodejs\;C:\Program Files\Docker\Docker\resources\bin;C:\Program Files\TortoiseGit\bin;C:\Program Files\Git\cmd;C:\Users\danil\AppData\Local\Programs\Python\Python312\Scripts\;C:\Users\danil\AppData\Local\Programs\Python\Python312\;C:\Users\danil\AppData\Local\Microsoft\WindowsApps;C:\Users\danil\.dotnet\tools;C:\Users\danil\AppData\Local\Programs\Microsoft VS Code\bin;C:\Users\danil\AppData\Roaming\npm;D:\DataBase\18\bin;C:\Program Files\Processing\app
USERNAME=danil
OS=Windows_NT
PROCESSOR_IDENTIFIER=Intel64 Family 6 Model 140 Stepping 2, GenuineIntel
TMP=C:\Users\danil\AppData\Local\Temp
TEMP=C:\Users\danil\AppData\Local\Temp



Periodic native trim disabled


---------------  S Y S T E M  ---------------

OS:
 Windows 11 , 64 bit Build 26100 (10.0.26100.8328)
OS uptime: 0 days 4:51 hours
Hyper-V role detected

CPU: total 8 (initial active 8) (4 cores per cpu, 2 threads per core) family 6 model 140 stepping 2 microcode 0x16, cx8, cmov, fxsr, ht, mmx, 3dnowpref, sse, sse2, sse3, ssse3, sse4.1, sse4.2, popcnt, lzcnt, tsc, tscinvbit, avx, avx2, aes, erms, clmul, bmi1, bmi2, adx, avx512f, avx512dq, avx512cd, avx512bw, avx512vl, sha, fma, vzeroupper, avx512_vpopcntdq, avx512_vpclmulqdq, avx512_vaes, avx512_vnni, clflush, clflushopt, clwb, avx512_vbmi2, avx512_vbmi, hv
Processor Information for all 8 processors :
  Max Mhz: 2496, Current Mhz: 2496, Mhz Limit: 2496

Memory: 4k page, system-wide physical 7975M (1398M free)
TotalPageFile size 17703M (AvailPageFile size 7493M)
current process WorkingSet (physical memory assigned to process): 776M, peak: 782M
current process commit charge ("private bytes"): 786M, peak: 805M

vm_info: OpenJDK 64-Bit Server VM (17.0.14+7) for windows-amd64 JRE (17.0.14+7), built on Jan 21 2025 23:40:15 by "admin" with MS VC++ 17.7 (VS2022)

END.
