#
# A fatal error has been detected by the Java Runtime Environment:
#
#  EXCEPTION_ACCESS_VIOLATION (0xc0000005) at pc=0x00007ffdf360b386, pid=1156, tid=16320
#
# JRE version: OpenJDK Runtime Environment Temurin-17.0.14+7 (17.0.14+7) (build 17.0.14+7)
# Java VM: OpenJDK 64-Bit Server VM Temurin-17.0.14+7 (17.0.14+7, mixed mode, sharing, tiered, compressed oops, compressed class ptrs, g1 gc, windows-amd64)
# Problematic frame:
# C  [igxelpicd64.dll+0x23b386]
#
# No core dump will be written. Minidumps are not enabled by default on client versions of Windows
#
# If you would like to submit a bug report, please visit:
#   https://github.com/adoptium/adoptium-support/issues
#

---------------  S U M M A R Y ------------

Command Line: -agentlib:jdwp=transport=dt_socket,address=8417,server=y,suspend=y,quiet=y -Xms64m -Xmx1024m -Djna.nosys=true -Djava.library.path=;C:\Program Files\Processing\app\resources\core\library;C:\Users\danil\OneDrive\Документы\Processing\libraries\sound\library\windows-amd64;C:\Program Files\Processing;C:\WINDOWS\system32;C:\WINDOWS;C:\Program Files\PlasticSCM5\server;C:\Program Files\PlasticSCM5\client;C:\Program Files\Common Files\Oracle\Java\javapath;C:\Program Files (x86)\Common Files\Oracle\Java\javapath;C:\Windows\System32\HWAudioDriverLibs;C:\Windows\system32;C:\Windows;C:\Windows\System32\Wbem;C:\Windows\System32\WindowsPowerShell\v1.0;C:\Windows\System32\OpenSSH;C:\Program Files\Microsoft SQL Server\150\Tools\Binn;C:\Program Files\Microsoft SQL Server\Client SDK\ODBC\170\Tools\Binn;C:\Program Files\dotnet;D:\Windows Kits\10\Windows Performance Toolkit;C:\Program Files\Java\jdk-23\bin;C:\WINDOWS\system32;C:\WINDOWS;C:\WINDOWS\System32\Wbem;C:\WINDOWS\System32\WindowsPowerShell\v1.0;C:\WINDOWS\System32\OpenSSH;C:\Program Files\nodejs;C:\Program Files\Docker\Docker\resources\bin;C:\Program Files\TortoiseGit\bin;C:\Program Files\Git\cmd;C:\Users\danil\AppData\Local\Programs\Python\Python312\Scripts;C:\Users\danil\AppData\Local\Programs\Python\Python312;C:\Users\danil\AppData\Local\Microsoft\WindowsApps;C:\Users\danil\AppData\Local\Programs\Microsoft VS Code\bin;C:\Users\danil\AppData\Roaming\npm;D:\DataBase\18\bin;C:\Program Files\Processing\app;. -ea processing.core.PApplet --editor-location=-7,-7 --external --display=1 --sketch-path=C:\Users\danil\Desktop\Gravity_simul Gravity_simul

Host: 11th Gen Intel(R) Core(TM) i5-1155G7 @ 2.50GHz, 8 cores, 7G,  Windows 11 , 64 bit Build 26100 (10.0.26100.8328)
Time: Sun Jun 28 14:40:52 2026 RTZ 3 (s 11 , 64 bit Build 26100 (10.0.26100.8328) elapsed time: 11.628232 seconds (0d 0h 0m 11s)

---------------  T H R E A D  ---------------

Current thread (0x0000019f3d89cd30):  VMThread "VM Thread" [stack: 0x00000088cc200000,0x00000088cc300000] [id=16320]

Stack: [0x00000088cc200000,0x00000088cc300000],  sp=0x00000088cc2fe350,  free space=1016k
Native frames: (J=compiled Java code, j=interpreted, Vv=VM code, C=native code)
C  [igxelpicd64.dll+0x23b386]


siginfo: EXCEPTION_ACCESS_VIOLATION (0xc0000005), reading address 0x0000000000035468


Registers:
RAX=0x0000019f054e7120, RBX=0x0000019f3db5e500, RCX=0x0000000000000004, RDX=0x0000000000000000
RSP=0x00000088cc2fe350, RBP=0x0000000000000000, RSI=0x0000019f054e6f20, RDI=0x0000019f7f116b60
R8 =0x0000019f054e7020, R9 =0x00000088cb624000, R10=0x0000000000000000, R11=0x0000000000000246
R12=0x0000019f054e6f20, R13=0x0000000000000000, R14=0x0000019f054e7468, R15=0x0000019f054e7ac0
RIP=0x00007ffdf360b386, EFLAGS=0x0000000000010202


Register to memory mapping:

RIP=0x00007ffdf360b386 igxelpicd64.dll
RAX=0x0000019f054e7120 points into unknown readable memory: 0x0000000000001852 | 52 18 00 00 00 00 00 00
RBX=0x0000019f3db5e500 points into unknown readable memory: 0xffffffffffffffff | ff ff ff ff ff ff ff ff
RCX=0x0000000000000004 is an unknown value
RDX=0x0 is NULL
RSP=0x00000088cc2fe350 points into unknown readable memory: 0x0000019f3db5e500 | 00 e5 b5 3d 9f 01 00 00
RBP=0x0 is NULL
RSI=0x0000019f054e6f20 points into unknown readable memory: 0x0000019f7f70c400 | 00 c4 70 7f 9f 01 00 00
RDI=0x0000019f7f116b60 points into unknown readable memory: 0x0000019f05227100 | 00 71 22 05 9f 01 00 00
R8 =0x0000019f054e7020 points into unknown readable memory: 0x0000000000000000 | 00 00 00 00 00 00 00 00
R9 =0x00000088cb624000 points into unknown readable memory: 0x0000000000000000 | 00 00 00 00 00 00 00 00
R10=0x0 is NULL
R11=0x0000000000000246 is an unknown value
R12=0x0000019f054e6f20 points into unknown readable memory: 0x0000019f7f70c400 | 00 c4 70 7f 9f 01 00 00
R13=0x0 is NULL
R14=0x0000019f054e7468 points into unknown readable memory: 0x0000019f054e7ac0 | c0 7a 4e 05 9f 01 00 00
R15=0x0000019f054e7ac0 points into unknown readable memory: 0x0000019f7f70c400 | 00 c4 70 7f 9f 01 00 00


Top of Stack: (sp=0x00000088cc2fe350)
0x00000088cc2fe350:   0000019f3db5e500 033305ba03859eb9
0x00000088cc2fe360:   024860ba029d43ba 02a3b4ba02dc74ba
0x00000088cc2fe370:   0000001603000000 0000000000000000
0x00000088cc2fe380:   00b46ebc038865bc 038350bd008f38bd
0x00000088cc2fe390:   0000019f3db5e500 02eec1be02aa5abe
0x00000088cc2fe3a0:   01ba89bf02f831bf 009a07c0038ec2bf
0x00000088cc2fe3b0:   0361b7c0039c4fc0 02c81bc2026319c1
0x00000088cc2fe3c0:   034d7cc300816dc3 00f399c302908ec3
0x00000088cc2fe3d0:   02330ac5039807c4 038eebc602c88ec5
0x00000088cc2fe3e0:   036f88c800d75dc7 033fe8c9034d31c9
0x00000088cc2fe3f0:   00b723ca02c41aca 037086ca039f35ca
0x00000088cc2fe400:   033837cb027527cb 0385f7cb024d47cb
0x00000088cc2fe410:   037086cc005649cc 036711cd039807cd
0x00000088cc2fe420:   038ec2cd0283bacd 01ba0ad00165f3cf
0x00000088cc2fe430:   039189d0036f30d0 00007ffe8d905b54
0x00000088cc2fe440:   0000000000000000 0000000000000000
0x00000088cc2fe450:   00000088cc2fe5f0 00007ffe8b771259
0x00000088cc2fe460:   00000088cc2fe4e8 0000000000000000
0x00000088cc2fe470:   0000000000000054 0000000000000000
0x00000088cc2fe480:   0357b2d5031484d5 00007ffe8d905cc4
0x00000088cc2fe490:   0391c5d70258efd6 0398f2d70375dad7
0x00000088cc2fe4a0:   0000be4aa68c7e98 019ce7d8037086d8
0x00000088cc2fe4b0:   0000019f056d6838 0000000000001882
0x00000088cc2fe4c0:   0000000000000000 0000000000000016
0x00000088cc2fe4d0:   0000000000000000 0000000000000000
0x00000088cc2fe4e0:   00000088cc2fe5f0 00007ffdf36382ae
0x00000088cc2fe4f0:   0000019f7f116b60 0000000000000000
0x00000088cc2fe500:   0000019f7f116b60 02e52ee6029acee5
0x00000088cc2fe510:   0000008800000c94 00007404006b0000
0x00000088cc2fe520:   0000000000000000 01e9a3e7033a74e7
0x00000088cc2fe530:   039e46e9037c00e8 01b0b7e9039b88e9
0x00000088cc2fe540:   034834ea02820cea 02a354ea037b45ea 

Instructions: (pc=0x00007ffdf360b386)
0x00007ffdf360b286:   00 90 4c 8b bf 80 02 00 00 48 8b 05 9a 85 bd 00
0x00007ffdf360b296:   8b 80 c8 0a 00 00 89 44 24 24 c6 44 24 20 00 48
0x00007ffdf360b2a6:   c7 87 80 02 00 00 00 00 00 00 c7 87 88 02 00 00
0x00007ffdf360b2b6:   00 00 00 00 48 c7 87 a0 02 00 00 00 00 00 00 48
0x00007ffdf360b2c6:   c7 87 90 02 00 00 00 00 00 00 48 85 ed 75 3d 8b
0x00007ffdf360b2d6:   35 0d 77 cd 00 65 48 8b 04 25 58 00 00 00 b9 14
0x00007ffdf360b2e6:   00 00 00 48 8b 04 f0 40 38 2c 01 0f 84 c9 e7 75
0x00007ffdf360b2f6:   00 65 48 8b 04 25 58 00 00 00 bd 20 00 00 00 48
0x00007ffdf360b306:   8b 04 f0 48 8b 2c 28 48 89 6c 24 28 48 3b 2d 07
0x00007ffdf360b316:   9b cd 00 0f 84 9b 10 00 00 4d 85 ff 0f 84 3a 01
0x00007ffdf360b326:   00 00 0f 1f 84 00 00 00 00 00 49 8b f7 4d 8b e7
0x00007ffdf360b336:   4d 8d b7 48 05 00 00 4d 8b 3e 45 84 ed 0f 85 d9
0x00007ffdf360b346:   0e 00 00 8b 8f d0 01 00 00 48 8b 05 da 84 bd 00
0x00007ffdf360b356:   83 b8 64 03 00 00 02 75 34 4d 8d 84 24 00 01 00
0x00007ffdf360b366:   00 83 f9 10 0f 83 3a 01 00 00 8b c1 48 c1 e0 06
0x00007ffdf360b376:   49 03 c0 48 85 c0 0f 84 9b 01 00 00 48 8b 50 08
0x00007ffdf360b386:   48 3b 95 68 54 03 00 0f 87 b6 0e 00 00 48 83 be
0x00007ffdf360b396:   c0 05 00 00 00 0f 85 50 e7 75 00 44 8b 8f d0 01
0x00007ffdf360b3a6:   00 00 48 8b 87 e8 01 00 00 4c 8b 00 8b 8f d0 01
0x00007ffdf360b3b6:   00 00 48 8d 9e 00 01 00 00 83 f9 10 0f 83 1e 01
0x00007ffdf360b3c6:   00 00 8b c1 48 c1 e0 06 48 03 c3 48 85 c0 0f 84
0x00007ffdf360b3d6:   4a 01 00 00 4c 39 40 08 0f 86 40 01 00 00 48 8b
0x00007ffdf360b3e6:   87 80 02 00 00 49 89 06 48 89 b7 80 02 00 00 ff
0x00007ffdf360b3f6:   87 88 02 00 00 48 8b 4e 08 48 8b 01 ba 01 00 00
0x00007ffdf360b406:   00 48 8b 80 e0 02 00 00 ff 15 f4 c1 88 00 0f b7
0x00007ffdf360b416:   c8 48 2b c1 48 05 00 00 01 00 48 01 87 90 02 00
0x00007ffdf360b426:   00 48 8b 4e 08 48 8b 01 ba 01 00 00 00 48 8b 80
0x00007ffdf360b436:   e0 02 00 00 ff 15 c8 c1 88 00 48 01 87 a0 02 00
0x00007ffdf360b446:   00 0f b6 54 24 20 4d 85 ff 0f 85 db fe ff ff 84
0x00007ffdf360b456:   d2 0f 85 37 0f 00 00 48 8b 5c 24 40 48 8b cf 80
0x00007ffdf360b466:   7c 24 22 00 0f 85 40 0f 00 00 e8 3b f9 ff ff 90
0x00007ffdf360b476:   48 8b cb ff 15 99 bc 88 00 48 8b 8c 24 50 01 00 


Stack slot to memory mapping:
stack at sp + 0 slots: 0x0000019f3db5e500 points into unknown readable memory: 0xffffffffffffffff | ff ff ff ff ff ff ff ff
stack at sp + 1 slots: 0x033305ba03859eb9 is an unknown value
stack at sp + 2 slots: 0x024860ba029d43ba is an unknown value
stack at sp + 3 slots: 0x02a3b4ba02dc74ba is an unknown value
stack at sp + 4 slots: 0x0000001603000000 is an unknown value
stack at sp + 5 slots: 0x0 is NULL
stack at sp + 6 slots: 0x00b46ebc038865bc is an unknown value
stack at sp + 7 slots: 0x038350bd008f38bd is an unknown value

VM_Operation (0x00000088ce4fee80): Exit, mode: safepoint, requested by thread 0x0000019f7f72b200


---------------  P R O C E S S  ---------------

Threads class SMR info:
_java_thread_list=0x0000019f052f7620, length=38, elements={
0x0000019f3d8a0d10, 0x0000019f3d8a4700, 0x0000019f3d8be720, 0x0000019f3d8beff0,
0x0000019f3d8bf8c0, 0x0000019f3d8c64e0, 0x0000019f3d8caec0, 0x0000019f3d8cb7d0,
0x0000019f3db37d30, 0x0000019f3db56060, 0x0000019f3db69450, 0x0000019f3de0b590,
0x0000019f05185090, 0x0000019f7f72b200, 0x0000019f052152e0, 0x0000019f052148c0,
0x0000019f05214dd0, 0x0000019f05213990, 0x0000019f05213ea0, 0x0000019f052143b0,
0x0000019f12920b70, 0x0000019f12921080, 0x0000019f12921590, 0x0000019f12920150,
0x0000019f12920660, 0x0000019f12921aa0, 0x0000019f129224c0, 0x0000019f129229d0,
0x0000019f12921fb0, 0x0000019f12922ee0, 0x0000019f1291f730, 0x0000019f129233f0,
0x0000019f1291fc40, 0x0000019f12924830, 0x0000019f12926180, 0x0000019f129270b0,
0x0000019f12926690, 0x0000019f12925c70
}

Java Threads: ( => current thread )
  0x0000019f3d8a0d10 JavaThread "Reference Handler" daemon [_thread_blocked, id=7008, stack(0x00000088cc300000,0x00000088cc400000)]
  0x0000019f3d8a4700 JavaThread "Finalizer" daemon [_thread_blocked, id=10312, stack(0x00000088cc400000,0x00000088cc500000)]
  0x0000019f3d8be720 JavaThread "Attach Listener" daemon [_thread_blocked, id=15104, stack(0x00000088cc600000,0x00000088cc700000)]
  0x0000019f3d8beff0 JavaThread "Service Thread" daemon [_thread_blocked, id=17900, stack(0x00000088cc700000,0x00000088cc800000)]
  0x0000019f3d8bf8c0 JavaThread "Monitor Deflation Thread" daemon [_thread_blocked, id=12772, stack(0x00000088cc800000,0x00000088cc900000)]
  0x0000019f3d8c64e0 JavaThread "C2 CompilerThread0" daemon [_thread_blocked, id=11376, stack(0x00000088cc900000,0x00000088cca00000)]
  0x0000019f3d8caec0 JavaThread "C1 CompilerThread0" daemon [_thread_blocked, id=19064, stack(0x00000088cca00000,0x00000088ccb00000)]
  0x0000019f3d8cb7d0 JavaThread "Sweeper thread" daemon [_thread_blocked, id=4488, stack(0x00000088ccb00000,0x00000088ccc00000)]
  0x0000019f3db37d30 JavaThread "JDWP Event Helper Thread" daemon [_thread_blocked, id=4264, stack(0x00000088ccd00000,0x00000088cce00000)]
  0x0000019f3db56060 JavaThread "Notification Thread" daemon [_thread_blocked, id=10000, stack(0x00000088ccf00000,0x00000088cd000000)]
  0x0000019f3db69450 JavaThread "Common-Cleaner" daemon [_thread_blocked, id=16096, stack(0x00000088cd100000,0x00000088cd200000)]
  0x0000019f3de0b590 JavaThread "Java2D Disposer" daemon [_thread_blocked, id=9464, stack(0x00000088cd200000,0x00000088cd300000)]
  0x0000019f05185090 JavaThread "HighResTimerThread" daemon [_thread_blocked, id=13116, stack(0x00000088ce200000,0x00000088ce300000)]
  0x0000019f7f72b200 JavaThread "main-FPSAWTAnimator#00-Timer0" [_thread_blocked, id=16732, stack(0x00000088ce400000,0x00000088ce500000)]
  0x0000019f052152e0 JavaThread "DestroyJavaVM" [_thread_blocked, id=12792, stack(0x00000088cbc00000,0x00000088cbd00000)]
  0x0000019f052148c0 JavaThread "Java Sound Event Dispatcher" daemon [_thread_blocked, id=11728, stack(0x00000088ce800000,0x00000088ce900000)]
  0x0000019f05214dd0 JavaThread "Thread-5" [_thread_blocked, id=17460, stack(0x00000088ce900000,0x00000088cea00000)]
  0x0000019f05213990 JavaThread "pool-1-thread-1" [_thread_blocked, id=10808, stack(0x00000088cf200000,0x00000088cf300000)]
  0x0000019f05213ea0 JavaThread "pool-1-thread-2" [_thread_blocked, id=15932, stack(0x00000088cf300000,0x00000088cf400000)]
  0x0000019f052143b0 JavaThread "pool-1-thread-3" [_thread_blocked, id=19008, stack(0x00000088cf400000,0x00000088cf500000)]
  0x0000019f12920b70 JavaThread "pool-1-thread-4" [_thread_blocked, id=4776, stack(0x00000088cf500000,0x00000088cf600000)]
  0x0000019f12921080 JavaThread "pool-1-thread-5" [_thread_blocked, id=13176, stack(0x00000088cf600000,0x00000088cf700000)]
  0x0000019f12921590 JavaThread "pool-1-thread-6" [_thread_blocked, id=3272, stack(0x00000088cf700000,0x00000088cf800000)]
  0x0000019f12920150 JavaThread "pool-1-thread-7" [_thread_blocked, id=6216, stack(0x00000088cf800000,0x00000088cf900000)]
  0x0000019f12920660 JavaThread "pool-1-thread-8" [_thread_blocked, id=19300, stack(0x00000088cf900000,0x00000088cfa00000)]
  0x0000019f12921aa0 JavaThread "pool-1-thread-9" [_thread_blocked, id=19320, stack(0x00000088cfa00000,0x00000088cfb00000)]
  0x0000019f129224c0 JavaThread "pool-1-thread-10" [_thread_blocked, id=16564, stack(0x00000088cfb00000,0x00000088cfc00000)]
  0x0000019f129229d0 JavaThread "pool-1-thread-11" [_thread_blocked, id=18100, stack(0x00000088cfc00000,0x00000088cfd00000)]
  0x0000019f12921fb0 JavaThread "pool-1-thread-12" [_thread_blocked, id=10976, stack(0x00000088cfd00000,0x00000088cfe00000)]
  0x0000019f12922ee0 JavaThread "pool-1-thread-13" [_thread_blocked, id=14820, stack(0x00000088cfe00000,0x00000088cff00000)]
  0x0000019f1291f730 JavaThread "pool-1-thread-14" [_thread_blocked, id=17832, stack(0x00000088cff00000,0x00000088d0000000)]
  0x0000019f129233f0 JavaThread "pool-1-thread-15" [_thread_blocked, id=4040, stack(0x00000088d0000000,0x00000088d0100000)]
  0x0000019f1291fc40 JavaThread "pool-1-thread-16" [_thread_blocked, id=2228, stack(0x00000088d0100000,0x00000088d0200000)]
  0x0000019f12924830 JavaThread "pool-1-thread-17" [_thread_blocked, id=7244, stack(0x00000088d0200000,0x00000088d0300000)]
  0x0000019f12926180 JavaThread "pool-1-thread-18" [_thread_blocked, id=7196, stack(0x00000088d0300000,0x00000088d0400000)]
  0x0000019f129270b0 JavaThread "pool-1-thread-19" [_thread_blocked, id=11580, stack(0x00000088d0400000,0x00000088d0500000)]
  0x0000019f12926690 JavaThread "pool-1-thread-20" [_thread_blocked, id=18804, stack(0x00000088d0500000,0x00000088d0600000)]
  0x0000019f12925c70 JavaThread "AWT-Shutdown" [_thread_blocked, id=16288, stack(0x00000088ce300000,0x00000088ce400000)]

Other Threads:
=>0x0000019f3d89cd30 VMThread "VM Thread" [stack: 0x00000088cc200000,0x00000088cc300000] [id=16320]
  0x0000019f21a9ced0 GCTaskThread "GC Thread#0" [stack: 0x00000088cbd00000,0x00000088cbe00000] [id=17244]
  0x0000019f04b7a900 GCTaskThread "GC Thread#1" [stack: 0x00000088cdb00000,0x00000088cdc00000] [id=17856]
  0x0000019f04b7abc0 GCTaskThread "GC Thread#2" [stack: 0x00000088cdc00000,0x00000088cdd00000] [id=18620]
  0x0000019f04b7ae80 GCTaskThread "GC Thread#3" [stack: 0x00000088cdd00000,0x00000088cde00000] [id=2912]
  0x0000019f04b7b140 GCTaskThread "GC Thread#4" [stack: 0x00000088cde00000,0x00000088cdf00000] [id=13244]
  0x0000019f04b7b810 GCTaskThread "GC Thread#5" [stack: 0x00000088cdf00000,0x00000088ce000000] [id=14828]
  0x0000019f04bb41a0 GCTaskThread "GC Thread#6" [stack: 0x00000088ce000000,0x00000088ce100000] [id=9732]
  0x0000019f04bb4460 GCTaskThread "GC Thread#7" [stack: 0x00000088ce100000,0x00000088ce200000] [id=17896]
  0x0000019f21aa6d40 ConcurrentGCThread "G1 Main Marker" terminated
  0x0000019f21aa8340 ConcurrentGCThread "G1 Conc#0" [stack: 0x00000088cbf00000,0x00000088cc000000] [id=9832]
  0x0000019f12b8cc00 ConcurrentGCThread "G1 Conc#1" [stack: 0x00000088d0800000,0x00000088d0900000] [id=12844]
  0x0000019f21afd830 ConcurrentGCThread "G1 Refine#0" terminated
  0x0000019f3d7610a0 ConcurrentGCThread "G1 Service" terminated

Threads with active compile tasks:

VM state: at safepoint (shutting down)

VM Mutex/Monitor currently owned by a thread:  ([mutex/lock_event])
[0x0000019f1f87aa00] Threads_lock - owner thread: 0x0000019f3d89cd30
[0x0000019f21a5ab30] Heap_lock - owner thread: 0x0000019f7f72b200

Heap address: 0x00000000c0000000, size: 1024 MB, Compressed Oops mode: 32-bit

CDS archive(s) mapped at: [0x0000019f3e000000-0x0000019f3ebb0000-0x0000019f3ebb0000), size 12255232, SharedBaseAddress: 0x0000019f3e000000, ArchiveRelocationMode: 1.
Compressed class space mapped at: 0x0000019f3f000000-0x0000019f7f000000, reserved size: 1073741824
Narrow klass base: 0x0000019f3e000000, Narrow klass shift: 0, Narrow klass range: 0x100000000

GC Precious Log:
 CPUs: 8 total, 8 available
 Memory: 7975M
 Large Page Support: Disabled
 NUMA Support: Disabled
 Compressed Oops: Enabled (32-bit)
 Heap Region Size: 1M
 Heap Min Capacity: 64M
 Heap Initial Capacity: 64M
 Heap Max Capacity: 1G
 Pre-touch: Disabled
 Parallel Workers: 8
 Concurrent Workers: 2
 Concurrent Refinement Workers: 8
 Periodic GC: Disabled

Heap:
 garbage-first heap   total 332800K, used 192760K [0x00000000c0000000, 0x0000000100000000)
  region size 1024K, 104 young (106496K), 3 survivors (3072K)
 Metaspace       used 13904K, committed 14144K, reserved 1114112K
  class space    used 1044K, committed 1152K, reserved 1048576K

Heap Regions: E=young(eden), S=young(survivor), O=old, HS=humongous(starts), HC=humongous(continues), CS=collection set, F=free, OA=open archive, CA=closed archive, TAMS=top-at-mark-start (previous, next)
|   0|0x00000000c0000000, 0x00000000c0100000, 0x00000000c0100000|100%| O|  |TAMS 0x00000000c0100000, 0x00000000c0000000| Untracked 
|   1|0x00000000c0100000, 0x00000000c0200000, 0x00000000c0200000|100%| O|  |TAMS 0x00000000c0200000, 0x00000000c0100000| Untracked 
|   2|0x00000000c0200000, 0x00000000c0300000, 0x00000000c0300000|100%| O|  |TAMS 0x00000000c0300000, 0x00000000c0200000| Untracked 
|   3|0x00000000c0300000, 0x00000000c0400000, 0x00000000c0400000|100%| O|  |TAMS 0x00000000c0400000, 0x00000000c0300000| Untracked 
|   4|0x00000000c0400000, 0x00000000c0500000, 0x00000000c0500000|100%| O|  |TAMS 0x00000000c0500000, 0x00000000c0400000| Untracked 
|   5|0x00000000c0500000, 0x00000000c0600000, 0x00000000c0600000|100%| O|  |TAMS 0x00000000c0600000, 0x00000000c0500000| Untracked 
|   6|0x00000000c0600000, 0x00000000c0700000, 0x00000000c0700000|100%| O|  |TAMS 0x00000000c0700000, 0x00000000c0600000| Untracked 
|   7|0x00000000c0700000, 0x00000000c0800000, 0x00000000c0800000|100%| O|  |TAMS 0x00000000c0800000, 0x00000000c0700000| Untracked 
|   8|0x00000000c0800000, 0x00000000c0900000, 0x00000000c0900000|100%| O|  |TAMS 0x00000000c0900000, 0x00000000c0800000| Untracked 
|   9|0x00000000c0900000, 0x00000000c0a00000, 0x00000000c0a00000|100%| O|  |TAMS 0x00000000c0a00000, 0x00000000c0900000| Untracked 
|  10|0x00000000c0a00000, 0x00000000c0b00000, 0x00000000c0b00000|100%| O|  |TAMS 0x00000000c0b00000, 0x00000000c0a00000| Untracked 
|  11|0x00000000c0b00000, 0x00000000c0b00000, 0x00000000c0c00000|  0%| F|  |TAMS 0x00000000c0b00000, 0x00000000c0b00000| Untracked 
|  12|0x00000000c0c00000, 0x00000000c0d00000, 0x00000000c0d00000|100%|HS|  |TAMS 0x00000000c0d00000, 0x00000000c0c00000| Complete 
|  13|0x00000000c0d00000, 0x00000000c0e00000, 0x00000000c0e00000|100%|HC|  |TAMS 0x00000000c0e00000, 0x00000000c0d00000| Complete 
|  14|0x00000000c0e00000, 0x00000000c0f00000, 0x00000000c0f00000|100%|HC|  |TAMS 0x00000000c0f00000, 0x00000000c0e00000| Complete 
|  15|0x00000000c0f00000, 0x00000000c1000000, 0x00000000c1000000|100%|HC|  |TAMS 0x00000000c1000000, 0x00000000c0f00000| Complete 
|  16|0x00000000c1000000, 0x00000000c1100000, 0x00000000c1100000|100%|HC|  |TAMS 0x00000000c1100000, 0x00000000c1000000| Complete 
|  17|0x00000000c1100000, 0x00000000c1200000, 0x00000000c1200000|100%|HC|  |TAMS 0x00000000c1200000, 0x00000000c1100000| Complete 
|  18|0x00000000c1200000, 0x00000000c1300000, 0x00000000c1300000|100%|HC|  |TAMS 0x00000000c1300000, 0x00000000c1200000| Complete 
|  19|0x00000000c1300000, 0x00000000c1400000, 0x00000000c1400000|100%|HC|  |TAMS 0x00000000c1400000, 0x00000000c1300000| Complete 
|  20|0x00000000c1400000, 0x00000000c1500000, 0x00000000c1500000|100%|HC|  |TAMS 0x00000000c1500000, 0x00000000c1400000| Complete 
|  21|0x00000000c1500000, 0x00000000c1600000, 0x00000000c1600000|100%|HC|  |TAMS 0x00000000c1600000, 0x00000000c1500000| Complete 
|  22|0x00000000c1600000, 0x00000000c1700000, 0x00000000c1700000|100%|HC|  |TAMS 0x00000000c1700000, 0x00000000c1600000| Complete 
|  23|0x00000000c1700000, 0x00000000c1800000, 0x00000000c1800000|100%|HC|  |TAMS 0x00000000c1800000, 0x00000000c1700000| Complete 
|  24|0x00000000c1800000, 0x00000000c1900000, 0x00000000c1900000|100%|HC|  |TAMS 0x00000000c1900000, 0x00000000c1800000| Complete 
|  25|0x00000000c1900000, 0x00000000c1a00000, 0x00000000c1a00000|100%|HC|  |TAMS 0x00000000c1a00000, 0x00000000c1900000| Complete 
|  26|0x00000000c1a00000, 0x00000000c1b00000, 0x00000000c1b00000|100%|HC|  |TAMS 0x00000000c1b00000, 0x00000000c1a00000| Complete 
|  27|0x00000000c1b00000, 0x00000000c1c00000, 0x00000000c1c00000|100%|HC|  |TAMS 0x00000000c1c00000, 0x00000000c1b00000| Complete 
|  28|0x00000000c1c00000, 0x00000000c1d00000, 0x00000000c1d00000|100%|HC|  |TAMS 0x00000000c1d00000, 0x00000000c1c00000| Complete 
|  29|0x00000000c1d00000, 0x00000000c1e00000, 0x00000000c1e00000|100%| O|  |TAMS 0x00000000c1e00000, 0x00000000c1d00000| Untracked 
|  30|0x00000000c1e00000, 0x00000000c1f00000, 0x00000000c1f00000|100%| O|  |TAMS 0x00000000c1f00000, 0x00000000c1e00000| Untracked 
|  31|0x00000000c1f00000, 0x00000000c2000000, 0x00000000c2000000|100%|HS|  |TAMS 0x00000000c2000000, 0x00000000c1f00000| Complete 
|  32|0x00000000c2000000, 0x00000000c2100000, 0x00000000c2100000|100%|HC|  |TAMS 0x00000000c2100000, 0x00000000c2000000| Complete 
|  33|0x00000000c2100000, 0x00000000c2200000, 0x00000000c2200000|100%|HC|  |TAMS 0x00000000c2200000, 0x00000000c2100000| Complete 
|  34|0x00000000c2200000, 0x00000000c2300000, 0x00000000c2300000|100%|HC|  |TAMS 0x00000000c2300000, 0x00000000c2200000| Complete 
|  35|0x00000000c2300000, 0x00000000c2400000, 0x00000000c2400000|100%|HC|  |TAMS 0x00000000c2400000, 0x00000000c2300000| Complete 
|  36|0x00000000c2400000, 0x00000000c2500000, 0x00000000c2500000|100%|HS|  |TAMS 0x00000000c2500000, 0x00000000c2400000| Complete 
|  37|0x00000000c2500000, 0x00000000c2600000, 0x00000000c2600000|100%|HC|  |TAMS 0x00000000c2600000, 0x00000000c2500000| Complete 
|  38|0x00000000c2600000, 0x00000000c2700000, 0x00000000c2700000|100%|HC|  |TAMS 0x00000000c2700000, 0x00000000c2600000| Complete 
|  39|0x00000000c2700000, 0x00000000c2800000, 0x00000000c2800000|100%|HC|  |TAMS 0x00000000c2800000, 0x00000000c2700000| Complete 
|  40|0x00000000c2800000, 0x00000000c2900000, 0x00000000c2900000|100%|HC|  |TAMS 0x00000000c2900000, 0x00000000c2800000| Complete 
|  41|0x00000000c2900000, 0x00000000c2a00000, 0x00000000c2a00000|100%|HC|  |TAMS 0x00000000c2a00000, 0x00000000c2900000| Complete 
|  42|0x00000000c2a00000, 0x00000000c2b00000, 0x00000000c2b00000|100%|HC|  |TAMS 0x00000000c2b00000, 0x00000000c2a00000| Complete 
|  43|0x00000000c2b00000, 0x00000000c2c00000, 0x00000000c2c00000|100%|HC|  |TAMS 0x00000000c2c00000, 0x00000000c2b00000| Complete 
|  44|0x00000000c2c00000, 0x00000000c2d00000, 0x00000000c2d00000|100%|HC|  |TAMS 0x00000000c2d00000, 0x00000000c2c00000| Complete 
|  45|0x00000000c2d00000, 0x00000000c2e00000, 0x00000000c2e00000|100%|HC|  |TAMS 0x00000000c2e00000, 0x00000000c2d00000| Complete 
|  46|0x00000000c2e00000, 0x00000000c2f00000, 0x00000000c2f00000|100%|HC|  |TAMS 0x00000000c2f00000, 0x00000000c2e00000| Complete 
|  47|0x00000000c2f00000, 0x00000000c3000000, 0x00000000c3000000|100%|HC|  |TAMS 0x00000000c3000000, 0x00000000c2f00000| Complete 
|  48|0x00000000c3000000, 0x00000000c3100000, 0x00000000c3100000|100%|HC|  |TAMS 0x00000000c3100000, 0x00000000c3000000| Complete 
|  49|0x00000000c3100000, 0x00000000c3200000, 0x00000000c3200000|100%|HS|  |TAMS 0x00000000c3200000, 0x00000000c3100000| Complete 
|  50|0x00000000c3200000, 0x00000000c3300000, 0x00000000c3300000|100%|HC|  |TAMS 0x00000000c3300000, 0x00000000c3200000| Complete 
|  51|0x00000000c3300000, 0x00000000c3400000, 0x00000000c3400000|100%|HC|  |TAMS 0x00000000c3400000, 0x00000000c3300000| Complete 
|  52|0x00000000c3400000, 0x00000000c3500000, 0x00000000c3500000|100%|HC|  |TAMS 0x00000000c3500000, 0x00000000c3400000| Complete 
|  53|0x00000000c3500000, 0x00000000c3600000, 0x00000000c3600000|100%|HC|  |TAMS 0x00000000c3600000, 0x00000000c3500000| Complete 
|  54|0x00000000c3600000, 0x00000000c3700000, 0x00000000c3700000|100%|HC|  |TAMS 0x00000000c3700000, 0x00000000c3600000| Complete 
|  55|0x00000000c3700000, 0x00000000c3800000, 0x00000000c3800000|100%|HC|  |TAMS 0x00000000c3800000, 0x00000000c3700000| Complete 
|  56|0x00000000c3800000, 0x00000000c3900000, 0x00000000c3900000|100%|HC|  |TAMS 0x00000000c3900000, 0x00000000c3800000| Complete 
|  57|0x00000000c3900000, 0x00000000c3a00000, 0x00000000c3a00000|100%|HC|  |TAMS 0x00000000c3a00000, 0x00000000c3900000| Complete 
|  58|0x00000000c3a00000, 0x00000000c3a00000, 0x00000000c3b00000|  0%| F|  |TAMS 0x00000000c3a00000, 0x00000000c3a00000| Untracked 
|  59|0x00000000c3b00000, 0x00000000c3b00000, 0x00000000c3c00000|  0%| F|  |TAMS 0x00000000c3b00000, 0x00000000c3b00000| Untracked 
|  60|0x00000000c3c00000, 0x00000000c3c00000, 0x00000000c3d00000|  0%| F|  |TAMS 0x00000000c3c00000, 0x00000000c3c00000| Untracked 
|  61|0x00000000c3d00000, 0x00000000c3e00000, 0x00000000c3e00000|100%| O|  |TAMS 0x00000000c3e00000, 0x00000000c3d00000| Untracked 
|  62|0x00000000c3e00000, 0x00000000c3f00000, 0x00000000c3f00000|100%| O|  |TAMS 0x00000000c3f00000, 0x00000000c3e00000| Untracked 
|  63|0x00000000c3f00000, 0x00000000c4000000, 0x00000000c4000000|100%| O|  |TAMS 0x00000000c4000000, 0x00000000c3f00000| Untracked 
|  64|0x00000000c4000000, 0x00000000c4100000, 0x00000000c4100000|100%|HS|  |TAMS 0x00000000c4100000, 0x00000000c4000000| Complete 
|  65|0x00000000c4100000, 0x00000000c4200000, 0x00000000c4200000|100%|HC|  |TAMS 0x00000000c4200000, 0x00000000c4100000| Complete 
|  66|0x00000000c4200000, 0x00000000c4300000, 0x00000000c4300000|100%|HC|  |TAMS 0x00000000c4300000, 0x00000000c4200000| Complete 
|  67|0x00000000c4300000, 0x00000000c4400000, 0x00000000c4400000|100%|HC|  |TAMS 0x00000000c4400000, 0x00000000c4300000| Complete 
|  68|0x00000000c4400000, 0x00000000c4500000, 0x00000000c4500000|100%|HC|  |TAMS 0x00000000c4500000, 0x00000000c4400000| Complete 
|  69|0x00000000c4500000, 0x00000000c4600000, 0x00000000c4600000|100%|HS|  |TAMS 0x00000000c4600000, 0x00000000c4500000| Complete 
|  70|0x00000000c4600000, 0x00000000c4700000, 0x00000000c4700000|100%|HC|  |TAMS 0x00000000c4700000, 0x00000000c4600000| Complete 
|  71|0x00000000c4700000, 0x00000000c4800000, 0x00000000c4800000|100%|HC|  |TAMS 0x00000000c4800000, 0x00000000c4700000| Complete 
|  72|0x00000000c4800000, 0x00000000c4900000, 0x00000000c4900000|100%|HC|  |TAMS 0x00000000c4900000, 0x00000000c4800000| Complete 
|  73|0x00000000c4900000, 0x00000000c4a00000, 0x00000000c4a00000|100%|HC|  |TAMS 0x00000000c4a00000, 0x00000000c4900000| Complete 
|  74|0x00000000c4a00000, 0x00000000c4b00000, 0x00000000c4b00000|100%|HS|  |TAMS 0x00000000c4b00000, 0x00000000c4a00000| Complete 
|  75|0x00000000c4b00000, 0x00000000c4c00000, 0x00000000c4c00000|100%|HC|  |TAMS 0x00000000c4c00000, 0x00000000c4b00000| Complete 
|  76|0x00000000c4c00000, 0x00000000c4d00000, 0x00000000c4d00000|100%|HC|  |TAMS 0x00000000c4d00000, 0x00000000c4c00000| Complete 
|  77|0x00000000c4d00000, 0x00000000c4e00000, 0x00000000c4e00000|100%|HC|  |TAMS 0x00000000c4e00000, 0x00000000c4d00000| Complete 
|  78|0x00000000c4e00000, 0x00000000c4f00000, 0x00000000c4f00000|100%|HC|  |TAMS 0x00000000c4f00000, 0x00000000c4e00000| Complete 
|  79|0x00000000c4f00000, 0x00000000c5000000, 0x00000000c5000000|100%|HS|  |TAMS 0x00000000c5000000, 0x00000000c4f00000| Complete 
|  80|0x00000000c5000000, 0x00000000c5100000, 0x00000000c5100000|100%|HC|  |TAMS 0x00000000c5100000, 0x00000000c5000000| Complete 
|  81|0x00000000c5100000, 0x00000000c5200000, 0x00000000c5200000|100%|HC|  |TAMS 0x00000000c5200000, 0x00000000c5100000| Complete 
|  82|0x00000000c5200000, 0x00000000c5300000, 0x00000000c5300000|100%|HC|  |TAMS 0x00000000c5300000, 0x00000000c5200000| Complete 
|  83|0x00000000c5300000, 0x00000000c5400000, 0x00000000c5400000|100%|HC|  |TAMS 0x00000000c5400000, 0x00000000c5300000| Complete 
|  84|0x00000000c5400000, 0x00000000c5500000, 0x00000000c5500000|100%|HS|  |TAMS 0x00000000c5500000, 0x00000000c5400000| Complete 
|  85|0x00000000c5500000, 0x00000000c5600000, 0x00000000c5600000|100%|HC|  |TAMS 0x00000000c5600000, 0x00000000c5500000| Complete 
|  86|0x00000000c5600000, 0x00000000c5700000, 0x00000000c5700000|100%|HC|  |TAMS 0x00000000c5700000, 0x00000000c5600000| Complete 
|  87|0x00000000c5700000, 0x00000000c5800000, 0x00000000c5800000|100%|HC|  |TAMS 0x00000000c5800000, 0x00000000c5700000| Complete 
|  88|0x00000000c5800000, 0x00000000c5900000, 0x00000000c5900000|100%|HC|  |TAMS 0x00000000c5900000, 0x00000000c5800000| Complete 
|  89|0x00000000c5900000, 0x00000000c5952400, 0x00000000c5a00000| 32%| O|  |TAMS 0x00000000c594d200, 0x00000000c5900000| Untracked 
|  90|0x00000000c5a00000, 0x00000000c5a00000, 0x00000000c5b00000|  0%| F|  |TAMS 0x00000000c5a00000, 0x00000000c5a00000| Untracked 
|  91|0x00000000c5b00000, 0x00000000c5b00000, 0x00000000c5c00000|  0%| F|  |TAMS 0x00000000c5b00000, 0x00000000c5b00000| Untracked 
|  92|0x00000000c5c00000, 0x00000000c5c00000, 0x00000000c5d00000|  0%| F|  |TAMS 0x00000000c5c00000, 0x00000000c5c00000| Untracked 
|  93|0x00000000c5d00000, 0x00000000c5d00000, 0x00000000c5e00000|  0%| F|  |TAMS 0x00000000c5d00000, 0x00000000c5d00000| Untracked 
|  94|0x00000000c5e00000, 0x00000000c5e00000, 0x00000000c5f00000|  0%| F|  |TAMS 0x00000000c5e00000, 0x00000000c5e00000| Untracked 
|  95|0x00000000c5f00000, 0x00000000c5f00000, 0x00000000c6000000|  0%| F|  |TAMS 0x00000000c5f00000, 0x00000000c5f00000| Untracked 
|  96|0x00000000c6000000, 0x00000000c6000000, 0x00000000c6100000|  0%| F|  |TAMS 0x00000000c6000000, 0x00000000c6000000| Untracked 
|  97|0x00000000c6100000, 0x00000000c6100000, 0x00000000c6200000|  0%| F|  |TAMS 0x00000000c6100000, 0x00000000c6100000| Untracked 
|  98|0x00000000c6200000, 0x00000000c6200000, 0x00000000c6300000|  0%| F|  |TAMS 0x00000000c6200000, 0x00000000c6200000| Untracked 
|  99|0x00000000c6300000, 0x00000000c6300000, 0x00000000c6400000|  0%| F|  |TAMS 0x00000000c6300000, 0x00000000c6300000| Untracked 
| 100|0x00000000c6400000, 0x00000000c6400000, 0x00000000c6500000|  0%| F|  |TAMS 0x00000000c6400000, 0x00000000c6400000| Untracked 
| 101|0x00000000c6500000, 0x00000000c6500000, 0x00000000c6600000|  0%| F|  |TAMS 0x00000000c6500000, 0x00000000c6500000| Untracked 
| 102|0x00000000c6600000, 0x00000000c6600000, 0x00000000c6700000|  0%| F|  |TAMS 0x00000000c6600000, 0x00000000c6600000| Untracked 
| 103|0x00000000c6700000, 0x00000000c6700000, 0x00000000c6800000|  0%| F|  |TAMS 0x00000000c6700000, 0x00000000c6700000| Untracked 
| 104|0x00000000c6800000, 0x00000000c6800000, 0x00000000c6900000|  0%| F|  |TAMS 0x00000000c6800000, 0x00000000c6800000| Untracked 
| 105|0x00000000c6900000, 0x00000000c6900000, 0x00000000c6a00000|  0%| F|  |TAMS 0x00000000c6900000, 0x00000000c6900000| Untracked 
| 106|0x00000000c6a00000, 0x00000000c6a00000, 0x00000000c6b00000|  0%| F|  |TAMS 0x00000000c6a00000, 0x00000000c6a00000| Untracked 
| 107|0x00000000c6b00000, 0x00000000c6b00000, 0x00000000c6c00000|  0%| F|  |TAMS 0x00000000c6b00000, 0x00000000c6b00000| Untracked 
| 108|0x00000000c6c00000, 0x00000000c6c00000, 0x00000000c6d00000|  0%| F|  |TAMS 0x00000000c6c00000, 0x00000000c6c00000| Untracked 
| 109|0x00000000c6d00000, 0x00000000c6d00000, 0x00000000c6e00000|  0%| F|  |TAMS 0x00000000c6d00000, 0x00000000c6d00000| Untracked 
| 110|0x00000000c6e00000, 0x00000000c6e00000, 0x00000000c6f00000|  0%| F|  |TAMS 0x00000000c6e00000, 0x00000000c6e00000| Untracked 
| 111|0x00000000c6f00000, 0x00000000c6f00000, 0x00000000c7000000|  0%| F|  |TAMS 0x00000000c6f00000, 0x00000000c6f00000| Untracked 
| 112|0x00000000c7000000, 0x00000000c7000000, 0x00000000c7100000|  0%| F|  |TAMS 0x00000000c7000000, 0x00000000c7000000| Untracked 
| 113|0x00000000c7100000, 0x00000000c7100000, 0x00000000c7200000|  0%| F|  |TAMS 0x00000000c7100000, 0x00000000c7100000| Untracked 
| 114|0x00000000c7200000, 0x00000000c7200000, 0x00000000c7300000|  0%| F|  |TAMS 0x00000000c7200000, 0x00000000c7200000| Untracked 
| 115|0x00000000c7300000, 0x00000000c7300000, 0x00000000c7400000|  0%| F|  |TAMS 0x00000000c7300000, 0x00000000c7300000| Untracked 
| 116|0x00000000c7400000, 0x00000000c7400000, 0x00000000c7500000|  0%| F|  |TAMS 0x00000000c7400000, 0x00000000c7400000| Untracked 
| 117|0x00000000c7500000, 0x00000000c7500000, 0x00000000c7600000|  0%| F|  |TAMS 0x00000000c7500000, 0x00000000c7500000| Untracked 
| 118|0x00000000c7600000, 0x00000000c7600000, 0x00000000c7700000|  0%| F|  |TAMS 0x00000000c7600000, 0x00000000c7600000| Untracked 
| 119|0x00000000c7700000, 0x00000000c7700000, 0x00000000c7800000|  0%| F|  |TAMS 0x00000000c7700000, 0x00000000c7700000| Untracked 
| 120|0x00000000c7800000, 0x00000000c7800000, 0x00000000c7900000|  0%| F|  |TAMS 0x00000000c7800000, 0x00000000c7800000| Untracked 
| 121|0x00000000c7900000, 0x00000000c7900000, 0x00000000c7a00000|  0%| F|  |TAMS 0x00000000c7900000, 0x00000000c7900000| Untracked 
| 122|0x00000000c7a00000, 0x00000000c7a00000, 0x00000000c7b00000|  0%| F|  |TAMS 0x00000000c7a00000, 0x00000000c7a00000| Untracked 
| 123|0x00000000c7b00000, 0x00000000c7b00000, 0x00000000c7c00000|  0%| F|  |TAMS 0x00000000c7b00000, 0x00000000c7b00000| Untracked 
| 124|0x00000000c7c00000, 0x00000000c7c00000, 0x00000000c7d00000|  0%| F|  |TAMS 0x00000000c7c00000, 0x00000000c7c00000| Untracked 
| 125|0x00000000c7d00000, 0x00000000c7d00000, 0x00000000c7e00000|  0%| F|  |TAMS 0x00000000c7d00000, 0x00000000c7d00000| Untracked 
| 126|0x00000000c7e00000, 0x00000000c7e00000, 0x00000000c7f00000|  0%| F|  |TAMS 0x00000000c7e00000, 0x00000000c7e00000| Untracked 
| 127|0x00000000c7f00000, 0x00000000c7f00000, 0x00000000c8000000|  0%| F|  |TAMS 0x00000000c7f00000, 0x00000000c7f00000| Untracked 
| 128|0x00000000c8000000, 0x00000000c8000000, 0x00000000c8100000|  0%| F|  |TAMS 0x00000000c8000000, 0x00000000c8000000| Untracked 
| 129|0x00000000c8100000, 0x00000000c8100000, 0x00000000c8200000|  0%| F|  |TAMS 0x00000000c8100000, 0x00000000c8100000| Untracked 
| 130|0x00000000c8200000, 0x00000000c8200000, 0x00000000c8300000|  0%| F|  |TAMS 0x00000000c8200000, 0x00000000c8200000| Untracked 
| 131|0x00000000c8300000, 0x00000000c83ebcd8, 0x00000000c8400000| 92%| S|CS|TAMS 0x00000000c8300000, 0x00000000c8300000| Complete 
| 132|0x00000000c8400000, 0x00000000c8400000, 0x00000000c8500000|  0%| F|  |TAMS 0x00000000c8400000, 0x00000000c8400000| Untracked 
| 133|0x00000000c8500000, 0x00000000c8500000, 0x00000000c8600000|  0%| F|  |TAMS 0x00000000c8500000, 0x00000000c8500000| Untracked 
| 134|0x00000000c8600000, 0x00000000c8700000, 0x00000000c8700000|100%| S|CS|TAMS 0x00000000c8600000, 0x00000000c8600000| Complete 
| 135|0x00000000c8700000, 0x00000000c8800000, 0x00000000c8800000|100%| S|CS|TAMS 0x00000000c8700000, 0x00000000c8700000| Complete 
| 136|0x00000000c8800000, 0x00000000c8800000, 0x00000000c8900000|  0%| F|  |TAMS 0x00000000c8800000, 0x00000000c8800000| Untracked 
| 137|0x00000000c8900000, 0x00000000c8900000, 0x00000000c8a00000|  0%| F|  |TAMS 0x00000000c8900000, 0x00000000c8900000| Untracked 
| 138|0x00000000c8a00000, 0x00000000c8a00000, 0x00000000c8b00000|  0%| F|  |TAMS 0x00000000c8a00000, 0x00000000c8a00000| Untracked 
| 139|0x00000000c8b00000, 0x00000000c8b00000, 0x00000000c8c00000|  0%| F|  |TAMS 0x00000000c8b00000, 0x00000000c8b00000| Untracked 
| 140|0x00000000c8c00000, 0x00000000c8c00000, 0x00000000c8d00000|  0%| F|  |TAMS 0x00000000c8c00000, 0x00000000c8c00000| Untracked 
| 141|0x00000000c8d00000, 0x00000000c8d00000, 0x00000000c8e00000|  0%| F|  |TAMS 0x00000000c8d00000, 0x00000000c8d00000| Untracked 
| 142|0x00000000c8e00000, 0x00000000c8e00000, 0x00000000c8f00000|  0%| F|  |TAMS 0x00000000c8e00000, 0x00000000c8e00000| Untracked 
| 143|0x00000000c8f00000, 0x00000000c8f00000, 0x00000000c9000000|  0%| F|  |TAMS 0x00000000c8f00000, 0x00000000c8f00000| Untracked 
| 144|0x00000000c9000000, 0x00000000c9000000, 0x00000000c9100000|  0%| F|  |TAMS 0x00000000c9000000, 0x00000000c9000000| Untracked 
| 145|0x00000000c9100000, 0x00000000c9100000, 0x00000000c9200000|  0%| F|  |TAMS 0x00000000c9100000, 0x00000000c9100000| Untracked 
| 146|0x00000000c9200000, 0x00000000c9200000, 0x00000000c9300000|  0%| F|  |TAMS 0x00000000c9200000, 0x00000000c9200000| Untracked 
| 147|0x00000000c9300000, 0x00000000c9300000, 0x00000000c9400000|  0%| F|  |TAMS 0x00000000c9300000, 0x00000000c9300000| Untracked 
| 148|0x00000000c9400000, 0x00000000c9400000, 0x00000000c9500000|  0%| F|  |TAMS 0x00000000c9400000, 0x00000000c9400000| Untracked 
| 149|0x00000000c9500000, 0x00000000c9500000, 0x00000000c9600000|  0%| F|  |TAMS 0x00000000c9500000, 0x00000000c9500000| Untracked 
| 150|0x00000000c9600000, 0x00000000c9600000, 0x00000000c9700000|  0%| F|  |TAMS 0x00000000c9600000, 0x00000000c9600000| Untracked 
| 151|0x00000000c9700000, 0x00000000c9700000, 0x00000000c9800000|  0%| F|  |TAMS 0x00000000c9700000, 0x00000000c9700000| Untracked 
| 152|0x00000000c9800000, 0x00000000c9800000, 0x00000000c9900000|  0%| F|  |TAMS 0x00000000c9800000, 0x00000000c9800000| Untracked 
| 153|0x00000000c9900000, 0x00000000c9900000, 0x00000000c9a00000|  0%| F|  |TAMS 0x00000000c9900000, 0x00000000c9900000| Untracked 
| 154|0x00000000c9a00000, 0x00000000c9a00000, 0x00000000c9b00000|  0%| F|  |TAMS 0x00000000c9a00000, 0x00000000c9a00000| Untracked 
| 155|0x00000000c9b00000, 0x00000000c9b00000, 0x00000000c9c00000|  0%| F|  |TAMS 0x00000000c9b00000, 0x00000000c9b00000| Untracked 
| 156|0x00000000c9c00000, 0x00000000c9c00000, 0x00000000c9d00000|  0%| F|  |TAMS 0x00000000c9c00000, 0x00000000c9c00000| Untracked 
| 157|0x00000000c9d00000, 0x00000000c9d00000, 0x00000000c9e00000|  0%| F|  |TAMS 0x00000000c9d00000, 0x00000000c9d00000| Untracked 
| 158|0x00000000c9e00000, 0x00000000c9e00000, 0x00000000c9f00000|  0%| F|  |TAMS 0x00000000c9e00000, 0x00000000c9e00000| Untracked 
| 159|0x00000000c9f00000, 0x00000000c9f00000, 0x00000000ca000000|  0%| F|  |TAMS 0x00000000c9f00000, 0x00000000c9f00000| Untracked 
| 160|0x00000000ca000000, 0x00000000ca000000, 0x00000000ca100000|  0%| F|  |TAMS 0x00000000ca000000, 0x00000000ca000000| Untracked 
| 161|0x00000000ca100000, 0x00000000ca100000, 0x00000000ca200000|  0%| F|  |TAMS 0x00000000ca100000, 0x00000000ca100000| Untracked 
| 162|0x00000000ca200000, 0x00000000ca200000, 0x00000000ca300000|  0%| F|  |TAMS 0x00000000ca200000, 0x00000000ca200000| Untracked 
| 163|0x00000000ca300000, 0x00000000ca300000, 0x00000000ca400000|  0%| F|  |TAMS 0x00000000ca300000, 0x00000000ca300000| Untracked 
| 164|0x00000000ca400000, 0x00000000ca400000, 0x00000000ca500000|  0%| F|  |TAMS 0x00000000ca400000, 0x00000000ca400000| Untracked 
| 165|0x00000000ca500000, 0x00000000ca500000, 0x00000000ca600000|  0%| F|  |TAMS 0x00000000ca500000, 0x00000000ca500000| Untracked 
| 166|0x00000000ca600000, 0x00000000ca600000, 0x00000000ca700000|  0%| F|  |TAMS 0x00000000ca600000, 0x00000000ca600000| Untracked 
| 167|0x00000000ca700000, 0x00000000ca700000, 0x00000000ca800000|  0%| F|  |TAMS 0x00000000ca700000, 0x00000000ca700000| Untracked 
| 168|0x00000000ca800000, 0x00000000ca800000, 0x00000000ca900000|  0%| F|  |TAMS 0x00000000ca800000, 0x00000000ca800000| Untracked 
| 169|0x00000000ca900000, 0x00000000ca900000, 0x00000000caa00000|  0%| F|  |TAMS 0x00000000ca900000, 0x00000000ca900000| Untracked 
| 170|0x00000000caa00000, 0x00000000caa00000, 0x00000000cab00000|  0%| F|  |TAMS 0x00000000caa00000, 0x00000000caa00000| Untracked 
| 171|0x00000000cab00000, 0x00000000cab00000, 0x00000000cac00000|  0%| F|  |TAMS 0x00000000cab00000, 0x00000000cab00000| Untracked 
| 172|0x00000000cac00000, 0x00000000cac00000, 0x00000000cad00000|  0%| F|  |TAMS 0x00000000cac00000, 0x00000000cac00000| Untracked 
| 173|0x00000000cad00000, 0x00000000cad00000, 0x00000000cae00000|  0%| F|  |TAMS 0x00000000cad00000, 0x00000000cad00000| Untracked 
| 174|0x00000000cae00000, 0x00000000cae00000, 0x00000000caf00000|  0%| F|  |TAMS 0x00000000cae00000, 0x00000000cae00000| Untracked 
| 175|0x00000000caf00000, 0x00000000caf00000, 0x00000000cb000000|  0%| F|  |TAMS 0x00000000caf00000, 0x00000000caf00000| Untracked 
| 176|0x00000000cb000000, 0x00000000cb000000, 0x00000000cb100000|  0%| F|  |TAMS 0x00000000cb000000, 0x00000000cb000000| Untracked 
| 177|0x00000000cb100000, 0x00000000cb100000, 0x00000000cb200000|  0%| F|  |TAMS 0x00000000cb100000, 0x00000000cb100000| Untracked 
| 178|0x00000000cb200000, 0x00000000cb200000, 0x00000000cb300000|  0%| F|  |TAMS 0x00000000cb200000, 0x00000000cb200000| Untracked 
| 179|0x00000000cb300000, 0x00000000cb300000, 0x00000000cb400000|  0%| F|  |TAMS 0x00000000cb300000, 0x00000000cb300000| Untracked 
| 180|0x00000000cb400000, 0x00000000cb400000, 0x00000000cb500000|  0%| F|  |TAMS 0x00000000cb400000, 0x00000000cb400000| Untracked 
| 181|0x00000000cb500000, 0x00000000cb500000, 0x00000000cb600000|  0%| F|  |TAMS 0x00000000cb500000, 0x00000000cb500000| Untracked 
| 182|0x00000000cb600000, 0x00000000cb600000, 0x00000000cb700000|  0%| F|  |TAMS 0x00000000cb600000, 0x00000000cb600000| Untracked 
| 183|0x00000000cb700000, 0x00000000cb700000, 0x00000000cb800000|  0%| F|  |TAMS 0x00000000cb700000, 0x00000000cb700000| Untracked 
| 184|0x00000000cb800000, 0x00000000cb800000, 0x00000000cb900000|  0%| F|  |TAMS 0x00000000cb800000, 0x00000000cb800000| Untracked 
| 185|0x00000000cb900000, 0x00000000cb900000, 0x00000000cba00000|  0%| F|  |TAMS 0x00000000cb900000, 0x00000000cb900000| Untracked 
| 186|0x00000000cba00000, 0x00000000cba00000, 0x00000000cbb00000|  0%| F|  |TAMS 0x00000000cba00000, 0x00000000cba00000| Untracked 
| 187|0x00000000cbb00000, 0x00000000cbb00000, 0x00000000cbc00000|  0%| F|  |TAMS 0x00000000cbb00000, 0x00000000cbb00000| Untracked 
| 188|0x00000000cbc00000, 0x00000000cbc00000, 0x00000000cbd00000|  0%| F|  |TAMS 0x00000000cbc00000, 0x00000000cbc00000| Untracked 
| 189|0x00000000cbd00000, 0x00000000cbd00000, 0x00000000cbe00000|  0%| F|  |TAMS 0x00000000cbd00000, 0x00000000cbd00000| Untracked 
| 190|0x00000000cbe00000, 0x00000000cbe00000, 0x00000000cbf00000|  0%| F|  |TAMS 0x00000000cbe00000, 0x00000000cbe00000| Untracked 
| 191|0x00000000cbf00000, 0x00000000cbf00000, 0x00000000cc000000|  0%| F|  |TAMS 0x00000000cbf00000, 0x00000000cbf00000| Untracked 
| 192|0x00000000cc000000, 0x00000000cc000000, 0x00000000cc100000|  0%| F|  |TAMS 0x00000000cc000000, 0x00000000cc000000| Untracked 
| 193|0x00000000cc100000, 0x00000000cc100000, 0x00000000cc200000|  0%| F|  |TAMS 0x00000000cc100000, 0x00000000cc100000| Untracked 
| 194|0x00000000cc200000, 0x00000000cc200000, 0x00000000cc300000|  0%| F|  |TAMS 0x00000000cc200000, 0x00000000cc200000| Untracked 
| 195|0x00000000cc300000, 0x00000000cc300000, 0x00000000cc400000|  0%| F|  |TAMS 0x00000000cc300000, 0x00000000cc300000| Untracked 
| 196|0x00000000cc400000, 0x00000000cc400000, 0x00000000cc500000|  0%| F|  |TAMS 0x00000000cc400000, 0x00000000cc400000| Untracked 
| 197|0x00000000cc500000, 0x00000000cc500000, 0x00000000cc600000|  0%| F|  |TAMS 0x00000000cc500000, 0x00000000cc500000| Untracked 
| 198|0x00000000cc600000, 0x00000000cc600000, 0x00000000cc700000|  0%| F|  |TAMS 0x00000000cc600000, 0x00000000cc600000| Untracked 
| 199|0x00000000cc700000, 0x00000000cc700000, 0x00000000cc800000|  0%| F|  |TAMS 0x00000000cc700000, 0x00000000cc700000| Untracked 
| 200|0x00000000cc800000, 0x00000000cc800000, 0x00000000cc900000|  0%| F|  |TAMS 0x00000000cc800000, 0x00000000cc800000| Untracked 
| 201|0x00000000cc900000, 0x00000000cc900000, 0x00000000cca00000|  0%| F|  |TAMS 0x00000000cc900000, 0x00000000cc900000| Untracked 
| 202|0x00000000cca00000, 0x00000000cca00000, 0x00000000ccb00000|  0%| F|  |TAMS 0x00000000cca00000, 0x00000000cca00000| Untracked 
| 203|0x00000000ccb00000, 0x00000000ccb00000, 0x00000000ccc00000|  0%| F|  |TAMS 0x00000000ccb00000, 0x00000000ccb00000| Untracked 
| 204|0x00000000ccc00000, 0x00000000ccc00000, 0x00000000ccd00000|  0%| F|  |TAMS 0x00000000ccc00000, 0x00000000ccc00000| Untracked 
| 205|0x00000000ccd00000, 0x00000000ccd00000, 0x00000000cce00000|  0%| F|  |TAMS 0x00000000ccd00000, 0x00000000ccd00000| Untracked 
| 206|0x00000000cce00000, 0x00000000cce00000, 0x00000000ccf00000|  0%| F|  |TAMS 0x00000000cce00000, 0x00000000cce00000| Untracked 
| 207|0x00000000ccf00000, 0x00000000ccf00000, 0x00000000cd000000|  0%| F|  |TAMS 0x00000000ccf00000, 0x00000000ccf00000| Untracked 
| 208|0x00000000cd000000, 0x00000000cd000000, 0x00000000cd100000|  0%| F|  |TAMS 0x00000000cd000000, 0x00000000cd000000| Untracked 
| 209|0x00000000cd100000, 0x00000000cd100000, 0x00000000cd200000|  0%| F|  |TAMS 0x00000000cd100000, 0x00000000cd100000| Untracked 
| 210|0x00000000cd200000, 0x00000000cd200000, 0x00000000cd300000|  0%| F|  |TAMS 0x00000000cd200000, 0x00000000cd200000| Untracked 
| 211|0x00000000cd300000, 0x00000000cd300000, 0x00000000cd400000|  0%| F|  |TAMS 0x00000000cd300000, 0x00000000cd300000| Untracked 
| 212|0x00000000cd400000, 0x00000000cd400000, 0x00000000cd500000|  0%| F|  |TAMS 0x00000000cd400000, 0x00000000cd400000| Untracked 
| 213|0x00000000cd500000, 0x00000000cd500000, 0x00000000cd600000|  0%| F|  |TAMS 0x00000000cd500000, 0x00000000cd500000| Untracked 
| 214|0x00000000cd600000, 0x00000000cd600000, 0x00000000cd700000|  0%| F|  |TAMS 0x00000000cd600000, 0x00000000cd600000| Untracked 
| 215|0x00000000cd700000, 0x00000000cd700000, 0x00000000cd800000|  0%| F|  |TAMS 0x00000000cd700000, 0x00000000cd700000| Untracked 
| 216|0x00000000cd800000, 0x00000000cd800000, 0x00000000cd900000|  0%| F|  |TAMS 0x00000000cd800000, 0x00000000cd800000| Untracked 
| 217|0x00000000cd900000, 0x00000000cd900000, 0x00000000cda00000|  0%| F|  |TAMS 0x00000000cd900000, 0x00000000cd900000| Untracked 
| 218|0x00000000cda00000, 0x00000000cda00000, 0x00000000cdb00000|  0%| F|  |TAMS 0x00000000cda00000, 0x00000000cda00000| Untracked 
| 219|0x00000000cdb00000, 0x00000000cdb00000, 0x00000000cdc00000|  0%| F|  |TAMS 0x00000000cdb00000, 0x00000000cdb00000| Untracked 
| 220|0x00000000cdc00000, 0x00000000cdc00000, 0x00000000cdd00000|  0%| F|  |TAMS 0x00000000cdc00000, 0x00000000cdc00000| Untracked 
| 221|0x00000000cdd00000, 0x00000000cdd00000, 0x00000000cde00000|  0%| F|  |TAMS 0x00000000cdd00000, 0x00000000cdd00000| Untracked 
| 222|0x00000000cde00000, 0x00000000cde00000, 0x00000000cdf00000|  0%| F|  |TAMS 0x00000000cde00000, 0x00000000cde00000| Untracked 
| 223|0x00000000cdf00000, 0x00000000cdf00000, 0x00000000ce000000|  0%| F|  |TAMS 0x00000000cdf00000, 0x00000000cdf00000| Untracked 
| 224|0x00000000ce000000, 0x00000000ce100000, 0x00000000ce100000|100%| E|  |TAMS 0x00000000ce000000, 0x00000000ce000000| Complete 
| 225|0x00000000ce100000, 0x00000000ce200000, 0x00000000ce200000|100%| E|CS|TAMS 0x00000000ce100000, 0x00000000ce100000| Complete 
| 226|0x00000000ce200000, 0x00000000ce300000, 0x00000000ce300000|100%| E|CS|TAMS 0x00000000ce200000, 0x00000000ce200000| Complete 
| 227|0x00000000ce300000, 0x00000000ce400000, 0x00000000ce400000|100%| E|CS|TAMS 0x00000000ce300000, 0x00000000ce300000| Complete 
| 228|0x00000000ce400000, 0x00000000ce500000, 0x00000000ce500000|100%| E|CS|TAMS 0x00000000ce400000, 0x00000000ce400000| Complete 
| 229|0x00000000ce500000, 0x00000000ce600000, 0x00000000ce600000|100%| E|CS|TAMS 0x00000000ce500000, 0x00000000ce500000| Complete 
| 230|0x00000000ce600000, 0x00000000ce700000, 0x00000000ce700000|100%| E|CS|TAMS 0x00000000ce600000, 0x00000000ce600000| Complete 
| 231|0x00000000ce700000, 0x00000000ce800000, 0x00000000ce800000|100%| E|CS|TAMS 0x00000000ce700000, 0x00000000ce700000| Complete 
| 232|0x00000000ce800000, 0x00000000ce900000, 0x00000000ce900000|100%| E|CS|TAMS 0x00000000ce800000, 0x00000000ce800000| Complete 
| 233|0x00000000ce900000, 0x00000000cea00000, 0x00000000cea00000|100%| E|CS|TAMS 0x00000000ce900000, 0x00000000ce900000| Complete 
| 234|0x00000000cea00000, 0x00000000ceb00000, 0x00000000ceb00000|100%| E|CS|TAMS 0x00000000cea00000, 0x00000000cea00000| Complete 
| 235|0x00000000ceb00000, 0x00000000cec00000, 0x00000000cec00000|100%| E|CS|TAMS 0x00000000ceb00000, 0x00000000ceb00000| Complete 
| 236|0x00000000cec00000, 0x00000000ced00000, 0x00000000ced00000|100%| E|CS|TAMS 0x00000000cec00000, 0x00000000cec00000| Complete 
| 237|0x00000000ced00000, 0x00000000cee00000, 0x00000000cee00000|100%| E|CS|TAMS 0x00000000ced00000, 0x00000000ced00000| Complete 
| 238|0x00000000cee00000, 0x00000000cef00000, 0x00000000cef00000|100%| E|CS|TAMS 0x00000000cee00000, 0x00000000cee00000| Complete 
| 239|0x00000000cef00000, 0x00000000cf000000, 0x00000000cf000000|100%| E|CS|TAMS 0x00000000cef00000, 0x00000000cef00000| Complete 
| 240|0x00000000cf000000, 0x00000000cf100000, 0x00000000cf100000|100%| E|CS|TAMS 0x00000000cf000000, 0x00000000cf000000| Complete 
| 241|0x00000000cf100000, 0x00000000cf200000, 0x00000000cf200000|100%| E|CS|TAMS 0x00000000cf100000, 0x00000000cf100000| Complete 
| 242|0x00000000cf200000, 0x00000000cf300000, 0x00000000cf300000|100%| E|CS|TAMS 0x00000000cf200000, 0x00000000cf200000| Complete 
| 243|0x00000000cf300000, 0x00000000cf400000, 0x00000000cf400000|100%| E|CS|TAMS 0x00000000cf300000, 0x00000000cf300000| Complete 
| 244|0x00000000cf400000, 0x00000000cf500000, 0x00000000cf500000|100%| E|CS|TAMS 0x00000000cf400000, 0x00000000cf400000| Complete 
| 245|0x00000000cf500000, 0x00000000cf600000, 0x00000000cf600000|100%| E|CS|TAMS 0x00000000cf500000, 0x00000000cf500000| Complete 
| 246|0x00000000cf600000, 0x00000000cf700000, 0x00000000cf700000|100%| E|CS|TAMS 0x00000000cf600000, 0x00000000cf600000| Complete 
| 247|0x00000000cf700000, 0x00000000cf800000, 0x00000000cf800000|100%| E|CS|TAMS 0x00000000cf700000, 0x00000000cf700000| Complete 
| 248|0x00000000cf800000, 0x00000000cf900000, 0x00000000cf900000|100%| E|CS|TAMS 0x00000000cf800000, 0x00000000cf800000| Complete 
| 249|0x00000000cf900000, 0x00000000cfa00000, 0x00000000cfa00000|100%| E|CS|TAMS 0x00000000cf900000, 0x00000000cf900000| Complete 
| 250|0x00000000cfa00000, 0x00000000cfb00000, 0x00000000cfb00000|100%| E|CS|TAMS 0x00000000cfa00000, 0x00000000cfa00000| Complete 
| 251|0x00000000cfb00000, 0x00000000cfc00000, 0x00000000cfc00000|100%| E|CS|TAMS 0x00000000cfb00000, 0x00000000cfb00000| Complete 
| 252|0x00000000cfc00000, 0x00000000cfd00000, 0x00000000cfd00000|100%| E|CS|TAMS 0x00000000cfc00000, 0x00000000cfc00000| Complete 
| 253|0x00000000cfd00000, 0x00000000cfe00000, 0x00000000cfe00000|100%| E|CS|TAMS 0x00000000cfd00000, 0x00000000cfd00000| Complete 
| 254|0x00000000cfe00000, 0x00000000cff00000, 0x00000000cff00000|100%| E|CS|TAMS 0x00000000cfe00000, 0x00000000cfe00000| Complete 
| 255|0x00000000cff00000, 0x00000000d0000000, 0x00000000d0000000|100%| E|CS|TAMS 0x00000000cff00000, 0x00000000cff00000| Complete 
| 256|0x00000000d0000000, 0x00000000d0100000, 0x00000000d0100000|100%| E|CS|TAMS 0x00000000d0000000, 0x00000000d0000000| Complete 
| 257|0x00000000d0100000, 0x00000000d0200000, 0x00000000d0200000|100%| E|CS|TAMS 0x00000000d0100000, 0x00000000d0100000| Complete 
| 258|0x00000000d0200000, 0x00000000d0300000, 0x00000000d0300000|100%| E|CS|TAMS 0x00000000d0200000, 0x00000000d0200000| Complete 
| 259|0x00000000d0300000, 0x00000000d0400000, 0x00000000d0400000|100%| E|CS|TAMS 0x00000000d0300000, 0x00000000d0300000| Complete 
| 260|0x00000000d0400000, 0x00000000d0500000, 0x00000000d0500000|100%| E|CS|TAMS 0x00000000d0400000, 0x00000000d0400000| Complete 
| 261|0x00000000d0500000, 0x00000000d0600000, 0x00000000d0600000|100%| E|CS|TAMS 0x00000000d0500000, 0x00000000d0500000| Complete 
| 262|0x00000000d0600000, 0x00000000d0700000, 0x00000000d0700000|100%| E|CS|TAMS 0x00000000d0600000, 0x00000000d0600000| Complete 
| 263|0x00000000d0700000, 0x00000000d0800000, 0x00000000d0800000|100%| E|CS|TAMS 0x00000000d0700000, 0x00000000d0700000| Complete 
| 264|0x00000000d0800000, 0x00000000d0900000, 0x00000000d0900000|100%| E|CS|TAMS 0x00000000d0800000, 0x00000000d0800000| Complete 
| 265|0x00000000d0900000, 0x00000000d0a00000, 0x00000000d0a00000|100%| E|CS|TAMS 0x00000000d0900000, 0x00000000d0900000| Complete 
| 266|0x00000000d0a00000, 0x00000000d0b00000, 0x00000000d0b00000|100%| E|CS|TAMS 0x00000000d0a00000, 0x00000000d0a00000| Complete 
| 267|0x00000000d0b00000, 0x00000000d0c00000, 0x00000000d0c00000|100%| E|CS|TAMS 0x00000000d0b00000, 0x00000000d0b00000| Complete 
| 268|0x00000000d0c00000, 0x00000000d0d00000, 0x00000000d0d00000|100%| E|CS|TAMS 0x00000000d0c00000, 0x00000000d0c00000| Complete 
| 269|0x00000000d0d00000, 0x00000000d0e00000, 0x00000000d0e00000|100%| E|CS|TAMS 0x00000000d0d00000, 0x00000000d0d00000| Complete 
| 270|0x00000000d0e00000, 0x00000000d0f00000, 0x00000000d0f00000|100%| E|CS|TAMS 0x00000000d0e00000, 0x00000000d0e00000| Complete 
| 271|0x00000000d0f00000, 0x00000000d1000000, 0x00000000d1000000|100%| E|CS|TAMS 0x00000000d0f00000, 0x00000000d0f00000| Complete 
| 272|0x00000000d1000000, 0x00000000d1100000, 0x00000000d1100000|100%| E|CS|TAMS 0x00000000d1000000, 0x00000000d1000000| Complete 
| 273|0x00000000d1100000, 0x00000000d1200000, 0x00000000d1200000|100%| E|CS|TAMS 0x00000000d1100000, 0x00000000d1100000| Complete 
| 274|0x00000000d1200000, 0x00000000d1300000, 0x00000000d1300000|100%| E|CS|TAMS 0x00000000d1200000, 0x00000000d1200000| Complete 
| 275|0x00000000d1300000, 0x00000000d1400000, 0x00000000d1400000|100%| E|CS|TAMS 0x00000000d1300000, 0x00000000d1300000| Complete 
| 276|0x00000000d1400000, 0x00000000d1500000, 0x00000000d1500000|100%| E|CS|TAMS 0x00000000d1400000, 0x00000000d1400000| Complete 
| 277|0x00000000d1500000, 0x00000000d1600000, 0x00000000d1600000|100%| E|CS|TAMS 0x00000000d1500000, 0x00000000d1500000| Complete 
| 278|0x00000000d1600000, 0x00000000d1700000, 0x00000000d1700000|100%| E|CS|TAMS 0x00000000d1600000, 0x00000000d1600000| Complete 
| 279|0x00000000d1700000, 0x00000000d1800000, 0x00000000d1800000|100%| E|CS|TAMS 0x00000000d1700000, 0x00000000d1700000| Complete 
| 280|0x00000000d1800000, 0x00000000d1900000, 0x00000000d1900000|100%| E|CS|TAMS 0x00000000d1800000, 0x00000000d1800000| Complete 
| 281|0x00000000d1900000, 0x00000000d1a00000, 0x00000000d1a00000|100%| E|CS|TAMS 0x00000000d1900000, 0x00000000d1900000| Complete 
| 282|0x00000000d1a00000, 0x00000000d1b00000, 0x00000000d1b00000|100%| E|CS|TAMS 0x00000000d1a00000, 0x00000000d1a00000| Complete 
| 283|0x00000000d1b00000, 0x00000000d1c00000, 0x00000000d1c00000|100%| E|CS|TAMS 0x00000000d1b00000, 0x00000000d1b00000| Complete 
| 284|0x00000000d1c00000, 0x00000000d1d00000, 0x00000000d1d00000|100%| E|CS|TAMS 0x00000000d1c00000, 0x00000000d1c00000| Complete 
| 285|0x00000000d1d00000, 0x00000000d1e00000, 0x00000000d1e00000|100%| E|CS|TAMS 0x00000000d1d00000, 0x00000000d1d00000| Complete 
| 286|0x00000000d1e00000, 0x00000000d1f00000, 0x00000000d1f00000|100%| E|CS|TAMS 0x00000000d1e00000, 0x00000000d1e00000| Complete 
| 287|0x00000000d1f00000, 0x00000000d2000000, 0x00000000d2000000|100%| E|CS|TAMS 0x00000000d1f00000, 0x00000000d1f00000| Complete 
| 288|0x00000000d2000000, 0x00000000d2100000, 0x00000000d2100000|100%| E|CS|TAMS 0x00000000d2000000, 0x00000000d2000000| Complete 
| 289|0x00000000d2100000, 0x00000000d2200000, 0x00000000d2200000|100%| E|CS|TAMS 0x00000000d2100000, 0x00000000d2100000| Complete 
| 290|0x00000000d2200000, 0x00000000d2300000, 0x00000000d2300000|100%| E|CS|TAMS 0x00000000d2200000, 0x00000000d2200000| Complete 
| 291|0x00000000d2300000, 0x00000000d2400000, 0x00000000d2400000|100%| E|CS|TAMS 0x00000000d2300000, 0x00000000d2300000| Complete 
| 292|0x00000000d2400000, 0x00000000d2500000, 0x00000000d2500000|100%| E|CS|TAMS 0x00000000d2400000, 0x00000000d2400000| Complete 
| 293|0x00000000d2500000, 0x00000000d2600000, 0x00000000d2600000|100%| E|CS|TAMS 0x00000000d2500000, 0x00000000d2500000| Complete 
| 294|0x00000000d2600000, 0x00000000d2700000, 0x00000000d2700000|100%| E|CS|TAMS 0x00000000d2600000, 0x00000000d2600000| Complete 
| 295|0x00000000d2700000, 0x00000000d2800000, 0x00000000d2800000|100%| E|CS|TAMS 0x00000000d2700000, 0x00000000d2700000| Complete 
| 296|0x00000000d2800000, 0x00000000d2900000, 0x00000000d2900000|100%| E|CS|TAMS 0x00000000d2800000, 0x00000000d2800000| Complete 
| 297|0x00000000d2900000, 0x00000000d2a00000, 0x00000000d2a00000|100%| E|CS|TAMS 0x00000000d2900000, 0x00000000d2900000| Complete 
| 298|0x00000000d2a00000, 0x00000000d2b00000, 0x00000000d2b00000|100%| E|CS|TAMS 0x00000000d2a00000, 0x00000000d2a00000| Complete 
| 299|0x00000000d2b00000, 0x00000000d2c00000, 0x00000000d2c00000|100%| E|CS|TAMS 0x00000000d2b00000, 0x00000000d2b00000| Complete 
| 300|0x00000000d2c00000, 0x00000000d2d00000, 0x00000000d2d00000|100%| E|CS|TAMS 0x00000000d2c00000, 0x00000000d2c00000| Complete 
| 301|0x00000000d2d00000, 0x00000000d2e00000, 0x00000000d2e00000|100%| E|CS|TAMS 0x00000000d2d00000, 0x00000000d2d00000| Complete 
| 302|0x00000000d2e00000, 0x00000000d2f00000, 0x00000000d2f00000|100%| E|CS|TAMS 0x00000000d2e00000, 0x00000000d2e00000| Complete 
| 303|0x00000000d2f00000, 0x00000000d3000000, 0x00000000d3000000|100%| E|CS|TAMS 0x00000000d2f00000, 0x00000000d2f00000| Complete 
| 304|0x00000000d3000000, 0x00000000d3100000, 0x00000000d3100000|100%| E|CS|TAMS 0x00000000d3000000, 0x00000000d3000000| Complete 
| 305|0x00000000d3100000, 0x00000000d3200000, 0x00000000d3200000|100%| E|CS|TAMS 0x00000000d3100000, 0x00000000d3100000| Complete 
| 306|0x00000000d3200000, 0x00000000d3300000, 0x00000000d3300000|100%| E|CS|TAMS 0x00000000d3200000, 0x00000000d3200000| Complete 
| 307|0x00000000d3300000, 0x00000000d3400000, 0x00000000d3400000|100%| E|CS|TAMS 0x00000000d3300000, 0x00000000d3300000| Complete 
| 308|0x00000000d3400000, 0x00000000d3500000, 0x00000000d3500000|100%| E|CS|TAMS 0x00000000d3400000, 0x00000000d3400000| Complete 
| 309|0x00000000d3500000, 0x00000000d3600000, 0x00000000d3600000|100%| E|CS|TAMS 0x00000000d3500000, 0x00000000d3500000| Complete 
| 310|0x00000000d3600000, 0x00000000d3700000, 0x00000000d3700000|100%| E|CS|TAMS 0x00000000d3600000, 0x00000000d3600000| Complete 
| 311|0x00000000d3700000, 0x00000000d3800000, 0x00000000d3800000|100%| E|CS|TAMS 0x00000000d3700000, 0x00000000d3700000| Complete 
| 312|0x00000000d3800000, 0x00000000d3900000, 0x00000000d3900000|100%| E|CS|TAMS 0x00000000d3800000, 0x00000000d3800000| Complete 
| 313|0x00000000d3900000, 0x00000000d3a00000, 0x00000000d3a00000|100%| E|CS|TAMS 0x00000000d3900000, 0x00000000d3900000| Complete 
| 314|0x00000000d3a00000, 0x00000000d3b00000, 0x00000000d3b00000|100%| E|CS|TAMS 0x00000000d3a00000, 0x00000000d3a00000| Complete 
| 315|0x00000000d3b00000, 0x00000000d3c00000, 0x00000000d3c00000|100%| E|CS|TAMS 0x00000000d3b00000, 0x00000000d3b00000| Complete 
| 316|0x00000000d3c00000, 0x00000000d3d00000, 0x00000000d3d00000|100%| E|CS|TAMS 0x00000000d3c00000, 0x00000000d3c00000| Complete 
| 317|0x00000000d3d00000, 0x00000000d3e00000, 0x00000000d3e00000|100%| E|CS|TAMS 0x00000000d3d00000, 0x00000000d3d00000| Complete 
| 318|0x00000000d3e00000, 0x00000000d3f00000, 0x00000000d3f00000|100%| E|CS|TAMS 0x00000000d3e00000, 0x00000000d3e00000| Complete 
| 319|0x00000000d3f00000, 0x00000000d4000000, 0x00000000d4000000|100%| E|CS|TAMS 0x00000000d3f00000, 0x00000000d3f00000| Complete 
| 320|0x00000000d4000000, 0x00000000d4100000, 0x00000000d4100000|100%| E|CS|TAMS 0x00000000d4000000, 0x00000000d4000000| Complete 
| 321|0x00000000d4100000, 0x00000000d4200000, 0x00000000d4200000|100%| E|CS|TAMS 0x00000000d4100000, 0x00000000d4100000| Complete 
| 322|0x00000000d4200000, 0x00000000d4300000, 0x00000000d4300000|100%| E|CS|TAMS 0x00000000d4200000, 0x00000000d4200000| Complete 
| 323|0x00000000d4300000, 0x00000000d4400000, 0x00000000d4400000|100%| E|CS|TAMS 0x00000000d4300000, 0x00000000d4300000| Complete 
| 324|0x00000000d4400000, 0x00000000d4500000, 0x00000000d4500000|100%| E|CS|TAMS 0x00000000d4400000, 0x00000000d4400000| Complete 

Card table byte_map: [0x0000019f38ac0000,0x0000019f38cc0000] _byte_map_base: 0x0000019f384c0000

Marking Bits (Prev, Next): (CMBitMap*) 0x0000019f21a9e410, (CMBitMap*) 0x0000019f21a9e450
 Prev Bits: [0x0000019f38ec0000, 0x0000019f39ec0000)
 Next Bits: [0x0000019f39ec0000, 0x0000019f3aec0000)

Polling page: 0x0000019f1f970000

Metaspace:

Usage:
  Non-class:     12.56 MB used.
      Class:      1.02 MB used.
       Both:     13.58 MB used.

Virtual space:
  Non-class space:       64.00 MB reserved,      12.69 MB ( 20%) committed,  1 nodes.
      Class space:        1.00 GB reserved,       1.12 MB ( <1%) committed,  1 nodes.
             Both:        1.06 GB reserved,      13.81 MB (  1%) committed. 

Chunk freelists:
   Non-Class:  2.67 MB
       Class:  14.87 MB
        Both:  17.54 MB

MaxMetaspaceSize: unlimited
CompressedClassSpaceSize: 1.00 GB
Initial GC threshold: 21.00 MB
Current GC threshold: 22.75 MB
CDS: on
MetaspaceReclaimPolicy: balanced
 - commit_granule_bytes: 65536.
 - commit_granule_words: 8192.
 - virtual_space_node_default_size: 8388608.
 - enlarge_chunks_in_place: 1.
 - new_chunks_are_fully_committed: 0.
 - uncommit_free_chunks: 1.
 - use_allocation_guard: 0.
 - handle_deallocations: 1.


Internal statistics:

num_allocs_failed_limit: 0.
num_arena_births: 114.
num_arena_deaths: 0.
num_vsnodes_births: 2.
num_vsnodes_deaths: 0.
num_space_committed: 217.
num_space_uncommitted: 0.
num_chunks_returned_to_freelist: 0.
num_chunks_taken_from_freelist: 416.
num_chunk_merges: 0.
num_chunk_splits: 313.
num_chunks_enlarged: 245.
num_inconsistent_stats: 0.

CodeHeap 'non-profiled nmethods': size=120000Kb used=1322Kb max_used=1322Kb free=118677Kb
 bounds [0x0000019f31060000, 0x0000019f312d0000, 0x0000019f38590000]
CodeHeap 'profiled nmethods': size=120000Kb used=3503Kb max_used=3503Kb free=116497Kb
 bounds [0x0000019f29590000, 0x0000019f29900000, 0x0000019f30ac0000]
CodeHeap 'non-nmethods': size=5760Kb used=1627Kb max_used=1687Kb free=4132Kb
 bounds [0x0000019f30ac0000, 0x0000019f30d30000, 0x0000019f31060000]
 total_blobs=2919 nmethods=1965 adapters=867
 compilation: enabled
              stopped_count=0, restarted_count=0
 full_count=0

Compilation events (20 events):
Event: 11.398 Thread 0x0000019f3d8caec0 1957       3       jogamp.newt.WindowImpl::getSurfaceWidth (7 bytes)
Event: 11.398 Thread 0x0000019f3d8caec0 nmethod 1957 0x0000019f298fa910 code [0x0000019f298faaa0, 0x0000019f298fabd8]
Event: 11.398 Thread 0x0000019f3d8caec0 1958       3       jogamp.newt.WindowImpl::getSurfaceHeight (7 bytes)
Event: 11.399 Thread 0x0000019f3d8caec0 nmethod 1958 0x0000019f298fac90 code [0x0000019f298fae20, 0x0000019f298faf58]
Event: 11.409 Thread 0x0000019f3d8caec0 1959       1       processing.opengl.PGL::presentMode (5 bytes)
Event: 11.409 Thread 0x0000019f3d8caec0 nmethod 1959 0x0000019f311a9a90 code [0x0000019f311a9c20, 0x0000019f311a9cf8]
Event: 11.429 Thread 0x0000019f3d8caec0 1960       1       com.jogamp.nativewindow.util.Point::getX (5 bytes)
Event: 11.429 Thread 0x0000019f3d8caec0 nmethod 1960 0x0000019f311a9d90 code [0x0000019f311a9f20, 0x0000019f311a9ff8]
Event: 11.429 Thread 0x0000019f3d8caec0 1961       1       com.jogamp.newt.event.MouseEvent::getButton (5 bytes)
Event: 11.429 Thread 0x0000019f3d8caec0 nmethod 1961 0x0000019f311aa090 code [0x0000019f311aa220, 0x0000019f311aa2f8]
Event: 11.429 Thread 0x0000019f3d8caec0 1962       1       com.jogamp.newt.event.MouseEvent::getClickCount (5 bytes)
Event: 11.429 Thread 0x0000019f3d8caec0 nmethod 1962 0x0000019f311aa390 code [0x0000019f311aa520, 0x0000019f311aa5f8]
Event: 11.429 Thread 0x0000019f3d8caec0 1963       1       com.jogamp.newt.event.MouseEvent$PointerType::getPointerClass (5 bytes)
Event: 11.430 Thread 0x0000019f3d8caec0 nmethod 1963 0x0000019f311aa690 code [0x0000019f311aa820, 0x0000019f311aa8f8]
Event: 11.460 Thread 0x0000019f3d8caec0 1964       3       com.jogamp.common.util.Bitfield$Util::bitCount (49 bytes)
Event: 11.461 Thread 0x0000019f3d8caec0 nmethod 1964 0x0000019f298fb010 code [0x0000019f298fb1a0, 0x0000019f298fb2d8]
Event: 11.557 Thread 0x0000019f3d8caec0 1965       3       jdk.internal.misc.Unsafe::getAndAddLong (27 bytes)
Event: 11.557 Thread 0x0000019f3d8caec0 nmethod 1965 0x0000019f298fb390 code [0x0000019f298fb540, 0x0000019f298fb788]
Event: 11.557 Thread 0x0000019f3d8caec0 1966       3       jdk.internal.misc.Unsafe::weakCompareAndSetLong (11 bytes)
Event: 11.557 Thread 0x0000019f3d8caec0 nmethod 1966 0x0000019f298fb890 code [0x0000019f298fba20, 0x0000019f298fbb58]

GC Heap History (20 events):
Event: 7.416 GC heap before
{Heap before GC invocations=30 (full 0):
 garbage-first heap   total 332800K, used 282333K [0x00000000c0000000, 0x0000000100000000)
  region size 1024K, 191 young (195584K), 4 survivors (4096K)
 Metaspace       used 13829K, committed 14080K, reserved 1114112K
  class space    used 1039K, committed 1152K, reserved 1048576K
}
Event: 7.419 GC heap after
{Heap after GC invocations=31 (full 0):
 garbage-first heap   total 332800K, used 91047K [0x00000000c0000000, 0x0000000100000000)
  region size 1024K, 4 young (4096K), 4 survivors (4096K)
 Metaspace       used 13829K, committed 14080K, reserved 1114112K
  class space    used 1039K, committed 1152K, reserved 1048576K
}
Event: 7.652 GC heap before
{Heap before GC invocations=31 (full 0):
 garbage-first heap   total 332800K, used 281511K [0x00000000c0000000, 0x0000000100000000)
  region size 1024K, 190 young (194560K), 4 survivors (4096K)
 Metaspace       used 13839K, committed 14080K, reserved 1114112K
  class space    used 1039K, committed 1152K, reserved 1048576K
}
Event: 7.655 GC heap after
{Heap after GC invocations=32 (full 0):
 garbage-first heap   total 332800K, used 90955K [0x00000000c0000000, 0x0000000100000000)
  region size 1024K, 4 young (4096K), 4 survivors (4096K)
 Metaspace       used 13839K, committed 14080K, reserved 1114112K
  class space    used 1039K, committed 1152K, reserved 1048576K
}
Event: 7.883 GC heap before
{Heap before GC invocations=32 (full 0):
 garbage-first heap   total 332800K, used 282443K [0x00000000c0000000, 0x0000000100000000)
  region size 1024K, 191 young (195584K), 4 survivors (4096K)
 Metaspace       used 13842K, committed 14080K, reserved 1114112K
  class space    used 1039K, committed 1152K, reserved 1048576K
}
Event: 7.885 GC heap after
{Heap after GC invocations=33 (full 0):
 garbage-first heap   total 332800K, used 90080K [0x00000000c0000000, 0x0000000100000000)
  region size 1024K, 3 young (3072K), 3 survivors (3072K)
 Metaspace       used 13842K, committed 14080K, reserved 1114112K
  class space    used 1039K, committed 1152K, reserved 1048576K
}
Event: 8.065 GC heap before
{Heap before GC invocations=33 (full 0):
 garbage-first heap   total 332800K, used 282592K [0x00000000c0000000, 0x0000000100000000)
  region size 1024K, 191 young (195584K), 3 survivors (3072K)
 Metaspace       used 13844K, committed 14080K, reserved 1114112K
  class space    used 1039K, committed 1152K, reserved 1048576K
}
Event: 8.069 GC heap after
{Heap after GC invocations=34 (full 0):
 garbage-first heap   total 332800K, used 91462K [0x00000000c0000000, 0x0000000100000000)
  region size 1024K, 4 young (4096K), 4 survivors (4096K)
 Metaspace       used 13844K, committed 14080K, reserved 1114112K
  class space    used 1039K, committed 1152K, reserved 1048576K
}
Event: 8.311 GC heap before
{Heap before GC invocations=34 (full 0):
 garbage-first heap   total 332800K, used 282950K [0x00000000c0000000, 0x0000000100000000)
  region size 1024K, 191 young (195584K), 4 survivors (4096K)
 Metaspace       used 13845K, committed 14080K, reserved 1114112K
  class space    used 1039K, committed 1152K, reserved 1048576K
}
Event: 8.316 GC heap after
{Heap after GC invocations=35 (full 0):
 garbage-first heap   total 332800K, used 91918K [0x00000000c0000000, 0x0000000100000000)
  region size 1024K, 5 young (5120K), 5 survivors (5120K)
 Metaspace       used 13845K, committed 14080K, reserved 1114112K
  class space    used 1039K, committed 1152K, reserved 1048576K
}
Event: 8.495 GC heap before
{Heap before GC invocations=35 (full 0):
 garbage-first heap   total 332800K, used 281358K [0x00000000c0000000, 0x0000000100000000)
  region size 1024K, 190 young (194560K), 5 survivors (5120K)
 Metaspace       used 13846K, committed 14080K, reserved 1114112K
  class space    used 1039K, committed 1152K, reserved 1048576K
}
Event: 8.498 GC heap after
{Heap after GC invocations=36 (full 0):
 garbage-first heap   total 332800K, used 90032K [0x00000000c0000000, 0x0000000100000000)
  region size 1024K, 3 young (3072K), 3 survivors (3072K)
 Metaspace       used 13846K, committed 14080K, reserved 1114112K
  class space    used 1039K, committed 1152K, reserved 1048576K
}
Event: 8.718 GC heap before
{Heap before GC invocations=36 (full 0):
 garbage-first heap   total 332800K, used 282544K [0x00000000c0000000, 0x0000000100000000)
  region size 1024K, 191 young (195584K), 3 survivors (3072K)
 Metaspace       used 13848K, committed 14080K, reserved 1114112K
  class space    used 1039K, committed 1152K, reserved 1048576K
}
Event: 8.720 GC heap after
{Heap after GC invocations=37 (full 0):
 garbage-first heap   total 332800K, used 90273K [0x00000000c0000000, 0x0000000100000000)
  region size 1024K, 3 young (3072K), 3 survivors (3072K)
 Metaspace       used 13848K, committed 14080K, reserved 1114112K
  class space    used 1039K, committed 1152K, reserved 1048576K
}
Event: 8.962 GC heap before
{Heap before GC invocations=37 (full 0):
 garbage-first heap   total 332800K, used 282785K [0x00000000c0000000, 0x0000000100000000)
  region size 1024K, 191 young (195584K), 3 survivors (3072K)
 Metaspace       used 13849K, committed 14080K, reserved 1114112K
  class space    used 1039K, committed 1152K, reserved 1048576K
}
Event: 8.966 GC heap after
{Heap after GC invocations=38 (full 0):
 garbage-first heap   total 332800K, used 91462K [0x00000000c0000000, 0x0000000100000000)
  region size 1024K, 4 young (4096K), 4 survivors (4096K)
 Metaspace       used 13849K, committed 14080K, reserved 1114112K
  class space    used 1039K, committed 1152K, reserved 1048576K
}
Event: 9.146 GC heap before
{Heap before GC invocations=38 (full 0):
 garbage-first heap   total 332800K, used 282950K [0x00000000c0000000, 0x0000000100000000)
  region size 1024K, 191 young (195584K), 4 survivors (4096K)
 Metaspace       used 13849K, committed 14080K, reserved 1114112K
  class space    used 1039K, committed 1152K, reserved 1048576K
}
Event: 9.147 GC heap after
{Heap after GC invocations=39 (full 0):
 garbage-first heap   total 332800K, used 90438K [0x00000000c0000000, 0x0000000100000000)
  region size 1024K, 3 young (3072K), 3 survivors (3072K)
 Metaspace       used 13849K, committed 14080K, reserved 1114112K
  class space    used 1039K, committed 1152K, reserved 1048576K
}
Event: 9.403 GC heap before
{Heap before GC invocations=39 (full 0):
 garbage-first heap   total 332800K, used 282950K [0x00000000c0000000, 0x0000000100000000)
  region size 1024K, 191 young (195584K), 3 survivors (3072K)
 Metaspace       used 13849K, committed 14080K, reserved 1114112K
  class space    used 1039K, committed 1152K, reserved 1048576K
}
Event: 9.405 GC heap after
{Heap after GC invocations=40 (full 0):
 garbage-first heap   total 332800K, used 90360K [0x00000000c0000000, 0x0000000100000000)
  region size 1024K, 3 young (3072K), 3 survivors (3072K)
 Metaspace       used 13849K, committed 14080K, reserved 1114112K
  class space    used 1039K, committed 1152K, reserved 1048576K
}

Dll operation events (15 events):
Event: 0.014 Loaded shared library C:\Program Files\Processing\app\resources\jdk-17.0.14+7\bin\java.dll
Event: 0.036 Loaded shared library C:\Program Files\Processing\app\resources\jdk-17.0.14+7\bin\jsvml.dll
Event: 0.198 Loaded shared library C:\Program Files\Processing\app\resources\jdk-17.0.14+7\bin\net.dll
Event: 0.199 Loaded shared library C:\Program Files\Processing\app\resources\jdk-17.0.14+7\bin\nio.dll
Event: 0.203 Loaded shared library C:\Program Files\Processing\app\resources\jdk-17.0.14+7\bin\zip.dll
Event: 0.263 Loaded shared library C:\Program Files\Processing\app\resources\jdk-17.0.14+7\bin\jimage.dll
Event: 0.267 Loaded shared library C:\Program Files\Processing\app\resources\jdk-17.0.14+7\bin\awt.dll
Event: 0.724 Loaded shared library C:\Users\danil\AppData\Local\Temp\jogamp_0000\file_cache\jln8152456236892793170\jln16839726247729547307\natives\windows-amd64\gluegen_rt.dll
Event: 0.734 Loaded shared library C:\Program Files\Processing\app\resources\jdk-17.0.14+7\bin\jawt.dll
Event: 0.749 Loaded shared library C:\Users\danil\AppData\Local\Temp\jogamp_0000\file_cache\jln8152456236892793170\jln16839726247729547307\natives\windows-amd64\nativewindow_awt.dll
Event: 0.788 Loaded shared library C:\Users\danil\AppData\Local\Temp\jogamp_0000\file_cache\jln8152456236892793170\jln16839726247729547307\natives\windows-amd64\nativewindow_win32.dll
Event: 0.919 Loaded shared library C:\Users\danil\AppData\Local\Temp\jogamp_0000\file_cache\jln8152456236892793170\jln16839726247729547307\natives\windows-amd64\jogl_desktop.dll
Event: 1.333 Loaded shared library C:\Users\danil\AppData\Local\Temp\jogamp_0000\file_cache\jln8152456236892793170\jln16839726247729547307\natives\windows-amd64\jogl_mobile.dll
Event: 2.312 Loaded shared library C:\Users\danil\AppData\Local\Temp\jogamp_0000\file_cache\jln8152456236892793170\jln16839726247729547307\natives\windows-amd64\newt_head.dll
Event: 2.486 Loaded shared library C:\Program Files\Processing\app\resources\jdk-17.0.14+7\bin\jsound.dll

Deoptimization events (20 events):
Event: 5.230 Thread 0x0000019f05214dd0 DEOPT PACKING pc=0x0000019f298b9c85 sp=0x00000088ce9ff0f0
Event: 5.230 Thread 0x0000019f05214dd0 DEOPT UNPACKING pc=0x0000019f30b1ace3 sp=0x00000088ce9fe580 mode 0
Event: 9.511 Thread 0x0000019f05214dd0 DEOPT PACKING pc=0x0000019f3119c434 sp=0x00000088ce9ff0c0
Event: 9.511 Thread 0x0000019f05214dd0 DEOPT UNPACKING pc=0x0000019f30b1ace3 sp=0x00000088ce9fe4d0 mode 1
Event: 11.512 Thread 0x0000019f7f72b200 Uncommon trap: trap_request=0xffffff45 fr.pc=0x0000019f31196468 relative=0x0000000000000068
Event: 11.512 Thread 0x0000019f7f72b200 Uncommon trap: reason=unstable_if action=reinterpret pc=0x0000019f31196468 method=java.util.ArrayList.clear()V @ 29 c2
Event: 11.512 Thread 0x0000019f7f72b200 DEOPT PACKING pc=0x0000019f31196468 sp=0x00000088ce4fe5a0
Event: 11.512 Thread 0x0000019f7f72b200 DEOPT UNPACKING pc=0x0000019f30b1a1a3 sp=0x00000088ce4fe520 mode 2
Event: 11.536 Thread 0x0000019f7f641040 Uncommon trap: trap_request=0xffffff45 fr.pc=0x0000019f31103868 relative=0x00000000000001e8
Event: 11.536 Thread 0x0000019f7f641040 Uncommon trap: reason=unstable_if action=reinterpret pc=0x0000019f31103868 method=java.util.HashMap$HashIterator.<init>(Ljava/util/HashMap;)V @ 38 c2
Event: 11.536 Thread 0x0000019f7f641040 DEOPT PACKING pc=0x0000019f31103868 sp=0x00000088cd6fef00
Event: 11.536 Thread 0x0000019f7f641040 DEOPT UNPACKING pc=0x0000019f30b1a1a3 sp=0x00000088cd6feea8 mode 2
Event: 11.550 Thread 0x0000019f7f641040 Uncommon trap: trap_request=0xffffff45 fr.pc=0x0000019f311a86f0 relative=0x00000000000000f0
Event: 11.550 Thread 0x0000019f7f641040 Uncommon trap: reason=unstable_if action=reinterpret pc=0x0000019f311a86f0 method=com.jogamp.common.util.IntIntHashMap.put(II)I @ 21 c2
Event: 11.550 Thread 0x0000019f7f641040 DEOPT PACKING pc=0x0000019f311a86f0 sp=0x00000088cd6fec80
Event: 11.550 Thread 0x0000019f7f641040 DEOPT UNPACKING pc=0x0000019f30b1a1a3 sp=0x00000088cd6febe8 mode 2
Event: 11.551 Thread 0x0000019f7f641040 Uncommon trap: trap_request=0xffffff45 fr.pc=0x0000019f31128e00 relative=0x00000000000000e0
Event: 11.551 Thread 0x0000019f7f641040 Uncommon trap: reason=unstable_if action=reinterpret pc=0x0000019f31128e00 method=java.lang.ThreadLocal$ThreadLocalMap.getEntry(Ljava/lang/ThreadLocal;)Ljava/lang/ThreadLocal$ThreadLocalMap$Entry; @ 21 c2
Event: 11.551 Thread 0x0000019f7f641040 DEOPT PACKING pc=0x0000019f31128e00 sp=0x00000088cd6fefc0
Event: 11.551 Thread 0x0000019f7f641040 DEOPT UNPACKING pc=0x0000019f30b1a1a3 sp=0x00000088cd6fef60 mode 2

Classes loaded (20 events):
Event: 2.846 Loading class java/util/LinkedHashMap$LinkedValueIterator
Event: 2.846 Loading class java/util/LinkedHashMap$LinkedValueIterator done
Event: 2.869 Loading class java/util/ArrayList$ListItr
Event: 2.869 Loading class java/util/ArrayList$ListItr done
Event: 3.086 Loading class sun/nio/cs/StreamDecoder
Event: 3.087 Loading class sun/nio/cs/StreamDecoder done
Event: 3.087 Loading class java/util/regex/Pattern$LookBehindEndNode
Event: 3.087 Loading class java/util/regex/Pattern$LookBehindEndNode done
Event: 3.087 Loading class java/util/regex/Pattern$NotBehind
Event: 3.087 Loading class java/util/regex/Pattern$NotBehind done
Event: 3.087 Loading class java/util/regex/Pattern$Neg
Event: 3.087 Loading class java/util/regex/Pattern$Neg done
Event: 3.087 Loading class java/util/regex/Pattern$Pos
Event: 3.087 Loading class java/util/regex/Pattern$Pos done
Event: 3.097 Loading class java/util/regex/Pattern$SliceS
Event: 3.098 Loading class java/util/regex/Pattern$SliceS done
Event: 9.510 Loading class java/util/concurrent/ConcurrentLinkedQueue$Itr
Event: 9.510 Loading class java/util/concurrent/ConcurrentLinkedQueue$Itr done
Event: 11.514 Loading class java/nio/channels/ClosedChannelException
Event: 11.514 Loading class java/nio/channels/ClosedChannelException done

Classes unloaded (0 events):
No events

Classes redefined (0 events):
No events

Internal exceptions (20 events):
Event: 0.278 Thread 0x0000019f21a5d590 Exception <a 'java/io/FileNotFoundException'{0x00000000c3b6c448}> (0x00000000c3b6c448) 
thrown [s\src\hotspot\share\prims\jni.cpp, line 516]
Event: 0.286 Thread 0x0000019f21a5d590 Exception <a 'java/io/FileNotFoundException'{0x00000000c3b998d0}> (0x00000000c3b998d0) 
thrown [s\src\hotspot\share\prims\jni.cpp, line 516]
Event: 0.341 Thread 0x0000019f21a5d590 Exception <a 'java/lang/NoSuchMethodError'{0x00000000c3a7b2f0}: 'java.lang.Object java.lang.invoke.DirectMethodHandle$Holder.invokeStaticInit(java.lang.Object)'> (0x00000000c3a7b2f0) 
thrown [s\src\hotspot\share\interpreter\linkResolver.cpp, line 759]
Event: 0.480 Thread 0x0000019f21a5d590 Exception <a 'java/lang/NoSuchMethodError'{0x00000000c3659c50}: 'java.lang.Object java.lang.invoke.DirectMethodHandle$Holder.invokeStaticInit(java.lang.Object, int, int, int, int)'> (0x00000000c3659c50) 
thrown [s\src\hotspot\share\interpreter\linkResolver.cpp, line 759]
Event: 0.532 Thread 0x0000019f21a5d590 Exception <a 'java/lang/NoSuchMethodError'{0x00000000c3543bb0}: 'java.lang.Object java.lang.invoke.DirectMethodHandle$Holder.invokeStaticInit(java.lang.Object, java.lang.Object, int, int, int, int)'> (0x00000000c3543bb0) 
thrown [s\src\hotspot\share\interpreter\linkResolver.cpp, line 759]
Event: 0.571 Thread 0x0000019f21a5d590 Exception <a 'java/lang/NoSuchMethodError'{0x00000000c354f308}: 'void java.lang.invoke.DirectMethodHandle$Holder.invokeStatic(java.lang.Object, long)'> (0x00000000c354f308) 
thrown [s\src\hotspot\share\interpreter\linkResolver.cpp, line 759]
Event: 0.572 Thread 0x0000019f21a5d590 Exception <a 'java/lang/NoSuchMethodError'{0x00000000c35548e8}: 'java.lang.Object java.lang.invoke.DirectMethodHandle$Holder.newInvokeSpecial(java.lang.Object, long)'> (0x00000000c35548e8) 
thrown [s\src\hotspot\share\interpreter\linkResolver.cpp, line 759]
Event: 0.574 Thread 0x0000019f21a5d590 Exception <a 'java/lang/NoSuchMethodError'{0x00000000c355f100}: 'java.lang.Object java.lang.invoke.DirectMethodHandle$Holder.invokeStaticInit(java.lang.Object, java.lang.Object, long, java.lang.Object)'> (0x00000000c355f100) 
thrown [s\src\hotspot\share\interpreter\linkResolver.cpp, line 759]
Event: 0.575 Thread 0x0000019f21a5d590 Exception <a 'java/lang/NoSuchMethodError'{0x00000000c35656c0}: 'java.lang.Object java.lang.invoke.DirectMethodHandle$Holder.newInvokeSpecial(java.lang.Object, java.lang.Object, long)'> (0x00000000c35656c0) 
thrown [s\src\hotspot\share\interpreter\linkResolver.cpp, line 759]
Event: 0.575 Thread 0x0000019f21a5d590 Exception <a 'java/lang/NoSuchMethodError'{0x00000000c3569230}: 'java.lang.Object java.lang.invoke.Invokers$Holder.linkToTargetMethod(java.lang.Object, long, java.lang.Object)'> (0x00000000c3569230) 
thrown [s\src\hotspot\share\interpreter\linkResolver.cpp, line 759]
Event: 0.763 Thread 0x0000019f21a5d590 Exception <a 'java/lang/NoSuchMethodError'{0x00000000c3475360}: 'java.lang.Object java.lang.invoke.DirectMethodHandle$Holder.invokeInterface(java.lang.Object, java.lang.Object)'> (0x00000000c3475360) 
thrown [s\src\hotspot\share\interpreter\linkResolver.cpp, line 759]
Event: 0.764 Thread 0x0000019f21a5d590 Exception <a 'java/lang/IncompatibleClassChangeError'{0x00000000c3478c80}: Found class java.lang.Object, but interface was expected> (0x00000000c3478c80) 
thrown [s\src\hotspot\share\interpreter\linkResolver.cpp, line 826]
Event: 2.406 Thread 0x0000019f21a5d590 Exception <a 'java/lang/NoSuchMethodError'{0x00000000c3349f90}: 'void java.lang.invoke.DirectMethodHandle$Holder.invokeSpecial(java.lang.Object, java.lang.Object, java.lang.Object, java.lang.Object, java.lang.Object)'> (0x00000000c3349f90) 
thrown [s\src\hotspot\share\interpreter\linkResolver.cpp, line 759]
Event: 2.407 Thread 0x0000019f21a5d590 Exception <a 'java/lang/NoSuchMethodError'{0x00000000c3352f50}: 'void java.lang.invoke.DirectMethodHandle$Holder.invokeSpecial(java.lang.Object, java.lang.Object, java.lang.Object)'> (0x00000000c3352f50) 
thrown [s\src\hotspot\share\interpreter\linkResolver.cpp, line 759]
Event: 2.408 Thread 0x0000019f21a5d590 Exception <a 'java/lang/NoSuchMethodError'{0x00000000c3359280}: 'void java.lang.invoke.DirectMethodHandle$Holder.invokeSpecial(java.lang.Object, java.lang.Object, int)'> (0x00000000c3359280) 
thrown [s\src\hotspot\share\interpreter\linkResolver.cpp, line 759]
Event: 2.409 Thread 0x0000019f21a5d590 Exception <a 'java/lang/NoSuchMethodError'{0x00000000c335f298}: 'java.lang.Object java.lang.invoke.DirectMethodHandle$Holder.newInvokeSpecial(java.lang.Object, java.lang.Object, int)'> (0x00000000c335f298) 
thrown [s\src\hotspot\share\interpreter\linkResolver.cpp, line 759]
Event: 9.510 Thread 0x0000019f7f72ad20 Exception <a 'java/lang/InterruptedException'{0x00000000ce100000}> (0x00000000ce100000) 
thrown [s\src\hotspot\share\runtime\objectMonitor.cpp, line 1658]
Event: 9.511 Thread 0x0000019f05214dd0 Exception <a 'java/lang/InterruptedException'{0x00000000ce2b3c90}> (0x00000000ce2b3c90) 
thrown [s\src\hotspot\share\runtime\objectMonitor.cpp, line 1658]
Event: 11.550 Thread 0x0000019f7f641040 Implicit null exception at 0x0000019f311a8644 to 0x0000019f311a86cc
Event: 11.551 Thread 0x0000019f7f641040 Implicit null exception at 0x0000019f31128d6c to 0x0000019f31128de8

VM Operations (20 events):
Event: 7.419 Executing VM operation: G1CollectForAllocation done
Event: 7.651 Executing VM operation: G1CollectForAllocation
Event: 7.655 Executing VM operation: G1CollectForAllocation done
Event: 7.883 Executing VM operation: G1CollectForAllocation
Event: 7.885 Executing VM operation: G1CollectForAllocation done
Event: 8.065 Executing VM operation: G1CollectForAllocation
Event: 8.069 Executing VM operation: G1CollectForAllocation done
Event: 8.311 Executing VM operation: G1CollectForAllocation
Event: 8.316 Executing VM operation: G1CollectForAllocation done
Event: 8.495 Executing VM operation: G1CollectForAllocation
Event: 8.498 Executing VM operation: G1CollectForAllocation done
Event: 8.718 Executing VM operation: G1CollectForAllocation
Event: 8.720 Executing VM operation: G1CollectForAllocation done
Event: 8.962 Executing VM operation: G1CollectForAllocation
Event: 8.966 Executing VM operation: G1CollectForAllocation done
Event: 9.146 Executing VM operation: G1CollectForAllocation
Event: 9.147 Executing VM operation: G1CollectForAllocation done
Event: 9.403 Executing VM operation: G1CollectForAllocation
Event: 9.405 Executing VM operation: G1CollectForAllocation done
Event: 11.616 Executing VM operation: Exit

Memory protections (0 events):
No events

Nmethod flushes (0 events):
No events

Events (20 events):
Event: 2.786 Thread 0x0000019f7f72b200 Thread added: 0x0000019f12926690
Event: 3.229 Thread 0x0000019f05211300 Thread exited: 0x0000019f05211300
Event: 3.839 Thread 0x0000019f1269c310 Thread exited: 0x0000019f1269c310
Event: 9.511 Thread 0x0000019f7f72ad20 Thread exited: 0x0000019f7f72ad20
Event: 10.827 Thread 0x0000019f3de0bf50 Thread added: 0x0000019f12925c70
Event: 11.512 Thread 0x0000019f7f72b200 Thread added: 0x0000019f12923e10
Event: 11.512 Thread 0x0000019f7f72b200 Thread added: 0x0000019f12924320
Event: 11.513 Thread 0x0000019f7f72b200 Thread added: 0x0000019f12924d40
Event: 11.513 Thread 0x0000019f7f72b200 Thread added: 0x0000019f12925250
Event: 11.513 Thread 0x0000019f12923e10 Thread exited: 0x0000019f12923e10
Event: 11.514 Thread 0x0000019f3de0bf50 Thread exited: 0x0000019f3de0bf50
Event: 11.515 Thread 0x0000019f12924d40 Thread exited: 0x0000019f12924d40
Event: 11.515 Thread 0x0000019f0527d450 Thread exited: 0x0000019f0527d450
Event: 11.552 Thread 0x0000019f7f641040 Thread exited: 0x0000019f7f641040
Event: 11.557 Thread 0x0000019f12925250 Thread exited: 0x0000019f12925250
Event: 11.615 Thread 0x0000019f12924320 Thread exited: 0x0000019f12924320
Event: 11.615 Thread 0x0000019f7f72b200 Before exit entered
Event: 11.615 Thread 0x0000019f3db53230 Thread exited: 0x0000019f3db53230
Event: 11.616 Thread 0x0000019f3db46d00 Thread exited: 0x0000019f3db46d00
Event: 11.616 Thread 0x0000019f3d8bde50 Thread exited: 0x0000019f3d8bde50


Dynamic libraries:
0x00007ff705240000 - 0x00007ff70524e000 	C:\Program Files\Processing\app\resources\jdk-17.0.14+7\bin\java.exe
0x00007ffe8d7a0000 - 0x00007ffe8da07000 	C:\WINDOWS\SYSTEM32\ntdll.dll
0x00007ffe8bad0000 - 0x00007ffe8bb99000 	C:\WINDOWS\System32\KERNEL32.DLL
0x00007ffe8afe0000 - 0x00007ffe8b3d7000 	C:\WINDOWS\System32\KERNELBASE.dll
0x00007ffe8ac60000 - 0x00007ffe8adab000 	C:\WINDOWS\System32\ucrtbase.dll
0x00007ffe879c0000 - 0x00007ffe879de000 	C:\Program Files\Processing\app\resources\jdk-17.0.14+7\bin\VCRUNTIME140.dll
0x00007ffe878f0000 - 0x00007ffe87907000 	C:\Program Files\Processing\app\resources\jdk-17.0.14+7\bin\jli.dll
0x00007ffe8b720000 - 0x00007ffe8b8e6000 	C:\WINDOWS\System32\USER32.dll
0x00007ffe8a290000 - 0x00007ffe8a2b7000 	C:\WINDOWS\System32\win32u.dll
0x00007ffe73250000 - 0x00007ffe734e2000 	C:\WINDOWS\WinSxS\amd64_microsoft.windows.common-controls_6595b64144ccf1df_6.0.26100.8457_none_3e0b2faee331e92d\COMCTL32.dll
0x00007ffe8d080000 - 0x00007ffe8d0ab000 	C:\WINDOWS\System32\GDI32.dll
0x00007ffe8b960000 - 0x00007ffe8ba09000 	C:\WINDOWS\System32\msvcrt.dll
0x00007ffe8a2c0000 - 0x00007ffe8a3ec000 	C:\WINDOWS\System32\gdi32full.dll
0x00007ffe8b470000 - 0x00007ffe8b513000 	C:\WINDOWS\System32\msvcp_win.dll
0x00007ffe8d720000 - 0x00007ffe8d752000 	C:\WINDOWS\System32\IMM32.DLL
0x00007ffe85b30000 - 0x00007ffe85b3c000 	C:\Program Files\Processing\app\resources\jdk-17.0.14+7\bin\vcruntime140_1.dll
0x00007ffe5e660000 - 0x00007ffe5e6ed000 	C:\Program Files\Processing\app\resources\jdk-17.0.14+7\bin\msvcp140.dll
0x00007ffdf50b0000 - 0x00007ffdf5d1b000 	C:\Program Files\Processing\app\resources\jdk-17.0.14+7\bin\server\jvm.dll
0x00007ffe8ba10000 - 0x00007ffe8bac6000 	C:\WINDOWS\System32\ADVAPI32.dll
0x00007ffe8d0f0000 - 0x00007ffe8d197000 	C:\WINDOWS\System32\sechost.dll
0x00007ffe8b520000 - 0x00007ffe8b638000 	C:\WINDOWS\System32\RPCRT4.dll
0x00007ffe8b640000 - 0x00007ffe8b6c0000 	C:\WINDOWS\System32\WS2_32.dll
0x00007ffe8a030000 - 0x00007ffe8a08e000 	C:\WINDOWS\SYSTEM32\POWRPROF.dll
0x00007ffe73640000 - 0x00007ffe73676000 	C:\WINDOWS\SYSTEM32\WINMM.dll
0x00007ffe810b0000 - 0x00007ffe810bb000 	C:\WINDOWS\SYSTEM32\VERSION.dll
0x00007ffe8a010000 - 0x00007ffe8a024000 	C:\WINDOWS\SYSTEM32\UMPDC.dll
0x00007ffe88f60000 - 0x00007ffe88f7b000 	C:\WINDOWS\SYSTEM32\kernel.appcore.dll
0x00007ffe85b20000 - 0x00007ffe85b2a000 	C:\Program Files\Processing\app\resources\jdk-17.0.14+7\bin\jimage.dll
0x00007ffe74060000 - 0x00007ffe742a2000 	C:\WINDOWS\SYSTEM32\DBGHELP.DLL
0x00007ffe8d390000 - 0x00007ffe8d713000 	C:\WINDOWS\System32\combase.dll
0x00007ffe8c8d0000 - 0x00007ffe8c9a9000 	C:\WINDOWS\System32\OLEAUT32.dll
0x00007ffe7b860000 - 0x00007ffe7b89b000 	C:\WINDOWS\SYSTEM32\dbgcore.DLL
0x00007ffe8adb0000 - 0x00007ffe8ae58000 	C:\WINDOWS\System32\bcryptPrimitives.dll
0x00007ffe85ae0000 - 0x00007ffe85b1b000 	C:\Program Files\Processing\app\resources\jdk-17.0.14+7\bin\jdwp.dll
0x00007ffe7c0a0000 - 0x00007ffe7c0c5000 	C:\Program Files\Processing\app\resources\jdk-17.0.14+7\bin\java.dll
0x00007ffe5dfc0000 - 0x00007ffe5e097000 	C:\Program Files\Processing\app\resources\jdk-17.0.14+7\bin\jsvml.dll
0x00007ffe8bca0000 - 0x00007ffe8c40e000 	C:\WINDOWS\System32\SHELL32.dll
0x00007ffe8a3f0000 - 0x00007ffe8ac5c000 	C:\WINDOWS\System32\windows.storage.dll
0x00007ffe8bba0000 - 0x00007ffe8bc96000 	C:\WINDOWS\System32\SHCORE.dll
0x00007ffe8b8f0000 - 0x00007ffe8b956000 	C:\WINDOWS\System32\shlwapi.dll
0x00007ffe8a0f0000 - 0x00007ffe8a119000 	C:\WINDOWS\SYSTEM32\profapi.dll
0x00007ffe85ad0000 - 0x00007ffe85adc000 	C:\Program Files\Processing\app\resources\jdk-17.0.14+7\bin\dt_socket.dll
0x00007ffe889a0000 - 0x00007ffe889d2000 	C:\WINDOWS\SYSTEM32\IPHLPAPI.DLL
0x00007ffe894d0000 - 0x00007ffe8953c000 	C:\WINDOWS\system32\mswsock.dll
0x00007ffe85a90000 - 0x00007ffe85aa9000 	C:\Program Files\Processing\app\resources\jdk-17.0.14+7\bin\net.dll
0x00007ffe843f0000 - 0x00007ffe84519000 	C:\WINDOWS\SYSTEM32\WINHTTP.dll
0x00007ffe85860000 - 0x00007ffe85876000 	C:\Program Files\Processing\app\resources\jdk-17.0.14+7\bin\nio.dll
0x00007ffe80870000 - 0x00007ffe80888000 	C:\Program Files\Processing\app\resources\jdk-17.0.14+7\bin\zip.dll
0x00007ffe5b4f0000 - 0x00007ffe5b680000 	C:\Program Files\Processing\app\resources\jdk-17.0.14+7\bin\awt.dll
0x00007ffe87a00000 - 0x00007ffe87aa0000 	C:\WINDOWS\SYSTEM32\apphelp.dll
0x00007ffe87d80000 - 0x00007ffe87e2a000 	C:\WINDOWS\system32\uxtheme.dll
0x00007ffe8d1a0000 - 0x00007ffe8d2fc000 	C:\WINDOWS\System32\MSCTF.dll
0x00007ffe8c430000 - 0x00007ffe8c5c7000 	C:\WINDOWS\System32\ole32.dll
0x00007ffe87f20000 - 0x00007ffe87f4f000 	C:\WINDOWS\system32\DWMAPI.DLL
0x00007ffe40100000 - 0x00007ffe4020f000 	C:\WINDOWS\system32\opengl32.dll
0x00007ffe429d0000 - 0x00007ffe429fd000 	C:\WINDOWS\SYSTEM32\GLU32.dll
0x00007ffe87eb0000 - 0x00007ffe87ef5000 	C:\WINDOWS\SYSTEM32\dxcore.dll
0x00007ffe897b0000 - 0x00007ffe897cb000 	C:\WINDOWS\SYSTEM32\CRYPTSP.dll
0x00007ffe88ec0000 - 0x00007ffe88ef9000 	C:\WINDOWS\system32\rsaenh.dll
0x00007ffe89580000 - 0x00007ffe895b3000 	C:\WINDOWS\SYSTEM32\USERENV.dll
0x00007ffe8a0c0000 - 0x00007ffe8a0ea000 	C:\WINDOWS\SYSTEM32\bcrypt.dll
0x00007ffe897d0000 - 0x00007ffe897dc000 	C:\WINDOWS\SYSTEM32\CRYPTBASE.dll
0x00007ffe8c8c0000 - 0x00007ffe8c8ca000 	C:\WINDOWS\System32\NSI.dll
0x00007ffe84550000 - 0x00007ffe8456d000 	C:\WINDOWS\SYSTEM32\dhcpcsvc6.DLL
0x00007ffe84520000 - 0x00007ffe84545000 	C:\WINDOWS\SYSTEM32\dhcpcsvc.DLL
0x00007ffe88a40000 - 0x00007ffe88b72000 	C:\WINDOWS\SYSTEM32\DNSAPI.dll
0x00007ffe7cf50000 - 0x00007ffe7cf63000 	C:\Users\danil\AppData\Local\Temp\jogamp_0000\file_cache\jln8152456236892793170\jln16839726247729547307\natives\windows-amd64\gluegen_rt.dll
0x00007ffe7c090000 - 0x00007ffe7c097000 	C:\Program Files\Processing\app\resources\jdk-17.0.14+7\bin\jawt.dll
0x00007ffe7bf70000 - 0x00007ffe7bf7d000 	C:\Users\danil\AppData\Local\Temp\jogamp_0000\file_cache\jln8152456236892793170\jln16839726247729547307\natives\windows-amd64\nativewindow_awt.dll
0x00007ffe7bf50000 - 0x00007ffe7bf65000 	C:\Users\danil\AppData\Local\Temp\jogamp_0000\file_cache\jln8152456236892793170\jln16839726247729547307\natives\windows-amd64\nativewindow_win32.dll
0x00007ffe5e5d0000 - 0x00007ffe5e653000 	C:\Users\danil\AppData\Local\Temp\jogamp_0000\file_cache\jln8152456236892793170\jln16839726247729547307\natives\windows-amd64\jogl_desktop.dll
0x00007ffe7a300000 - 0x00007ffe7a352000 	C:\Users\danil\AppData\Local\Temp\jogamp_0000\file_cache\jln8152456236892793170\jln16839726247729547307\natives\windows-amd64\jogl_mobile.dll
0x00007ffe841f0000 - 0x00007ffe84251000 	C:\WINDOWS\SYSTEM32\directxdatabasehelper.dll
0x00007ffe7b700000 - 0x00007ffe7b71d000 	C:\WINDOWS\SYSTEM32\windows.staterepositorycore.dll
0x00007ffdf33d0000 - 0x00007ffdf43a3000 	C:\WINDOWS\System32\DriverStore\FileRepository\iigd_dch.inf_amd64_225f37aa3862fc3f\igxelpicd64.dll
0x00007ffe87bd0000 - 0x00007ffe87d0e000 	C:\WINDOWS\system32\dxgi.dll
0x00007ffe4c1a0000 - 0x00007ffe4c627000 	C:\WINDOWS\System32\DriverStore\FileRepository\iigd_dch.inf_amd64_225f37aa3862fc3f\igdml64.dll
0x00007ffe89d40000 - 0x00007ffe89d91000 	C:\WINDOWS\SYSTEM32\cfgmgr32.dll
0x00007ffe80b00000 - 0x00007ffe80ec1000 	C:\WINDOWS\System32\DriverStore\FileRepository\iigd_dch.inf_amd64_225f37aa3862fc3f\igdgmm64.dll
0x00007ffe7d5d0000 - 0x00007ffe807d6000 	C:\WINDOWS\System32\DriverStore\FileRepository\iigd_dch.inf_amd64_225f37aa3862fc3f\igc64.dll
0x00007ffe7bf30000 - 0x00007ffe7bf49000 	C:\Users\danil\AppData\Local\Temp\jogamp_0000\file_cache\jln8152456236892793170\jln16839726247729547307\natives\windows-amd64\newt_head.dll
0x00007ffe5e8e0000 - 0x00007ffe5e99f000 	C:\WINDOWS\SYSTEM32\mscms.dll
0x00007ffe1cd10000 - 0x00007ffe1cd59000 	C:\WINDOWS\SYSTEM32\icm32.dll
0x00007ffe8cbf0000 - 0x00007ffe8d077000 	C:\WINDOWS\System32\setupapi.dll
0x00007ffe89d10000 - 0x00007ffe89d3d000 	C:\WINDOWS\SYSTEM32\DEVOBJ.dll
0x00007ffe8b3e0000 - 0x00007ffe8b462000 	C:\WINDOWS\System32\WINTRUST.dll
0x00007ffe8ae60000 - 0x00007ffe8afd8000 	C:\WINDOWS\System32\CRYPT32.dll
0x00007ffe898e0000 - 0x00007ffe898f3000 	C:\WINDOWS\SYSTEM32\MSASN1.dll
0x00007ffe580f0000 - 0x00007ffe58236000 	C:\WINDOWS\SYSTEM32\textinputframework.dll
0x00007ffe87560000 - 0x00007ffe87687000 	C:\WINDOWS\SYSTEM32\CoreMessaging.dll
0x00007ffe83270000 - 0x00007ffe83552000 	C:\WINDOWS\SYSTEM32\CoreUIComponents.dll
0x00007ffe84e00000 - 0x00007ffe84f6a000 	C:\WINDOWS\SYSTEM32\wintypes.dll
0x00007ffe7b7e0000 - 0x00007ffe7b7f2000 	C:\Program Files\Processing\app\resources\jdk-17.0.14+7\bin\jsound.dll
0x00007ffe5df20000 - 0x00007ffe5dfb4000 	C:\WINDOWS\SYSTEM32\DSOUND.dll
0x00007ffe5afc0000 - 0x00007ffe5b071000 	C:\WINDOWS\SYSTEM32\ResampleDmo.DLL
0x00007ffe6c190000 - 0x00007ffe6c1c7000 	C:\WINDOWS\SYSTEM32\winmmbase.dll
0x00007ffdcaae0000 - 0x00007ffdcaaee000 	C:\WINDOWS\SYSTEM32\msdmo.dll
0x00007ffe8c9b0000 - 0x00007ffe8ca5e000 	C:\WINDOWS\System32\clbcatq.dll
0x00007ffe80f70000 - 0x00007ffe81009000 	C:\WINDOWS\System32\MMDevApi.dll
0x00007ffe6b5b0000 - 0x00007ffe6b5f7000 	C:\WINDOWS\SYSTEM32\wdmaud.drv
0x00007ffe79240000 - 0x00007ffe79263000 	C:\WINDOWS\SYSTEM32\wdmaud2.drv
0x00007ffe83820000 - 0x00007ffe8382b000 	C:\WINDOWS\SYSTEM32\AVRT.dll
0x00007ffe68030000 - 0x00007ffe681e3000 	C:\WINDOWS\SYSTEM32\AUDIOSES.DLL
0x00007ffe7b7c0000 - 0x00007ffe7b7cf000 	C:\WINDOWS\SYSTEM32\msacm32.drv
0x00007ffe6c160000 - 0x00007ffe6c181000 	C:\WINDOWS\SYSTEM32\MSACM32.dll
0x00007ffe7be20000 - 0x00007ffe7be2c000 	C:\WINDOWS\SYSTEM32\midimap.dll
0x00007ffe882a0000 - 0x00007ffe882b4000 	C:\WINDOWS\SYSTEM32\resourcepolicyclient.dll
0x00007ffe582b0000 - 0x00007ffe5840a000 	C:\Windows\System32\Windows.UI.dll

dbghelp: loaded successfully - version: 4.0.5 - missing functions: none
symbol engine: initialized successfully - sym options: 0x614 - pdb path: .;C:\Program Files\Processing\app\resources\jdk-17.0.14+7\bin;C:\WINDOWS\SYSTEM32;C:\WINDOWS\WinSxS\amd64_microsoft.windows.common-controls_6595b64144ccf1df_6.0.26100.8457_none_3e0b2faee331e92d;C:\Program Files\Processing\app\resources\jdk-17.0.14+7\bin\server;C:\Users\danil\AppData\Local\Temp\jogamp_0000\file_cache\jln8152456236892793170\jln16839726247729547307\natives\windows-amd64;C:\WINDOWS\System32\DriverStore\FileRepository\iigd_dch.inf_amd64_225f37aa3862fc3f

VM Arguments:
jvm_args: -agentlib:jdwp=transport=dt_socket,address=8417,server=y,suspend=y,quiet=y -Xms64m -Xmx1024m -Djna.nosys=true -Djava.library.path=;C:\Program Files\Processing\app\resources\core\library;C:\Users\danil\OneDrive\Документы\Processing\libraries\sound\library\windows-amd64;C:\Program Files\Processing;C:\WINDOWS\system32;C:\WINDOWS;C:\Program Files\PlasticSCM5\server;C:\Program Files\PlasticSCM5\client;C:\Program Files\Common Files\Oracle\Java\javapath;C:\Program Files (x86)\Common Files\Oracle\Java\javapath;C:\Windows\System32\HWAudioDriverLibs;C:\Windows\system32;C:\Windows;C:\Windows\System32\Wbem;C:\Windows\System32\WindowsPowerShell\v1.0;C:\Windows\System32\OpenSSH;C:\Program Files\Microsoft SQL Server\150\Tools\Binn;C:\Program Files\Microsoft SQL Server\Client SDK\ODBC\170\Tools\Binn;C:\Program Files\dotnet;D:\Windows Kits\10\Windows Performance Toolkit;C:\Program Files\Java\jdk-23\bin;C:\WINDOWS\system32;C:\WINDOWS;C:\WINDOWS\System32\Wbem;C:\WINDOWS\System32\WindowsPowerShell\v1.0;C:\WINDOWS\System32\OpenSSH;C:\Program Files\nodejs;C:\Program Files\Docker\Docker\resources\bin;C:\Program Files\TortoiseGit\bin;C:\Program Files\Git\cmd;C:\Users\danil\AppData\Local\Programs\Python\Python312\Scripts;C:\Users\danil\AppData\Local\Programs\Python\Python312;C:\Users\danil\AppData\Local\Microsoft\WindowsApps;C:\Users\danil\AppData\Local\Programs\Microsoft VS Code\bin;C:\Users\danil\AppData\Roaming\npm;D:\DataBase\18\bin;C:\Program Files\Processing\app;. -ea 
java_command: processing.core.PApplet --editor-location=-7,-7 --external --display=1 --sketch-path=C:\Users\danil\Desktop\Gravity_simul Gravity_simul
java_class_path (initial): C:\Users\danil\AppData\Local\Temp\processing\Gravity_simul7005531996178534573temp;C:\Program Files\Processing\app\resources\core\library\annotations-13.0.jar;C:\Program Files\Processing\app\resources\core\library\antlr-2.7.7.jar;C:\Program Files\Processing\app\resources\core\library\core-4.4.1.jar;C:\Program Files\Processing\app\resources\core\library\gluegen-rt-2.5.0-natives-android-aarch64.jar;C:\Program Files\Processing\app\resources\core\library\gluegen-rt-2.5.0-natives-linux-aarch64.jar;C:\Program Files\Processing\app\resources\core\library\gluegen-rt-2.5.0-natives-linux-amd64.jar;C:\Program Files\Processing\app\resources\core\library\gluegen-rt-2.5.0-natives-linux-armv6hf.jar;C:\Program Files\Processing\app\resources\core\library\gluegen-rt-2.5.0-natives-macosx-universal.jar;C:\Program Files\Processing\app\resources\core\library\gluegen-rt-2.5.0-natives-windows-amd64.jar;C:\Program Files\Processing\app\resources\core\library\gluegen-rt-2.5.0.jar;C:\Program Files\Processing\app\resources\core\library\gluegen-rt-main-2.5.0.jar;C:\Program Files\Processing\app\resources\core\library\jogl-all-2.5.0-natives-android-aarch64.jar;C:\Program Files\Processing\app\resources\core\library\jogl-all-2.5.0-natives-linux-aarch64.jar;C:\Program Files\Processing\app\resources\core\library\jogl-all-2.5.0-natives-linux-amd64.jar;C:\Program Files\Processing\app\resources\core\library\jogl-all-2.5.0-natives-linux-armv6hf.jar;C:\Program Files\Processing\app\resources\core\library\jogl-all-2.5.0-natives-macosx-universal.jar;C:\Program Files\Processing\app\resources\core\library\jogl-all-2.5.0-natives-windows-amd64.jar;C:\Program Files\Processing\app\resources\core\library\jogl-all-2.5.0.jar;C:\Program Files\Processing\app\resources\core\library\jogl-all-main-2.5.0.jar;C:\Program Files\Processing\app\resources\core\library\kotlin-stdlib-2.0.20.jar;C:\Users\danil\OneDrive\Документы\Processing\libraries\sound\library\jlayer-1.0.1.4.jar;C:\Users\danil\OneDrive\
Launcher Type: SUN_STANDARD

[Global flags]
     intx CICompilerCount                          = 4                                         {product} {ergonomic}
     uint ConcGCThreads                            = 2                                         {product} {ergonomic}
     uint G1ConcRefinementThreads                  = 8                                         {product} {ergonomic}
   size_t G1HeapRegionSize                         = 1048576                                   {product} {ergonomic}
    uintx GCDrainStackTargetSize                   = 64                                        {product} {ergonomic}
   size_t InitialHeapSize                          = 67108864                                  {product} {command line}
   size_t MarkStackSize                            = 4194304                                   {product} {ergonomic}
   size_t MaxHeapSize                              = 1073741824                                {product} {command line}
   size_t MaxNewSize                               = 643825664                                 {product} {ergonomic}
   size_t MinHeapDeltaBytes                        = 1048576                                   {product} {ergonomic}
   size_t MinHeapSize                              = 67108864                                  {product} {command line}
    uintx NonNMethodCodeHeapSize                   = 5839372                                {pd product} {ergonomic}
    uintx NonProfiledCodeHeapSize                  = 122909434                              {pd product} {ergonomic}
    uintx ProfiledCodeHeapSize                     = 122909434                              {pd product} {ergonomic}
    uintx ReservedCodeCacheSize                    = 251658240                              {pd product} {ergonomic}
     bool SegmentedCodeCache                       = true                                      {product} {ergonomic}
   size_t SoftMaxHeapSize                          = 1073741824                             {manageable} {ergonomic}
     bool UseCompressedClassPointers               = true                           {product lp64_product} {ergonomic}
     bool UseCompressedOops                        = true                           {product lp64_product} {ergonomic}
     bool UseG1GC                                  = true                                      {product} {ergonomic}
     bool UseLargePagesIndividualAllocation        = false                                  {pd product} {ergonomic}

Logging:
Log output configuration:
 #0: stdout all=off uptime,level,tags
 #1: stderr all=off uptime,level,tags

Environment Variables:
JAVA_HOME=C:\Program Files\Java\jdk-23
PATH=C:\Program Files\PlasticSCM5\server;C:\Program Files\PlasticSCM5\client;C:\Program Files\Common Files\Oracle\Java\javapath;C:\Program Files (x86)\Common Files\Oracle\Java\javapath;C:\Windows\System32\HWAudioDriverLibs;C:\Windows\system32;C:\Windows;C:\Windows\System32\Wbem;C:\Windows\System32\WindowsPowerShell\v1.0\;C:\Windows\System32\OpenSSH\;C:\Users\Administrator\AppData\Local\Microsoft\WindowsApps;C:\Program Files\Microsoft SQL Server\150\Tools\Binn\;C:\Program Files\Microsoft SQL Server\Client SDK\ODBC\170\Tools\Binn\;C:\Program Files\dotnet\;D:\Windows Kits\10\Windows Performance Toolkit\;C:\Program Files\Java\jdk-23\bin;C:\WINDOWS\system32;C:\WINDOWS;C:\WINDOWS\System32\Wbem;C:\WINDOWS\System32\WindowsPowerShell\v1.0\;C:\WINDOWS\System32\OpenSSH\;C:\Program Files\nodejs\;C:\Program Files\Docker\Docker\resources\bin;C:\Program Files\TortoiseGit\bin;C:\Program Files\Git\cmd;C:\Users\danil\AppData\Local\Programs\Python\Python312\Scripts\;C:\Users\danil\AppData\Local\Programs\Python\Python312\;C:\Users\danil\AppData\Local\Microsoft\WindowsApps;C:\Users\danil\.dotnet\tools;C:\Users\danil\AppData\Local\Programs\Microsoft VS Code\bin;C:\Users\danil\AppData\Roaming\npm;D:\DataBase\18\bin;C:\Program Files\Processing\app
USERNAME=danil
OS=Windows_NT
PROCESSOR_IDENTIFIER=Intel64 Family 6 Model 140 Stepping 2, GenuineIntel
TMP=C:\Users\danil\AppData\Local\Temp
TEMP=C:\Users\danil\AppData\Local\Temp



Periodic native trim disabled


---------------  S Y S T E M  ---------------

OS:
 Windows 11 , 64 bit Build 26100 (10.0.26100.8328)
OS uptime: 0 days 1:30 hours
Hyper-V role detected

CPU: total 8 (initial active 8) (4 cores per cpu, 2 threads per core) family 6 model 140 stepping 2 microcode 0x16, cx8, cmov, fxsr, ht, mmx, 3dnowpref, sse, sse2, sse3, ssse3, sse4.1, sse4.2, popcnt, lzcnt, tsc, tscinvbit, avx, avx2, aes, erms, clmul, bmi1, bmi2, adx, avx512f, avx512dq, avx512cd, avx512bw, avx512vl, sha, fma, vzeroupper, avx512_vpopcntdq, avx512_vpclmulqdq, avx512_vaes, avx512_vnni, clflush, clflushopt, clwb, avx512_vbmi2, avx512_vbmi, hv
Processor Information for processor 0
  Max Mhz: 2496, Current Mhz: 2496, Mhz Limit: 2496
Processor Information for processor 1
  Max Mhz: 2496, Current Mhz: 2496, Mhz Limit: 2496
Processor Information for processor 2
  Max Mhz: 2496, Current Mhz: 2496, Mhz Limit: 2496
Processor Information for processor 3
  Max Mhz: 2496, Current Mhz: 2496, Mhz Limit: 2496
Processor Information for processor 4
  Max Mhz: 2496, Current Mhz: 2496, Mhz Limit: 2496
Processor Information for processor 5
  Max Mhz: 2496, Current Mhz: 2496, Mhz Limit: 2496
Processor Information for processor 6
  Max Mhz: 2496, Current Mhz: 998, Mhz Limit: 2496
Processor Information for processor 7
  Max Mhz: 2496, Current Mhz: 2496, Mhz Limit: 2496

Memory: 4k page, system-wide physical 7975M (1356M free)
TotalPageFile size 17703M (AvailPageFile size 8201M)
current process WorkingSet (physical memory assigned to process): 711M, peak: 741M
current process commit charge ("private bytes"): 703M, peak: 740M

vm_info: OpenJDK 64-Bit Server VM (17.0.14+7) for windows-amd64 JRE (17.0.14+7), built on Jan 21 2025 23:40:15 by "admin" with MS VC++ 17.7 (VS2022)

END.
