#
# A fatal error has been detected by the Java Runtime Environment:
#
#  EXCEPTION_ACCESS_VIOLATION (0xc0000005) at pc=0x00007ff9b069b386, pid=21008, tid=20720
#
# JRE version: OpenJDK Runtime Environment Temurin-17.0.14+7 (17.0.14+7) (build 17.0.14+7)
# Java VM: OpenJDK 64-Bit Server VM Temurin-17.0.14+7 (17.0.14+7, mixed mode, sharing, tiered, compressed oops, compressed class ptrs, g1 gc, windows-amd64)
# Problematic frame:
# C  [igxelpicd64.dll+0x23b386]
#
# No core dump will be written. Minidumps are not enabled by default on client versions of Windows
#
# If you would like to submit a bug report, please visit:
#   https://github.com/adoptium/adoptium-support/issues
#

---------------  S U M M A R Y ------------

Command Line: -agentlib:jdwp=transport=dt_socket,address=8464,server=y,suspend=y,quiet=y -Xms64m -Xmx1024m -Djna.nosys=true -Djava.library.path=;C:\Program Files\Processing\app\resources\core\library;C:\Program Files\Processing;C:\WINDOWS\system32;C:\WINDOWS;C:\Program Files\PlasticSCM5\server;C:\Program Files\PlasticSCM5\client;C:\Program Files\Common Files\Oracle\Java\javapath;C:\Program Files (x86)\Common Files\Oracle\Java\javapath;C:\Windows\System32\HWAudioDriverLibs;C:\Windows\system32;C:\Windows;C:\Windows\System32\Wbem;C:\Windows\System32\WindowsPowerShell\v1.0;C:\Windows\System32\OpenSSH;C:\Program Files\Microsoft SQL Server\150\Tools\Binn;C:\Program Files\Microsoft SQL Server\Client SDK\ODBC\170\Tools\Binn;C:\Program Files\dotnet;D:\Windows Kits\10\Windows Performance Toolkit;C:\Program Files\Java\jdk-23\bin;C:\WINDOWS\system32;C:\WINDOWS;C:\WINDOWS\System32\Wbem;C:\WINDOWS\System32\WindowsPowerShell\v1.0;C:\WINDOWS\System32\OpenSSH;C:\Program Files\nodejs;C:\Program Files\Docker\Docker\resources\bin;C:\Program Files\TortoiseGit\bin;C:\Program Files\Git\cmd;C:\Users\danil\AppData\Local\Programs\Python\Python312\Scripts;C:\Users\danil\AppData\Local\Programs\Python\Python312;C:\Users\danil\AppData\Local\Microsoft\WindowsApps;C:\Users\danil\AppData\Local\Programs\Microsoft VS Code\bin;C:\Users\danil\AppData\Roaming\npm;D:\DataBase\18\bin;C:\Program Files\Processing\app;. -ea processing.core.PApplet --editor-location=-7,-7 --external --display=1 --sketch-path=C:\Users\danil\Desktop\Gravity_simul Gravity_simul

Host: 11th Gen Intel(R) Core(TM) i5-1155G7 @ 2.50GHz, 8 cores, 7G,  Windows 11 , 64 bit Build 26100 (10.0.26100.8328)
Time: Sat Jun 27 23:25:32 2026 RTZ 3 (s 11 , 64 bit Build 26100 (10.0.26100.8328) elapsed time: 54.805684 seconds (0d 0h 0m 54s)

---------------  T H R E A D  ---------------

Current thread (0x000001fcfdb88630):  VMThread "VM Thread" [stack: 0x000000dbb1600000,0x000000dbb1700000] [id=20720]

Stack: [0x000000dbb1600000,0x000000dbb1700000],  sp=0x000000dbb16fe0a0,  free space=1016k
Native frames: (J=compiled Java code, j=interpreted, Vv=VM code, C=native code)
C  [igxelpicd64.dll+0x23b386]


siginfo: EXCEPTION_ACCESS_VIOLATION (0xc0000005), reading address 0x0000000000035468


Registers:
RAX=0x000001fcc65a4820, RBX=0x000001fcfe8e8d40, RCX=0x0000000000000004, RDX=0x0000000000000000
RSP=0x000000dbb16fe0a0, RBP=0x0000000000000000, RSI=0x000001fcc65a4620, RDI=0x000001fcfe346780
R8 =0x000001fcc65a4720, R9 =0x000000dbb0aa3000, R10=0x0000000000000000, R11=0x0000000000000246
R12=0x000001fcc65a4620, R13=0x0000000000000000, R14=0x000001fcc65a4b68, R15=0x000001fcc65a3a80
RIP=0x00007ff9b069b386, EFLAGS=0x0000000000010202


Register to memory mapping:

RIP=0x00007ff9b069b386 igxelpicd64.dll
RAX=0x000001fcc65a4820 points into unknown readable memory: 0x000000000000ab7c | 7c ab 00 00 00 00 00 00
RBX=0x000001fcfe8e8d40 points into unknown readable memory: 0xffffffffffffffff | ff ff ff ff ff ff ff ff
RCX=0x0000000000000004 is an unknown value
RDX=0x0 is NULL
RSP=0x000000dbb16fe0a0 points into unknown readable memory: 0x000001fcfe8e8d40 | 40 8d 8e fe fc 01 00 00
RBP=0x0 is NULL
RSI=0x000001fcc65a4620 points into unknown readable memory: 0x000001fcfe9637b0 | b0 37 96 fe fc 01 00 00
RDI=0x000001fcfe346780 points into unknown readable memory: 0x04ba02b925241b00 | 00 1b 24 25 b9 02 ba 04
R8 =0x000001fcc65a4720 points into unknown readable memory: 0x0000000000000000 | 00 00 00 00 00 00 00 00
R9 =0x000000dbb0aa3000 points into unknown readable memory: 0x0000000000000000 | 00 00 00 00 00 00 00 00
R10=0x0 is NULL
R11=0x0000000000000246 is an unknown value
R12=0x000001fcc65a4620 points into unknown readable memory: 0x000001fcfe9637b0 | b0 37 96 fe fc 01 00 00
R13=0x0 is NULL
R14=0x000001fcc65a4b68 points into unknown readable memory: 0x000001fcc65a3a80 | 80 3a 5a c6 fc 01 00 00
R15=0x000001fcc65a3a80 points into unknown readable memory: 0x000001fcfe9637b0 | b0 37 96 fe fc 01 00 00


Top of Stack: (sp=0x000000dbb16fe0a0)
0x000000dbb16fe0a0:   000001fcfe8e8d40 0255429d03862e9d
0x000000dbb16fe0b0:   0391939f00929d9d 0250f39f03309c9f
0x000000dbb16fe0c0:   0000001603000000 0000000000000000
0x000000dbb16fe0d0:   032b66a303b02aa3 0365e2a3036987a3
0x000000dbb16fe0e0:   000001fcfe8e8d40 031d81a403732ea4
0x000000dbb16fe0f0:   032a3ea502743ca5 02de81a503725aa5
0x000000dbb16fe100:   02db39a602a81ca6 0353bba603a49ca6
0x000000dbb16fe110:   00b3e9a603a7cba6 039039a700a836a7
0x000000dbb16fe120:   0326f4a70133c2a7 031e5ea90399e2a8
0x000000dbb16fe130:   036a28aa035e61a9 035b9aaa02fe53aa
0x000000dbb16fe140:   022dceaa02eccdaa 02fe53ab02bf12ab
0x000000dbb16fe150:   02b97dab02e266ab 036fedab021f82ab
0x000000dbb16fe160:   03990eac01e702ac 02c01eac039d16ac
0x000000dbb16fe170:   01d979ac034833ac 02db8cac03a986ac
0x000000dbb16fe180:   036602ad03a4d0ac 00007ffa7dbc5b54
0x000000dbb16fe190:   0000000000000000 0000000000000000
0x000000dbb16fe1a0:   000000dbb16fe340 00007ffa7be21259
0x000000dbb16fe1b0:   000000dbb16fe238 0000000000000000
0x000000dbb16fe1c0:   0000000000000054 0000000000000000
0x000000dbb16fe1d0:   032eb8b1029d98b1 00007ffa7dbc5cc4
0x000000dbb16fe1e0:   039650b302c0ccb2 005273b3035461b3
0x000000dbb16fe1f0:   0000062b0c2eab97 036c27b5039305b5
0x000000dbb16fe200:   000001fcc6469c38 000000000000abcc
0x000000dbb16fe210:   0000000000000000 0000000000000016
0x000000dbb16fe220:   0000000000000000 0000000000000000
0x000000dbb16fe230:   000000dbb16fe340 00007ff9b06c82ae
0x000000dbb16fe240:   000001fcfe346780 0000000000000000
0x000000dbb16fe250:   000001fcfe346780 0329a6bb033875bb
0x000000dbb16fe260:   000000db00001094 0000740400870000
0x000000dbb16fe270:   0000000000000000 033838be036430be
0x000000dbb16fe280:   02aa5abe029d43be 03a6fcbe02eec1be
0x000000dbb16fe290:   038ec2bf02f831bf 00ad46c00276c4bf 

Instructions: (pc=0x00007ff9b069b386)
0x00007ff9b069b286:   00 90 4c 8b bf 80 02 00 00 48 8b 05 9a 85 bd 00
0x00007ff9b069b296:   8b 80 c8 0a 00 00 89 44 24 24 c6 44 24 20 00 48
0x00007ff9b069b2a6:   c7 87 80 02 00 00 00 00 00 00 c7 87 88 02 00 00
0x00007ff9b069b2b6:   00 00 00 00 48 c7 87 a0 02 00 00 00 00 00 00 48
0x00007ff9b069b2c6:   c7 87 90 02 00 00 00 00 00 00 48 85 ed 75 3d 8b
0x00007ff9b069b2d6:   35 0d 77 cd 00 65 48 8b 04 25 58 00 00 00 b9 14
0x00007ff9b069b2e6:   00 00 00 48 8b 04 f0 40 38 2c 01 0f 84 c9 e7 75
0x00007ff9b069b2f6:   00 65 48 8b 04 25 58 00 00 00 bd 20 00 00 00 48
0x00007ff9b069b306:   8b 04 f0 48 8b 2c 28 48 89 6c 24 28 48 3b 2d 07
0x00007ff9b069b316:   9b cd 00 0f 84 9b 10 00 00 4d 85 ff 0f 84 3a 01
0x00007ff9b069b326:   00 00 0f 1f 84 00 00 00 00 00 49 8b f7 4d 8b e7
0x00007ff9b069b336:   4d 8d b7 48 05 00 00 4d 8b 3e 45 84 ed 0f 85 d9
0x00007ff9b069b346:   0e 00 00 8b 8f d0 01 00 00 48 8b 05 da 84 bd 00
0x00007ff9b069b356:   83 b8 64 03 00 00 02 75 34 4d 8d 84 24 00 01 00
0x00007ff9b069b366:   00 83 f9 10 0f 83 3a 01 00 00 8b c1 48 c1 e0 06
0x00007ff9b069b376:   49 03 c0 48 85 c0 0f 84 9b 01 00 00 48 8b 50 08
0x00007ff9b069b386:   48 3b 95 68 54 03 00 0f 87 b6 0e 00 00 48 83 be
0x00007ff9b069b396:   c0 05 00 00 00 0f 85 50 e7 75 00 44 8b 8f d0 01
0x00007ff9b069b3a6:   00 00 48 8b 87 e8 01 00 00 4c 8b 00 8b 8f d0 01
0x00007ff9b069b3b6:   00 00 48 8d 9e 00 01 00 00 83 f9 10 0f 83 1e 01
0x00007ff9b069b3c6:   00 00 8b c1 48 c1 e0 06 48 03 c3 48 85 c0 0f 84
0x00007ff9b069b3d6:   4a 01 00 00 4c 39 40 08 0f 86 40 01 00 00 48 8b
0x00007ff9b069b3e6:   87 80 02 00 00 49 89 06 48 89 b7 80 02 00 00 ff
0x00007ff9b069b3f6:   87 88 02 00 00 48 8b 4e 08 48 8b 01 ba 01 00 00
0x00007ff9b069b406:   00 48 8b 80 e0 02 00 00 ff 15 f4 c1 88 00 0f b7
0x00007ff9b069b416:   c8 48 2b c1 48 05 00 00 01 00 48 01 87 90 02 00
0x00007ff9b069b426:   00 48 8b 4e 08 48 8b 01 ba 01 00 00 00 48 8b 80
0x00007ff9b069b436:   e0 02 00 00 ff 15 c8 c1 88 00 48 01 87 a0 02 00
0x00007ff9b069b446:   00 0f b6 54 24 20 4d 85 ff 0f 85 db fe ff ff 84
0x00007ff9b069b456:   d2 0f 85 37 0f 00 00 48 8b 5c 24 40 48 8b cf 80
0x00007ff9b069b466:   7c 24 22 00 0f 85 40 0f 00 00 e8 3b f9 ff ff 90
0x00007ff9b069b476:   48 8b cb ff 15 99 bc 88 00 48 8b 8c 24 50 01 00 


Stack slot to memory mapping:
stack at sp + 0 slots: 0x000001fcfe8e8d40 points into unknown readable memory: 0xffffffffffffffff | ff ff ff ff ff ff ff ff
stack at sp + 1 slots: 0x0255429d03862e9d is an unknown value
stack at sp + 2 slots: 0x0391939f00929d9d is an unknown value
stack at sp + 3 slots: 0x0250f39f03309c9f is an unknown value
stack at sp + 4 slots: 0x0000001603000000 is an unknown value
stack at sp + 5 slots: 0x0 is NULL
stack at sp + 6 slots: 0x032b66a303b02aa3 is an unknown value
stack at sp + 7 slots: 0x0365e2a3036987a3 is an unknown value

VM_Operation (0x000000dbb3afecf0): Exit, mode: safepoint, requested by thread 0x000001fcfde668f0


---------------  P R O C E S S  ---------------

Threads class SMR info:
_java_thread_list=0x000001fcc67bd090, length=219, elements={
0x000001fcfdb8ca80, 0x000001fcfdb8f460, 0x000001fcfdbab180, 0x000001fcfdbaba50,
0x000001fcfdbac320, 0x000001fcfdbaec00, 0x000001fcfdbb08c0, 0x000001fcfdbb4eb0,
0x000001fcfdbbd3e0, 0x000001fcfde4b280, 0x000001fcfde61990, 0x000001fcfde661b0,
0x000001fcfde6a0a0, 0x000001fcfde67820, 0x000001fcfde68750, 0x000001fcfde69680,
0x000001fcfde668f0, 0x000001fcc61d8e90, 0x000001fcc61d9dc0, 0x000001fcc61da7e0,
0x000001fcc61d7030, 0x000001fcc61d7f60, 0x000001fcc61d98b0, 0x000001fcc61d7a50,
0x000001fcc61d8980, 0x000001fcc61d8470, 0x000001fcc61da2d0, 0x000001fcc61dacf0,
0x000001fcc61d93a0, 0x000001fcc61d7540, 0x000001fcc61dc640, 0x000001fcc61ddf90,
0x000001fcc61db200, 0x000001fcc61db710, 0x000001fcc61dcb50, 0x000001fcc61de9b0,
0x000001fcc61dc130, 0x000001fcc61dd060, 0x000001fcc61dd570, 0x000001fcc61de4a0,
0x000001fcc61dda80, 0x000001fcc61dbc20, 0x000001fcfde68240, 0x000001fcfde68c60,
0x000001fcd6dc4850, 0x000001fcd6dc5780, 0x000001fcd6dc6bc0, 0x000001fcd6dc61a0,
0x000001fcd6dc75e0, 0x000001fcd6dc5c90, 0x000001fcd6dc4d60, 0x000001fcd6dc66b0,
0x000001fcd6dc70d0, 0x000001fcd6dc5270, 0x000001fcd6dc7af0, 0x000001fcd6dc4340,
0x000001fcd6dc8510, 0x000001fcd6dc8a20, 0x000001fcd6dcb7b0, 0x000001fcd6dca880,
0x000001fcd6dca370, 0x000001fcd6dcad90, 0x000001fcd6dcb2a0, 0x000001fcd6dc8f30,
0x000001fcd6dc9440, 0x000001fcd6dc9950, 0x000001fcd6dc8000, 0x000001fcd6dc9e60,
0x000001fcd6dcbcc0, 0x000001fcd6fe7020, 0x000001fcd6fe98a0, 0x000001fcd6fe9db0,
0x000001fcd6fea2c0, 0x000001fcd6fe7a40, 0x000001fcd6fe7f50, 0x000001fcd6fe8e80,
0x000001fcd6fea7d0, 0x000001fcd6fe9390, 0x000001fcd6feace0, 0x000001fcd6fe8970,
0x000001fcd6fe7530, 0x000001fcd6fe8460, 0x000001fcd6feb1f0, 0x000001fcd6fee9a0,
0x000001fcd6fec120, 0x000001fcd6fed560, 0x000001fcd6fec630, 0x000001fcd6fecb40,
0x000001fcd6feb700, 0x000001fcd6fee490, 0x000001fcd6febc10, 0x000001fcd6fed050,
0x000001fcd6feda70, 0x000001fcd6fedf80, 0x000001fcd6be38e0, 0x000001fcd6be4d20,
0x000001fcd6be4300, 0x000001fcd6be2ec0, 0x000001fcd6be1570, 0x000001fcd6be5230,
0x000001fcd6be33d0, 0x000001fcd6be24a0, 0x000001fcd6be1a80, 0x000001fcd6be3df0,
0x000001fcd6be29b0, 0x000001fcd6be4810, 0x000001fcd6be5740, 0x000001fcd6be1f90,
0x000001fcd6be7ab0, 0x000001fcd6be7fc0, 0x000001fcd6be8ef0, 0x000001fcd6be84d0,
0x000001fcd6be89e0, 0x000001fcd6be5c50, 0x000001fcd6be6160, 0x000001fcd6be6670,
0x000001fcd6be6b80, 0x000001fcd6be7090, 0x000001fcd6be75a0, 0x000001fcd66600f0,
0x000001fcd66638a0, 0x000001fcd6660600, 0x000001fcd6661020, 0x000001fcd6663db0,
0x000001fcd66642c0, 0x000001fcd6663390, 0x000001fcd6661530, 0x000001fcd6662970,
0x000001fcd6662e80, 0x000001fcd6660b10, 0x000001fcd66647d0, 0x000001fcd6664ce0,
0x000001fcd6661a40, 0x000001fcd66651f0, 0x000001fcd6665700, 0x000001fcd6661f50,
0x000001fcd6665c10, 0x000001fcd6662460, 0x000001fcd6666120, 0x000001fcd6666630,
0x000001fcd6666b40, 0x000001fcd6667050, 0x000001fcd6667560, 0x000001fcd6667a70,
0x000001fcd687e9e0, 0x000001fcd687fe20, 0x000001fcd687f910, 0x000001fcd6880840,
0x000001fcd6880d50, 0x000001fcd6881260, 0x000001fcd6880330, 0x000001fcd6881770,
0x000001fcd687f400, 0x000001fcd6881c80, 0x000001fcd687eef0, 0x000001fcd687e4d0,
0x000001fcd6884500, 0x000001fcd68835d0, 0x000001fcd68826a0, 0x000001fcd6883ff0,
0x000001fcd6885430, 0x000001fcd6884a10, 0x000001fcd6884f20, 0x000001fcd6885940,
0x000001fcd6882bb0, 0x000001fcd6882190, 0x000001fcd6883ae0, 0x000001fcd6885e50,
0x000001fcd68830c0, 0x000001fcd686dc90, 0x000001fcd686b920, 0x000001fcd686be30,
0x000001fcd686d780, 0x000001fcd686c340, 0x000001fcd686c850, 0x000001fcd686cd60,
0x000001fcd686d270, 0x000001fcd686e1a0, 0x000001fcd686e6b0, 0x000001fcd686ebc0,
0x000001fcd686b410, 0x000001fcd6871950, 0x000001fcd686faf0, 0x000001fcd6871e60,
0x000001fcd686f0d0, 0x000001fcd6870a20, 0x000001fcd6872880, 0x000001fcd6872370,
0x000001fcd6871440, 0x000001fcd6870000, 0x000001fcd6872d90, 0x000001fcd686f5e0,
0x000001fcd6870510, 0x000001fcd6870f30, 0x000001fcd6d0a010, 0x000001fcd6d095f0,
0x000001fcd6d0aa30, 0x000001fcd6d086c0, 0x000001fcd6d090e0, 0x000001fcd6d0b960,
0x000001fcd6d09b00, 0x000001fcd6d0a520, 0x000001fcd6d0b450, 0x000001fcd6d0af40,
0x000001fcd6d08bd0, 0x000001fcd6d081b0, 0x000001fcd6d0ec00, 0x000001fcd6d0dcd0,
0x000001fcd6d0e1e0, 0x000001fcd6d0f620, 0x000001fcd6d0f110, 0x000001fcd6d0be70,
0x000001fcd6d0fb30, 0x000001fcd6d0e6f0, 0x000001fcd6d0c380, 0x000001fcd6d0c890,
0x000001fcd6d0cda0, 0x000001fcd6d0d2b0, 0x000001fcd68fe090
}

Java Threads: ( => current thread )
  0x000001fcfdb8ca80 JavaThread "Reference Handler" daemon [_thread_blocked, id=11508, stack(0x000000dbb1700000,0x000000dbb1800000)]
  0x000001fcfdb8f460 JavaThread "Finalizer" daemon [_thread_blocked, id=22188, stack(0x000000dbb1800000,0x000000dbb1900000)]
  0x000001fcfdbab180 JavaThread "Signal Dispatcher" daemon [_thread_blocked, id=22044, stack(0x000000dbb1900000,0x000000dbb1a00000)]
  0x000001fcfdbaba50 JavaThread "Attach Listener" daemon [_thread_blocked, id=22048, stack(0x000000dbb1a00000,0x000000dbb1b00000)]
  0x000001fcfdbac320 JavaThread "Service Thread" daemon [_thread_blocked, id=11200, stack(0x000000dbb1b00000,0x000000dbb1c00000)]
  0x000001fcfdbaec00 JavaThread "Monitor Deflation Thread" daemon [_thread_blocked, id=12548, stack(0x000000dbb1c00000,0x000000dbb1d00000)]
  0x000001fcfdbb08c0 JavaThread "C2 CompilerThread0" daemon [_thread_blocked, id=21988, stack(0x000000dbb1d00000,0x000000dbb1e00000)]
  0x000001fcfdbb4eb0 JavaThread "C1 CompilerThread0" daemon [_thread_blocked, id=22068, stack(0x000000dbb1e00000,0x000000dbb1f00000)]
  0x000001fcfdbbd3e0 JavaThread "Sweeper thread" daemon [_thread_blocked, id=22312, stack(0x000000dbb1f00000,0x000000dbb2000000)]
  0x000001fcfde4b280 JavaThread "JDWP Transport Listener: dt_socket" daemon [_thread_blocked, id=22288, stack(0x000000dbb2000000,0x000000dbb2100000)]
  0x000001fcfde61990 JavaThread "JDWP Event Helper Thread" daemon [_thread_blocked, id=22196, stack(0x000000dbb2100000,0x000000dbb2200000)]
  0x000001fcfde661b0 JavaThread "JDWP Command Reader" daemon [_thread_blocked, id=22304, stack(0x000000dbb2200000,0x000000dbb2300000)]
  0x000001fcfde6a0a0 JavaThread "Notification Thread" daemon [_thread_blocked, id=22108, stack(0x000000dbb2300000,0x000000dbb2400000)]
  0x000001fcfde67820 JavaThread "Common-Cleaner" daemon [_thread_blocked, id=22052, stack(0x000000dbb2500000,0x000000dbb2600000)]
  0x000001fcfde68750 JavaThread "Java2D Disposer" daemon [_thread_blocked, id=22076, stack(0x000000dbb2600000,0x000000dbb2700000)]
  0x000001fcfde69680 JavaThread "HighResTimerThread" daemon [_thread_blocked, id=18848, stack(0x000000dbb3800000,0x000000dbb3900000)]
  0x000001fcfde668f0 JavaThread "main-FPSAWTAnimator#00-Timer0" [_thread_blocked, id=22172, stack(0x000000dbb3a00000,0x000000dbb3b00000)]
  0x000001fcc61d8e90 JavaThread "DestroyJavaVM" [_thread_blocked, id=22280, stack(0x000000dbb1000000,0x000000dbb1100000)]
  0x000001fcc61d9dc0 JavaThread "pool-1-thread-1" [_thread_blocked, id=22236, stack(0x000000dbb2a00000,0x000000dbb2b00000)]
  0x000001fcc61da7e0 JavaThread "pool-1-thread-2" [_thread_blocked, id=22176, stack(0x000000dbb3b00000,0x000000dbb3c00000)]
  0x000001fcc61d7030 JavaThread "pool-1-thread-3" [_thread_blocked, id=22180, stack(0x000000dbb3c00000,0x000000dbb3d00000)]
  0x000001fcc61d7f60 JavaThread "pool-1-thread-4" [_thread_blocked, id=22232, stack(0x000000dbb3d00000,0x000000dbb3e00000)]
  0x000001fcc61d98b0 JavaThread "pool-1-thread-5" [_thread_blocked, id=6584, stack(0x000000dbb3e00000,0x000000dbb3f00000)]
  0x000001fcc61d7a50 JavaThread "pool-1-thread-6" [_thread_blocked, id=16952, stack(0x000000dbb3f00000,0x000000dbb4000000)]
  0x000001fcc61d8980 JavaThread "pool-1-thread-7" [_thread_blocked, id=16568, stack(0x000000dbb4000000,0x000000dbb4100000)]
  0x000001fcc61d8470 JavaThread "pool-1-thread-8" [_thread_blocked, id=3620, stack(0x000000dbb4100000,0x000000dbb4200000)]
  0x000001fcc61da2d0 JavaThread "pool-1-thread-9" [_thread_blocked, id=6700, stack(0x000000dbb4200000,0x000000dbb4300000)]
  0x000001fcc61dacf0 JavaThread "pool-1-thread-10" [_thread_blocked, id=48800, stack(0x000000dbb4300000,0x000000dbb4400000)]
  0x000001fcc61d93a0 JavaThread "pool-1-thread-11" [_thread_blocked, id=47948, stack(0x000000dbb4400000,0x000000dbb4500000)]
  0x000001fcc61d7540 JavaThread "pool-1-thread-12" [_thread_blocked, id=47900, stack(0x000000dbb4500000,0x000000dbb4600000)]
  0x000001fcc61dc640 JavaThread "pool-1-thread-13" [_thread_blocked, id=47904, stack(0x000000dbb4600000,0x000000dbb4700000)]
  0x000001fcc61ddf90 JavaThread "pool-1-thread-14" [_thread_blocked, id=20232, stack(0x000000dbb4700000,0x000000dbb4800000)]
  0x000001fcc61db200 JavaThread "pool-1-thread-15" [_thread_blocked, id=47516, stack(0x000000dbb4800000,0x000000dbb4900000)]
  0x000001fcc61db710 JavaThread "pool-1-thread-16" [_thread_blocked, id=48836, stack(0x000000dbb4900000,0x000000dbb4a00000)]
  0x000001fcc61dcb50 JavaThread "pool-1-thread-17" [_thread_blocked, id=47520, stack(0x000000dbb4a00000,0x000000dbb4b00000)]
  0x000001fcc61de9b0 JavaThread "pool-1-thread-18" [_thread_blocked, id=20160, stack(0x000000dbb4b00000,0x000000dbb4c00000)]
  0x000001fcc61dc130 JavaThread "pool-1-thread-19" [_thread_blocked, id=15948, stack(0x000000dbb4c00000,0x000000dbb4d00000)]
  0x000001fcc61dd060 JavaThread "pool-1-thread-20" [_thread_blocked, id=18320, stack(0x000000dbb4d00000,0x000000dbb4e00000)]
  0x000001fcc61dd570 JavaThread "pool-1-thread-21" [_thread_blocked, id=47524, stack(0x000000dbb4e00000,0x000000dbb4f00000)]
  0x000001fcc61de4a0 JavaThread "pool-1-thread-22" [_thread_blocked, id=47528, stack(0x000000dbb4f00000,0x000000dbb5000000)]
  0x000001fcc61dda80 JavaThread "pool-1-thread-23" [_thread_blocked, id=48840, stack(0x000000dbb5000000,0x000000dbb5100000)]
  0x000001fcc61dbc20 JavaThread "pool-1-thread-24" [_thread_blocked, id=43000, stack(0x000000dbb5100000,0x000000dbb5200000)]
  0x000001fcfde68240 JavaThread "pool-1-thread-25" [_thread_blocked, id=48776, stack(0x000000dbb5200000,0x000000dbb5300000)]
  0x000001fcfde68c60 JavaThread "pool-1-thread-26" [_thread_blocked, id=15644, stack(0x000000dbb5300000,0x000000dbb5400000)]
  0x000001fcd6dc4850 JavaThread "pool-1-thread-27" [_thread_blocked, id=47540, stack(0x000000dbb5400000,0x000000dbb5500000)]
  0x000001fcd6dc5780 JavaThread "pool-1-thread-28" [_thread_blocked, id=47852, stack(0x000000dbb5500000,0x000000dbb5600000)]
  0x000001fcd6dc6bc0 JavaThread "pool-1-thread-29" [_thread_blocked, id=47532, stack(0x000000dbb5600000,0x000000dbb5700000)]
  0x000001fcd6dc61a0 JavaThread "pool-1-thread-30" [_thread_blocked, id=47940, stack(0x000000dbb5700000,0x000000dbb5800000)]
  0x000001fcd6dc75e0 JavaThread "pool-1-thread-31" [_thread_blocked, id=47856, stack(0x000000dbb5800000,0x000000dbb5900000)]
  0x000001fcd6dc5c90 JavaThread "pool-1-thread-32" [_thread_blocked, id=47544, stack(0x000000dbb5900000,0x000000dbb5a00000)]
  0x000001fcd6dc4d60 JavaThread "pool-1-thread-33" [_thread_blocked, id=16744, stack(0x000000dbb5a00000,0x000000dbb5b00000)]
  0x000001fcd6dc66b0 JavaThread "pool-1-thread-34" [_thread_blocked, id=47972, stack(0x000000dbb5b00000,0x000000dbb5c00000)]
  0x000001fcd6dc70d0 JavaThread "pool-1-thread-35" [_thread_blocked, id=41240, stack(0x000000dbb5c00000,0x000000dbb5d00000)]
  0x000001fcd6dc5270 JavaThread "pool-1-thread-36" [_thread_blocked, id=42988, stack(0x000000dbb5d00000,0x000000dbb5e00000)]
  0x000001fcd6dc7af0 JavaThread "pool-1-thread-37" [_thread_blocked, id=13592, stack(0x000000dbb5e00000,0x000000dbb5f00000)]
  0x000001fcd6dc4340 JavaThread "pool-1-thread-38" [_thread_blocked, id=3812, stack(0x000000dbb5f00000,0x000000dbb6000000)]
  0x000001fcd6dc8510 JavaThread "pool-1-thread-39" [_thread_blocked, id=9720, stack(0x000000dbb6000000,0x000000dbb6100000)]
  0x000001fcd6dc8a20 JavaThread "pool-1-thread-40" [_thread_blocked, id=47552, stack(0x000000dbb6100000,0x000000dbb6200000)]
  0x000001fcd6dcb7b0 JavaThread "pool-1-thread-41" [_thread_blocked, id=47548, stack(0x000000dbb6200000,0x000000dbb6300000)]
  0x000001fcd6dca880 JavaThread "pool-1-thread-42" [_thread_blocked, id=22324, stack(0x000000dbb6300000,0x000000dbb6400000)]
  0x000001fcd6dca370 JavaThread "pool-1-thread-43" [_thread_blocked, id=48880, stack(0x000000dbb6400000,0x000000dbb6500000)]
  0x000001fcd6dcad90 JavaThread "pool-1-thread-44" [_thread_blocked, id=41960, stack(0x000000dbb6500000,0x000000dbb6600000)]
  0x000001fcd6dcb2a0 JavaThread "pool-1-thread-45" [_thread_blocked, id=41668, stack(0x000000dbb6600000,0x000000dbb6700000)]
  0x000001fcd6dc8f30 JavaThread "pool-1-thread-46" [_thread_blocked, id=47556, stack(0x000000dbb6700000,0x000000dbb6800000)]
  0x000001fcd6dc9440 JavaThread "pool-1-thread-47" [_thread_blocked, id=47560, stack(0x000000dbb6800000,0x000000dbb6900000)]
  0x000001fcd6dc9950 JavaThread "pool-1-thread-48" [_thread_blocked, id=18588, stack(0x000000dbb6900000,0x000000dbb6a00000)]
  0x000001fcd6dc8000 JavaThread "pool-1-thread-49" [_thread_blocked, id=20192, stack(0x000000dbb6a00000,0x000000dbb6b00000)]
  0x000001fcd6dc9e60 JavaThread "pool-1-thread-50" [_thread_blocked, id=6952, stack(0x000000dbb6b00000,0x000000dbb6c00000)]
  0x000001fcd6dcbcc0 JavaThread "pool-1-thread-51" [_thread_blocked, id=48860, stack(0x000000dbb6c00000,0x000000dbb6d00000)]
  0x000001fcd6fe7020 JavaThread "pool-1-thread-52" [_thread_blocked, id=48184, stack(0x000000dbb6d00000,0x000000dbb6e00000)]
  0x000001fcd6fe98a0 JavaThread "pool-1-thread-53" [_thread_blocked, id=48864, stack(0x000000dbb6e00000,0x000000dbb6f00000)]
  0x000001fcd6fe9db0 JavaThread "pool-1-thread-54" [_thread_blocked, id=48884, stack(0x000000dbb6f00000,0x000000dbb7000000)]
  0x000001fcd6fea2c0 JavaThread "pool-1-thread-55" [_thread_blocked, id=48920, stack(0x000000dbb7000000,0x000000dbb7100000)]
  0x000001fcd6fe7a40 JavaThread "pool-1-thread-56" [_thread_blocked, id=48788, stack(0x000000dbb7100000,0x000000dbb7200000)]
  0x000001fcd6fe7f50 JavaThread "pool-1-thread-57" [_thread_blocked, id=5168, stack(0x000000dbb7200000,0x000000dbb7300000)]
  0x000001fcd6fe8e80 JavaThread "pool-1-thread-58" [_thread_blocked, id=48876, stack(0x000000dbb7300000,0x000000dbb7400000)]
  0x000001fcd6fea7d0 JavaThread "pool-1-thread-59" [_thread_blocked, id=48916, stack(0x000000dbb7400000,0x000000dbb7500000)]
  0x000001fcd6fe9390 JavaThread "pool-1-thread-60" [_thread_blocked, id=11032, stack(0x000000dbb7500000,0x000000dbb7600000)]
  0x000001fcd6feace0 JavaThread "pool-1-thread-61" [_thread_blocked, id=43188, stack(0x000000dbb7600000,0x000000dbb7700000)]
  0x000001fcd6fe8970 JavaThread "pool-1-thread-62" [_thread_blocked, id=47564, stack(0x000000dbb7700000,0x000000dbb7800000)]
  0x000001fcd6fe7530 JavaThread "pool-1-thread-63" [_thread_blocked, id=17724, stack(0x000000dbb7800000,0x000000dbb7900000)]
  0x000001fcd6fe8460 JavaThread "pool-1-thread-64" [_thread_blocked, id=8696, stack(0x000000dbb7900000,0x000000dbb7a00000)]
  0x000001fcd6feb1f0 JavaThread "pool-1-thread-65" [_thread_blocked, id=19324, stack(0x000000dbb7a00000,0x000000dbb7b00000)]
  0x000001fcd6fee9a0 JavaThread "pool-1-thread-66" [_thread_blocked, id=47752, stack(0x000000dbb7b00000,0x000000dbb7c00000)]
  0x000001fcd6fec120 JavaThread "pool-1-thread-67" [_thread_blocked, id=18400, stack(0x000000dbb7c00000,0x000000dbb7d00000)]
  0x000001fcd6fed560 JavaThread "pool-1-thread-68" [_thread_blocked, id=17436, stack(0x000000dbb7d00000,0x000000dbb7e00000)]
  0x000001fcd6fec630 JavaThread "pool-1-thread-69" [_thread_blocked, id=20132, stack(0x000000dbb7e00000,0x000000dbb7f00000)]
  0x000001fcd6fecb40 JavaThread "pool-1-thread-70" [_thread_blocked, id=17452, stack(0x000000dbb7f00000,0x000000dbb8000000)]
  0x000001fcd6feb700 JavaThread "pool-1-thread-71" [_thread_blocked, id=5024, stack(0x000000dbb8000000,0x000000dbb8100000)]
  0x000001fcd6fee490 JavaThread "pool-1-thread-72" [_thread_blocked, id=43896, stack(0x000000dbb8100000,0x000000dbb8200000)]
  0x000001fcd6febc10 JavaThread "pool-1-thread-73" [_thread_blocked, id=19020, stack(0x000000dbb8200000,0x000000dbb8300000)]
  0x000001fcd6fed050 JavaThread "pool-1-thread-74" [_thread_blocked, id=16192, stack(0x000000dbb8300000,0x000000dbb8400000)]
  0x000001fcd6feda70 JavaThread "pool-1-thread-75" [_thread_blocked, id=19460, stack(0x000000dbb8400000,0x000000dbb8500000)]
  0x000001fcd6fedf80 JavaThread "pool-1-thread-76" [_thread_blocked, id=41776, stack(0x000000dbb8500000,0x000000dbb8600000)]
  0x000001fcd6be38e0 JavaThread "pool-1-thread-77" [_thread_blocked, id=48148, stack(0x000000dbb8600000,0x000000dbb8700000)]
  0x000001fcd6be4d20 JavaThread "pool-1-thread-78" [_thread_blocked, id=17948, stack(0x000000dbb8700000,0x000000dbb8800000)]
  0x000001fcd6be4300 JavaThread "pool-1-thread-79" [_thread_blocked, id=2284, stack(0x000000dbb8800000,0x000000dbb8900000)]
  0x000001fcd6be2ec0 JavaThread "pool-1-thread-80" [_thread_blocked, id=1196, stack(0x000000dbb8900000,0x000000dbb8a00000)]
  0x000001fcd6be1570 JavaThread "pool-1-thread-81" [_thread_blocked, id=15416, stack(0x000000dbb8a00000,0x000000dbb8b00000)]
  0x000001fcd6be5230 JavaThread "pool-1-thread-82" [_thread_blocked, id=15972, stack(0x000000dbb8b00000,0x000000dbb8c00000)]
  0x000001fcd6be33d0 JavaThread "pool-1-thread-83" [_thread_blocked, id=20328, stack(0x000000dbb8c00000,0x000000dbb8d00000)]
  0x000001fcd6be24a0 JavaThread "pool-1-thread-84" [_thread_blocked, id=12552, stack(0x000000dbb8d00000,0x000000dbb8e00000)]
  0x000001fcd6be1a80 JavaThread "pool-1-thread-85" [_thread_blocked, id=20360, stack(0x000000dbb8e00000,0x000000dbb8f00000)]
  0x000001fcd6be3df0 JavaThread "pool-1-thread-86" [_thread_blocked, id=11840, stack(0x000000dbb8f00000,0x000000dbb9000000)]
  0x000001fcd6be29b0 JavaThread "pool-1-thread-87" [_thread_blocked, id=19476, stack(0x000000dbb9000000,0x000000dbb9100000)]
  0x000001fcd6be4810 JavaThread "pool-1-thread-88" [_thread_blocked, id=18176, stack(0x000000dbb9100000,0x000000dbb9200000)]
  0x000001fcd6be5740 JavaThread "pool-1-thread-89" [_thread_blocked, id=22292, stack(0x000000dbb9200000,0x000000dbb9300000)]
  0x000001fcd6be1f90 JavaThread "pool-1-thread-90" [_thread_blocked, id=21628, stack(0x000000dbb9300000,0x000000dbb9400000)]
  0x000001fcd6be7ab0 JavaThread "pool-1-thread-91" [_thread_blocked, id=19436, stack(0x000000dbb9400000,0x000000dbb9500000)]
  0x000001fcd6be7fc0 JavaThread "pool-1-thread-92" [_thread_blocked, id=18616, stack(0x000000dbb9500000,0x000000dbb9600000)]
  0x000001fcd6be8ef0 JavaThread "pool-1-thread-93" [_thread_blocked, id=21900, stack(0x000000dbb9600000,0x000000dbb9700000)]
  0x000001fcd6be84d0 JavaThread "pool-1-thread-94" [_thread_blocked, id=20960, stack(0x000000dbb9700000,0x000000dbb9800000)]
  0x000001fcd6be89e0 JavaThread "pool-1-thread-95" [_thread_blocked, id=22380, stack(0x000000dbb9800000,0x000000dbb9900000)]
  0x000001fcd6be5c50 JavaThread "pool-1-thread-96" [_thread_blocked, id=18172, stack(0x000000dbb9900000,0x000000dbb9a00000)]
  0x000001fcd6be6160 JavaThread "pool-1-thread-97" [_thread_blocked, id=2204, stack(0x000000dbb9a00000,0x000000dbb9b00000)]
  0x000001fcd6be6670 JavaThread "pool-1-thread-98" [_thread_blocked, id=21408, stack(0x000000dbb9b00000,0x000000dbb9c00000)]
  0x000001fcd6be6b80 JavaThread "pool-1-thread-99" [_thread_blocked, id=22416, stack(0x000000dbb9c00000,0x000000dbb9d00000)]
  0x000001fcd6be7090 JavaThread "pool-1-thread-100" [_thread_blocked, id=16532, stack(0x000000dbb9d00000,0x000000dbb9e00000)]
  0x000001fcd6be75a0 JavaThread "pool-1-thread-101" [_thread_blocked, id=21608, stack(0x000000dbb9e00000,0x000000dbb9f00000)]
  0x000001fcd66600f0 JavaThread "pool-1-thread-102" [_thread_blocked, id=21612, stack(0x000000dbb9f00000,0x000000dbba000000)]
  0x000001fcd66638a0 JavaThread "pool-1-thread-103" [_thread_blocked, id=21584, stack(0x000000dbba000000,0x000000dbba100000)]
  0x000001fcd6660600 JavaThread "pool-1-thread-104" [_thread_blocked, id=21588, stack(0x000000dbba100000,0x000000dbba200000)]
  0x000001fcd6661020 JavaThread "pool-1-thread-105" [_thread_blocked, id=21656, stack(0x000000dbba200000,0x000000dbba300000)]
  0x000001fcd6663db0 JavaThread "pool-1-thread-106" [_thread_blocked, id=21652, stack(0x000000dbba300000,0x000000dbba400000)]
  0x000001fcd66642c0 JavaThread "pool-1-thread-107" [_thread_blocked, id=21648, stack(0x000000dbba400000,0x000000dbba500000)]
  0x000001fcd6663390 JavaThread "pool-1-thread-108" [_thread_blocked, id=21680, stack(0x000000dbba500000,0x000000dbba600000)]
  0x000001fcd6661530 JavaThread "pool-1-thread-109" [_thread_blocked, id=21672, stack(0x000000dbba600000,0x000000dbba700000)]
  0x000001fcd6662970 JavaThread "pool-1-thread-110" [_thread_blocked, id=21640, stack(0x000000dbba700000,0x000000dbba800000)]
  0x000001fcd6662e80 JavaThread "pool-1-thread-111" [_thread_blocked, id=21668, stack(0x000000dbba800000,0x000000dbba900000)]
  0x000001fcd6660b10 JavaThread "pool-1-thread-112" [_thread_blocked, id=21664, stack(0x000000dbba900000,0x000000dbbaa00000)]
  0x000001fcd66647d0 JavaThread "pool-1-thread-113" [_thread_blocked, id=21660, stack(0x000000dbbaa00000,0x000000dbbab00000)]
  0x000001fcd6664ce0 JavaThread "pool-1-thread-114" [_thread_blocked, id=21644, stack(0x000000dbbab00000,0x000000dbbac00000)]
  0x000001fcd6661a40 JavaThread "pool-1-thread-115" [_thread_blocked, id=21684, stack(0x000000dbbac00000,0x000000dbbad00000)]
  0x000001fcd66651f0 JavaThread "pool-1-thread-116" [_thread_blocked, id=21636, stack(0x000000dbbad00000,0x000000dbbae00000)]
  0x000001fcd6665700 JavaThread "pool-1-thread-117" [_thread_blocked, id=21580, stack(0x000000dbbae00000,0x000000dbbaf00000)]
  0x000001fcd6661f50 JavaThread "pool-1-thread-118" [_thread_blocked, id=21740, stack(0x000000dbbaf00000,0x000000dbbb000000)]
  0x000001fcd6665c10 JavaThread "pool-1-thread-119" [_thread_blocked, id=21776, stack(0x000000dbbb000000,0x000000dbbb100000)]
  0x000001fcd6662460 JavaThread "pool-1-thread-120" [_thread_blocked, id=21788, stack(0x000000dbbb100000,0x000000dbbb200000)]
  0x000001fcd6666120 JavaThread "pool-1-thread-121" [_thread_blocked, id=21880, stack(0x000000dbbb200000,0x000000dbbb300000)]
  0x000001fcd6666630 JavaThread "pool-1-thread-122" [_thread_blocked, id=21876, stack(0x000000dbbb300000,0x000000dbbb400000)]
  0x000001fcd6666b40 JavaThread "pool-1-thread-123" [_thread_blocked, id=21872, stack(0x000000dbbb400000,0x000000dbbb500000)]
  0x000001fcd6667050 JavaThread "pool-1-thread-124" [_thread_blocked, id=21864, stack(0x000000dbbb500000,0x000000dbbb600000)]
  0x000001fcd6667560 JavaThread "pool-1-thread-125" [_thread_blocked, id=21604, stack(0x000000dbbb600000,0x000000dbbb700000)]
  0x000001fcd6667a70 JavaThread "pool-1-thread-126" [_thread_blocked, id=20976, stack(0x000000dbbb700000,0x000000dbbb800000)]
  0x000001fcd687e9e0 JavaThread "pool-1-thread-127" [_thread_blocked, id=20980, stack(0x000000dbbb800000,0x000000dbbb900000)]
  0x000001fcd687fe20 JavaThread "pool-1-thread-128" [_thread_blocked, id=21616, stack(0x000000dbbb900000,0x000000dbbba00000)]
  0x000001fcd687f910 JavaThread "pool-1-thread-129" [_thread_blocked, id=21620, stack(0x000000dbbba00000,0x000000dbbbb00000)]
  0x000001fcd6880840 JavaThread "pool-1-thread-130" [_thread_blocked, id=21792, stack(0x000000dbbbb00000,0x000000dbbbc00000)]
  0x000001fcd6880d50 JavaThread "pool-1-thread-131" [_thread_blocked, id=21948, stack(0x000000dbbbc00000,0x000000dbbbd00000)]
  0x000001fcd6881260 JavaThread "pool-1-thread-132" [_thread_blocked, id=21760, stack(0x000000dbbbd00000,0x000000dbbbe00000)]
  0x000001fcd6880330 JavaThread "pool-1-thread-133" [_thread_blocked, id=20972, stack(0x000000dbbbe00000,0x000000dbbbf00000)]
  0x000001fcd6881770 JavaThread "pool-1-thread-134" [_thread_blocked, id=20956, stack(0x000000dbbbf00000,0x000000dbbc000000)]
  0x000001fcd687f400 JavaThread "pool-1-thread-135" [_thread_blocked, id=21576, stack(0x000000dbbc000000,0x000000dbbc100000)]
  0x000001fcd6881c80 JavaThread "pool-1-thread-136" [_thread_blocked, id=21568, stack(0x000000dbbc100000,0x000000dbbc200000)]
  0x000001fcd687eef0 JavaThread "pool-1-thread-137" [_thread_blocked, id=21688, stack(0x000000dbbc200000,0x000000dbbc300000)]
  0x000001fcd687e4d0 JavaThread "pool-1-thread-138" [_thread_blocked, id=17576, stack(0x000000dbbc300000,0x000000dbbc400000)]
  0x000001fcd6884500 JavaThread "pool-1-thread-139" [_thread_blocked, id=18792, stack(0x000000dbbc400000,0x000000dbbc500000)]
  0x000001fcd68835d0 JavaThread "pool-1-thread-140" [_thread_blocked, id=1972, stack(0x000000dbbc500000,0x000000dbbc600000)]
  0x000001fcd68826a0 JavaThread "pool-1-thread-141" [_thread_blocked, id=9480, stack(0x000000dbbc600000,0x000000dbbc700000)]
  0x000001fcd6883ff0 JavaThread "pool-1-thread-142" [_thread_blocked, id=22008, stack(0x000000dbbc700000,0x000000dbbc800000)]
  0x000001fcd6885430 JavaThread "pool-1-thread-143" [_thread_blocked, id=21992, stack(0x000000dbbc800000,0x000000dbbc900000)]
  0x000001fcd6884a10 JavaThread "pool-1-thread-144" [_thread_blocked, id=22012, stack(0x000000dbbc900000,0x000000dbbca00000)]
  0x000001fcd6884f20 JavaThread "pool-1-thread-145" [_thread_blocked, id=22016, stack(0x000000dbbca00000,0x000000dbbcb00000)]
  0x000001fcd6885940 JavaThread "pool-1-thread-146" [_thread_blocked, id=22000, stack(0x000000dbbcb00000,0x000000dbbcc00000)]
  0x000001fcd6882bb0 JavaThread "pool-1-thread-147" [_thread_blocked, id=22128, stack(0x000000dbbcc00000,0x000000dbbcd00000)]
  0x000001fcd6882190 JavaThread "pool-1-thread-148" [_thread_blocked, id=22116, stack(0x000000dbbcd00000,0x000000dbbce00000)]
  0x000001fcd6883ae0 JavaThread "pool-1-thread-149" [_thread_blocked, id=22112, stack(0x000000dbbce00000,0x000000dbbcf00000)]
  0x000001fcd6885e50 JavaThread "pool-1-thread-150" [_thread_blocked, id=22100, stack(0x000000dbbcf00000,0x000000dbbd000000)]
  0x000001fcd68830c0 JavaThread "pool-1-thread-151" [_thread_blocked, id=22096, stack(0x000000dbbd000000,0x000000dbbd100000)]
  0x000001fcd686dc90 JavaThread "pool-1-thread-152" [_thread_blocked, id=22132, stack(0x000000dbbd100000,0x000000dbbd200000)]
  0x000001fcd686b920 JavaThread "pool-1-thread-153" [_thread_blocked, id=22136, stack(0x000000dbbd200000,0x000000dbbd300000)]
  0x000001fcd686be30 JavaThread "pool-1-thread-154" [_thread_blocked, id=22092, stack(0x000000dbbd300000,0x000000dbbd400000)]
  0x000001fcd686d780 JavaThread "pool-1-thread-155" [_thread_blocked, id=22088, stack(0x000000dbbd400000,0x000000dbbd500000)]
  0x000001fcd686c340 JavaThread "pool-1-thread-156" [_thread_blocked, id=22084, stack(0x000000dbbd500000,0x000000dbbd600000)]
  0x000001fcd686c850 JavaThread "pool-1-thread-157" [_thread_blocked, id=22120, stack(0x000000dbbd600000,0x000000dbbd700000)]
  0x000001fcd686cd60 JavaThread "pool-1-thread-158" [_thread_blocked, id=22124, stack(0x000000dbbd700000,0x000000dbbd800000)]
  0x000001fcd686d270 JavaThread "pool-1-thread-159" [_thread_blocked, id=22080, stack(0x000000dbbd800000,0x000000dbbd900000)]
  0x000001fcd686e1a0 JavaThread "pool-1-thread-160" [_thread_blocked, id=22072, stack(0x000000dbbd900000,0x000000dbbda00000)]
  0x000001fcd686e6b0 JavaThread "pool-1-thread-161" [_thread_blocked, id=22064, stack(0x000000dbbda00000,0x000000dbbdb00000)]
  0x000001fcd686ebc0 JavaThread "pool-1-thread-162" [_thread_blocked, id=22060, stack(0x000000dbbdb00000,0x000000dbbdc00000)]
  0x000001fcd686b410 JavaThread "pool-1-thread-163" [_thread_blocked, id=4576, stack(0x000000dbbdc00000,0x000000dbbdd00000)]
  0x000001fcd6871950 JavaThread "pool-1-thread-164" [_thread_blocked, id=21780, stack(0x000000dbbdd00000,0x000000dbbde00000)]
  0x000001fcd686faf0 JavaThread "pool-1-thread-165" [_thread_blocked, id=21764, stack(0x000000dbbde00000,0x000000dbbdf00000)]
  0x000001fcd6871e60 JavaThread "pool-1-thread-166" [_thread_blocked, id=21784, stack(0x000000dbbdf00000,0x000000dbbe000000)]
  0x000001fcd686f0d0 JavaThread "pool-1-thread-167" [_thread_blocked, id=21624, stack(0x000000dbbe000000,0x000000dbbe100000)]
  0x000001fcd6870a20 JavaThread "pool-1-thread-168" [_thread_blocked, id=16724, stack(0x000000dbbe100000,0x000000dbbe200000)]
  0x000001fcd6872880 JavaThread "pool-1-thread-169" [_thread_blocked, id=21676, stack(0x000000dbbe200000,0x000000dbbe300000)]
  0x000001fcd6872370 JavaThread "pool-1-thread-170" [_thread_blocked, id=21884, stack(0x000000dbbe300000,0x000000dbbe400000)]
  0x000001fcd6871440 JavaThread "pool-1-thread-171" [_thread_blocked, id=21772, stack(0x000000dbbe400000,0x000000dbbe500000)]
  0x000001fcd6870000 JavaThread "pool-1-thread-172" [_thread_blocked, id=21384, stack(0x000000dbbe500000,0x000000dbbe600000)]
  0x000001fcd6872d90 JavaThread "pool-1-thread-173" [_thread_blocked, id=22492, stack(0x000000dbbe600000,0x000000dbbe700000)]
  0x000001fcd686f5e0 JavaThread "pool-1-thread-174" [_thread_blocked, id=22488, stack(0x000000dbbe700000,0x000000dbbe800000)]
  0x000001fcd6870510 JavaThread "pool-1-thread-175" [_thread_blocked, id=22484, stack(0x000000dbbe800000,0x000000dbbe900000)]
  0x000001fcd6870f30 JavaThread "pool-1-thread-176" [_thread_blocked, id=22476, stack(0x000000dbbe900000,0x000000dbbea00000)]
  0x000001fcd6d0a010 JavaThread "pool-1-thread-177" [_thread_blocked, id=22396, stack(0x000000dbbea00000,0x000000dbbeb00000)]
  0x000001fcd6d095f0 JavaThread "pool-1-thread-178" [_thread_blocked, id=22392, stack(0x000000dbbeb00000,0x000000dbbec00000)]
  0x000001fcd6d0aa30 JavaThread "pool-1-thread-179" [_thread_blocked, id=22468, stack(0x000000dbbec00000,0x000000dbbed00000)]
  0x000001fcd6d086c0 JavaThread "pool-1-thread-180" [_thread_blocked, id=22548, stack(0x000000dbbed00000,0x000000dbbee00000)]
  0x000001fcd6d090e0 JavaThread "pool-1-thread-181" [_thread_blocked, id=21400, stack(0x000000dbbee00000,0x000000dbbef00000)]
  0x000001fcd6d0b960 JavaThread "pool-1-thread-182" [_thread_blocked, id=22556, stack(0x000000dbbef00000,0x000000dbbf000000)]
  0x000001fcd6d09b00 JavaThread "pool-1-thread-183" [_thread_blocked, id=21916, stack(0x000000dbbf000000,0x000000dbbf100000)]
  0x000001fcd6d0a520 JavaThread "pool-1-thread-184" [_thread_blocked, id=21944, stack(0x000000dbbf100000,0x000000dbbf200000)]
  0x000001fcd6d0b450 JavaThread "pool-1-thread-185" [_thread_blocked, id=21380, stack(0x000000dbbf200000,0x000000dbbf300000)]
  0x000001fcd6d0af40 JavaThread "pool-1-thread-186" [_thread_blocked, id=22552, stack(0x000000dbbf300000,0x000000dbbf400000)]
  0x000001fcd6d08bd0 JavaThread "pool-1-thread-187" [_thread_blocked, id=21692, stack(0x000000dbbf400000,0x000000dbbf500000)]
  0x000001fcd6d081b0 JavaThread "pool-1-thread-188" [_thread_blocked, id=21572, stack(0x000000dbbf500000,0x000000dbbf600000)]
  0x000001fcd6d0ec00 JavaThread "pool-1-thread-189" [_thread_blocked, id=21908, stack(0x000000dbbf600000,0x000000dbbf700000)]
  0x000001fcd6d0dcd0 JavaThread "pool-1-thread-190" [_thread_blocked, id=22564, stack(0x000000dbbf700000,0x000000dbbf800000)]
  0x000001fcd6d0e1e0 JavaThread "pool-1-thread-191" [_thread_blocked, id=22568, stack(0x000000dbbf800000,0x000000dbbf900000)]
  0x000001fcd6d0f620 JavaThread "pool-1-thread-192" [_thread_blocked, id=22400, stack(0x000000dbbf900000,0x000000dbbfa00000)]
  0x000001fcd6d0f110 JavaThread "pool-1-thread-193" [_thread_blocked, id=16432, stack(0x000000dbbfa00000,0x000000dbbfb00000)]
  0x000001fcd6d0be70 JavaThread "pool-1-thread-194" [_thread_blocked, id=22388, stack(0x000000dbbfb00000,0x000000dbbfc00000)]
  0x000001fcd6d0fb30 JavaThread "pool-1-thread-195" [_thread_blocked, id=22480, stack(0x000000dbbfc00000,0x000000dbbfd00000)]
  0x000001fcd6d0e6f0 JavaThread "pool-1-thread-196" [_thread_blocked, id=22408, stack(0x000000dbbfd00000,0x000000dbbfe00000)]
  0x000001fcd6d0c380 JavaThread "pool-1-thread-197" [_thread_blocked, id=22436, stack(0x000000dbbfe00000,0x000000dbbff00000)]
  0x000001fcd6d0c890 JavaThread "pool-1-thread-198" [_thread_blocked, id=22440, stack(0x000000dbbff00000,0x000000dbc0000000)]
  0x000001fcd6d0cda0 JavaThread "pool-1-thread-199" [_thread_blocked, id=22384, stack(0x000000dbc0000000,0x000000dbc0100000)]
  0x000001fcd6d0d2b0 JavaThread "pool-1-thread-200" [_thread_blocked, id=22432, stack(0x000000dbc0100000,0x000000dbc0200000)]
  0x000001fcd68fe090 JavaThread "AWT-Shutdown" [_thread_blocked, id=24480, stack(0x000000dbc0700000,0x000000dbc0800000)]

Other Threads:
=>0x000001fcfdb88630 VMThread "VM Thread" [stack: 0x000000dbb1600000,0x000000dbb1700000] [id=20720]
  0x000001fce1d5d310 GCTaskThread "GC Thread#0" [stack: 0x000000dbb1100000,0x000000dbb1200000] [id=22300]
  0x000001fcfe978c20 GCTaskThread "GC Thread#1" [stack: 0x000000dbb2f00000,0x000000dbb3000000] [id=3320]
  0x000001fcfe978ee0 GCTaskThread "GC Thread#2" [stack: 0x000000dbb3000000,0x000000dbb3100000] [id=2556]
  0x000001fcfe9791a0 GCTaskThread "GC Thread#3" [stack: 0x000000dbb3100000,0x000000dbb3200000] [id=22276]
  0x000001fcfe979460 GCTaskThread "GC Thread#4" [stack: 0x000000dbb3200000,0x000000dbb3300000] [id=22192]
  0x000001fcfe979720 GCTaskThread "GC Thread#5" [stack: 0x000000dbb3300000,0x000000dbb3400000] [id=22220]
  0x000001fcc5b4de80 GCTaskThread "GC Thread#6" [stack: 0x000000dbb3400000,0x000000dbb3500000] [id=19008]
  0x000001fcc5b4e140 GCTaskThread "GC Thread#7" [stack: 0x000000dbb3500000,0x000000dbb3600000] [id=20356]
  0x000001fce1d66170 ConcurrentGCThread "G1 Main Marker" terminated
  0x000001fce1d66aa0 ConcurrentGCThread "G1 Conc#0" [stack: 0x000000dbb1300000,0x000000dbb1400000] [id=22272]
  0x000001fcc67bed10 ConcurrentGCThread "G1 Conc#1" [stack: 0x000000dbc0300000,0x000000dbc0400000] [id=22536]
  0x000001fce1dce110 ConcurrentGCThread "G1 Refine#0" terminated
  0x000001fce1dce8f0 ConcurrentGCThread "G1 Service" terminated

Threads with active compile tasks:

VM state: at safepoint (shutting down)

VM Mutex/Monitor currently owned by a thread:  ([mutex/lock_event])
[0x000001fcdf97bd40] Threads_lock - owner thread: 0x000001fcfdb88630
[0x000001fce1d198e0] Heap_lock - owner thread: 0x000001fcfde668f0

Heap address: 0x00000000c0000000, size: 1024 MB, Compressed Oops mode: 32-bit

CDS archive(s) mapped at: [0x000001fc80000000-0x000001fc80bb0000-0x000001fc80bb0000), size 12255232, SharedBaseAddress: 0x000001fc80000000, ArchiveRelocationMode: 1.
Compressed class space mapped at: 0x000001fc81000000-0x000001fcc1000000, reserved size: 1073741824
Narrow klass base: 0x000001fc80000000, Narrow klass shift: 0, Narrow klass range: 0x100000000

GC Precious Log:
 CPUs: 8 total, 8 available
 Memory: 7975M
 Large Page Support: Disabled
 NUMA Support: Disabled
 Compressed Oops: Enabled (32-bit)
 Heap Region Size: 1M
 Heap Min Capacity: 64M
 Heap Initial Capacity: 64M
 Heap Max Capacity: 1G
 Pre-touch: Disabled
 Parallel Workers: 8
 Concurrent Workers: 2
 Concurrent Refinement Workers: 8
 Periodic GC: Disabled

Heap:
 garbage-first heap   total 276480K, used 213711K [0x00000000c0000000, 0x0000000100000000)
  region size 1024K, 63 young (64512K), 4 survivors (4096K)
 Metaspace       used 13257K, committed 13504K, reserved 1114112K
  class space    used 918K, committed 1024K, reserved 1048576K

Heap Regions: E=young(eden), S=young(survivor), O=old, HS=humongous(starts), HC=humongous(continues), CS=collection set, F=free, OA=open archive, CA=closed archive, TAMS=top-at-mark-start (previous, next)
|   0|0x00000000c0000000, 0x00000000c0100000, 0x00000000c0100000|100%| O|  |TAMS 0x00000000c0100000, 0x00000000c0000000| Untracked 
|   1|0x00000000c0100000, 0x00000000c0200000, 0x00000000c0200000|100%| O|  |TAMS 0x00000000c0200000, 0x00000000c0100000| Untracked 
|   2|0x00000000c0200000, 0x00000000c0300000, 0x00000000c0300000|100%| O|  |TAMS 0x00000000c0300000, 0x00000000c0200000| Untracked 
|   3|0x00000000c0300000, 0x00000000c0400000, 0x00000000c0400000|100%| O|  |TAMS 0x00000000c0400000, 0x00000000c0300000| Untracked 
|   4|0x00000000c0400000, 0x00000000c0500000, 0x00000000c0500000|100%| O|  |TAMS 0x00000000c0500000, 0x00000000c0400000| Untracked 
|   5|0x00000000c0500000, 0x00000000c0600000, 0x00000000c0600000|100%| O|  |TAMS 0x00000000c0600000, 0x00000000c0500000| Untracked 
|   6|0x00000000c0600000, 0x00000000c0700000, 0x00000000c0700000|100%| O|  |TAMS 0x00000000c0700000, 0x00000000c0600000| Untracked 
|   7|0x00000000c0700000, 0x00000000c0800000, 0x00000000c0800000|100%| O|  |TAMS 0x00000000c0800000, 0x00000000c0700000| Untracked 
|   8|0x00000000c0800000, 0x00000000c0900000, 0x00000000c0900000|100%| O|  |TAMS 0x00000000c0900000, 0x00000000c0800000| Untracked 
|   9|0x00000000c0900000, 0x00000000c0a00000, 0x00000000c0a00000|100%| O|  |TAMS 0x00000000c0a00000, 0x00000000c0900000| Untracked 
|  10|0x00000000c0a00000, 0x00000000c0a00000, 0x00000000c0b00000|  0%| F|  |TAMS 0x00000000c0a00000, 0x00000000c0a00000| Untracked 
|  11|0x00000000c0b00000, 0x00000000c0bc8a00, 0x00000000c0c00000| 78%| O|  |TAMS 0x00000000c0bc8a00, 0x00000000c0b00000| Untracked 
|  12|0x00000000c0c00000, 0x00000000c0c00000, 0x00000000c0d00000|  0%| F|  |TAMS 0x00000000c0c00000, 0x00000000c0c00000| Untracked 
|  13|0x00000000c0d00000, 0x00000000c0e00000, 0x00000000c0e00000|100%| O|  |TAMS 0x00000000c0e00000, 0x00000000c0d00000| Untracked 
|  14|0x00000000c0e00000, 0x00000000c0e00000, 0x00000000c0f00000|  0%| F|  |TAMS 0x00000000c0e00000, 0x00000000c0e00000| Untracked 
|  15|0x00000000c0f00000, 0x00000000c1000000, 0x00000000c1000000|100%|HS|  |TAMS 0x00000000c1000000, 0x00000000c0f00000| Complete 
|  16|0x00000000c1000000, 0x00000000c1100000, 0x00000000c1100000|100%|HS|  |TAMS 0x00000000c1100000, 0x00000000c1000000| Complete 
|  17|0x00000000c1100000, 0x00000000c1200000, 0x00000000c1200000|100%|HS|  |TAMS 0x00000000c1200000, 0x00000000c1100000| Complete 
|  18|0x00000000c1200000, 0x00000000c1300000, 0x00000000c1300000|100%|HS|  |TAMS 0x00000000c1300000, 0x00000000c1200000| Complete 
|  19|0x00000000c1300000, 0x00000000c1400000, 0x00000000c1400000|100%|HC|  |TAMS 0x00000000c1400000, 0x00000000c1300000| Complete 
|  20|0x00000000c1400000, 0x00000000c1500000, 0x00000000c1500000|100%|HC|  |TAMS 0x00000000c1500000, 0x00000000c1400000| Complete 
|  21|0x00000000c1500000, 0x00000000c1600000, 0x00000000c1600000|100%|HC|  |TAMS 0x00000000c1600000, 0x00000000c1500000| Complete 
|  22|0x00000000c1600000, 0x00000000c1700000, 0x00000000c1700000|100%|HC|  |TAMS 0x00000000c1700000, 0x00000000c1600000| Complete 
|  23|0x00000000c1700000, 0x00000000c1800000, 0x00000000c1800000|100%|HC|  |TAMS 0x00000000c1800000, 0x00000000c1700000| Complete 
|  24|0x00000000c1800000, 0x00000000c1900000, 0x00000000c1900000|100%|HC|  |TAMS 0x00000000c1900000, 0x00000000c1800000| Complete 
|  25|0x00000000c1900000, 0x00000000c1a00000, 0x00000000c1a00000|100%|HC|  |TAMS 0x00000000c1a00000, 0x00000000c1900000| Complete 
|  26|0x00000000c1a00000, 0x00000000c1b00000, 0x00000000c1b00000|100%|HC|  |TAMS 0x00000000c1b00000, 0x00000000c1a00000| Complete 
|  27|0x00000000c1b00000, 0x00000000c1c00000, 0x00000000c1c00000|100%|HC|  |TAMS 0x00000000c1c00000, 0x00000000c1b00000| Complete 
|  28|0x00000000c1c00000, 0x00000000c1d00000, 0x00000000c1d00000|100%|HC|  |TAMS 0x00000000c1d00000, 0x00000000c1c00000| Complete 
|  29|0x00000000c1d00000, 0x00000000c1e00000, 0x00000000c1e00000|100%|HC|  |TAMS 0x00000000c1e00000, 0x00000000c1d00000| Complete 
|  30|0x00000000c1e00000, 0x00000000c1f00000, 0x00000000c1f00000|100%|HC|  |TAMS 0x00000000c1f00000, 0x00000000c1e00000| Complete 
|  31|0x00000000c1f00000, 0x00000000c2000000, 0x00000000c2000000|100%|HC|  |TAMS 0x00000000c2000000, 0x00000000c1f00000| Complete 
|  32|0x00000000c2000000, 0x00000000c2100000, 0x00000000c2100000|100%|HC|  |TAMS 0x00000000c2100000, 0x00000000c2000000| Complete 
|  33|0x00000000c2100000, 0x00000000c2200000, 0x00000000c2200000|100%|HC|  |TAMS 0x00000000c2200000, 0x00000000c2100000| Complete 
|  34|0x00000000c2200000, 0x00000000c2300000, 0x00000000c2300000|100%|HC|  |TAMS 0x00000000c2300000, 0x00000000c2200000| Complete 
|  35|0x00000000c2300000, 0x00000000c2400000, 0x00000000c2400000|100%|HC|  |TAMS 0x00000000c2400000, 0x00000000c2300000| Complete 
|  36|0x00000000c2400000, 0x00000000c2500000, 0x00000000c2500000|100%|HC|  |TAMS 0x00000000c2500000, 0x00000000c2400000| Complete 
|  37|0x00000000c2500000, 0x00000000c2600000, 0x00000000c2600000|100%|HC|  |TAMS 0x00000000c2600000, 0x00000000c2500000| Complete 
|  38|0x00000000c2600000, 0x00000000c2700000, 0x00000000c2700000|100%|HC|  |TAMS 0x00000000c2700000, 0x00000000c2600000| Complete 
|  39|0x00000000c2700000, 0x00000000c2800000, 0x00000000c2800000|100%|HC|  |TAMS 0x00000000c2800000, 0x00000000c2700000| Complete 
|  40|0x00000000c2800000, 0x00000000c2900000, 0x00000000c2900000|100%|HC|  |TAMS 0x00000000c2900000, 0x00000000c2800000| Complete 
|  41|0x00000000c2900000, 0x00000000c2a00000, 0x00000000c2a00000|100%|HC|  |TAMS 0x00000000c2a00000, 0x00000000c2900000| Complete 
|  42|0x00000000c2a00000, 0x00000000c2b00000, 0x00000000c2b00000|100%|HC|  |TAMS 0x00000000c2b00000, 0x00000000c2a00000| Complete 
|  43|0x00000000c2b00000, 0x00000000c2c00000, 0x00000000c2c00000|100%|HC|  |TAMS 0x00000000c2c00000, 0x00000000c2b00000| Complete 
|  44|0x00000000c2c00000, 0x00000000c2d00000, 0x00000000c2d00000|100%|HC|  |TAMS 0x00000000c2d00000, 0x00000000c2c00000| Complete 
|  45|0x00000000c2d00000, 0x00000000c2e00000, 0x00000000c2e00000|100%|HC|  |TAMS 0x00000000c2e00000, 0x00000000c2d00000| Complete 
|  46|0x00000000c2e00000, 0x00000000c2f00000, 0x00000000c2f00000|100%|HC|  |TAMS 0x00000000c2f00000, 0x00000000c2e00000| Complete 
|  47|0x00000000c2f00000, 0x00000000c3000000, 0x00000000c3000000|100%|HC|  |TAMS 0x00000000c3000000, 0x00000000c2f00000| Complete 
|  48|0x00000000c3000000, 0x00000000c3100000, 0x00000000c3100000|100%|HC|  |TAMS 0x00000000c3100000, 0x00000000c3000000| Complete 
|  49|0x00000000c3100000, 0x00000000c3200000, 0x00000000c3200000|100%|HC|  |TAMS 0x00000000c3200000, 0x00000000c3100000| Complete 
|  50|0x00000000c3200000, 0x00000000c3300000, 0x00000000c3300000|100%|HC|  |TAMS 0x00000000c3300000, 0x00000000c3200000| Complete 
|  51|0x00000000c3300000, 0x00000000c3400000, 0x00000000c3400000|100%| O|  |TAMS 0x00000000c3400000, 0x00000000c3300000| Untracked 
|  52|0x00000000c3400000, 0x00000000c3500000, 0x00000000c3500000|100%| O|  |TAMS 0x00000000c3500000, 0x00000000c3400000| Untracked 
|  53|0x00000000c3500000, 0x00000000c3600000, 0x00000000c3600000|100%| O|  |TAMS 0x00000000c3600000, 0x00000000c3500000| Untracked 
|  54|0x00000000c3600000, 0x00000000c3600000, 0x00000000c3700000|  0%| F|  |TAMS 0x00000000c3600000, 0x00000000c3600000| Untracked 
|  55|0x00000000c3700000, 0x00000000c3700000, 0x00000000c3800000|  0%| F|  |TAMS 0x00000000c3700000, 0x00000000c3700000| Untracked 
|  56|0x00000000c3800000, 0x00000000c3800000, 0x00000000c3900000|  0%| F|  |TAMS 0x00000000c3800000, 0x00000000c3800000| Untracked 
|  57|0x00000000c3900000, 0x00000000c3900000, 0x00000000c3a00000|  0%| F|  |TAMS 0x00000000c3900000, 0x00000000c3900000| Untracked 
|  58|0x00000000c3a00000, 0x00000000c3a00000, 0x00000000c3b00000|  0%| F|  |TAMS 0x00000000c3a00000, 0x00000000c3a00000| Untracked 
|  59|0x00000000c3b00000, 0x00000000c3b00000, 0x00000000c3c00000|  0%| F|  |TAMS 0x00000000c3b00000, 0x00000000c3b00000| Untracked 
|  60|0x00000000c3c00000, 0x00000000c3c00000, 0x00000000c3d00000|  0%| F|  |TAMS 0x00000000c3c00000, 0x00000000c3c00000| Untracked 
|  61|0x00000000c3d00000, 0x00000000c3d00000, 0x00000000c3e00000|  0%| F|  |TAMS 0x00000000c3d00000, 0x00000000c3d00000| Untracked 
|  62|0x00000000c3e00000, 0x00000000c3e00000, 0x00000000c3f00000|  0%| F|  |TAMS 0x00000000c3e00000, 0x00000000c3e00000| Untracked 
|  63|0x00000000c3f00000, 0x00000000c3f00000, 0x00000000c4000000|  0%| F|  |TAMS 0x00000000c3f00000, 0x00000000c3f00000| Untracked 
|  64|0x00000000c4000000, 0x00000000c4100000, 0x00000000c4100000|100%|HS|  |TAMS 0x00000000c4100000, 0x00000000c4000000| Complete 
|  65|0x00000000c4100000, 0x00000000c4200000, 0x00000000c4200000|100%|HC|  |TAMS 0x00000000c4200000, 0x00000000c4100000| Complete 
|  66|0x00000000c4200000, 0x00000000c4300000, 0x00000000c4300000|100%|HC|  |TAMS 0x00000000c4300000, 0x00000000c4200000| Complete 
|  67|0x00000000c4300000, 0x00000000c4400000, 0x00000000c4400000|100%|HC|  |TAMS 0x00000000c4400000, 0x00000000c4300000| Complete 
|  68|0x00000000c4400000, 0x00000000c4500000, 0x00000000c4500000|100%|HC|  |TAMS 0x00000000c4500000, 0x00000000c4400000| Complete 
|  69|0x00000000c4500000, 0x00000000c4600000, 0x00000000c4600000|100%|HC|  |TAMS 0x00000000c4600000, 0x00000000c4500000| Complete 
|  70|0x00000000c4600000, 0x00000000c4700000, 0x00000000c4700000|100%|HC|  |TAMS 0x00000000c4700000, 0x00000000c4600000| Complete 
|  71|0x00000000c4700000, 0x00000000c4800000, 0x00000000c4800000|100%|HC|  |TAMS 0x00000000c4800000, 0x00000000c4700000| Complete 
|  72|0x00000000c4800000, 0x00000000c4900000, 0x00000000c4900000|100%|HC|  |TAMS 0x00000000c4900000, 0x00000000c4800000| Complete 
|  73|0x00000000c4900000, 0x00000000c4a00000, 0x00000000c4a00000|100%|HS|  |TAMS 0x00000000c4a00000, 0x00000000c4900000| Complete 
|  74|0x00000000c4a00000, 0x00000000c4b00000, 0x00000000c4b00000|100%|HC|  |TAMS 0x00000000c4b00000, 0x00000000c4a00000| Complete 
|  75|0x00000000c4b00000, 0x00000000c4c00000, 0x00000000c4c00000|100%|HC|  |TAMS 0x00000000c4c00000, 0x00000000c4b00000| Complete 
|  76|0x00000000c4c00000, 0x00000000c4d00000, 0x00000000c4d00000|100%|HC|  |TAMS 0x00000000c4d00000, 0x00000000c4c00000| Complete 
|  77|0x00000000c4d00000, 0x00000000c4e00000, 0x00000000c4e00000|100%|HC|  |TAMS 0x00000000c4e00000, 0x00000000c4d00000| Complete 
|  78|0x00000000c4e00000, 0x00000000c4f00000, 0x00000000c4f00000|100%|HC|  |TAMS 0x00000000c4f00000, 0x00000000c4e00000| Complete 
|  79|0x00000000c4f00000, 0x00000000c5000000, 0x00000000c5000000|100%|HC|  |TAMS 0x00000000c5000000, 0x00000000c4f00000| Complete 
|  80|0x00000000c5000000, 0x00000000c5100000, 0x00000000c5100000|100%|HC|  |TAMS 0x00000000c5100000, 0x00000000c5000000| Complete 
|  81|0x00000000c5100000, 0x00000000c5200000, 0x00000000c5200000|100%|HC|  |TAMS 0x00000000c5200000, 0x00000000c5100000| Complete 
|  82|0x00000000c5200000, 0x00000000c5300000, 0x00000000c5300000|100%|HC|  |TAMS 0x00000000c5300000, 0x00000000c5200000| Complete 
|  83|0x00000000c5300000, 0x00000000c5400000, 0x00000000c5400000|100%|HC|  |TAMS 0x00000000c5400000, 0x00000000c5300000| Complete 
|  84|0x00000000c5400000, 0x00000000c5500000, 0x00000000c5500000|100%|HC|  |TAMS 0x00000000c5500000, 0x00000000c5400000| Complete 
|  85|0x00000000c5500000, 0x00000000c5600000, 0x00000000c5600000|100%|HC|  |TAMS 0x00000000c5600000, 0x00000000c5500000| Complete 
|  86|0x00000000c5600000, 0x00000000c5700000, 0x00000000c5700000|100%|HC|  |TAMS 0x00000000c5700000, 0x00000000c5600000| Complete 
|  87|0x00000000c5700000, 0x00000000c5800000, 0x00000000c5800000|100%|HC|  |TAMS 0x00000000c5800000, 0x00000000c5700000| Complete 
|  88|0x00000000c5800000, 0x00000000c5900000, 0x00000000c5900000|100%|HC|  |TAMS 0x00000000c5900000, 0x00000000c5800000| Complete 
|  89|0x00000000c5900000, 0x00000000c5a00000, 0x00000000c5a00000|100%|HC|  |TAMS 0x00000000c5a00000, 0x00000000c5900000| Complete 
|  90|0x00000000c5a00000, 0x00000000c5b00000, 0x00000000c5b00000|100%|HC|  |TAMS 0x00000000c5b00000, 0x00000000c5a00000| Complete 
|  91|0x00000000c5b00000, 0x00000000c5c00000, 0x00000000c5c00000|100%|HC|  |TAMS 0x00000000c5c00000, 0x00000000c5b00000| Complete 
|  92|0x00000000c5c00000, 0x00000000c5d00000, 0x00000000c5d00000|100%|HC|  |TAMS 0x00000000c5d00000, 0x00000000c5c00000| Complete 
|  93|0x00000000c5d00000, 0x00000000c5e00000, 0x00000000c5e00000|100%|HC|  |TAMS 0x00000000c5e00000, 0x00000000c5d00000| Complete 
|  94|0x00000000c5e00000, 0x00000000c5f00000, 0x00000000c5f00000|100%|HC|  |TAMS 0x00000000c5f00000, 0x00000000c5e00000| Complete 
|  95|0x00000000c5f00000, 0x00000000c6000000, 0x00000000c6000000|100%|HC|  |TAMS 0x00000000c6000000, 0x00000000c5f00000| Complete 
|  96|0x00000000c6000000, 0x00000000c6100000, 0x00000000c6100000|100%|HC|  |TAMS 0x00000000c6100000, 0x00000000c6000000| Complete 
|  97|0x00000000c6100000, 0x00000000c6200000, 0x00000000c6200000|100%|HC|  |TAMS 0x00000000c6200000, 0x00000000c6100000| Complete 
|  98|0x00000000c6200000, 0x00000000c6300000, 0x00000000c6300000|100%|HS|  |TAMS 0x00000000c6300000, 0x00000000c6200000| Complete 
|  99|0x00000000c6300000, 0x00000000c6400000, 0x00000000c6400000|100%|HC|  |TAMS 0x00000000c6400000, 0x00000000c6300000| Complete 
| 100|0x00000000c6400000, 0x00000000c6500000, 0x00000000c6500000|100%|HC|  |TAMS 0x00000000c6500000, 0x00000000c6400000| Complete 
| 101|0x00000000c6500000, 0x00000000c6600000, 0x00000000c6600000|100%|HC|  |TAMS 0x00000000c6600000, 0x00000000c6500000| Complete 
| 102|0x00000000c6600000, 0x00000000c6700000, 0x00000000c6700000|100%|HC|  |TAMS 0x00000000c6700000, 0x00000000c6600000| Complete 
| 103|0x00000000c6700000, 0x00000000c6800000, 0x00000000c6800000|100%|HC|  |TAMS 0x00000000c6800000, 0x00000000c6700000| Complete 
| 104|0x00000000c6800000, 0x00000000c6900000, 0x00000000c6900000|100%|HC|  |TAMS 0x00000000c6900000, 0x00000000c6800000| Complete 
| 105|0x00000000c6900000, 0x00000000c6a00000, 0x00000000c6a00000|100%|HC|  |TAMS 0x00000000c6a00000, 0x00000000c6900000| Complete 
| 106|0x00000000c6a00000, 0x00000000c6b00000, 0x00000000c6b00000|100%|HC|  |TAMS 0x00000000c6b00000, 0x00000000c6a00000| Complete 
| 107|0x00000000c6b00000, 0x00000000c6c00000, 0x00000000c6c00000|100%|HC|  |TAMS 0x00000000c6c00000, 0x00000000c6b00000| Complete 
| 108|0x00000000c6c00000, 0x00000000c6d00000, 0x00000000c6d00000|100%|HC|  |TAMS 0x00000000c6d00000, 0x00000000c6c00000| Complete 
| 109|0x00000000c6d00000, 0x00000000c6e00000, 0x00000000c6e00000|100%|HC|  |TAMS 0x00000000c6e00000, 0x00000000c6d00000| Complete 
| 110|0x00000000c6e00000, 0x00000000c6f00000, 0x00000000c6f00000|100%|HC|  |TAMS 0x00000000c6f00000, 0x00000000c6e00000| Complete 
| 111|0x00000000c6f00000, 0x00000000c7000000, 0x00000000c7000000|100%|HC|  |TAMS 0x00000000c7000000, 0x00000000c6f00000| Complete 
| 112|0x00000000c7000000, 0x00000000c7100000, 0x00000000c7100000|100%|HC|  |TAMS 0x00000000c7100000, 0x00000000c7000000| Complete 
| 113|0x00000000c7100000, 0x00000000c7200000, 0x00000000c7200000|100%|HC|  |TAMS 0x00000000c7200000, 0x00000000c7100000| Complete 
| 114|0x00000000c7200000, 0x00000000c7300000, 0x00000000c7300000|100%|HC|  |TAMS 0x00000000c7300000, 0x00000000c7200000| Complete 
| 115|0x00000000c7300000, 0x00000000c7400000, 0x00000000c7400000|100%|HS|  |TAMS 0x00000000c7400000, 0x00000000c7300000| Complete 
| 116|0x00000000c7400000, 0x00000000c7500000, 0x00000000c7500000|100%|HC|  |TAMS 0x00000000c7500000, 0x00000000c7400000| Complete 
| 117|0x00000000c7500000, 0x00000000c7600000, 0x00000000c7600000|100%|HC|  |TAMS 0x00000000c7600000, 0x00000000c7500000| Complete 
| 118|0x00000000c7600000, 0x00000000c7700000, 0x00000000c7700000|100%|HC|  |TAMS 0x00000000c7700000, 0x00000000c7600000| Complete 
| 119|0x00000000c7700000, 0x00000000c7800000, 0x00000000c7800000|100%|HC|  |TAMS 0x00000000c7800000, 0x00000000c7700000| Complete 
| 120|0x00000000c7800000, 0x00000000c7900000, 0x00000000c7900000|100%|HC|  |TAMS 0x00000000c7900000, 0x00000000c7800000| Complete 
| 121|0x00000000c7900000, 0x00000000c7a00000, 0x00000000c7a00000|100%|HC|  |TAMS 0x00000000c7a00000, 0x00000000c7900000| Complete 
| 122|0x00000000c7a00000, 0x00000000c7b00000, 0x00000000c7b00000|100%|HC|  |TAMS 0x00000000c7b00000, 0x00000000c7a00000| Complete 
| 123|0x00000000c7b00000, 0x00000000c7c00000, 0x00000000c7c00000|100%|HC|  |TAMS 0x00000000c7c00000, 0x00000000c7b00000| Complete 
| 124|0x00000000c7c00000, 0x00000000c7d00000, 0x00000000c7d00000|100%|HS|  |TAMS 0x00000000c7d00000, 0x00000000c7c00000| Complete 
| 125|0x00000000c7d00000, 0x00000000c7e00000, 0x00000000c7e00000|100%|HC|  |TAMS 0x00000000c7e00000, 0x00000000c7d00000| Complete 
| 126|0x00000000c7e00000, 0x00000000c7f00000, 0x00000000c7f00000|100%|HC|  |TAMS 0x00000000c7f00000, 0x00000000c7e00000| Complete 
| 127|0x00000000c7f00000, 0x00000000c8000000, 0x00000000c8000000|100%|HC|  |TAMS 0x00000000c8000000, 0x00000000c7f00000| Complete 
| 128|0x00000000c8000000, 0x00000000c8100000, 0x00000000c8100000|100%|HC|  |TAMS 0x00000000c8100000, 0x00000000c8000000| Complete 
| 129|0x00000000c8100000, 0x00000000c8200000, 0x00000000c8200000|100%|HC|  |TAMS 0x00000000c8200000, 0x00000000c8100000| Complete 
| 130|0x00000000c8200000, 0x00000000c8300000, 0x00000000c8300000|100%|HC|  |TAMS 0x00000000c8300000, 0x00000000c8200000| Complete 
| 131|0x00000000c8300000, 0x00000000c8400000, 0x00000000c8400000|100%|HC|  |TAMS 0x00000000c8400000, 0x00000000c8300000| Complete 
| 132|0x00000000c8400000, 0x00000000c8500000, 0x00000000c8500000|100%|HC|  |TAMS 0x00000000c8500000, 0x00000000c8400000| Complete 
| 133|0x00000000c8500000, 0x00000000c8600000, 0x00000000c8600000|100%|HS|  |TAMS 0x00000000c8600000, 0x00000000c8500000| Complete 
| 134|0x00000000c8600000, 0x00000000c8700000, 0x00000000c8700000|100%|HC|  |TAMS 0x00000000c8700000, 0x00000000c8600000| Complete 
| 135|0x00000000c8700000, 0x00000000c8800000, 0x00000000c8800000|100%|HC|  |TAMS 0x00000000c8800000, 0x00000000c8700000| Complete 
| 136|0x00000000c8800000, 0x00000000c8900000, 0x00000000c8900000|100%|HC|  |TAMS 0x00000000c8900000, 0x00000000c8800000| Complete 
| 137|0x00000000c8900000, 0x00000000c8a00000, 0x00000000c8a00000|100%|HC|  |TAMS 0x00000000c8a00000, 0x00000000c8900000| Complete 
| 138|0x00000000c8a00000, 0x00000000c8b00000, 0x00000000c8b00000|100%|HC|  |TAMS 0x00000000c8b00000, 0x00000000c8a00000| Complete 
| 139|0x00000000c8b00000, 0x00000000c8c00000, 0x00000000c8c00000|100%|HC|  |TAMS 0x00000000c8c00000, 0x00000000c8b00000| Complete 
| 140|0x00000000c8c00000, 0x00000000c8d00000, 0x00000000c8d00000|100%|HC|  |TAMS 0x00000000c8d00000, 0x00000000c8c00000| Complete 
| 141|0x00000000c8d00000, 0x00000000c8e00000, 0x00000000c8e00000|100%|HC|  |TAMS 0x00000000c8e00000, 0x00000000c8d00000| Complete 
| 142|0x00000000c8e00000, 0x00000000c8f00000, 0x00000000c8f00000|100%|HS|  |TAMS 0x00000000c8f00000, 0x00000000c8e00000| Complete 
| 143|0x00000000c8f00000, 0x00000000c9000000, 0x00000000c9000000|100%|HC|  |TAMS 0x00000000c9000000, 0x00000000c8f00000| Complete 
| 144|0x00000000c9000000, 0x00000000c9100000, 0x00000000c9100000|100%|HC|  |TAMS 0x00000000c9100000, 0x00000000c9000000| Complete 
| 145|0x00000000c9100000, 0x00000000c9200000, 0x00000000c9200000|100%|HC|  |TAMS 0x00000000c9200000, 0x00000000c9100000| Complete 
| 146|0x00000000c9200000, 0x00000000c9300000, 0x00000000c9300000|100%|HC|  |TAMS 0x00000000c9300000, 0x00000000c9200000| Complete 
| 147|0x00000000c9300000, 0x00000000c9400000, 0x00000000c9400000|100%|HC|  |TAMS 0x00000000c9400000, 0x00000000c9300000| Complete 
| 148|0x00000000c9400000, 0x00000000c9500000, 0x00000000c9500000|100%|HC|  |TAMS 0x00000000c9500000, 0x00000000c9400000| Complete 
| 149|0x00000000c9500000, 0x00000000c9600000, 0x00000000c9600000|100%|HC|  |TAMS 0x00000000c9600000, 0x00000000c9500000| Complete 
| 150|0x00000000c9600000, 0x00000000c9700000, 0x00000000c9700000|100%|HC|  |TAMS 0x00000000c9700000, 0x00000000c9600000| Complete 
| 151|0x00000000c9700000, 0x00000000c9800000, 0x00000000c9800000|100%|HS|  |TAMS 0x00000000c9800000, 0x00000000c9700000| Complete 
| 152|0x00000000c9800000, 0x00000000c9900000, 0x00000000c9900000|100%|HC|  |TAMS 0x00000000c9900000, 0x00000000c9800000| Complete 
| 153|0x00000000c9900000, 0x00000000c9a00000, 0x00000000c9a00000|100%|HC|  |TAMS 0x00000000c9a00000, 0x00000000c9900000| Complete 
| 154|0x00000000c9a00000, 0x00000000c9b00000, 0x00000000c9b00000|100%|HC|  |TAMS 0x00000000c9b00000, 0x00000000c9a00000| Complete 
| 155|0x00000000c9b00000, 0x00000000c9c00000, 0x00000000c9c00000|100%|HC|  |TAMS 0x00000000c9c00000, 0x00000000c9b00000| Complete 
| 156|0x00000000c9c00000, 0x00000000c9d00000, 0x00000000c9d00000|100%|HC|  |TAMS 0x00000000c9d00000, 0x00000000c9c00000| Complete 
| 157|0x00000000c9d00000, 0x00000000c9e00000, 0x00000000c9e00000|100%|HC|  |TAMS 0x00000000c9e00000, 0x00000000c9d00000| Complete 
| 158|0x00000000c9e00000, 0x00000000c9f00000, 0x00000000c9f00000|100%|HC|  |TAMS 0x00000000c9f00000, 0x00000000c9e00000| Complete 
| 159|0x00000000c9f00000, 0x00000000ca000000, 0x00000000ca000000|100%|HC|  |TAMS 0x00000000ca000000, 0x00000000c9f00000| Complete 
| 160|0x00000000ca000000, 0x00000000ca000000, 0x00000000ca100000|  0%| F|  |TAMS 0x00000000ca000000, 0x00000000ca000000| Untracked 
| 161|0x00000000ca100000, 0x00000000ca100000, 0x00000000ca200000|  0%| F|  |TAMS 0x00000000ca100000, 0x00000000ca100000| Untracked 
| 162|0x00000000ca200000, 0x00000000ca200000, 0x00000000ca300000|  0%| F|  |TAMS 0x00000000ca200000, 0x00000000ca200000| Untracked 
| 163|0x00000000ca300000, 0x00000000ca300000, 0x00000000ca400000|  0%| F|  |TAMS 0x00000000ca300000, 0x00000000ca300000| Untracked 
| 164|0x00000000ca400000, 0x00000000ca400000, 0x00000000ca500000|  0%| F|  |TAMS 0x00000000ca400000, 0x00000000ca400000| Untracked 
| 165|0x00000000ca500000, 0x00000000ca500000, 0x00000000ca600000|  0%| F|  |TAMS 0x00000000ca500000, 0x00000000ca500000| Untracked 
| 166|0x00000000ca600000, 0x00000000ca600000, 0x00000000ca700000|  0%| F|  |TAMS 0x00000000ca600000, 0x00000000ca600000| Untracked 
| 167|0x00000000ca700000, 0x00000000ca700000, 0x00000000ca800000|  0%| F|  |TAMS 0x00000000ca700000, 0x00000000ca700000| Untracked 
| 168|0x00000000ca800000, 0x00000000ca800000, 0x00000000ca900000|  0%| F|  |TAMS 0x00000000ca800000, 0x00000000ca800000| Untracked 
| 169|0x00000000ca900000, 0x00000000ca900000, 0x00000000caa00000|  0%| F|  |TAMS 0x00000000ca900000, 0x00000000ca900000| Untracked 
| 170|0x00000000caa00000, 0x00000000caa00000, 0x00000000cab00000|  0%| F|  |TAMS 0x00000000caa00000, 0x00000000caa00000| Untracked 
| 171|0x00000000cab00000, 0x00000000cab00000, 0x00000000cac00000|  0%| F|  |TAMS 0x00000000cab00000, 0x00000000cab00000| Untracked 
| 172|0x00000000cac00000, 0x00000000cac00000, 0x00000000cad00000|  0%| F|  |TAMS 0x00000000cac00000, 0x00000000cac00000| Untracked 
| 173|0x00000000cad00000, 0x00000000cad00000, 0x00000000cae00000|  0%| F|  |TAMS 0x00000000cad00000, 0x00000000cad00000| Untracked 
| 174|0x00000000cae00000, 0x00000000cae00000, 0x00000000caf00000|  0%| F|  |TAMS 0x00000000cae00000, 0x00000000cae00000| Untracked 
| 175|0x00000000caf00000, 0x00000000caf00000, 0x00000000cb000000|  0%| F|  |TAMS 0x00000000caf00000, 0x00000000caf00000| Untracked 
| 176|0x00000000cb000000, 0x00000000cb000000, 0x00000000cb100000|  0%| F|  |TAMS 0x00000000cb000000, 0x00000000cb000000| Untracked 
| 177|0x00000000cb100000, 0x00000000cb100000, 0x00000000cb200000|  0%| F|  |TAMS 0x00000000cb100000, 0x00000000cb100000| Untracked 
| 178|0x00000000cb200000, 0x00000000cb200000, 0x00000000cb300000|  0%| F|  |TAMS 0x00000000cb200000, 0x00000000cb200000| Untracked 
| 179|0x00000000cb300000, 0x00000000cb3eb200, 0x00000000cb400000| 91%| S|CS|TAMS 0x00000000cb300000, 0x00000000cb300000| Complete 
| 180|0x00000000cb400000, 0x00000000cb500000, 0x00000000cb500000|100%| S|CS|TAMS 0x00000000cb400000, 0x00000000cb400000| Complete 
| 181|0x00000000cb500000, 0x00000000cb600000, 0x00000000cb600000|100%| S|CS|TAMS 0x00000000cb500000, 0x00000000cb500000| Complete 
| 182|0x00000000cb600000, 0x00000000cb700000, 0x00000000cb700000|100%| S|CS|TAMS 0x00000000cb600000, 0x00000000cb600000| Complete 
| 183|0x00000000cb700000, 0x00000000cb700000, 0x00000000cb800000|  0%| F|  |TAMS 0x00000000cb700000, 0x00000000cb700000| Untracked 
| 184|0x00000000cb800000, 0x00000000cb800000, 0x00000000cb900000|  0%| F|  |TAMS 0x00000000cb800000, 0x00000000cb800000| Untracked 
| 185|0x00000000cb900000, 0x00000000cb900000, 0x00000000cba00000|  0%| F|  |TAMS 0x00000000cb900000, 0x00000000cb900000| Untracked 
| 186|0x00000000cba00000, 0x00000000cba00000, 0x00000000cbb00000|  0%| F|  |TAMS 0x00000000cba00000, 0x00000000cba00000| Untracked 
| 187|0x00000000cbb00000, 0x00000000cbb00000, 0x00000000cbc00000|  0%| F|  |TAMS 0x00000000cbb00000, 0x00000000cbb00000| Untracked 
| 188|0x00000000cbc00000, 0x00000000cbc00000, 0x00000000cbd00000|  0%| F|  |TAMS 0x00000000cbc00000, 0x00000000cbc00000| Untracked 
| 189|0x00000000cbd00000, 0x00000000cbd00000, 0x00000000cbe00000|  0%| F|  |TAMS 0x00000000cbd00000, 0x00000000cbd00000| Untracked 
| 190|0x00000000cbe00000, 0x00000000cbe00000, 0x00000000cbf00000|  0%| F|  |TAMS 0x00000000cbe00000, 0x00000000cbe00000| Untracked 
| 191|0x00000000cbf00000, 0x00000000cbf00000, 0x00000000cc000000|  0%| F|  |TAMS 0x00000000cbf00000, 0x00000000cbf00000| Untracked 
| 192|0x00000000cc000000, 0x00000000cc000000, 0x00000000cc100000|  0%| F|  |TAMS 0x00000000cc000000, 0x00000000cc000000| Untracked 
| 193|0x00000000cc100000, 0x00000000cc100000, 0x00000000cc200000|  0%| F|  |TAMS 0x00000000cc100000, 0x00000000cc100000| Untracked 
| 194|0x00000000cc200000, 0x00000000cc200000, 0x00000000cc300000|  0%| F|  |TAMS 0x00000000cc200000, 0x00000000cc200000| Untracked 
| 195|0x00000000cc300000, 0x00000000cc300000, 0x00000000cc400000|  0%| F|  |TAMS 0x00000000cc300000, 0x00000000cc300000| Untracked 
| 196|0x00000000cc400000, 0x00000000cc400000, 0x00000000cc500000|  0%| F|  |TAMS 0x00000000cc400000, 0x00000000cc400000| Untracked 
| 197|0x00000000cc500000, 0x00000000cc500000, 0x00000000cc600000|  0%| F|  |TAMS 0x00000000cc500000, 0x00000000cc500000| Untracked 
| 198|0x00000000cc600000, 0x00000000cc600000, 0x00000000cc700000|  0%| F|  |TAMS 0x00000000cc600000, 0x00000000cc600000| Untracked 
| 199|0x00000000cc700000, 0x00000000cc700000, 0x00000000cc800000|  0%| F|  |TAMS 0x00000000cc700000, 0x00000000cc700000| Untracked 
| 200|0x00000000cc800000, 0x00000000cc800000, 0x00000000cc900000|  0%| F|  |TAMS 0x00000000cc800000, 0x00000000cc800000| Untracked 
| 201|0x00000000cc900000, 0x00000000cc900000, 0x00000000cca00000|  0%| F|  |TAMS 0x00000000cc900000, 0x00000000cc900000| Untracked 
| 202|0x00000000cca00000, 0x00000000cca00000, 0x00000000ccb00000|  0%| F|  |TAMS 0x00000000cca00000, 0x00000000cca00000| Untracked 
| 203|0x00000000ccb00000, 0x00000000ccb00000, 0x00000000ccc00000|  0%| F|  |TAMS 0x00000000ccb00000, 0x00000000ccb00000| Untracked 
| 204|0x00000000ccc00000, 0x00000000ccc00000, 0x00000000ccd00000|  0%| F|  |TAMS 0x00000000ccc00000, 0x00000000ccc00000| Untracked 
| 205|0x00000000ccd00000, 0x00000000ccd00000, 0x00000000cce00000|  0%| F|  |TAMS 0x00000000ccd00000, 0x00000000ccd00000| Untracked 
| 206|0x00000000cce00000, 0x00000000cce00000, 0x00000000ccf00000|  0%| F|  |TAMS 0x00000000cce00000, 0x00000000cce00000| Untracked 
| 207|0x00000000ccf00000, 0x00000000ccf00000, 0x00000000cd000000|  0%| F|  |TAMS 0x00000000ccf00000, 0x00000000ccf00000| Untracked 
| 208|0x00000000cd000000, 0x00000000cd000000, 0x00000000cd100000|  0%| F|  |TAMS 0x00000000cd000000, 0x00000000cd000000| Untracked 
| 209|0x00000000cd100000, 0x00000000cd100000, 0x00000000cd200000|  0%| F|  |TAMS 0x00000000cd100000, 0x00000000cd100000| Untracked 
| 210|0x00000000cd200000, 0x00000000cd200000, 0x00000000cd300000|  0%| F|  |TAMS 0x00000000cd200000, 0x00000000cd200000| Untracked 
| 211|0x00000000cd300000, 0x00000000cd322020, 0x00000000cd400000| 13%| E|  |TAMS 0x00000000cd300000, 0x00000000cd300000| Complete 
| 212|0x00000000cd400000, 0x00000000cd500000, 0x00000000cd500000|100%| E|CS|TAMS 0x00000000cd400000, 0x00000000cd400000| Complete 
| 213|0x00000000cd500000, 0x00000000cd600000, 0x00000000cd600000|100%| E|CS|TAMS 0x00000000cd500000, 0x00000000cd500000| Complete 
| 214|0x00000000cd600000, 0x00000000cd700000, 0x00000000cd700000|100%| E|CS|TAMS 0x00000000cd600000, 0x00000000cd600000| Complete 
| 215|0x00000000cd700000, 0x00000000cd800000, 0x00000000cd800000|100%| E|CS|TAMS 0x00000000cd700000, 0x00000000cd700000| Complete 
| 216|0x00000000cd800000, 0x00000000cd900000, 0x00000000cd900000|100%| E|CS|TAMS 0x00000000cd800000, 0x00000000cd800000| Complete 
| 217|0x00000000cd900000, 0x00000000cda00000, 0x00000000cda00000|100%| E|CS|TAMS 0x00000000cd900000, 0x00000000cd900000| Complete 
| 218|0x00000000cda00000, 0x00000000cdb00000, 0x00000000cdb00000|100%| E|CS|TAMS 0x00000000cda00000, 0x00000000cda00000| Complete 
| 219|0x00000000cdb00000, 0x00000000cdc00000, 0x00000000cdc00000|100%| E|CS|TAMS 0x00000000cdb00000, 0x00000000cdb00000| Complete 
| 220|0x00000000cdc00000, 0x00000000cdd00000, 0x00000000cdd00000|100%| E|CS|TAMS 0x00000000cdc00000, 0x00000000cdc00000| Complete 
| 221|0x00000000cdd00000, 0x00000000cde00000, 0x00000000cde00000|100%| E|CS|TAMS 0x00000000cdd00000, 0x00000000cdd00000| Complete 
| 222|0x00000000cde00000, 0x00000000cdf00000, 0x00000000cdf00000|100%| E|CS|TAMS 0x00000000cde00000, 0x00000000cde00000| Complete 
| 223|0x00000000cdf00000, 0x00000000ce000000, 0x00000000ce000000|100%| E|CS|TAMS 0x00000000cdf00000, 0x00000000cdf00000| Complete 
| 224|0x00000000ce000000, 0x00000000ce100000, 0x00000000ce100000|100%| E|CS|TAMS 0x00000000ce000000, 0x00000000ce000000| Complete 
| 225|0x00000000ce100000, 0x00000000ce200000, 0x00000000ce200000|100%| E|CS|TAMS 0x00000000ce100000, 0x00000000ce100000| Complete 
| 226|0x00000000ce200000, 0x00000000ce300000, 0x00000000ce300000|100%| E|CS|TAMS 0x00000000ce200000, 0x00000000ce200000| Complete 
| 227|0x00000000ce300000, 0x00000000ce400000, 0x00000000ce400000|100%| E|CS|TAMS 0x00000000ce300000, 0x00000000ce300000| Complete 
| 228|0x00000000ce400000, 0x00000000ce500000, 0x00000000ce500000|100%| E|CS|TAMS 0x00000000ce400000, 0x00000000ce400000| Complete 
| 229|0x00000000ce500000, 0x00000000ce600000, 0x00000000ce600000|100%| E|CS|TAMS 0x00000000ce500000, 0x00000000ce500000| Complete 
| 230|0x00000000ce600000, 0x00000000ce700000, 0x00000000ce700000|100%| E|CS|TAMS 0x00000000ce600000, 0x00000000ce600000| Complete 
| 231|0x00000000ce700000, 0x00000000ce800000, 0x00000000ce800000|100%| E|CS|TAMS 0x00000000ce700000, 0x00000000ce700000| Complete 
| 232|0x00000000ce800000, 0x00000000ce900000, 0x00000000ce900000|100%| E|CS|TAMS 0x00000000ce800000, 0x00000000ce800000| Complete 
| 233|0x00000000ce900000, 0x00000000cea00000, 0x00000000cea00000|100%| E|CS|TAMS 0x00000000ce900000, 0x00000000ce900000| Complete 
| 234|0x00000000cea00000, 0x00000000ceb00000, 0x00000000ceb00000|100%| E|CS|TAMS 0x00000000cea00000, 0x00000000cea00000| Complete 
| 235|0x00000000ceb00000, 0x00000000cec00000, 0x00000000cec00000|100%| E|CS|TAMS 0x00000000ceb00000, 0x00000000ceb00000| Complete 
| 236|0x00000000cec00000, 0x00000000ced00000, 0x00000000ced00000|100%| E|CS|TAMS 0x00000000cec00000, 0x00000000cec00000| Complete 
| 237|0x00000000ced00000, 0x00000000cee00000, 0x00000000cee00000|100%| E|CS|TAMS 0x00000000ced00000, 0x00000000ced00000| Complete 
| 238|0x00000000cee00000, 0x00000000cef00000, 0x00000000cef00000|100%| E|CS|TAMS 0x00000000cee00000, 0x00000000cee00000| Complete 
| 239|0x00000000cef00000, 0x00000000cf000000, 0x00000000cf000000|100%| E|CS|TAMS 0x00000000cef00000, 0x00000000cef00000| Complete 
| 240|0x00000000cf000000, 0x00000000cf100000, 0x00000000cf100000|100%| E|CS|TAMS 0x00000000cf000000, 0x00000000cf000000| Complete 
| 241|0x00000000cf100000, 0x00000000cf200000, 0x00000000cf200000|100%| E|CS|TAMS 0x00000000cf100000, 0x00000000cf100000| Complete 
| 242|0x00000000cf200000, 0x00000000cf300000, 0x00000000cf300000|100%| E|CS|TAMS 0x00000000cf200000, 0x00000000cf200000| Complete 
| 243|0x00000000cf300000, 0x00000000cf400000, 0x00000000cf400000|100%| E|CS|TAMS 0x00000000cf300000, 0x00000000cf300000| Complete 
| 244|0x00000000cf400000, 0x00000000cf500000, 0x00000000cf500000|100%| E|CS|TAMS 0x00000000cf400000, 0x00000000cf400000| Complete 
| 245|0x00000000cf500000, 0x00000000cf600000, 0x00000000cf600000|100%| E|CS|TAMS 0x00000000cf500000, 0x00000000cf500000| Complete 
| 246|0x00000000cf600000, 0x00000000cf700000, 0x00000000cf700000|100%| E|CS|TAMS 0x00000000cf600000, 0x00000000cf600000| Complete 
| 247|0x00000000cf700000, 0x00000000cf800000, 0x00000000cf800000|100%| E|CS|TAMS 0x00000000cf700000, 0x00000000cf700000| Complete 
| 248|0x00000000cf800000, 0x00000000cf900000, 0x00000000cf900000|100%| E|CS|TAMS 0x00000000cf800000, 0x00000000cf800000| Complete 
| 249|0x00000000cf900000, 0x00000000cfa00000, 0x00000000cfa00000|100%| E|CS|TAMS 0x00000000cf900000, 0x00000000cf900000| Complete 
| 250|0x00000000cfa00000, 0x00000000cfb00000, 0x00000000cfb00000|100%| E|CS|TAMS 0x00000000cfa00000, 0x00000000cfa00000| Complete 
| 251|0x00000000cfb00000, 0x00000000cfc00000, 0x00000000cfc00000|100%| E|CS|TAMS 0x00000000cfb00000, 0x00000000cfb00000| Complete 
| 252|0x00000000cfc00000, 0x00000000cfd00000, 0x00000000cfd00000|100%| E|CS|TAMS 0x00000000cfc00000, 0x00000000cfc00000| Complete 
| 253|0x00000000cfd00000, 0x00000000cfe00000, 0x00000000cfe00000|100%| E|CS|TAMS 0x00000000cfd00000, 0x00000000cfd00000| Complete 
| 254|0x00000000cfe00000, 0x00000000cff00000, 0x00000000cff00000|100%| E|CS|TAMS 0x00000000cfe00000, 0x00000000cfe00000| Complete 
| 255|0x00000000cff00000, 0x00000000d0000000, 0x00000000d0000000|100%| E|CS|TAMS 0x00000000cff00000, 0x00000000cff00000| Complete 
| 256|0x00000000d0000000, 0x00000000d0100000, 0x00000000d0100000|100%| E|CS|TAMS 0x00000000d0000000, 0x00000000d0000000| Complete 
| 257|0x00000000d0100000, 0x00000000d0200000, 0x00000000d0200000|100%| E|CS|TAMS 0x00000000d0100000, 0x00000000d0100000| Complete 
| 258|0x00000000d0200000, 0x00000000d0300000, 0x00000000d0300000|100%| E|CS|TAMS 0x00000000d0200000, 0x00000000d0200000| Complete 
| 259|0x00000000d0300000, 0x00000000d0400000, 0x00000000d0400000|100%| E|CS|TAMS 0x00000000d0300000, 0x00000000d0300000| Complete 
| 260|0x00000000d0400000, 0x00000000d0500000, 0x00000000d0500000|100%| E|CS|TAMS 0x00000000d0400000, 0x00000000d0400000| Complete 
| 261|0x00000000d0500000, 0x00000000d0600000, 0x00000000d0600000|100%| E|CS|TAMS 0x00000000d0500000, 0x00000000d0500000| Complete 
| 262|0x00000000d0600000, 0x00000000d0700000, 0x00000000d0700000|100%| E|CS|TAMS 0x00000000d0600000, 0x00000000d0600000| Complete 
| 263|0x00000000d0700000, 0x00000000d0800000, 0x00000000d0800000|100%| E|CS|TAMS 0x00000000d0700000, 0x00000000d0700000| Complete 
| 264|0x00000000d0800000, 0x00000000d0900000, 0x00000000d0900000|100%| E|CS|TAMS 0x00000000d0800000, 0x00000000d0800000| Complete 
| 265|0x00000000d0900000, 0x00000000d0a00000, 0x00000000d0a00000|100%| E|CS|TAMS 0x00000000d0900000, 0x00000000d0900000| Complete 
| 266|0x00000000d0a00000, 0x00000000d0b00000, 0x00000000d0b00000|100%| E|CS|TAMS 0x00000000d0a00000, 0x00000000d0a00000| Complete 
| 267|0x00000000d0b00000, 0x00000000d0c00000, 0x00000000d0c00000|100%| E|CS|TAMS 0x00000000d0b00000, 0x00000000d0b00000| Complete 
|1022|0x00000000ffe00000, 0x00000000fff00000, 0x00000000fff00000|100%| E|CS|TAMS 0x00000000ffe00000, 0x00000000ffe00000| Complete 
|1023|0x00000000fff00000, 0x0000000100000000, 0x0000000100000000|100%| E|CS|TAMS 0x00000000fff00000, 0x00000000fff00000| Complete 

Card table byte_map: [0x000001fcf8d80000,0x000001fcf8f80000] _byte_map_base: 0x000001fcf8780000

Marking Bits (Prev, Next): (CMBitMap*) 0x000001fce1d5d840, (CMBitMap*) 0x000001fce1d5d880
 Prev Bits: [0x000001fcf9180000, 0x000001fcfa180000)
 Next Bits: [0x000001fcfa180000, 0x000001fcfb180000)

Polling page: 0x000001fcdfb90000

Metaspace:

Usage:
  Non-class:     12.05 MB used.
      Class:    918.72 KB used.
       Both:     12.95 MB used.

Virtual space:
  Non-class space:       64.00 MB reserved,      12.19 MB ( 19%) committed,  1 nodes.
      Class space:        1.00 GB reserved,       1.00 MB ( <1%) committed,  1 nodes.
             Both:        1.06 GB reserved,      13.19 MB (  1%) committed. 

Chunk freelists:
   Non-Class:  3.30 MB
       Class:  14.91 MB
        Both:  18.21 MB

MaxMetaspaceSize: unlimited
CompressedClassSpaceSize: 1.00 GB
Initial GC threshold: 21.00 MB
Current GC threshold: 21.88 MB
CDS: on
MetaspaceReclaimPolicy: balanced
 - commit_granule_bytes: 65536.
 - commit_granule_words: 8192.
 - virtual_space_node_default_size: 8388608.
 - enlarge_chunks_in_place: 1.
 - new_chunks_are_fully_committed: 0.
 - uncommit_free_chunks: 1.
 - use_allocation_guard: 0.
 - handle_deallocations: 1.


Internal statistics:

num_allocs_failed_limit: 0.
num_arena_births: 106.
num_arena_deaths: 0.
num_vsnodes_births: 2.
num_vsnodes_deaths: 0.
num_space_committed: 207.
num_space_uncommitted: 0.
num_chunks_returned_to_freelist: 0.
num_chunks_taken_from_freelist: 394.
num_chunk_merges: 0.
num_chunk_splits: 312.
num_chunks_enlarged: 250.
num_inconsistent_stats: 0.

CodeHeap 'non-profiled nmethods': size=120000Kb used=917Kb max_used=917Kb free=119082Kb
 bounds [0x000001fcf1320000, 0x000001fcf1590000, 0x000001fcf8850000]
CodeHeap 'profiled nmethods': size=120000Kb used=3686Kb max_used=3686Kb free=116313Kb
 bounds [0x000001fce9850000, 0x000001fce9bf0000, 0x000001fcf0d80000]
CodeHeap 'non-nmethods': size=5760Kb used=1611Kb max_used=1647Kb free=4148Kb
 bounds [0x000001fcf0d80000, 0x000001fcf0ff0000, 0x000001fcf1320000]
 total_blobs=2773 nmethods=1835 adapters=851
 compilation: enabled
              stopped_count=0, restarted_count=0
 full_count=0

Compilation events (20 events):
Event: 46.263 Thread 0x000001fcfdbb4eb0 1825       3       processing.opengl.PGraphicsOpenGL::scaleImpl (31 bytes)
Event: 46.263 Thread 0x000001fcfdbb4eb0 nmethod 1825 0x000001fce9be6f10 code [0x000001fce9be70c0, 0x000001fce9be72e8]
Event: 46.263 Thread 0x000001fcfdbb4eb0 1826       3       processing.opengl.PGraphicsOpenGL::invScale (27 bytes)
Event: 46.263 Thread 0x000001fcfdbb4eb0 nmethod 1826 0x000001fce9be7410 code [0x000001fce9be7620, 0x000001fce9be7808]
Event: 46.263 Thread 0x000001fcfdbb4eb0 1828       3       processing.opengl.PGraphicsOpenGL::beginShape (37 bytes)
Event: 46.263 Thread 0x000001fcfdbb4eb0 nmethod 1828 0x000001fce9be7910 code [0x000001fce9be7ac0, 0x000001fce9be7d18]
Event: 46.263 Thread 0x000001fcfdbb4eb0 1829       3       Gravity_simul$QuadTree::<init> (28 bytes)
Event: 46.264 Thread 0x000001fcfdbb4eb0 nmethod 1829 0x000001fce9be7e10 code [0x000001fce9be7fe0, 0x000001fce9be8308]
Event: 46.324 Thread 0x000001fcfdbb4eb0 1830       3       processing.opengl.PGraphicsOpenGL$TexCache::addTexture (85 bytes)
Event: 46.324 Thread 0x000001fcfdbb4eb0 nmethod 1830 0x000001fce9be8410 code [0x000001fce9be85e0, 0x000001fce9be8a28]
Event: 46.324 Thread 0x000001fcfdbb4eb0 1831       3       processing.opengl.PGraphicsOpenGL$TexCache::arrayCheck (45 bytes)
Event: 46.324 Thread 0x000001fcfdbb4eb0 nmethod 1831 0x000001fce9be8d10 code [0x000001fce9be8f00, 0x000001fce9be91c8]
Event: 48.369 Thread 0x000001fcfdbb08c0 1832       4       jogamp.opengl.gl4.GL4bcImpl::glGetError (43 bytes)
Event: 48.370 Thread 0x000001fcfdbb08c0 nmethod 1832 0x000001fcf1405090 code [0x000001fcf1405220, 0x000001fcf1405308]
Event: 50.487 Thread 0x000001fcfdbb08c0 1833       4       java.nio.Buffer::position (52 bytes)
Event: 50.487 Thread 0x000001fcfdbb08c0 nmethod 1833 0x000001fcf1405410 code [0x000001fcf1405580, 0x000001fcf1405658]
Event: 54.724 Thread 0x000001fcfdbb4eb0 1834       3       jdk.internal.misc.Unsafe::getAndAddLong (27 bytes)
Event: 54.724 Thread 0x000001fcfdbb4eb0 nmethod 1834 0x000001fce9be9310 code [0x000001fce9be94c0, 0x000001fce9be9708]
Event: 54.724 Thread 0x000001fcfdbb4eb0 1835       3       jdk.internal.misc.Unsafe::weakCompareAndSetLong (11 bytes)
Event: 54.724 Thread 0x000001fcfdbb4eb0 nmethod 1835 0x000001fce9be9810 code [0x000001fce9be99a0, 0x000001fce9be9ad8]

GC Heap History (20 events):
Event: 41.562 GC heap before
{Heap before GC invocations=63 (full 0):
 garbage-first heap   total 276480K, used 239358K [0x00000000c0000000, 0x0000000100000000)
  region size 1024K, 87 young (89088K), 4 survivors (4096K)
 Metaspace       used 13183K, committed 13440K, reserved 1114112K
  class space    used 914K, committed 1024K, reserved 1048576K
}
Event: 41.564 GC heap after
{Heap after GC invocations=64 (full 0):
 garbage-first heap   total 276480K, used 154391K [0x00000000c0000000, 0x0000000100000000)
  region size 1024K, 4 young (4096K), 4 survivors (4096K)
 Metaspace       used 13183K, committed 13440K, reserved 1114112K
  class space    used 914K, committed 1024K, reserved 1048576K
}
Event: 43.038 GC heap before
{Heap before GC invocations=64 (full 0):
 garbage-first heap   total 276480K, used 239383K [0x00000000c0000000, 0x0000000100000000)
  region size 1024K, 87 young (89088K), 4 survivors (4096K)
 Metaspace       used 13183K, committed 13440K, reserved 1114112K
  class space    used 914K, committed 1024K, reserved 1048576K
}
Event: 43.040 GC heap after
{Heap after GC invocations=65 (full 0):
 garbage-first heap   total 276480K, used 154681K [0x00000000c0000000, 0x0000000100000000)
  region size 1024K, 5 young (5120K), 5 survivors (5120K)
 Metaspace       used 13183K, committed 13440K, reserved 1114112K
  class space    used 914K, committed 1024K, reserved 1048576K
}
Event: 44.351 GC heap before
{Heap before GC invocations=66 (full 0):
 garbage-first heap   total 276480K, used 238649K [0x00000000c0000000, 0x0000000100000000)
  region size 1024K, 87 young (89088K), 5 survivors (5120K)
 Metaspace       used 13183K, committed 13440K, reserved 1114112K
  class space    used 914K, committed 1024K, reserved 1048576K
}
Event: 44.352 GC heap after
{Heap after GC invocations=67 (full 0):
 garbage-first heap   total 276480K, used 154169K [0x00000000c0000000, 0x0000000100000000)
  region size 1024K, 4 young (4096K), 4 survivors (4096K)
 Metaspace       used 13183K, committed 13440K, reserved 1114112K
  class space    used 914K, committed 1024K, reserved 1048576K
}
Event: 45.730 GC heap before
{Heap before GC invocations=67 (full 0):
 garbage-first heap   total 276480K, used 239161K [0x00000000c0000000, 0x0000000100000000)
  region size 1024K, 87 young (89088K), 4 survivors (4096K)
 Metaspace       used 13184K, committed 13440K, reserved 1114112K
  class space    used 914K, committed 1024K, reserved 1048576K
}
Event: 45.732 GC heap after
{Heap after GC invocations=68 (full 0):
 garbage-first heap   total 276480K, used 154243K [0x00000000c0000000, 0x0000000100000000)
  region size 1024K, 4 young (4096K), 4 survivors (4096K)
 Metaspace       used 13184K, committed 13440K, reserved 1114112K
  class space    used 914K, committed 1024K, reserved 1048576K
}
Event: 47.059 GC heap before
{Heap before GC invocations=69 (full 0):
 garbage-first heap   total 276480K, used 239235K [0x00000000c0000000, 0x0000000100000000)
  region size 1024K, 87 young (89088K), 4 survivors (4096K)
 Metaspace       used 13213K, committed 13440K, reserved 1114112K
  class space    used 914K, committed 1024K, reserved 1048576K
}
Event: 47.060 GC heap after
{Heap after GC invocations=70 (full 0):
 garbage-first heap   total 276480K, used 154490K [0x00000000c0000000, 0x0000000100000000)
  region size 1024K, 5 young (5120K), 5 survivors (5120K)
 Metaspace       used 13213K, committed 13440K, reserved 1114112K
  class space    used 914K, committed 1024K, reserved 1048576K
}
Event: 48.384 GC heap before
{Heap before GC invocations=70 (full 0):
 garbage-first heap   total 276480K, used 238458K [0x00000000c0000000, 0x0000000100000000)
  region size 1024K, 87 young (89088K), 5 survivors (5120K)
 Metaspace       used 13213K, committed 13440K, reserved 1114112K
  class space    used 914K, committed 1024K, reserved 1048576K
}
Event: 48.386 GC heap after
{Heap after GC invocations=71 (full 0):
 garbage-first heap   total 276480K, used 154144K [0x00000000c0000000, 0x0000000100000000)
  region size 1024K, 4 young (4096K), 4 survivors (4096K)
 Metaspace       used 13213K, committed 13440K, reserved 1114112K
  class space    used 914K, committed 1024K, reserved 1048576K
}
Event: 49.709 GC heap before
{Heap before GC invocations=72 (full 0):
 garbage-first heap   total 276480K, used 239136K [0x00000000c0000000, 0x0000000100000000)
  region size 1024K, 87 young (89088K), 4 survivors (4096K)
 Metaspace       used 13213K, committed 13440K, reserved 1114112K
  class space    used 914K, committed 1024K, reserved 1048576K
}
Event: 49.710 GC heap after
{Heap after GC invocations=73 (full 0):
 garbage-first heap   total 276480K, used 154241K [0x00000000c0000000, 0x0000000100000000)
  region size 1024K, 4 young (4096K), 4 survivors (4096K)
 Metaspace       used 13213K, committed 13440K, reserved 1114112K
  class space    used 914K, committed 1024K, reserved 1048576K
}
Event: 51.062 GC heap before
{Heap before GC invocations=73 (full 0):
 garbage-first heap   total 276480K, used 239233K [0x00000000c0000000, 0x0000000100000000)
  region size 1024K, 87 young (89088K), 4 survivors (4096K)
 Metaspace       used 13213K, committed 13440K, reserved 1114112K
  class space    used 914K, committed 1024K, reserved 1048576K
}
Event: 51.065 GC heap after
{Heap after GC invocations=74 (full 0):
 garbage-first heap   total 276480K, used 154491K [0x00000000c0000000, 0x0000000100000000)
  region size 1024K, 5 young (5120K), 5 survivors (5120K)
 Metaspace       used 13213K, committed 13440K, reserved 1114112K
  class space    used 914K, committed 1024K, reserved 1048576K
}
Event: 52.406 GC heap before
{Heap before GC invocations=75 (full 0):
 garbage-first heap   total 276480K, used 238459K [0x00000000c0000000, 0x0000000100000000)
  region size 1024K, 87 young (89088K), 5 survivors (5120K)
 Metaspace       used 13213K, committed 13440K, reserved 1114112K
  class space    used 914K, committed 1024K, reserved 1048576K
}
Event: 52.408 GC heap after
{Heap after GC invocations=76 (full 0):
 garbage-first heap   total 276480K, used 154046K [0x00000000c0000000, 0x0000000100000000)
  region size 1024K, 4 young (4096K), 4 survivors (4096K)
 Metaspace       used 13213K, committed 13440K, reserved 1114112K
  class space    used 914K, committed 1024K, reserved 1048576K
}
Event: 53.715 GC heap before
{Heap before GC invocations=76 (full 0):
 garbage-first heap   total 276480K, used 239038K [0x00000000c0000000, 0x0000000100000000)
  region size 1024K, 87 young (89088K), 4 survivors (4096K)
 Metaspace       used 13213K, committed 13440K, reserved 1114112K
  class space    used 914K, committed 1024K, reserved 1048576K
}
Event: 53.717 GC heap after
{Heap after GC invocations=77 (full 0):
 garbage-first heap   total 276480K, used 154319K [0x00000000c0000000, 0x0000000100000000)
  region size 1024K, 4 young (4096K), 4 survivors (4096K)
 Metaspace       used 13213K, committed 13440K, reserved 1114112K
  class space    used 914K, committed 1024K, reserved 1048576K
}

Dll operation events (14 events):
Event: 0.005 Loaded shared library C:\Program Files\Processing\app\resources\jdk-17.0.14+7\bin\java.dll
Event: 0.017 Loaded shared library C:\Program Files\Processing\app\resources\jdk-17.0.14+7\bin\jsvml.dll
Event: 0.101 Loaded shared library C:\Program Files\Processing\app\resources\jdk-17.0.14+7\bin\net.dll
Event: 0.101 Loaded shared library C:\Program Files\Processing\app\resources\jdk-17.0.14+7\bin\nio.dll
Event: 0.103 Loaded shared library C:\Program Files\Processing\app\resources\jdk-17.0.14+7\bin\zip.dll
Event: 0.140 Loaded shared library C:\Program Files\Processing\app\resources\jdk-17.0.14+7\bin\jimage.dll
Event: 0.142 Loaded shared library C:\Program Files\Processing\app\resources\jdk-17.0.14+7\bin\awt.dll
Event: 0.394 Loaded shared library C:\Users\danil\AppData\Local\Temp\jogamp_0000\file_cache\jln568847366014341761\jln13152037669471639946\natives\windows-amd64\gluegen_rt.dll
Event: 0.401 Loaded shared library C:\Program Files\Processing\app\resources\jdk-17.0.14+7\bin\jawt.dll
Event: 0.411 Loaded shared library C:\Users\danil\AppData\Local\Temp\jogamp_0000\file_cache\jln568847366014341761\jln13152037669471639946\natives\windows-amd64\nativewindow_awt.dll
Event: 0.437 Loaded shared library C:\Users\danil\AppData\Local\Temp\jogamp_0000\file_cache\jln568847366014341761\jln13152037669471639946\natives\windows-amd64\nativewindow_win32.dll
Event: 0.513 Loaded shared library C:\Users\danil\AppData\Local\Temp\jogamp_0000\file_cache\jln568847366014341761\jln13152037669471639946\natives\windows-amd64\jogl_desktop.dll
Event: 0.666 Loaded shared library C:\Users\danil\AppData\Local\Temp\jogamp_0000\file_cache\jln568847366014341761\jln13152037669471639946\natives\windows-amd64\jogl_mobile.dll
Event: 1.351 Loaded shared library C:\Users\danil\AppData\Local\Temp\jogamp_0000\file_cache\jln568847366014341761\jln13152037669471639946\natives\windows-amd64\newt_head.dll

Deoptimization events (20 events):
Event: 54.515 Thread 0x000001fcfde668f0 DEOPT PACKING pc=0x000001fce9b2efc1 sp=0x000000dbb3afed70
Event: 54.515 Thread 0x000001fcfde668f0 DEOPT UNPACKING pc=0x000001fcf0ddace3 sp=0x000000dbb3afe260 mode 1
Event: 54.515 Thread 0x000001fcfde668f0 DEOPT PACKING pc=0x000001fce9b2c974 sp=0x000000dbb3afee00
Event: 54.515 Thread 0x000001fcfde668f0 DEOPT UNPACKING pc=0x000001fcf0ddace3 sp=0x000000dbb3afe2a8 mode 1
Event: 54.515 Thread 0x000001fcfde668f0 DEOPT PACKING pc=0x000001fce9b2efc1 sp=0x000000dbb3afee00
Event: 54.515 Thread 0x000001fcfde668f0 DEOPT UNPACKING pc=0x000001fcf0ddace3 sp=0x000000dbb3afe2f0 mode 1
Event: 54.515 Thread 0x000001fcfde668f0 DEOPT PACKING pc=0x000001fce9b2c974 sp=0x000000dbb3afee90
Event: 54.515 Thread 0x000001fcfde668f0 DEOPT UNPACKING pc=0x000001fcf0ddace3 sp=0x000000dbb3afe338 mode 1
Event: 54.604 Thread 0x000001fcfde668f0 DEOPT PACKING pc=0x000001fce9b2efc1 sp=0x000000dbb3afed70
Event: 54.604 Thread 0x000001fcfde668f0 DEOPT UNPACKING pc=0x000001fcf0ddace3 sp=0x000000dbb3afe260 mode 1
Event: 54.604 Thread 0x000001fcfde668f0 DEOPT PACKING pc=0x000001fce9b2c974 sp=0x000000dbb3afee00
Event: 54.604 Thread 0x000001fcfde668f0 DEOPT UNPACKING pc=0x000001fcf0ddace3 sp=0x000000dbb3afe2a8 mode 1
Event: 54.604 Thread 0x000001fcfde668f0 DEOPT PACKING pc=0x000001fce9b2efc1 sp=0x000000dbb3afee00
Event: 54.604 Thread 0x000001fcfde668f0 DEOPT UNPACKING pc=0x000001fcf0ddace3 sp=0x000000dbb3afe2f0 mode 1
Event: 54.604 Thread 0x000001fcfde668f0 DEOPT PACKING pc=0x000001fce9b2c974 sp=0x000000dbb3afee90
Event: 54.604 Thread 0x000001fcfde668f0 DEOPT UNPACKING pc=0x000001fcf0ddace3 sp=0x000000dbb3afe338 mode 1
Event: 54.718 Thread 0x000001fcfde66e00 Uncommon trap: trap_request=0xffffff45 fr.pc=0x000001fcf13e8270 relative=0x00000000000000f0
Event: 54.718 Thread 0x000001fcfde66e00 Uncommon trap: reason=unstable_if action=reinterpret pc=0x000001fcf13e8270 method=com.jogamp.common.util.IntIntHashMap.put(II)I @ 21 c2
Event: 54.718 Thread 0x000001fcfde66e00 DEOPT PACKING pc=0x000001fcf13e8270 sp=0x000000dbb2bff380
Event: 54.718 Thread 0x000001fcfde66e00 DEOPT UNPACKING pc=0x000001fcf0dda1a3 sp=0x000000dbb2bff2e8 mode 2

Classes loaded (20 events):
Event: 1.528 Loading class java/util/concurrent/Callable done
Event: 1.528 Loading class java/util/concurrent/Executors$RunnableAdapter done
Event: 1.528 Loading class java/util/concurrent/ThreadPoolExecutor$Worker
Event: 1.528 Loading class java/util/concurrent/ThreadPoolExecutor$Worker done
Event: 1.539 Loading class java/util/concurrent/locks/AbstractQueuedSynchronizer$SharedNode
Event: 1.539 Loading class java/util/concurrent/locks/AbstractQueuedSynchronizer$SharedNode done
Event: 1.689 Loading class sun/nio/cs/StreamDecoder
Event: 1.689 Loading class sun/nio/cs/StreamDecoder done
Event: 1.690 Loading class java/util/regex/Pattern$LookBehindEndNode
Event: 1.690 Loading class java/util/regex/Pattern$LookBehindEndNode done
Event: 1.690 Loading class java/util/regex/Pattern$NotBehind
Event: 1.690 Loading class java/util/regex/Pattern$NotBehind done
Event: 1.690 Loading class java/util/regex/Pattern$Neg
Event: 1.690 Loading class java/util/regex/Pattern$Neg done
Event: 1.690 Loading class java/util/regex/Pattern$Pos
Event: 1.690 Loading class java/util/regex/Pattern$Pos done
Event: 1.697 Loading class java/util/regex/Pattern$SliceS
Event: 1.697 Loading class java/util/regex/Pattern$SliceS done
Event: 54.693 Loading class java/nio/channels/ClosedChannelException
Event: 54.693 Loading class java/nio/channels/ClosedChannelException done

Classes unloaded (0 events):
No events

Classes redefined (0 events):
No events

Internal exceptions (20 events):
Event: 0.128 Thread 0x000001fce1d1ba80 Exception <a 'java/lang/NoSuchMethodError'{0x00000000c3ce4be0}: 'void java.lang.invoke.DirectMethodHandle$Holder.invokeStatic(java.lang.Object, java.lang.Object, java.lang.Object)'> (0x00000000c3ce4be0) 
thrown [s\src\hotspot\share\interpreter\linkResolver.cpp, line 759]
Event: 0.135 Thread 0x000001fce1d1ba80 Exception <a 'java/lang/ClassNotFoundException'{0x00000000c3b0bbe8}: sun/awt/resources/spi/awtProvider> (0x00000000c3b0bbe8) 
thrown [s\src\hotspot\share\classfile\systemDictionary.cpp, line 256]
Event: 0.149 Thread 0x000001fce1d1ba80 Exception <a 'java/io/FileNotFoundException'{0x00000000c3b61528}> (0x00000000c3b61528) 
thrown [s\src\hotspot\share\prims\jni.cpp, line 516]
Event: 0.153 Thread 0x000001fce1d1ba80 Exception <a 'java/io/FileNotFoundException'{0x00000000c3b8e970}> (0x00000000c3b8e970) 
thrown [s\src\hotspot\share\prims\jni.cpp, line 516]
Event: 0.178 Thread 0x000001fce1d1ba80 Exception <a 'java/lang/NoSuchMethodError'{0x00000000c3a3b960}: 'java.lang.Object java.lang.invoke.DirectMethodHandle$Holder.invokeStaticInit(java.lang.Object)'> (0x00000000c3a3b960) 
thrown [s\src\hotspot\share\interpreter\linkResolver.cpp, line 759]
Event: 0.261 Thread 0x000001fce1d1ba80 Exception <a 'java/lang/NoSuchMethodError'{0x00000000c364a000}: 'java.lang.Object java.lang.invoke.DirectMethodHandle$Holder.invokeStaticInit(java.lang.Object, int, int, int, int)'> (0x00000000c364a000) 
thrown [s\src\hotspot\share\interpreter\linkResolver.cpp, line 759]
Event: 0.295 Thread 0x000001fce1d1ba80 Exception <a 'java/lang/NoSuchMethodError'{0x00000000c3532700}: 'java.lang.Object java.lang.invoke.DirectMethodHandle$Holder.invokeStaticInit(java.lang.Object, java.lang.Object, int, int, int, int)'> (0x00000000c3532700) 
thrown [s\src\hotspot\share\interpreter\linkResolver.cpp, line 759]
Event: 0.314 Thread 0x000001fce1d1ba80 Exception <a 'java/lang/NoSuchMethodError'{0x00000000c353dda0}: 'void java.lang.invoke.DirectMethodHandle$Holder.invokeStatic(java.lang.Object, long)'> (0x00000000c353dda0) 
thrown [s\src\hotspot\share\interpreter\linkResolver.cpp, line 759]
Event: 0.314 Thread 0x000001fce1d1ba80 Exception <a 'java/lang/NoSuchMethodError'{0x00000000c3543380}: 'java.lang.Object java.lang.invoke.DirectMethodHandle$Holder.newInvokeSpecial(java.lang.Object, long)'> (0x00000000c3543380) 
thrown [s\src\hotspot\share\interpreter\linkResolver.cpp, line 759]
Event: 0.316 Thread 0x000001fce1d1ba80 Exception <a 'java/lang/NoSuchMethodError'{0x00000000c354db98}: 'java.lang.Object java.lang.invoke.DirectMethodHandle$Holder.invokeStaticInit(java.lang.Object, java.lang.Object, long, java.lang.Object)'> (0x00000000c354db98) 
thrown [s\src\hotspot\share\interpreter\linkResolver.cpp, line 759]
Event: 0.317 Thread 0x000001fce1d1ba80 Exception <a 'java/lang/NoSuchMethodError'{0x00000000c3554158}: 'java.lang.Object java.lang.invoke.DirectMethodHandle$Holder.newInvokeSpecial(java.lang.Object, java.lang.Object, long)'> (0x00000000c3554158) 
thrown [s\src\hotspot\share\interpreter\linkResolver.cpp, line 759]
Event: 0.317 Thread 0x000001fce1d1ba80 Exception <a 'java/lang/NoSuchMethodError'{0x00000000c3557cc8}: 'java.lang.Object java.lang.invoke.Invokers$Holder.linkToTargetMethod(java.lang.Object, long, java.lang.Object)'> (0x00000000c3557cc8) 
thrown [s\src\hotspot\share\interpreter\linkResolver.cpp, line 759]
Event: 0.421 Thread 0x000001fce1d1ba80 Exception <a 'java/lang/NoSuchMethodError'{0x00000000c34c7d38}: 'java.lang.Object java.lang.invoke.DirectMethodHandle$Holder.invokeInterface(java.lang.Object, java.lang.Object)'> (0x00000000c34c7d38) 
thrown [s\src\hotspot\share\interpreter\linkResolver.cpp, line 759]
Event: 0.421 Thread 0x000001fce1d1ba80 Exception <a 'java/lang/IncompatibleClassChangeError'{0x00000000c34cb658}: Found class java.lang.Object, but interface was expected> (0x00000000c34cb658) 
thrown [s\src\hotspot\share\interpreter\linkResolver.cpp, line 826]
Event: 1.415 Thread 0x000001fce1d1ba80 Exception <a 'java/lang/NoSuchMethodError'{0x00000000c334c418}: 'void java.lang.invoke.DirectMethodHandle$Holder.invokeSpecial(java.lang.Object, java.lang.Object, java.lang.Object, java.lang.Object, java.lang.Object)'> (0x00000000c334c418) 
thrown [s\src\hotspot\share\interpreter\linkResolver.cpp, line 759]
Event: 1.416 Thread 0x000001fce1d1ba80 Exception <a 'java/lang/NoSuchMethodError'{0x00000000c33553a8}: 'void java.lang.invoke.DirectMethodHandle$Holder.invokeSpecial(java.lang.Object, java.lang.Object, java.lang.Object)'> (0x00000000c33553a8) 
thrown [s\src\hotspot\share\interpreter\linkResolver.cpp, line 759]
Event: 1.416 Thread 0x000001fce1d1ba80 Exception <a 'java/lang/NoSuchMethodError'{0x00000000c335b6d8}: 'void java.lang.invoke.DirectMethodHandle$Holder.invokeSpecial(java.lang.Object, java.lang.Object, int)'> (0x00000000c335b6d8) 
thrown [s\src\hotspot\share\interpreter\linkResolver.cpp, line 759]
Event: 1.417 Thread 0x000001fce1d1ba80 Exception <a 'java/lang/NoSuchMethodError'{0x00000000c33616f0}: 'java.lang.Object java.lang.invoke.DirectMethodHandle$Holder.newInvokeSpecial(java.lang.Object, java.lang.Object, int)'> (0x00000000c33616f0) 
thrown [s\src\hotspot\share\interpreter\linkResolver.cpp, line 759]
Event: 54.692 Thread 0x000001fcfde69b90 Exception <a 'java/lang/InterruptedException'{0x00000000cd400000}> (0x00000000cd400000) 
thrown [s\src\hotspot\share\runtime\objectMonitor.cpp, line 1658]
Event: 54.718 Thread 0x000001fcfde66e00 Implicit null exception at 0x000001fcf13e81c4 to 0x000001fcf13e824c

VM Operations (20 events):
Event: 48.394 Executing VM operation: G1PauseRemark done
Event: 48.397 Executing VM operation: G1PauseCleanup
Event: 48.397 Executing VM operation: G1PauseCleanup done
Event: 49.709 Executing VM operation: G1CollectForAllocation
Event: 49.710 Executing VM operation: G1CollectForAllocation done
Event: 51.062 Executing VM operation: G1CollectForAllocation
Event: 51.065 Executing VM operation: G1CollectForAllocation done
Event: 51.105 Executing VM operation: G1PauseRemark
Event: 51.106 Executing VM operation: G1PauseRemark done
Event: 51.111 Executing VM operation: G1PauseCleanup
Event: 51.111 Executing VM operation: G1PauseCleanup done
Event: 52.406 Executing VM operation: G1CollectForAllocation
Event: 52.408 Executing VM operation: G1CollectForAllocation done
Event: 53.715 Executing VM operation: G1CollectForAllocation
Event: 53.717 Executing VM operation: G1CollectForAllocation done
Event: 53.724 Executing VM operation: G1PauseRemark
Event: 53.725 Executing VM operation: G1PauseRemark done
Event: 53.729 Executing VM operation: G1PauseCleanup
Event: 53.729 Executing VM operation: G1PauseCleanup done
Event: 54.794 Executing VM operation: Exit

Memory protections (0 events):
No events

Nmethod flushes (0 events):
No events

Events (20 events):
Event: 1.538 Thread 0x000001fcfde668f0 Thread added: 0x000001fcd6d0c890
Event: 1.539 Thread 0x000001fcfde668f0 Thread added: 0x000001fcd6d0cda0
Event: 1.539 Thread 0x000001fcfde668f0 Thread added: 0x000001fcd6d0d2b0
Event: 1.582 Thread 0x000001fcc5dc1dc0 Thread added: 0x000001fcd754d640
Event: 2.059 Thread 0x000001fcc5dc1dc0 Thread exited: 0x000001fcc5dc1dc0
Event: 2.059 Thread 0x000001fcd754d640 Thread exited: 0x000001fcd754d640
Event: 6.376 Thread 0x000001fcfde67310 Thread added: 0x000001fcd6d0d7c0
Event: 7.383 Thread 0x000001fcd6d0d7c0 Thread exited: 0x000001fcd6d0d7c0
Event: 54.692 Thread 0x000001fcfde668f0 Thread added: 0x000001fcd6d0d7c0
Event: 54.692 Thread 0x000001fcfde668f0 Thread added: 0x000001fcd68fdb80
Event: 54.692 Thread 0x000001fcfde668f0 Thread added: 0x000001fcd68fd670
Event: 54.692 Thread 0x000001fcfde69b90 Thread exited: 0x000001fcfde69b90
Event: 54.693 Thread 0x000001fcfde67310 Thread added: 0x000001fcd68fe090
Event: 54.693 Thread 0x000001fcfde69170 Thread exited: 0x000001fcfde69170
Event: 54.693 Thread 0x000001fcd68fd670 Thread exited: 0x000001fcd68fd670
Event: 54.694 Thread 0x000001fcfde67310 Thread exited: 0x000001fcfde67310
Event: 54.720 Thread 0x000001fcfde66e00 Thread exited: 0x000001fcfde66e00
Event: 54.724 Thread 0x000001fcd6d0d7c0 Thread exited: 0x000001fcd6d0d7c0
Event: 54.794 Thread 0x000001fcd68fdb80 Thread exited: 0x000001fcd68fdb80
Event: 54.794 Thread 0x000001fcfde668f0 Before exit entered


Dynamic libraries:
0x00007ff7c9de0000 - 0x00007ff7c9dee000 	C:\Program Files\Processing\app\resources\jdk-17.0.14+7\bin\java.exe
0x00007ffa7da60000 - 0x00007ffa7dcc7000 	C:\WINDOWS\SYSTEM32\ntdll.dll
0x00007ffa7c020000 - 0x00007ffa7c0e9000 	C:\WINDOWS\System32\KERNEL32.DLL
0x00007ffa7a540000 - 0x00007ffa7a937000 	C:\WINDOWS\System32\KERNELBASE.dll
0x00007ffa7ab20000 - 0x00007ffa7ac6b000 	C:\WINDOWS\System32\ucrtbase.dll
0x00007ffa4d900000 - 0x00007ffa4d917000 	C:\Program Files\Processing\app\resources\jdk-17.0.14+7\bin\jli.dll
0x00007ffa4d920000 - 0x00007ffa4d93e000 	C:\Program Files\Processing\app\resources\jdk-17.0.14+7\bin\VCRUNTIME140.dll
0x00007ffa7bdd0000 - 0x00007ffa7bf96000 	C:\WINDOWS\System32\USER32.dll
0x00007ffa61590000 - 0x00007ffa61822000 	C:\WINDOWS\WinSxS\amd64_microsoft.windows.common-controls_6595b64144ccf1df_6.0.26100.8457_none_3e0b2faee331e92d\COMCTL32.dll
0x00007ffa7b630000 - 0x00007ffa7b657000 	C:\WINDOWS\System32\win32u.dll
0x00007ffa7b7e0000 - 0x00007ffa7b889000 	C:\WINDOWS\System32\msvcrt.dll
0x00007ffa7cc40000 - 0x00007ffa7cc6b000 	C:\WINDOWS\System32\GDI32.dll
0x00007ffa7a940000 - 0x00007ffa7aa6c000 	C:\WINDOWS\System32\gdi32full.dll
0x00007ffa7a490000 - 0x00007ffa7a533000 	C:\WINDOWS\System32\msvcp_win.dll
0x00007ffa7ba00000 - 0x00007ffa7ba32000 	C:\WINDOWS\System32\IMM32.DLL
0x00007ffa73680000 - 0x00007ffa7368c000 	C:\Program Files\Processing\app\resources\jdk-17.0.14+7\bin\vcruntime140_1.dll
0x00007ffa457d0000 - 0x00007ffa4585d000 	C:\Program Files\Processing\app\resources\jdk-17.0.14+7\bin\msvcp140.dll
0x00007ff9b1440000 - 0x00007ff9b20ab000 	C:\Program Files\Processing\app\resources\jdk-17.0.14+7\bin\server\jvm.dll
0x00007ffa7d380000 - 0x00007ffa7d436000 	C:\WINDOWS\System32\ADVAPI32.dll
0x00007ffa7d450000 - 0x00007ffa7d4f7000 	C:\WINDOWS\System32\sechost.dll
0x00007ffa7d610000 - 0x00007ffa7d728000 	C:\WINDOWS\System32\RPCRT4.dll
0x00007ffa7d500000 - 0x00007ffa7d580000 	C:\WINDOWS\System32\WS2_32.dll
0x00007ffa7a310000 - 0x00007ffa7a36e000 	C:\WINDOWS\SYSTEM32\POWRPROF.dll
0x00007ffa704a0000 - 0x00007ffa704ab000 	C:\WINDOWS\SYSTEM32\VERSION.dll
0x00007ffa61e60000 - 0x00007ffa61e96000 	C:\WINDOWS\SYSTEM32\WINMM.dll
0x00007ffa7a2f0000 - 0x00007ffa7a304000 	C:\WINDOWS\SYSTEM32\UMPDC.dll
0x00007ffa79220000 - 0x00007ffa7923b000 	C:\WINDOWS\SYSTEM32\kernel.appcore.dll
0x00007ffa6a5b0000 - 0x00007ffa6a5ba000 	C:\Program Files\Processing\app\resources\jdk-17.0.14+7\bin\jimage.dll
0x00007ffa72470000 - 0x00007ffa726b2000 	C:\WINDOWS\SYSTEM32\DBGHELP.DLL
0x00007ffa7c870000 - 0x00007ffa7cbf3000 	C:\WINDOWS\System32\combase.dll
0x00007ffa7bc30000 - 0x00007ffa7bd09000 	C:\WINDOWS\System32\OLEAUT32.dll
0x00007ffa410a0000 - 0x00007ffa410db000 	C:\WINDOWS\SYSTEM32\dbgcore.DLL
0x00007ffa7aa70000 - 0x00007ffa7ab18000 	C:\WINDOWS\System32\bcryptPrimitives.dll
0x00007ffa478a0000 - 0x00007ffa478db000 	C:\Program Files\Processing\app\resources\jdk-17.0.14+7\bin\jdwp.dll
0x00007ffa4c330000 - 0x00007ffa4c355000 	C:\Program Files\Processing\app\resources\jdk-17.0.14+7\bin\java.dll
0x00007ffa41a00000 - 0x00007ffa41ad7000 	C:\Program Files\Processing\app\resources\jdk-17.0.14+7\bin\jsvml.dll
0x00007ffa7c0f0000 - 0x00007ffa7c85e000 	C:\WINDOWS\System32\SHELL32.dll
0x00007ffa7ac70000 - 0x00007ffa7b4dc000 	C:\WINDOWS\System32\windows.storage.dll
0x00007ffa7d730000 - 0x00007ffa7d826000 	C:\WINDOWS\System32\SHCORE.dll
0x00007ffa7d210000 - 0x00007ffa7d276000 	C:\WINDOWS\System32\shlwapi.dll
0x00007ffa7a3b0000 - 0x00007ffa7a3d9000 	C:\WINDOWS\SYSTEM32\profapi.dll
0x00007ffa4d410000 - 0x00007ffa4d41c000 	C:\Program Files\Processing\app\resources\jdk-17.0.14+7\bin\dt_socket.dll
0x00007ffa78c30000 - 0x00007ffa78c62000 	C:\WINDOWS\SYSTEM32\IPHLPAPI.DLL
0x00007ffa79790000 - 0x00007ffa797fc000 	C:\WINDOWS\system32\mswsock.dll
0x00007ffa4ce10000 - 0x00007ffa4ce29000 	C:\Program Files\Processing\app\resources\jdk-17.0.14+7\bin\net.dll
0x00007ffa775b0000 - 0x00007ffa776d9000 	C:\WINDOWS\SYSTEM32\WINHTTP.dll
0x00007ffa4cd70000 - 0x00007ffa4cd86000 	C:\Program Files\Processing\app\resources\jdk-17.0.14+7\bin\nio.dll
0x00007ffa47880000 - 0x00007ffa47898000 	C:\Program Files\Processing\app\resources\jdk-17.0.14+7\bin\zip.dll
0x00007ffa24050000 - 0x00007ffa241e0000 	C:\Program Files\Processing\app\resources\jdk-17.0.14+7\bin\awt.dll
0x00007ffa76060000 - 0x00007ffa76100000 	C:\WINDOWS\SYSTEM32\apphelp.dll
0x00007ffa77ee0000 - 0x00007ffa77f8a000 	C:\WINDOWS\system32\uxtheme.dll
0x00007ffa7b890000 - 0x00007ffa7b9ec000 	C:\WINDOWS\System32\MSCTF.dll
0x00007ffa7ba40000 - 0x00007ffa7bbd7000 	C:\WINDOWS\System32\ole32.dll
0x00007ffa781d0000 - 0x00007ffa781ff000 	C:\WINDOWS\system32\DWMAPI.DLL
0x00007ffa33d40000 - 0x00007ffa33e4f000 	C:\WINDOWS\system32\opengl32.dll
0x00007ffa36620000 - 0x00007ffa3664d000 	C:\WINDOWS\SYSTEM32\GLU32.dll
0x00007ffa77ff0000 - 0x00007ffa78035000 	C:\WINDOWS\SYSTEM32\dxcore.dll
0x00007ffa79a70000 - 0x00007ffa79a8b000 	C:\WINDOWS\SYSTEM32\CRYPTSP.dll
0x00007ffa79180000 - 0x00007ffa791b9000 	C:\WINDOWS\system32\rsaenh.dll
0x00007ffa79840000 - 0x00007ffa79873000 	C:\WINDOWS\SYSTEM32\USERENV.dll
0x00007ffa7a380000 - 0x00007ffa7a3aa000 	C:\WINDOWS\SYSTEM32\bcrypt.dll
0x00007ffa79a90000 - 0x00007ffa79a9c000 	C:\WINDOWS\SYSTEM32\CRYPTBASE.dll
0x00007ffa7cc00000 - 0x00007ffa7cc0a000 	C:\WINDOWS\System32\NSI.dll
0x00007ffa77800000 - 0x00007ffa7781d000 	C:\WINDOWS\SYSTEM32\dhcpcsvc6.DLL
0x00007ffa77750000 - 0x00007ffa77775000 	C:\WINDOWS\SYSTEM32\dhcpcsvc.DLL
0x00007ffa78ce0000 - 0x00007ffa78e12000 	C:\WINDOWS\SYSTEM32\DNSAPI.dll
0x00007ffa44850000 - 0x00007ffa44863000 	C:\Users\danil\AppData\Local\Temp\jogamp_0000\file_cache\jln568847366014341761\jln13152037669471639946\natives\windows-amd64\gluegen_rt.dll
0x00007ffa4d400000 - 0x00007ffa4d407000 	C:\Program Files\Processing\app\resources\jdk-17.0.14+7\bin\jawt.dll
0x00007ffa4cd50000 - 0x00007ffa4cd5d000 	C:\Users\danil\AppData\Local\Temp\jogamp_0000\file_cache\jln568847366014341761\jln13152037669471639946\natives\windows-amd64\nativewindow_awt.dll
0x00007ffa419e0000 - 0x00007ffa419f5000 	C:\Users\danil\AppData\Local\Temp\jogamp_0000\file_cache\jln568847366014341761\jln13152037669471639946\natives\windows-amd64\nativewindow_win32.dll
0x00007ffa3fac0000 - 0x00007ffa3fb43000 	C:\Users\danil\AppData\Local\Temp\jogamp_0000\file_cache\jln568847366014341761\jln13152037669471639946\natives\windows-amd64\jogl_desktop.dll
0x00007ffa24380000 - 0x00007ffa243d2000 	C:\Users\danil\AppData\Local\Temp\jogamp_0000\file_cache\jln568847366014341761\jln13152037669471639946\natives\windows-amd64\jogl_mobile.dll
0x00007ffa73470000 - 0x00007ffa734d1000 	C:\WINDOWS\SYSTEM32\directxdatabasehelper.dll
0x00007ffa665e0000 - 0x00007ffa665fd000 	C:\WINDOWS\SYSTEM32\windows.staterepositorycore.dll
0x00007ff9b0460000 - 0x00007ff9b1433000 	C:\WINDOWS\System32\DriverStore\FileRepository\iigd_dch.inf_amd64_225f37aa3862fc3f\igxelpicd64.dll
0x00007ffa78040000 - 0x00007ffa7817e000 	C:\WINDOWS\system32\dxgi.dll
0x00007ff9ec6a0000 - 0x00007ff9ecb27000 	C:\WINDOWS\System32\DriverStore\FileRepository\iigd_dch.inf_amd64_225f37aa3862fc3f\igdml64.dll
0x00007ffa7a000000 - 0x00007ffa7a051000 	C:\WINDOWS\SYSTEM32\cfgmgr32.dll
0x00007ffa704b0000 - 0x00007ffa70871000 	C:\WINDOWS\System32\DriverStore\FileRepository\iigd_dch.inf_amd64_225f37aa3862fc3f\igdgmm64.dll
0x00007ffa6d290000 - 0x00007ffa70496000 	C:\WINDOWS\System32\DriverStore\FileRepository\iigd_dch.inf_amd64_225f37aa3862fc3f\igc64.dll
0x00007ffa41800000 - 0x00007ffa41819000 	C:\Users\danil\AppData\Local\Temp\jogamp_0000\file_cache\jln568847366014341761\jln13152037669471639946\natives\windows-amd64\newt_head.dll
0x00007ffa6bce0000 - 0x00007ffa6bd9f000 	C:\WINDOWS\SYSTEM32\mscms.dll
0x00007ffa111b0000 - 0x00007ffa111f9000 	C:\WINDOWS\SYSTEM32\icm32.dll
0x00007ffa7cc70000 - 0x00007ffa7d0f7000 	C:\WINDOWS\System32\setupapi.dll
0x00007ffa79fd0000 - 0x00007ffa79ffd000 	C:\WINDOWS\SYSTEM32\DEVOBJ.dll
0x00007ffa7b4e0000 - 0x00007ffa7b562000 	C:\WINDOWS\System32\WINTRUST.dll
0x00007ffa7b660000 - 0x00007ffa7b7d8000 	C:\WINDOWS\System32\CRYPT32.dll
0x00007ffa79ba0000 - 0x00007ffa79bb3000 	C:\WINDOWS\SYSTEM32\MSASN1.dll
0x00007ffa4d4c0000 - 0x00007ffa4d606000 	C:\WINDOWS\SYSTEM32\textinputframework.dll
0x00007ffa76ea0000 - 0x00007ffa76fc7000 	C:\WINDOWS\SYSTEM32\CoreMessaging.dll
0x00007ffa726c0000 - 0x00007ffa729a2000 	C:\WINDOWS\SYSTEM32\CoreUIComponents.dll
0x00007ffa737b0000 - 0x00007ffa7391a000 	C:\WINDOWS\SYSTEM32\wintypes.dll

dbghelp: loaded successfully - version: 4.0.5 - missing functions: none
symbol engine: initialized successfully - sym options: 0x614 - pdb path: .;C:\Program Files\Processing\app\resources\jdk-17.0.14+7\bin;C:\WINDOWS\SYSTEM32;C:\WINDOWS\WinSxS\amd64_microsoft.windows.common-controls_6595b64144ccf1df_6.0.26100.8457_none_3e0b2faee331e92d;C:\Program Files\Processing\app\resources\jdk-17.0.14+7\bin\server;C:\Users\danil\AppData\Local\Temp\jogamp_0000\file_cache\jln568847366014341761\jln13152037669471639946\natives\windows-amd64;C:\WINDOWS\System32\DriverStore\FileRepository\iigd_dch.inf_amd64_225f37aa3862fc3f

VM Arguments:
jvm_args: -agentlib:jdwp=transport=dt_socket,address=8464,server=y,suspend=y,quiet=y -Xms64m -Xmx1024m -Djna.nosys=true -Djava.library.path=;C:\Program Files\Processing\app\resources\core\library;C:\Program Files\Processing;C:\WINDOWS\system32;C:\WINDOWS;C:\Program Files\PlasticSCM5\server;C:\Program Files\PlasticSCM5\client;C:\Program Files\Common Files\Oracle\Java\javapath;C:\Program Files (x86)\Common Files\Oracle\Java\javapath;C:\Windows\System32\HWAudioDriverLibs;C:\Windows\system32;C:\Windows;C:\Windows\System32\Wbem;C:\Windows\System32\WindowsPowerShell\v1.0;C:\Windows\System32\OpenSSH;C:\Program Files\Microsoft SQL Server\150\Tools\Binn;C:\Program Files\Microsoft SQL Server\Client SDK\ODBC\170\Tools\Binn;C:\Program Files\dotnet;D:\Windows Kits\10\Windows Performance Toolkit;C:\Program Files\Java\jdk-23\bin;C:\WINDOWS\system32;C:\WINDOWS;C:\WINDOWS\System32\Wbem;C:\WINDOWS\System32\WindowsPowerShell\v1.0;C:\WINDOWS\System32\OpenSSH;C:\Program Files\nodejs;C:\Program Files\Docker\Docker\resources\bin;C:\Program Files\TortoiseGit\bin;C:\Program Files\Git\cmd;C:\Users\danil\AppData\Local\Programs\Python\Python312\Scripts;C:\Users\danil\AppData\Local\Programs\Python\Python312;C:\Users\danil\AppData\Local\Microsoft\WindowsApps;C:\Users\danil\AppData\Local\Programs\Microsoft VS Code\bin;C:\Users\danil\AppData\Roaming\npm;D:\DataBase\18\bin;C:\Program Files\Processing\app;. -ea 
java_command: processing.core.PApplet --editor-location=-7,-7 --external --display=1 --sketch-path=C:\Users\danil\Desktop\Gravity_simul Gravity_simul
java_class_path (initial): C:\Users\danil\AppData\Local\Temp\processing\Gravity_simul9860616554128042639temp;C:\Program Files\Processing\app\resources\core\library\annotations-13.0.jar;C:\Program Files\Processing\app\resources\core\library\antlr-2.7.7.jar;C:\Program Files\Processing\app\resources\core\library\core-4.4.1.jar;C:\Program Files\Processing\app\resources\core\library\gluegen-rt-2.5.0-natives-android-aarch64.jar;C:\Program Files\Processing\app\resources\core\library\gluegen-rt-2.5.0-natives-linux-aarch64.jar;C:\Program Files\Processing\app\resources\core\library\gluegen-rt-2.5.0-natives-linux-amd64.jar;C:\Program Files\Processing\app\resources\core\library\gluegen-rt-2.5.0-natives-linux-armv6hf.jar;C:\Program Files\Processing\app\resources\core\library\gluegen-rt-2.5.0-natives-macosx-universal.jar;C:\Program Files\Processing\app\resources\core\library\gluegen-rt-2.5.0-natives-windows-amd64.jar;C:\Program Files\Processing\app\resources\core\library\gluegen-rt-2.5.0.jar;C:\Program Files\Processing\app\resources\core\library\gluegen-rt-main-2.5.0.jar;C:\Program Files\Processing\app\resources\core\library\jogl-all-2.5.0-natives-android-aarch64.jar;C:\Program Files\Processing\app\resources\core\library\jogl-all-2.5.0-natives-linux-aarch64.jar;C:\Program Files\Processing\app\resources\core\library\jogl-all-2.5.0-natives-linux-amd64.jar;C:\Program Files\Processing\app\resources\core\library\jogl-all-2.5.0-natives-linux-armv6hf.jar;C:\Program Files\Processing\app\resources\core\library\jogl-all-2.5.0-natives-macosx-universal.jar;C:\Program Files\Processing\app\resources\core\library\jogl-all-2.5.0-natives-windows-amd64.jar;C:\Program Files\Processing\app\resources\core\library\jogl-all-2.5.0.jar;C:\Program Files\Processing\app\resources\core\library\jogl-all-main-2.5.0.jar;C:\Program Files\Processing\app\resources\core\library\kotlin-stdlib-2.0.20.jar
Launcher Type: SUN_STANDARD

[Global flags]
     intx CICompilerCount                          = 4                                         {product} {ergonomic}
     uint ConcGCThreads                            = 2                                         {product} {ergonomic}
     uint G1ConcRefinementThreads                  = 8                                         {product} {ergonomic}
   size_t G1HeapRegionSize                         = 1048576                                   {product} {ergonomic}
    uintx GCDrainStackTargetSize                   = 64                                        {product} {ergonomic}
   size_t InitialHeapSize                          = 67108864                                  {product} {command line}
   size_t MarkStackSize                            = 4194304                                   {product} {ergonomic}
   size_t MaxHeapSize                              = 1073741824                                {product} {command line}
   size_t MaxNewSize                               = 643825664                                 {product} {ergonomic}
   size_t MinHeapDeltaBytes                        = 1048576                                   {product} {ergonomic}
   size_t MinHeapSize                              = 67108864                                  {product} {command line}
    uintx NonNMethodCodeHeapSize                   = 5839372                                {pd product} {ergonomic}
    uintx NonProfiledCodeHeapSize                  = 122909434                              {pd product} {ergonomic}
    uintx ProfiledCodeHeapSize                     = 122909434                              {pd product} {ergonomic}
    uintx ReservedCodeCacheSize                    = 251658240                              {pd product} {ergonomic}
     bool SegmentedCodeCache                       = true                                      {product} {ergonomic}
   size_t SoftMaxHeapSize                          = 1073741824                             {manageable} {ergonomic}
     bool UseCompressedClassPointers               = true                           {product lp64_product} {ergonomic}
     bool UseCompressedOops                        = true                           {product lp64_product} {ergonomic}
     bool UseG1GC                                  = true                                      {product} {ergonomic}
     bool UseLargePagesIndividualAllocation        = false                                  {pd product} {ergonomic}

Logging:
Log output configuration:
 #0: stdout all=off uptime,level,tags
 #1: stderr all=off uptime,level,tags

Environment Variables:
JAVA_HOME=C:\Program Files\Java\jdk-23
PATH=C:\Program Files\PlasticSCM5\server;C:\Program Files\PlasticSCM5\client;C:\Program Files\Common Files\Oracle\Java\javapath;C:\Program Files (x86)\Common Files\Oracle\Java\javapath;C:\Windows\System32\HWAudioDriverLibs;C:\Windows\system32;C:\Windows;C:\Windows\System32\Wbem;C:\Windows\System32\WindowsPowerShell\v1.0\;C:\Windows\System32\OpenSSH\;C:\Users\Administrator\AppData\Local\Microsoft\WindowsApps;C:\Program Files\Microsoft SQL Server\150\Tools\Binn\;C:\Program Files\Microsoft SQL Server\Client SDK\ODBC\170\Tools\Binn\;C:\Program Files\dotnet\;D:\Windows Kits\10\Windows Performance Toolkit\;C:\Program Files\Java\jdk-23\bin;C:\WINDOWS\system32;C:\WINDOWS;C:\WINDOWS\System32\Wbem;C:\WINDOWS\System32\WindowsPowerShell\v1.0\;C:\WINDOWS\System32\OpenSSH\;C:\Program Files\nodejs\;C:\Program Files\Docker\Docker\resources\bin;C:\Program Files\TortoiseGit\bin;C:\Program Files\Git\cmd;C:\Users\danil\AppData\Local\Programs\Python\Python312\Scripts\;C:\Users\danil\AppData\Local\Programs\Python\Python312\;C:\Users\danil\AppData\Local\Microsoft\WindowsApps;C:\Users\danil\.dotnet\tools;C:\Users\danil\AppData\Local\Programs\Microsoft VS Code\bin;C:\Users\danil\AppData\Roaming\npm;D:\DataBase\18\bin;C:\Program Files\Processing\app
USERNAME=danil
OS=Windows_NT
PROCESSOR_IDENTIFIER=Intel64 Family 6 Model 140 Stepping 2, GenuineIntel
TMP=C:\Users\danil\AppData\Local\Temp
TEMP=C:\Users\danil\AppData\Local\Temp



Periodic native trim disabled


---------------  S Y S T E M  ---------------

OS:
 Windows 11 , 64 bit Build 26100 (10.0.26100.8328)
OS uptime: 0 days 4:00 hours
Hyper-V role detected

CPU: total 8 (initial active 8) (4 cores per cpu, 2 threads per core) family 6 model 140 stepping 2 microcode 0x16, cx8, cmov, fxsr, ht, mmx, 3dnowpref, sse, sse2, sse3, ssse3, sse4.1, sse4.2, popcnt, lzcnt, tsc, tscinvbit, avx, avx2, aes, erms, clmul, bmi1, bmi2, adx, avx512f, avx512dq, avx512cd, avx512bw, avx512vl, sha, fma, vzeroupper, avx512_vpopcntdq, avx512_vpclmulqdq, avx512_vaes, avx512_vnni, clflush, clflushopt, clwb, avx512_vbmi2, avx512_vbmi, hv
Processor Information for processor 0
  Max Mhz: 2496, Current Mhz: 2496, Mhz Limit: 2496
Processor Information for processor 1
  Max Mhz: 2496, Current Mhz: 1198, Mhz Limit: 2496
Processor Information for processor 2
  Max Mhz: 2496, Current Mhz: 1198, Mhz Limit: 2496
Processor Information for processor 3
  Max Mhz: 2496, Current Mhz: 2496, Mhz Limit: 2496
Processor Information for processor 4
  Max Mhz: 2496, Current Mhz: 2496, Mhz Limit: 2496
Processor Information for processor 5
  Max Mhz: 2496, Current Mhz: 2496, Mhz Limit: 2496
Processor Information for processor 6
  Max Mhz: 2496, Current Mhz: 2496, Mhz Limit: 2496
Processor Information for processor 7
  Max Mhz: 2496, Current Mhz: 2496, Mhz Limit: 2496

Memory: 4k page, system-wide physical 7975M (2138M free)
TotalPageFile size 17703M (AvailPageFile size 7921M)
current process WorkingSet (physical memory assigned to process): 745M, peak: 754M
current process commit charge ("private bytes"): 749M, peak: 774M

vm_info: OpenJDK 64-Bit Server VM (17.0.14+7) for windows-amd64 JRE (17.0.14+7), built on Jan 21 2025 23:40:15 by "admin" with MS VC++ 17.7 (VS2022)

END.
