#
# A fatal error has been detected by the Java Runtime Environment:
#
#  EXCEPTION_ACCESS_VIOLATION (0xc0000005) at pc=0x00007ff9b069b386, pid=46580, tid=17024
#
# JRE version: OpenJDK Runtime Environment Temurin-17.0.14+7 (17.0.14+7) (build 17.0.14+7)
# Java VM: OpenJDK 64-Bit Server VM Temurin-17.0.14+7 (17.0.14+7, mixed mode, sharing, tiered, compressed oops, compressed class ptrs, g1 gc, windows-amd64)
# Problematic frame:
# C  [igxelpicd64.dll+0x23b386]
#
# No core dump will be written. Minidumps are not enabled by default on client versions of Windows
#
# If you would like to submit a bug report, please visit:
#   https://github.com/adoptium/adoptium-support/issues
#

---------------  S U M M A R Y ------------

Command Line: -agentlib:jdwp=transport=dt_socket,address=8929,server=y,suspend=y,quiet=y -Xms64m -Xmx1024m -Djna.nosys=true -Djava.library.path=;C:\Program Files\Processing\app\resources\core\library;C:\Program Files\Processing;C:\WINDOWS\system32;C:\WINDOWS;C:\Program Files\PlasticSCM5\server;C:\Program Files\PlasticSCM5\client;C:\Program Files\Common Files\Oracle\Java\javapath;C:\Program Files (x86)\Common Files\Oracle\Java\javapath;C:\Windows\System32\HWAudioDriverLibs;C:\Windows\system32;C:\Windows;C:\Windows\System32\Wbem;C:\Windows\System32\WindowsPowerShell\v1.0;C:\Windows\System32\OpenSSH;C:\Program Files\Microsoft SQL Server\150\Tools\Binn;C:\Program Files\Microsoft SQL Server\Client SDK\ODBC\170\Tools\Binn;C:\Program Files\dotnet;D:\Windows Kits\10\Windows Performance Toolkit;C:\Program Files\Java\jdk-23\bin;C:\WINDOWS\system32;C:\WINDOWS;C:\WINDOWS\System32\Wbem;C:\WINDOWS\System32\WindowsPowerShell\v1.0;C:\WINDOWS\System32\OpenSSH;C:\Program Files\nodejs;C:\Program Files\Docker\Docker\resources\bin;C:\Program Files\TortoiseGit\bin;C:\Program Files\Git\cmd;C:\Users\danil\AppData\Local\Programs\Python\Python312\Scripts;C:\Users\danil\AppData\Local\Programs\Python\Python312;C:\Users\danil\AppData\Local\Microsoft\WindowsApps;C:\Users\danil\AppData\Local\Programs\Microsoft VS Code\bin;C:\Users\danil\AppData\Roaming\npm;D:\DataBase\18\bin;C:\Program Files\Processing\app;. -ea processing.core.PApplet --editor-location=-7,-7 --external --display=1 --sketch-path=C:\Users\danil\Desktop\Gravity_simul Gravity_simul

Host: 11th Gen Intel(R) Core(TM) i5-1155G7 @ 2.50GHz, 8 cores, 7G,  Windows 11 , 64 bit Build 26100 (10.0.26100.8328)
Time: Sat Jun 27 23:24:22 2026 RTZ 3 (s 11 , 64 bit Build 26100 (10.0.26100.8328) elapsed time: 6.299500 seconds (0d 0h 0m 6s)

---------------  T H R E A D  ---------------

Current thread (0x00000177046983f0):  VMThread "VM Thread" [stack: 0x0000004469500000,0x0000004469600000] [id=17024]

Stack: [0x0000004469500000,0x0000004469600000],  sp=0x00000044695fe350,  free space=1016k
Native frames: (J=compiled Java code, j=interpreted, Vv=VM code, C=native code)
C  [igxelpicd64.dll+0x23b386]


siginfo: EXCEPTION_ACCESS_VIOLATION (0xc0000005), reading address 0x0000000000035468


Registers:
RAX=0x0000017759ac7150, RBX=0x000001774a64a5a0, RCX=0x0000000000000004, RDX=0x0000000000000000
RSP=0x00000044695fe350, RBP=0x0000000000000000, RSI=0x0000017759ac6f50, RDI=0x000001774a09fe90
R8 =0x0000017759ac7050, R9 =0x0000004468bd3000, R10=0x0000000000000000, R11=0x0000000000000246
R12=0x0000017759ac6f50, R13=0x0000000000000000, R14=0x0000017759ac7498, R15=0x0000017759ac5810
RIP=0x00007ff9b069b386, EFLAGS=0x0000000000010206


Register to memory mapping:

RIP=0x00007ff9b069b386 igxelpicd64.dll
RAX=0x0000017759ac7150 points into unknown readable memory: 0x000000000000e63a | 3a e6 00 00 00 00 00 00
RBX=0x000001774a64a5a0 points into unknown readable memory: 0xffffffffffffffff | ff ff ff ff ff ff ff ff
RCX=0x0000000000000004 is an unknown value
RDX=0x0 is NULL
RSP=0x00000044695fe350 points into unknown readable memory: 0x000001774a64a5a0 | a0 a5 64 4a 77 01 00 00
RBP=0x0 is NULL
RSI=0x0000017759ac6f50 points into unknown readable memory: 0x000001774a62a960 | 60 a9 62 4a 77 01 00 00
RDI=0x000001774a09fe90 points into unknown readable memory: 0x62756f442f6f6900 | 00 69 6f 2f 44 6f 75 62
R8 =0x0000017759ac7050 points into unknown readable memory: 0x0000000000000000 | 00 00 00 00 00 00 00 00
R9 =0x0000004468bd3000 points into unknown readable memory: 0x0000000000000000 | 00 00 00 00 00 00 00 00
R10=0x0 is NULL
R11=0x0000000000000246 is an unknown value
R12=0x0000017759ac6f50 points into unknown readable memory: 0x000001774a62a960 | 60 a9 62 4a 77 01 00 00
R13=0x0 is NULL
R14=0x0000017759ac7498 points into unknown readable memory: 0x0000017759ac5810 | 10 58 ac 59 77 01 00 00
R15=0x0000017759ac5810 points into unknown readable memory: 0x000001774a62a960 | 60 a9 62 4a 77 01 00 00


Top of Stack: (sp=0x00000044695fe350)
0x00000044695fe350:   000001774a64a5a0 00007ff9b04d0ab4
0x00000044695fe360:   0000000000000000 000001774cca4aa0
0x00000044695fe370:   0000001600000000 0000000000000000
0x00000044695fe380:   0000017700000000 000001774cca0c80
0x00000044695fe390:   000001774a64a5a0 000001774cc64700
0x00000044695fe3a0:   000001774f160504 000001774f065000
0x00000044695fe3b0:   02db39a602a81c00 000001774cca50a0
0x00000044695fe3c0:   00b3e9a603a7cba6 00007000196fe000
0x00000044695fe3d0:   0326f4a70133c2a7 031e5ea90399e2a8
0x00000044695fe3e0:   036a28aa00000000 035b9aaa02fe53aa
0x00000044695fe3f0:   022dceaa02eccdaa 02fe53ab02bf12ab
0x00000044695fe400:   02b97dab02e266ab 036fedab021f82ab
0x00000044695fe410:   03990eac01e702ac 02c01eac039d16ac
0x00000044695fe420:   0000000000000000 0000000000000000
0x00000044695fe430:   0366020000000000 00007ffa7dbc5b54
0x00000044695fe440:   0000000000000000 0000000000000000
0x00000044695fe450:   00000044695fe5f0 00007ffa7be21259
0x00000044695fe460:   00000044695fe4e8 0000000000000000
0x00000044695fe470:   0000000000000054 0000000000000000
0x00000044695fe480:   0000000000000000 00007ffa7dbc5cc4
0x00000044695fe490:   000000007a000004 005273b3035461b3
0x00000044695fe4a0:   00005411ca60ed47 001040007a000004
0x00000044695fe4b0:   000001774cc99338 000000000000ea7a
0x00000044695fe4c0:   0000000000000000 0000000000000016
0x00000044695fe4d0:   0000000000000000 0000000000000000
0x00000044695fe4e0:   00000044695fe5f0 00007ff9b06c82ae
0x00000044695fe4f0:   000001774a09fe90 0000000000000000
0x00000044695fe500:   000001774a09fe90 000010027a000004
0x00000044695fe510:   00000044000009e8 00007404006b0000
0x00000044695fe520:   0000000000000000 033838be036430be
0x00000044695fe530:   0000000000000000 000010027a000004
0x00000044695fe540:   038ec2bf02f831bf 0000000000000000 

Instructions: (pc=0x00007ff9b069b386)
0x00007ff9b069b286:   00 90 4c 8b bf 80 02 00 00 48 8b 05 9a 85 bd 00
0x00007ff9b069b296:   8b 80 c8 0a 00 00 89 44 24 24 c6 44 24 20 00 48
0x00007ff9b069b2a6:   c7 87 80 02 00 00 00 00 00 00 c7 87 88 02 00 00
0x00007ff9b069b2b6:   00 00 00 00 48 c7 87 a0 02 00 00 00 00 00 00 48
0x00007ff9b069b2c6:   c7 87 90 02 00 00 00 00 00 00 48 85 ed 75 3d 8b
0x00007ff9b069b2d6:   35 0d 77 cd 00 65 48 8b 04 25 58 00 00 00 b9 14
0x00007ff9b069b2e6:   00 00 00 48 8b 04 f0 40 38 2c 01 0f 84 c9 e7 75
0x00007ff9b069b2f6:   00 65 48 8b 04 25 58 00 00 00 bd 20 00 00 00 48
0x00007ff9b069b306:   8b 04 f0 48 8b 2c 28 48 89 6c 24 28 48 3b 2d 07
0x00007ff9b069b316:   9b cd 00 0f 84 9b 10 00 00 4d 85 ff 0f 84 3a 01
0x00007ff9b069b326:   00 00 0f 1f 84 00 00 00 00 00 49 8b f7 4d 8b e7
0x00007ff9b069b336:   4d 8d b7 48 05 00 00 4d 8b 3e 45 84 ed 0f 85 d9
0x00007ff9b069b346:   0e 00 00 8b 8f d0 01 00 00 48 8b 05 da 84 bd 00
0x00007ff9b069b356:   83 b8 64 03 00 00 02 75 34 4d 8d 84 24 00 01 00
0x00007ff9b069b366:   00 83 f9 10 0f 83 3a 01 00 00 8b c1 48 c1 e0 06
0x00007ff9b069b376:   49 03 c0 48 85 c0 0f 84 9b 01 00 00 48 8b 50 08
0x00007ff9b069b386:   48 3b 95 68 54 03 00 0f 87 b6 0e 00 00 48 83 be
0x00007ff9b069b396:   c0 05 00 00 00 0f 85 50 e7 75 00 44 8b 8f d0 01
0x00007ff9b069b3a6:   00 00 48 8b 87 e8 01 00 00 4c 8b 00 8b 8f d0 01
0x00007ff9b069b3b6:   00 00 48 8d 9e 00 01 00 00 83 f9 10 0f 83 1e 01
0x00007ff9b069b3c6:   00 00 8b c1 48 c1 e0 06 48 03 c3 48 85 c0 0f 84
0x00007ff9b069b3d6:   4a 01 00 00 4c 39 40 08 0f 86 40 01 00 00 48 8b
0x00007ff9b069b3e6:   87 80 02 00 00 49 89 06 48 89 b7 80 02 00 00 ff
0x00007ff9b069b3f6:   87 88 02 00 00 48 8b 4e 08 48 8b 01 ba 01 00 00
0x00007ff9b069b406:   00 48 8b 80 e0 02 00 00 ff 15 f4 c1 88 00 0f b7
0x00007ff9b069b416:   c8 48 2b c1 48 05 00 00 01 00 48 01 87 90 02 00
0x00007ff9b069b426:   00 48 8b 4e 08 48 8b 01 ba 01 00 00 00 48 8b 80
0x00007ff9b069b436:   e0 02 00 00 ff 15 c8 c1 88 00 48 01 87 a0 02 00
0x00007ff9b069b446:   00 0f b6 54 24 20 4d 85 ff 0f 85 db fe ff ff 84
0x00007ff9b069b456:   d2 0f 85 37 0f 00 00 48 8b 5c 24 40 48 8b cf 80
0x00007ff9b069b466:   7c 24 22 00 0f 85 40 0f 00 00 e8 3b f9 ff ff 90
0x00007ff9b069b476:   48 8b cb ff 15 99 bc 88 00 48 8b 8c 24 50 01 00 


Stack slot to memory mapping:
stack at sp + 0 slots: 0x000001774a64a5a0 points into unknown readable memory: 0xffffffffffffffff | ff ff ff ff ff ff ff ff
stack at sp + 1 slots: 0x00007ff9b04d0ab4 igxelpicd64.dll
stack at sp + 2 slots: 0x0 is NULL
stack at sp + 3 slots: 0x000001774cca4aa0 points into unknown readable memory: 0x0000000000000792 | 92 07 00 00 00 00 00 00
stack at sp + 4 slots: 0x0000001600000000 is an unknown value
stack at sp + 5 slots: 0x0 is NULL
stack at sp + 6 slots: 0x0000017700000000 points into unknown readable memory: 0x0000000000000000 | 00 00 00 00 00 00 00 00
stack at sp + 7 slots: 0x000001774cca0c80 points into unknown readable memory: 0x000001774cca0c90 | 90 0c ca 4c 77 01 00 00

VM_Operation (0x000000446b6fec50): Exit, mode: safepoint, requested by thread 0x000001774c807ce0


---------------  P R O C E S S  ---------------

Threads class SMR info:
_java_thread_list=0x000001774c57bf70, length=219, elements={
0x000001770469cb40, 0x000001770469d410, 0x00000177046b30f0, 0x00000177046b39c0,
0x00000177046b48a0, 0x00000177046b7180, 0x00000177046bc1a0, 0x00000177046d4b80,
0x00000177046d78b0, 0x0000017704953c10, 0x0000017704987570, 0x0000017704989a80,
0x000001770498c8a0, 0x000001770499b400, 0x000001774a06ac50, 0x000001774c4a5020,
0x000001774c807ce0, 0x000001774a1193f0, 0x000001774a118ee0, 0x000001774a117aa0,
0x000001774a119900, 0x000001774a117fb0, 0x000001774a11a320, 0x000001774a1184c0,
0x000001774a1189d0, 0x000001774c81aa80, 0x000001774c81af90, 0x000001774c81c8e0,
0x000001774c81a570, 0x000001774c81c3d0, 0x000001774c81cdf0, 0x000001774c81d300,
0x000001774c81b4a0, 0x000001774c81b9b0, 0x000001774c81bec0, 0x000001774c81d810,
0x000001774c81a060, 0x000001774c81dd20, 0x000001774c81e740, 0x000001774c81f160,
0x000001774c81f670, 0x000001774c820090, 0x000001774c8219e0, 0x000001774c820ab0,
0x000001774c8205a0, 0x000001774c81ec50, 0x000001774c81fb80, 0x000001774c820fc0,
0x000001774c8214d0, 0x000001774c81e230, 0x000001775a45fb30, 0x000001775a460040,
0x000001775a461480, 0x000001775a4623b0, 0x000001775a45f620, 0x000001775a461990,
0x000001775a45ec00, 0x000001775a461ea0, 0x000001775a460550, 0x000001775a460f70,
0x000001775a4628c0, 0x000001775a45f110, 0x000001775a463d00, 0x000001775a462dd0,
0x000001775a4632e0, 0x000001775a4637f0, 0x000001775a464210, 0x000001775a460a60,
0x000001775a464720, 0x000001775a464c30, 0x000001775a466580, 0x000001775a465140,
0x000001775a465650, 0x000001775a465b60, 0x000001775a466070, 0x0000017759e13bc0,
0x0000017759e16e60, 0x0000017759e16440, 0x0000017759e16950, 0x0000017759e17370,
0x0000017759e15a20, 0x0000017759e140d0, 0x0000017759e145e0, 0x0000017759e14af0,
0x0000017759e15000, 0x0000017759e15510, 0x0000017759e15f30, 0x000001775a48c0a0,
0x000001775a48d9f0, 0x000001775a48b170, 0x000001775a48df00, 0x000001775a48bb90,
0x000001775a48c5b0, 0x000001775a48cac0, 0x000001775a48ac60, 0x000001775a48e920,
0x000001775a48d4e0, 0x000001775a48cfd0, 0x000001775a48e410, 0x000001775a48ee30,
0x000001775a48b680, 0x000001775a4916b0, 0x000001775a4911a0, 0x000001775a490270,
0x000001775a491bc0, 0x000001775a490780, 0x000001775a4920d0, 0x000001775a490c90,
0x000001775a4925e0, 0x000001775a48f850, 0x000001775a48f340, 0x000001775a48fd60,
0x000001774c8bc2e0, 0x000001774c8bb3b0, 0x000001774c8b9550, 0x000001774c8bc7f0,
0x000001774c8ba990, 0x000001774c8baea0, 0x000001774c8bbdd0, 0x000001774c8bd210,
0x000001774c8b9a60, 0x000001774c8bd720, 0x000001774c8b9f70, 0x000001774c8bb8c0,
0x000001774c8bcd00, 0x000001774c8bdc30, 0x000001774c8ba480, 0x000001774c8be140,
0x000001774c8be650, 0x000001774c8beb60, 0x000001774c8bf070, 0x000001774c8bf580,
0x000001774c8bfa90, 0x000001774c8c04b0, 0x000001774c8c09c0, 0x000001774c8bffa0,
0x000001774c8c0ed0, 0x0000017759eecfb0, 0x0000017759eec590, 0x0000017759eed9d0,
0x0000017759eee900, 0x0000017759eedee0, 0x0000017759eed4c0, 0x0000017759eee3f0,
0x0000017759eeee10, 0x0000017759eef320, 0x0000017759eecaa0, 0x0000017759eef830,
0x0000017759eebb70, 0x0000017759eec080, 0x0000017759ef25c0, 0x0000017759ef0c70,
0x0000017759ef1ba0, 0x0000017759ef2fe0, 0x0000017759eefd40, 0x0000017759ef1180,
0x0000017759ef2ad0, 0x0000017759ef34f0, 0x0000017759ef0760, 0x0000017759ef1690,
0x0000017759ef0250, 0x0000017759ef20b0, 0x000001775a2d1720, 0x000001775a2d1c30,
0x000001775a2cf3b0, 0x000001775a2d2140, 0x000001775a2d1210, 0x000001775a2cf8c0,
0x000001775a2d02e0, 0x000001775a2cfdd0, 0x000001775a2ce990, 0x000001775a2d07f0,
0x000001775a2d0d00, 0x000001775a2d2650, 0x000001775a2ceea0, 0x000001775a2d6310,
0x000001775a2d5e00, 0x000001775a2d58f0, 0x000001775a2d3a90, 0x000001775a2d2b60,
0x000001775a2d3580, 0x000001775a2d3070, 0x000001775a2d3fa0, 0x000001775a2d44b0,
0x000001775a2d49c0, 0x000001775a2d4ed0, 0x000001775a2d53e0, 0x000001775a3214f0,
0x000001775a322e40, 0x000001775a323860, 0x000001775a323350, 0x000001775a321a00,
0x000001775a320ad0, 0x000001775a323d70, 0x000001775a324280, 0x000001775a320fe0,
0x000001775a324790, 0x000001775a324ca0, 0x000001775a3251b0, 0x000001775a3256c0,
0x000001775a321f10, 0x000001775a325bd0, 0x000001775a322420, 0x000001775a3260e0,
0x000001775a322930, 0x000001775a327010, 0x000001775a327f40, 0x000001775a3265f0,
0x000001775a326b00, 0x000001775a327520, 0x000001775a327a30, 0x000001775a328450,
0x000001775a160050, 0x000001775a160f80, 0x000001775a163800, 0x000001775a161eb0,
0x000001775a1619a0, 0x000001775a163d10, 0x000001775a1623c0
}

Java Threads: ( => current thread )
  0x000001770469cb40 JavaThread "Reference Handler" daemon [_thread_blocked, id=18992, stack(0x0000004469600000,0x0000004469700000)]
  0x000001770469d410 JavaThread "Finalizer" daemon [_thread_blocked, id=10784, stack(0x0000004469700000,0x0000004469800000)]
  0x00000177046b30f0 JavaThread "Signal Dispatcher" daemon [_thread_blocked, id=16628, stack(0x0000004469800000,0x0000004469900000)]
  0x00000177046b39c0 JavaThread "Attach Listener" daemon [_thread_blocked, id=20280, stack(0x0000004469900000,0x0000004469a00000)]
  0x00000177046b48a0 JavaThread "Service Thread" daemon [_thread_blocked, id=18024, stack(0x0000004469a00000,0x0000004469b00000)]
  0x00000177046b7180 JavaThread "Monitor Deflation Thread" daemon [_thread_blocked, id=6600, stack(0x0000004469b00000,0x0000004469c00000)]
  0x00000177046bc1a0 JavaThread "C2 CompilerThread0" daemon [_thread_blocked, id=4896, stack(0x0000004469c00000,0x0000004469d00000)]
  0x00000177046d4b80 JavaThread "C1 CompilerThread0" daemon [_thread_blocked, id=10648, stack(0x0000004469d00000,0x0000004469e00000)]
  0x00000177046d78b0 JavaThread "Sweeper thread" daemon [_thread_blocked, id=13924, stack(0x0000004469e00000,0x0000004469f00000)]
  0x0000017704953c10 JavaThread "JDWP Transport Listener: dt_socket" daemon [_thread_blocked, id=6048, stack(0x0000004469f00000,0x000000446a000000)]
  0x0000017704987570 JavaThread "JDWP Event Helper Thread" daemon [_thread_blocked, id=2820, stack(0x000000446a000000,0x000000446a100000)]
  0x0000017704989a80 JavaThread "JDWP Command Reader" daemon [_thread_blocked, id=2628, stack(0x000000446a100000,0x000000446a200000)]
  0x000001770498c8a0 JavaThread "Notification Thread" daemon [_thread_blocked, id=17004, stack(0x000000446a200000,0x000000446a300000)]
  0x000001770499b400 JavaThread "Common-Cleaner" daemon [_thread_blocked, id=18244, stack(0x000000446a400000,0x000000446a500000)]
  0x000001774a06ac50 JavaThread "Java2D Disposer" daemon [_thread_blocked, id=2488, stack(0x000000446a500000,0x000000446a600000)]
  0x000001774c4a5020 JavaThread "HighResTimerThread" daemon [_thread_blocked, id=6216, stack(0x000000446a900000,0x000000446aa00000)]
  0x000001774c807ce0 JavaThread "main-FPSAWTAnimator#00-Timer0" [_thread_blocked, id=4892, stack(0x000000446b600000,0x000000446b700000)]
  0x000001774a1193f0 JavaThread "DestroyJavaVM" [_thread_blocked, id=9052, stack(0x0000004468f00000,0x0000004469000000)]
  0x000001774a118ee0 JavaThread "pool-1-thread-1" [_thread_blocked, id=1496, stack(0x000000446ba00000,0x000000446bb00000)]
  0x000001774a117aa0 JavaThread "pool-1-thread-2" [_thread_blocked, id=13628, stack(0x000000446bb00000,0x000000446bc00000)]
  0x000001774a119900 JavaThread "pool-1-thread-3" [_thread_blocked, id=20316, stack(0x000000446bc00000,0x000000446bd00000)]
  0x000001774a117fb0 JavaThread "pool-1-thread-4" [_thread_blocked, id=20252, stack(0x000000446bd00000,0x000000446be00000)]
  0x000001774a11a320 JavaThread "pool-1-thread-5" [_thread_blocked, id=20368, stack(0x000000446be00000,0x000000446bf00000)]
  0x000001774a1184c0 JavaThread "pool-1-thread-6" [_thread_blocked, id=9600, stack(0x000000446bf00000,0x000000446c000000)]
  0x000001774a1189d0 JavaThread "pool-1-thread-7" [_thread_blocked, id=4236, stack(0x000000446c000000,0x000000446c100000)]
  0x000001774c81aa80 JavaThread "pool-1-thread-8" [_thread_blocked, id=2824, stack(0x000000446c100000,0x000000446c200000)]
  0x000001774c81af90 JavaThread "pool-1-thread-9" [_thread_blocked, id=14160, stack(0x000000446c200000,0x000000446c300000)]
  0x000001774c81c8e0 JavaThread "pool-1-thread-10" [_thread_blocked, id=18696, stack(0x000000446c300000,0x000000446c400000)]
  0x000001774c81a570 JavaThread "pool-1-thread-11" [_thread_blocked, id=15052, stack(0x000000446c400000,0x000000446c500000)]
  0x000001774c81c3d0 JavaThread "pool-1-thread-12" [_thread_blocked, id=19684, stack(0x000000446c500000,0x000000446c600000)]
  0x000001774c81cdf0 JavaThread "pool-1-thread-13" [_thread_blocked, id=49008, stack(0x000000446c600000,0x000000446c700000)]
  0x000001774c81d300 JavaThread "pool-1-thread-14" [_thread_blocked, id=12560, stack(0x000000446c700000,0x000000446c800000)]
  0x000001774c81b4a0 JavaThread "pool-1-thread-15" [_thread_blocked, id=2036, stack(0x000000446c800000,0x000000446c900000)]
  0x000001774c81b9b0 JavaThread "pool-1-thread-16" [_thread_blocked, id=5536, stack(0x000000446c900000,0x000000446ca00000)]
  0x000001774c81bec0 JavaThread "pool-1-thread-17" [_thread_blocked, id=2744, stack(0x000000446ca00000,0x000000446cb00000)]
  0x000001774c81d810 JavaThread "pool-1-thread-18" [_thread_blocked, id=10740, stack(0x000000446cb00000,0x000000446cc00000)]
  0x000001774c81a060 JavaThread "pool-1-thread-19" [_thread_blocked, id=12352, stack(0x000000446cc00000,0x000000446cd00000)]
  0x000001774c81dd20 JavaThread "pool-1-thread-20" [_thread_blocked, id=16272, stack(0x000000446cd00000,0x000000446ce00000)]
  0x000001774c81e740 JavaThread "pool-1-thread-21" [_thread_blocked, id=4776, stack(0x000000446ce00000,0x000000446cf00000)]
  0x000001774c81f160 JavaThread "pool-1-thread-22" [_thread_blocked, id=13492, stack(0x000000446cf00000,0x000000446d000000)]
  0x000001774c81f670 JavaThread "pool-1-thread-23" [_thread_blocked, id=11648, stack(0x000000446d000000,0x000000446d100000)]
  0x000001774c820090 JavaThread "pool-1-thread-24" [_thread_blocked, id=20236, stack(0x000000446d100000,0x000000446d200000)]
  0x000001774c8219e0 JavaThread "pool-1-thread-25" [_thread_blocked, id=16988, stack(0x000000446d200000,0x000000446d300000)]
  0x000001774c820ab0 JavaThread "pool-1-thread-26" [_thread_blocked, id=3568, stack(0x000000446d300000,0x000000446d400000)]
  0x000001774c8205a0 JavaThread "pool-1-thread-27" [_thread_blocked, id=48768, stack(0x000000446d400000,0x000000446d500000)]
  0x000001774c81ec50 JavaThread "pool-1-thread-28" [_thread_blocked, id=48764, stack(0x000000446d500000,0x000000446d600000)]
  0x000001774c81fb80 JavaThread "pool-1-thread-29" [_thread_blocked, id=48760, stack(0x000000446d600000,0x000000446d700000)]
  0x000001774c820fc0 JavaThread "pool-1-thread-30" [_thread_blocked, id=49004, stack(0x000000446d700000,0x000000446d800000)]
  0x000001774c8214d0 JavaThread "pool-1-thread-31" [_thread_blocked, id=20056, stack(0x000000446d800000,0x000000446d900000)]
  0x000001774c81e230 JavaThread "pool-1-thread-32" [_thread_blocked, id=4124, stack(0x000000446d900000,0x000000446da00000)]
  0x000001775a45fb30 JavaThread "pool-1-thread-33" [_thread_blocked, id=8456, stack(0x000000446da00000,0x000000446db00000)]
  0x000001775a460040 JavaThread "pool-1-thread-34" [_thread_blocked, id=10072, stack(0x000000446db00000,0x000000446dc00000)]
  0x000001775a461480 JavaThread "pool-1-thread-35" [_thread_blocked, id=15212, stack(0x000000446dc00000,0x000000446dd00000)]
  0x000001775a4623b0 JavaThread "pool-1-thread-36" [_thread_blocked, id=10552, stack(0x000000446dd00000,0x000000446de00000)]
  0x000001775a45f620 JavaThread "pool-1-thread-37" [_thread_blocked, id=18700, stack(0x000000446de00000,0x000000446df00000)]
  0x000001775a461990 JavaThread "pool-1-thread-38" [_thread_blocked, id=12340, stack(0x000000446df00000,0x000000446e000000)]
  0x000001775a45ec00 JavaThread "pool-1-thread-39" [_thread_blocked, id=11624, stack(0x000000446e000000,0x000000446e100000)]
  0x000001775a461ea0 JavaThread "pool-1-thread-40" [_thread_blocked, id=2944, stack(0x000000446e100000,0x000000446e200000)]
  0x000001775a460550 JavaThread "pool-1-thread-41" [_thread_blocked, id=4192, stack(0x000000446e200000,0x000000446e300000)]
  0x000001775a460f70 JavaThread "pool-1-thread-42" [_thread_blocked, id=6408, stack(0x000000446e300000,0x000000446e400000)]
  0x000001775a4628c0 JavaThread "pool-1-thread-43" [_thread_blocked, id=3232, stack(0x000000446e400000,0x000000446e500000)]
  0x000001775a45f110 JavaThread "pool-1-thread-44" [_thread_blocked, id=49028, stack(0x000000446e500000,0x000000446e600000)]
  0x000001775a463d00 JavaThread "pool-1-thread-45" [_thread_blocked, id=16640, stack(0x000000446e600000,0x000000446e700000)]
  0x000001775a462dd0 JavaThread "pool-1-thread-46" [_thread_blocked, id=9072, stack(0x000000446e700000,0x000000446e800000)]
  0x000001775a4632e0 JavaThread "pool-1-thread-47" [_thread_blocked, id=19312, stack(0x000000446e800000,0x000000446e900000)]
  0x000001775a4637f0 JavaThread "pool-1-thread-48" [_thread_blocked, id=20200, stack(0x000000446e900000,0x000000446ea00000)]
  0x000001775a464210 JavaThread "pool-1-thread-49" [_thread_blocked, id=49032, stack(0x000000446ea00000,0x000000446eb00000)]
  0x000001775a460a60 JavaThread "pool-1-thread-50" [_thread_blocked, id=8828, stack(0x000000446eb00000,0x000000446ec00000)]
  0x000001775a464720 JavaThread "pool-1-thread-51" [_thread_blocked, id=16028, stack(0x000000446ec00000,0x000000446ed00000)]
  0x000001775a464c30 JavaThread "pool-1-thread-52" [_thread_blocked, id=8000, stack(0x000000446ed00000,0x000000446ee00000)]
  0x000001775a466580 JavaThread "pool-1-thread-53" [_thread_blocked, id=5936, stack(0x000000446ee00000,0x000000446ef00000)]
  0x000001775a465140 JavaThread "pool-1-thread-54" [_thread_blocked, id=8856, stack(0x000000446ef00000,0x000000446f000000)]
  0x000001775a465650 JavaThread "pool-1-thread-55" [_thread_blocked, id=12708, stack(0x000000446f000000,0x000000446f100000)]
  0x000001775a465b60 JavaThread "pool-1-thread-56" [_thread_blocked, id=17508, stack(0x000000446f100000,0x000000446f200000)]
  0x000001775a466070 JavaThread "pool-1-thread-57" [_thread_blocked, id=13340, stack(0x000000446f200000,0x000000446f300000)]
  0x0000017759e13bc0 JavaThread "pool-1-thread-58" [_thread_blocked, id=9116, stack(0x000000446f300000,0x000000446f400000)]
  0x0000017759e16e60 JavaThread "pool-1-thread-59" [_thread_blocked, id=18312, stack(0x000000446f400000,0x000000446f500000)]
  0x0000017759e16440 JavaThread "pool-1-thread-60" [_thread_blocked, id=10728, stack(0x000000446f500000,0x000000446f600000)]
  0x0000017759e16950 JavaThread "pool-1-thread-61" [_thread_blocked, id=7372, stack(0x000000446f600000,0x000000446f700000)]
  0x0000017759e17370 JavaThread "pool-1-thread-62" [_thread_blocked, id=33084, stack(0x000000446f700000,0x000000446f800000)]
  0x0000017759e15a20 JavaThread "pool-1-thread-63" [_thread_blocked, id=47080, stack(0x000000446f800000,0x000000446f900000)]
  0x0000017759e140d0 JavaThread "pool-1-thread-64" [_thread_blocked, id=16832, stack(0x000000446f900000,0x000000446fa00000)]
  0x0000017759e145e0 JavaThread "pool-1-thread-65" [_thread_blocked, id=3196, stack(0x000000446fa00000,0x000000446fb00000)]
  0x0000017759e14af0 JavaThread "pool-1-thread-66" [_thread_blocked, id=41780, stack(0x000000446fb00000,0x000000446fc00000)]
  0x0000017759e15000 JavaThread "pool-1-thread-67" [_thread_blocked, id=44320, stack(0x000000446fc00000,0x000000446fd00000)]
  0x0000017759e15510 JavaThread "pool-1-thread-68" [_thread_blocked, id=47096, stack(0x000000446fd00000,0x000000446fe00000)]
  0x0000017759e15f30 JavaThread "pool-1-thread-69" [_thread_blocked, id=48660, stack(0x000000446fe00000,0x000000446ff00000)]
  0x000001775a48c0a0 JavaThread "pool-1-thread-70" [_thread_blocked, id=48644, stack(0x000000446ff00000,0x0000004470000000)]
  0x000001775a48d9f0 JavaThread "pool-1-thread-71" [_thread_blocked, id=48572, stack(0x0000004470000000,0x0000004470100000)]
  0x000001775a48b170 JavaThread "pool-1-thread-72" [_thread_blocked, id=48588, stack(0x0000004470100000,0x0000004470200000)]
  0x000001775a48df00 JavaThread "pool-1-thread-73" [_thread_blocked, id=38720, stack(0x0000004470200000,0x0000004470300000)]
  0x000001775a48bb90 JavaThread "pool-1-thread-74" [_thread_blocked, id=46508, stack(0x0000004470300000,0x0000004470400000)]
  0x000001775a48c5b0 JavaThread "pool-1-thread-75" [_thread_blocked, id=25792, stack(0x0000004470400000,0x0000004470500000)]
  0x000001775a48cac0 JavaThread "pool-1-thread-76" [_thread_blocked, id=47288, stack(0x0000004470500000,0x0000004470600000)]
  0x000001775a48ac60 JavaThread "pool-1-thread-77" [_thread_blocked, id=16444, stack(0x0000004470600000,0x0000004470700000)]
  0x000001775a48e920 JavaThread "pool-1-thread-78" [_thread_blocked, id=14572, stack(0x0000004470700000,0x0000004470800000)]
  0x000001775a48d4e0 JavaThread "pool-1-thread-79" [_thread_blocked, id=20128, stack(0x0000004470800000,0x0000004470900000)]
  0x000001775a48cfd0 JavaThread "pool-1-thread-80" [_thread_blocked, id=12608, stack(0x0000004470900000,0x0000004470a00000)]
  0x000001775a48e410 JavaThread "pool-1-thread-81" [_thread_blocked, id=13164, stack(0x0000004470a00000,0x0000004470b00000)]
  0x000001775a48ee30 JavaThread "pool-1-thread-82" [_thread_blocked, id=4364, stack(0x0000004470b00000,0x0000004470c00000)]
  0x000001775a48b680 JavaThread "pool-1-thread-83" [_thread_blocked, id=9660, stack(0x0000004470c00000,0x0000004470d00000)]
  0x000001775a4916b0 JavaThread "pool-1-thread-84" [_thread_blocked, id=47100, stack(0x0000004470d00000,0x0000004470e00000)]
  0x000001775a4911a0 JavaThread "pool-1-thread-85" [_thread_blocked, id=19852, stack(0x0000004470e00000,0x0000004470f00000)]
  0x000001775a490270 JavaThread "pool-1-thread-86" [_thread_blocked, id=6076, stack(0x0000004470f00000,0x0000004471000000)]
  0x000001775a491bc0 JavaThread "pool-1-thread-87" [_thread_blocked, id=20432, stack(0x0000004471000000,0x0000004471100000)]
  0x000001775a490780 JavaThread "pool-1-thread-88" [_thread_blocked, id=12076, stack(0x0000004471100000,0x0000004471200000)]
  0x000001775a4920d0 JavaThread "pool-1-thread-89" [_thread_blocked, id=6440, stack(0x0000004471200000,0x0000004471300000)]
  0x000001775a490c90 JavaThread "pool-1-thread-90" [_thread_blocked, id=18776, stack(0x0000004471300000,0x0000004471400000)]
  0x000001775a4925e0 JavaThread "pool-1-thread-91" [_thread_blocked, id=8120, stack(0x0000004471400000,0x0000004471500000)]
  0x000001775a48f850 JavaThread "pool-1-thread-92" [_thread_blocked, id=1248, stack(0x0000004471500000,0x0000004471600000)]
  0x000001775a48f340 JavaThread "pool-1-thread-93" [_thread_blocked, id=17872, stack(0x0000004471600000,0x0000004471700000)]
  0x000001775a48fd60 JavaThread "pool-1-thread-94" [_thread_blocked, id=20312, stack(0x0000004471700000,0x0000004471800000)]
  0x000001774c8bc2e0 JavaThread "pool-1-thread-95" [_thread_blocked, id=11420, stack(0x0000004471800000,0x0000004471900000)]
  0x000001774c8bb3b0 JavaThread "pool-1-thread-96" [_thread_blocked, id=18460, stack(0x0000004471900000,0x0000004471a00000)]
  0x000001774c8b9550 JavaThread "pool-1-thread-97" [_thread_blocked, id=20396, stack(0x0000004471a00000,0x0000004471b00000)]
  0x000001774c8bc7f0 JavaThread "pool-1-thread-98" [_thread_blocked, id=11220, stack(0x0000004471b00000,0x0000004471c00000)]
  0x000001774c8ba990 JavaThread "pool-1-thread-99" [_thread_blocked, id=13176, stack(0x0000004471c00000,0x0000004471d00000)]
  0x000001774c8baea0 JavaThread "pool-1-thread-100" [_thread_blocked, id=19756, stack(0x0000004471d00000,0x0000004471e00000)]
  0x000001774c8bbdd0 JavaThread "pool-1-thread-101" [_thread_blocked, id=12140, stack(0x0000004471e00000,0x0000004471f00000)]
  0x000001774c8bd210 JavaThread "pool-1-thread-102" [_thread_blocked, id=12492, stack(0x0000004471f00000,0x0000004472000000)]
  0x000001774c8b9a60 JavaThread "pool-1-thread-103" [_thread_blocked, id=11652, stack(0x0000004472000000,0x0000004472100000)]
  0x000001774c8bd720 JavaThread "pool-1-thread-104" [_thread_blocked, id=13288, stack(0x0000004472100000,0x0000004472200000)]
  0x000001774c8b9f70 JavaThread "pool-1-thread-105" [_thread_blocked, id=19100, stack(0x0000004472200000,0x0000004472300000)]
  0x000001774c8bb8c0 JavaThread "pool-1-thread-106" [_thread_blocked, id=4480, stack(0x0000004472300000,0x0000004472400000)]
  0x000001774c8bcd00 JavaThread "pool-1-thread-107" [_thread_blocked, id=1504, stack(0x0000004472400000,0x0000004472500000)]
  0x000001774c8bdc30 JavaThread "pool-1-thread-108" [_thread_blocked, id=18672, stack(0x0000004472500000,0x0000004472600000)]
  0x000001774c8ba480 JavaThread "pool-1-thread-109" [_thread_blocked, id=5044, stack(0x0000004472600000,0x0000004472700000)]
  0x000001774c8be140 JavaThread "pool-1-thread-110" [_thread_blocked, id=7184, stack(0x0000004472700000,0x0000004472800000)]
  0x000001774c8be650 JavaThread "pool-1-thread-111" [_thread_blocked, id=10976, stack(0x0000004472800000,0x0000004472900000)]
  0x000001774c8beb60 JavaThread "pool-1-thread-112" [_thread_blocked, id=16684, stack(0x0000004472900000,0x0000004472a00000)]
  0x000001774c8bf070 JavaThread "pool-1-thread-113" [_thread_blocked, id=10788, stack(0x0000004472a00000,0x0000004472b00000)]
  0x000001774c8bf580 JavaThread "pool-1-thread-114" [_thread_blocked, id=5636, stack(0x0000004472b00000,0x0000004472c00000)]
  0x000001774c8bfa90 JavaThread "pool-1-thread-115" [_thread_blocked, id=11108, stack(0x0000004472c00000,0x0000004472d00000)]
  0x000001774c8c04b0 JavaThread "pool-1-thread-116" [_thread_blocked, id=16656, stack(0x0000004472d00000,0x0000004472e00000)]
  0x000001774c8c09c0 JavaThread "pool-1-thread-117" [_thread_blocked, id=3208, stack(0x0000004472e00000,0x0000004472f00000)]
  0x000001774c8bffa0 JavaThread "pool-1-thread-118" [_thread_blocked, id=18756, stack(0x0000004472f00000,0x0000004473000000)]
  0x000001774c8c0ed0 JavaThread "pool-1-thread-119" [_thread_blocked, id=15684, stack(0x0000004473000000,0x0000004473100000)]
  0x0000017759eecfb0 JavaThread "pool-1-thread-120" [_thread_blocked, id=10896, stack(0x0000004473100000,0x0000004473200000)]
  0x0000017759eec590 JavaThread "pool-1-thread-121" [_thread_blocked, id=25100, stack(0x0000004473200000,0x0000004473300000)]
  0x0000017759eed9d0 JavaThread "pool-1-thread-122" [_thread_blocked, id=41664, stack(0x0000004473300000,0x0000004473400000)]
  0x0000017759eee900 JavaThread "pool-1-thread-123" [_thread_blocked, id=39156, stack(0x0000004473400000,0x0000004473500000)]
  0x0000017759eedee0 JavaThread "pool-1-thread-124" [_thread_blocked, id=1612, stack(0x0000004473500000,0x0000004473600000)]
  0x0000017759eed4c0 JavaThread "pool-1-thread-125" [_thread_blocked, id=49036, stack(0x0000004473600000,0x0000004473700000)]
  0x0000017759eee3f0 JavaThread "pool-1-thread-126" [_thread_blocked, id=49104, stack(0x0000004473700000,0x0000004473800000)]
  0x0000017759eeee10 JavaThread "pool-1-thread-127" [_thread_blocked, id=26292, stack(0x0000004473800000,0x0000004473900000)]
  0x0000017759eef320 JavaThread "pool-1-thread-128" [_thread_blocked, id=9564, stack(0x0000004473900000,0x0000004473a00000)]
  0x0000017759eecaa0 JavaThread "pool-1-thread-129" [_thread_blocked, id=11520, stack(0x0000004473a00000,0x0000004473b00000)]
  0x0000017759eef830 JavaThread "pool-1-thread-130" [_thread_blocked, id=6544, stack(0x0000004473b00000,0x0000004473c00000)]
  0x0000017759eebb70 JavaThread "pool-1-thread-131" [_thread_blocked, id=1576, stack(0x0000004473c00000,0x0000004473d00000)]
  0x0000017759eec080 JavaThread "pool-1-thread-132" [_thread_blocked, id=16500, stack(0x0000004473d00000,0x0000004473e00000)]
  0x0000017759ef25c0 JavaThread "pool-1-thread-133" [_thread_blocked, id=2568, stack(0x0000004473e00000,0x0000004473f00000)]
  0x0000017759ef0c70 JavaThread "pool-1-thread-134" [_thread_blocked, id=48956, stack(0x0000004473f00000,0x0000004474000000)]
  0x0000017759ef1ba0 JavaThread "pool-1-thread-135" [_thread_blocked, id=14444, stack(0x0000004474000000,0x0000004474100000)]
  0x0000017759ef2fe0 JavaThread "pool-1-thread-136" [_thread_blocked, id=8088, stack(0x0000004474100000,0x0000004474200000)]
  0x0000017759eefd40 JavaThread "pool-1-thread-137" [_thread_blocked, id=48940, stack(0x0000004474200000,0x0000004474300000)]
  0x0000017759ef1180 JavaThread "pool-1-thread-138" [_thread_blocked, id=17504, stack(0x0000004474300000,0x0000004474400000)]
  0x0000017759ef2ad0 JavaThread "pool-1-thread-139" [_thread_blocked, id=14328, stack(0x0000004474400000,0x0000004474500000)]
  0x0000017759ef34f0 JavaThread "pool-1-thread-140" [_thread_blocked, id=48948, stack(0x0000004474500000,0x0000004474600000)]
  0x0000017759ef0760 JavaThread "pool-1-thread-141" [_thread_blocked, id=15336, stack(0x0000004474600000,0x0000004474700000)]
  0x0000017759ef1690 JavaThread "pool-1-thread-142" [_thread_blocked, id=48944, stack(0x0000004474700000,0x0000004474800000)]
  0x0000017759ef0250 JavaThread "pool-1-thread-143" [_thread_blocked, id=3168, stack(0x0000004474800000,0x0000004474900000)]
  0x0000017759ef20b0 JavaThread "pool-1-thread-144" [_thread_blocked, id=15304, stack(0x0000004474900000,0x0000004474a00000)]
  0x000001775a2d1720 JavaThread "pool-1-thread-145" [_thread_blocked, id=48952, stack(0x0000004474a00000,0x0000004474b00000)]
  0x000001775a2d1c30 JavaThread "pool-1-thread-146" [_thread_blocked, id=15180, stack(0x0000004474b00000,0x0000004474c00000)]
  0x000001775a2cf3b0 JavaThread "pool-1-thread-147" [_thread_blocked, id=19940, stack(0x0000004474c00000,0x0000004474d00000)]
  0x000001775a2d2140 JavaThread "pool-1-thread-148" [_thread_blocked, id=11176, stack(0x0000004474d00000,0x0000004474e00000)]
  0x000001775a2d1210 JavaThread "pool-1-thread-149" [_thread_blocked, id=11056, stack(0x0000004474e00000,0x0000004474f00000)]
  0x000001775a2cf8c0 JavaThread "pool-1-thread-150" [_thread_blocked, id=12180, stack(0x0000004474f00000,0x0000004475000000)]
  0x000001775a2d02e0 JavaThread "pool-1-thread-151" [_thread_blocked, id=9096, stack(0x0000004475000000,0x0000004475100000)]
  0x000001775a2cfdd0 JavaThread "pool-1-thread-152" [_thread_blocked, id=16616, stack(0x0000004475100000,0x0000004475200000)]
  0x000001775a2ce990 JavaThread "pool-1-thread-153" [_thread_blocked, id=5000, stack(0x0000004475200000,0x0000004475300000)]
  0x000001775a2d07f0 JavaThread "pool-1-thread-154" [_thread_blocked, id=19420, stack(0x0000004475300000,0x0000004475400000)]
  0x000001775a2d0d00 JavaThread "pool-1-thread-155" [_thread_blocked, id=15872, stack(0x0000004475400000,0x0000004475500000)]
  0x000001775a2d2650 JavaThread "pool-1-thread-156" [_thread_blocked, id=3636, stack(0x0000004475500000,0x0000004475600000)]
  0x000001775a2ceea0 JavaThread "pool-1-thread-157" [_thread_blocked, id=15300, stack(0x0000004475600000,0x0000004475700000)]
  0x000001775a2d6310 JavaThread "pool-1-thread-158" [_thread_blocked, id=10248, stack(0x0000004475700000,0x0000004475800000)]
  0x000001775a2d5e00 JavaThread "pool-1-thread-159" [_thread_blocked, id=11136, stack(0x0000004475800000,0x0000004475900000)]
  0x000001775a2d58f0 JavaThread "pool-1-thread-160" [_thread_blocked, id=17692, stack(0x0000004475900000,0x0000004475a00000)]
  0x000001775a2d3a90 JavaThread "pool-1-thread-161" [_thread_blocked, id=15384, stack(0x0000004475a00000,0x0000004475b00000)]
  0x000001775a2d2b60 JavaThread "pool-1-thread-162" [_thread_blocked, id=2976, stack(0x0000004475b00000,0x0000004475c00000)]
  0x000001775a2d3580 JavaThread "pool-1-thread-163" [_thread_blocked, id=6660, stack(0x0000004475c00000,0x0000004475d00000)]
  0x000001775a2d3070 JavaThread "pool-1-thread-164" [_thread_blocked, id=2856, stack(0x0000004475d00000,0x0000004475e00000)]
  0x000001775a2d3fa0 JavaThread "pool-1-thread-165" [_thread_blocked, id=19612, stack(0x0000004475e00000,0x0000004475f00000)]
  0x000001775a2d44b0 JavaThread "pool-1-thread-166" [_thread_blocked, id=19184, stack(0x0000004475f00000,0x0000004476000000)]
  0x000001775a2d49c0 JavaThread "pool-1-thread-167" [_thread_blocked, id=20388, stack(0x0000004476000000,0x0000004476100000)]
  0x000001775a2d4ed0 JavaThread "pool-1-thread-168" [_thread_blocked, id=47572, stack(0x0000004476100000,0x0000004476200000)]
  0x000001775a2d53e0 JavaThread "pool-1-thread-169" [_thread_blocked, id=39112, stack(0x0000004476200000,0x0000004476300000)]
  0x000001775a3214f0 JavaThread "pool-1-thread-170" [_thread_blocked, id=9008, stack(0x0000004476300000,0x0000004476400000)]
  0x000001775a322e40 JavaThread "pool-1-thread-171" [_thread_blocked, id=17536, stack(0x0000004476400000,0x0000004476500000)]
  0x000001775a323860 JavaThread "pool-1-thread-172" [_thread_blocked, id=16408, stack(0x0000004476500000,0x0000004476600000)]
  0x000001775a323350 JavaThread "pool-1-thread-173" [_thread_blocked, id=14380, stack(0x0000004476600000,0x0000004476700000)]
  0x000001775a321a00 JavaThread "pool-1-thread-174" [_thread_blocked, id=9852, stack(0x0000004476700000,0x0000004476800000)]
  0x000001775a320ad0 JavaThread "pool-1-thread-175" [_thread_blocked, id=14376, stack(0x0000004476800000,0x0000004476900000)]
  0x000001775a323d70 JavaThread "pool-1-thread-176" [_thread_blocked, id=19724, stack(0x0000004476900000,0x0000004476a00000)]
  0x000001775a324280 JavaThread "pool-1-thread-177" [_thread_blocked, id=19816, stack(0x0000004476a00000,0x0000004476b00000)]
  0x000001775a320fe0 JavaThread "pool-1-thread-178" [_thread_blocked, id=20412, stack(0x0000004476b00000,0x0000004476c00000)]
  0x000001775a324790 JavaThread "pool-1-thread-179" [_thread_blocked, id=3500, stack(0x0000004476c00000,0x0000004476d00000)]
  0x000001775a324ca0 JavaThread "pool-1-thread-180" [_thread_blocked, id=652, stack(0x0000004476d00000,0x0000004476e00000)]
  0x000001775a3251b0 JavaThread "pool-1-thread-181" [_thread_blocked, id=12444, stack(0x0000004476e00000,0x0000004476f00000)]
  0x000001775a3256c0 JavaThread "pool-1-thread-182" [_thread_blocked, id=14760, stack(0x0000004476f00000,0x0000004477000000)]
  0x000001775a321f10 JavaThread "pool-1-thread-183" [_thread_blocked, id=5108, stack(0x0000004477000000,0x0000004477100000)]
  0x000001775a325bd0 JavaThread "pool-1-thread-184" [_thread_blocked, id=19700, stack(0x0000004477100000,0x0000004477200000)]
  0x000001775a322420 JavaThread "pool-1-thread-185" [_thread_blocked, id=45852, stack(0x0000004477200000,0x0000004477300000)]
  0x000001775a3260e0 JavaThread "pool-1-thread-186" [_thread_blocked, id=17752, stack(0x0000004477300000,0x0000004477400000)]
  0x000001775a322930 JavaThread "pool-1-thread-187" [_thread_blocked, id=10808, stack(0x0000004477400000,0x0000004477500000)]
  0x000001775a327010 JavaThread "pool-1-thread-188" [_thread_blocked, id=10460, stack(0x0000004477500000,0x0000004477600000)]
  0x000001775a327f40 JavaThread "pool-1-thread-189" [_thread_blocked, id=18048, stack(0x0000004477600000,0x0000004477700000)]
  0x000001775a3265f0 JavaThread "pool-1-thread-190" [_thread_blocked, id=2660, stack(0x0000004477700000,0x0000004477800000)]
  0x000001775a326b00 JavaThread "pool-1-thread-191" [_thread_blocked, id=48984, stack(0x0000004477800000,0x0000004477900000)]
  0x000001775a327520 JavaThread "pool-1-thread-192" [_thread_blocked, id=48988, stack(0x0000004477900000,0x0000004477a00000)]
  0x000001775a327a30 JavaThread "pool-1-thread-193" [_thread_blocked, id=16560, stack(0x0000004477a00000,0x0000004477b00000)]
  0x000001775a328450 JavaThread "pool-1-thread-194" [_thread_blocked, id=17852, stack(0x0000004477b00000,0x0000004477c00000)]
  0x000001775a160050 JavaThread "pool-1-thread-195" [_thread_blocked, id=13044, stack(0x0000004477c00000,0x0000004477d00000)]
  0x000001775a160f80 JavaThread "pool-1-thread-196" [_thread_blocked, id=17640, stack(0x0000004477d00000,0x0000004477e00000)]
  0x000001775a163800 JavaThread "pool-1-thread-197" [_thread_blocked, id=14952, stack(0x0000004477e00000,0x0000004477f00000)]
  0x000001775a161eb0 JavaThread "pool-1-thread-198" [_thread_blocked, id=4948, stack(0x0000004477f00000,0x0000004478000000)]
  0x000001775a1619a0 JavaThread "pool-1-thread-199" [_thread_blocked, id=4832, stack(0x0000004478000000,0x0000004478100000)]
  0x000001775a163d10 JavaThread "pool-1-thread-200" [_thread_blocked, id=48748, stack(0x0000004478100000,0x0000004478200000)]
  0x000001775a1623c0 JavaThread "AWT-Shutdown" [_thread_blocked, id=5548, stack(0x000000446b800000,0x000000446b900000)]

Other Threads:
=>0x00000177046983f0 VMThread "VM Thread" [stack: 0x0000004469500000,0x0000004469600000] [id=17024]
  0x000001776880dd40 GCTaskThread "GC Thread#0" [stack: 0x0000004469000000,0x0000004469100000] [id=16700]
  0x000001774c1543b0 GCTaskThread "GC Thread#1" [stack: 0x000000446ad00000,0x000000446ae00000] [id=18508]
  0x000001774c154670 GCTaskThread "GC Thread#2" [stack: 0x000000446ae00000,0x000000446af00000] [id=4868]
  0x000001774c154930 GCTaskThread "GC Thread#3" [stack: 0x000000446af00000,0x000000446b000000] [id=3388]
  0x000001774c154bf0 GCTaskThread "GC Thread#4" [stack: 0x000000446b000000,0x000000446b100000] [id=2492]
  0x000001774c154eb0 GCTaskThread "GC Thread#5" [stack: 0x000000446b100000,0x000000446b200000] [id=15260]
  0x000001774c19e7f0 GCTaskThread "GC Thread#6" [stack: 0x000000446b200000,0x000000446b300000] [id=2244]
  0x000001774c19eab0 GCTaskThread "GC Thread#7" [stack: 0x000000446b300000,0x000000446b400000] [id=14912]
  0x0000017768816ba0 ConcurrentGCThread "G1 Main Marker" terminated
  0x0000017768819050 ConcurrentGCThread "G1 Conc#0" [stack: 0x0000004469200000,0x0000004469300000] [id=952]
  0x000001775a5afec0 ConcurrentGCThread "G1 Conc#1" [stack: 0x0000004478200000,0x0000004478300000] [id=10652]
  0x0000017704560090 ConcurrentGCThread "G1 Refine#0" terminated
  0x0000017704560770 ConcurrentGCThread "G1 Service" terminated

Threads with active compile tasks:

VM state: at safepoint (shutting down)

VM Mutex/Monitor currently owned by a thread:  ([mutex/lock_event])
[0x00000177687c81e0] Threads_lock - owner thread: 0x00000177046983f0
[0x00000177687c73d0] Heap_lock - owner thread: 0x000001774c807ce0

Heap address: 0x00000000c0000000, size: 1024 MB, Compressed Oops mode: 32-bit

CDS archive(s) mapped at: [0x0000017705000000-0x0000017705bb0000-0x0000017705bb0000), size 12255232, SharedBaseAddress: 0x0000017705000000, ArchiveRelocationMode: 1.
Compressed class space mapped at: 0x0000017706000000-0x0000017746000000, reserved size: 1073741824
Narrow klass base: 0x0000017705000000, Narrow klass shift: 0, Narrow klass range: 0x100000000

GC Precious Log:
 CPUs: 8 total, 8 available
 Memory: 7975M
 Large Page Support: Disabled
 NUMA Support: Disabled
 Compressed Oops: Enabled (32-bit)
 Heap Region Size: 1M
 Heap Min Capacity: 64M
 Heap Initial Capacity: 64M
 Heap Max Capacity: 1G
 Pre-touch: Disabled
 Parallel Workers: 8
 Concurrent Workers: 2
 Concurrent Refinement Workers: 8
 Periodic GC: Disabled

Heap:
 garbage-first heap   total 265216K, used 208235K [0x00000000c0000000, 0x0000000100000000)
  region size 1024K, 58 young (59392K), 2 survivors (2048K)
 Metaspace       used 12854K, committed 13056K, reserved 1114112K
  class space    used 919K, committed 1024K, reserved 1048576K

Heap Regions: E=young(eden), S=young(survivor), O=old, HS=humongous(starts), HC=humongous(continues), CS=collection set, F=free, OA=open archive, CA=closed archive, TAMS=top-at-mark-start (previous, next)
|   0|0x00000000c0000000, 0x00000000c0100000, 0x00000000c0100000|100%| O|  |TAMS 0x00000000c0100000, 0x00000000c0000000| Untracked 
|   1|0x00000000c0100000, 0x00000000c0200000, 0x00000000c0200000|100%| O|  |TAMS 0x00000000c0200000, 0x00000000c0100000| Untracked 
|   2|0x00000000c0200000, 0x00000000c0300000, 0x00000000c0300000|100%| O|  |TAMS 0x00000000c0300000, 0x00000000c0200000| Untracked 
|   3|0x00000000c0300000, 0x00000000c0400000, 0x00000000c0400000|100%| O|  |TAMS 0x00000000c0400000, 0x00000000c0300000| Untracked 
|   4|0x00000000c0400000, 0x00000000c0500000, 0x00000000c0500000|100%| O|  |TAMS 0x00000000c0500000, 0x00000000c0400000| Untracked 
|   5|0x00000000c0500000, 0x00000000c0600000, 0x00000000c0600000|100%| O|  |TAMS 0x00000000c0600000, 0x00000000c0500000| Untracked 
|   6|0x00000000c0600000, 0x00000000c0700000, 0x00000000c0700000|100%| O|  |TAMS 0x00000000c0700000, 0x00000000c0600000| Untracked 
|   7|0x00000000c0700000, 0x00000000c0800000, 0x00000000c0800000|100%| O|  |TAMS 0x00000000c0800000, 0x00000000c0700000| Untracked 
|   8|0x00000000c0800000, 0x00000000c0900000, 0x00000000c0900000|100%| O|  |TAMS 0x00000000c0900000, 0x00000000c0800000| Untracked 
|   9|0x00000000c0900000, 0x00000000c0a00000, 0x00000000c0a00000|100%| O|  |TAMS 0x00000000c0a00000, 0x00000000c0900000| Untracked 
|  10|0x00000000c0a00000, 0x00000000c0a61600, 0x00000000c0b00000| 38%| O|  |TAMS 0x00000000c0a61600, 0x00000000c0a00000| Untracked 
|  11|0x00000000c0b00000, 0x00000000c0b00000, 0x00000000c0c00000|  0%| F|  |TAMS 0x00000000c0b00000, 0x00000000c0b00000| Untracked 
|  12|0x00000000c0c00000, 0x00000000c0c00000, 0x00000000c0d00000|  0%| F|  |TAMS 0x00000000c0c00000, 0x00000000c0c00000| Untracked 
|  13|0x00000000c0d00000, 0x00000000c0e00000, 0x00000000c0e00000|100%| O|  |TAMS 0x00000000c0e00000, 0x00000000c0d00000| Untracked 
|  14|0x00000000c0e00000, 0x00000000c0f00000, 0x00000000c0f00000|100%| O|  |TAMS 0x00000000c0f00000, 0x00000000c0e00000| Untracked 
|  15|0x00000000c0f00000, 0x00000000c0f00000, 0x00000000c1000000|  0%| F|  |TAMS 0x00000000c0f00000, 0x00000000c0f00000| Untracked 
|  16|0x00000000c1000000, 0x00000000c1100000, 0x00000000c1100000|100%|HS|  |TAMS 0x00000000c1100000, 0x00000000c1000000| Complete 
|  17|0x00000000c1100000, 0x00000000c1200000, 0x00000000c1200000|100%|HS|  |TAMS 0x00000000c1200000, 0x00000000c1100000| Complete 
|  18|0x00000000c1200000, 0x00000000c1300000, 0x00000000c1300000|100%|HS|  |TAMS 0x00000000c1300000, 0x00000000c1200000| Complete 
|  19|0x00000000c1300000, 0x00000000c1400000, 0x00000000c1400000|100%|HS|  |TAMS 0x00000000c1400000, 0x00000000c1300000| Complete 
|  20|0x00000000c1400000, 0x00000000c1500000, 0x00000000c1500000|100%|HC|  |TAMS 0x00000000c1500000, 0x00000000c1400000| Complete 
|  21|0x00000000c1500000, 0x00000000c1600000, 0x00000000c1600000|100%|HC|  |TAMS 0x00000000c1600000, 0x00000000c1500000| Complete 
|  22|0x00000000c1600000, 0x00000000c1700000, 0x00000000c1700000|100%|HC|  |TAMS 0x00000000c1700000, 0x00000000c1600000| Complete 
|  23|0x00000000c1700000, 0x00000000c1800000, 0x00000000c1800000|100%|HC|  |TAMS 0x00000000c1800000, 0x00000000c1700000| Complete 
|  24|0x00000000c1800000, 0x00000000c1900000, 0x00000000c1900000|100%|HC|  |TAMS 0x00000000c1900000, 0x00000000c1800000| Complete 
|  25|0x00000000c1900000, 0x00000000c1a00000, 0x00000000c1a00000|100%|HC|  |TAMS 0x00000000c1a00000, 0x00000000c1900000| Complete 
|  26|0x00000000c1a00000, 0x00000000c1b00000, 0x00000000c1b00000|100%|HC|  |TAMS 0x00000000c1b00000, 0x00000000c1a00000| Complete 
|  27|0x00000000c1b00000, 0x00000000c1c00000, 0x00000000c1c00000|100%|HC|  |TAMS 0x00000000c1c00000, 0x00000000c1b00000| Complete 
|  28|0x00000000c1c00000, 0x00000000c1d00000, 0x00000000c1d00000|100%|HC|  |TAMS 0x00000000c1d00000, 0x00000000c1c00000| Complete 
|  29|0x00000000c1d00000, 0x00000000c1e00000, 0x00000000c1e00000|100%|HC|  |TAMS 0x00000000c1e00000, 0x00000000c1d00000| Complete 
|  30|0x00000000c1e00000, 0x00000000c1f00000, 0x00000000c1f00000|100%|HC|  |TAMS 0x00000000c1f00000, 0x00000000c1e00000| Complete 
|  31|0x00000000c1f00000, 0x00000000c2000000, 0x00000000c2000000|100%|HC|  |TAMS 0x00000000c2000000, 0x00000000c1f00000| Complete 
|  32|0x00000000c2000000, 0x00000000c2100000, 0x00000000c2100000|100%|HC|  |TAMS 0x00000000c2100000, 0x00000000c2000000| Complete 
|  33|0x00000000c2100000, 0x00000000c2200000, 0x00000000c2200000|100%|HC|  |TAMS 0x00000000c2200000, 0x00000000c2100000| Complete 
|  34|0x00000000c2200000, 0x00000000c2300000, 0x00000000c2300000|100%|HC|  |TAMS 0x00000000c2300000, 0x00000000c2200000| Complete 
|  35|0x00000000c2300000, 0x00000000c2400000, 0x00000000c2400000|100%|HC|  |TAMS 0x00000000c2400000, 0x00000000c2300000| Complete 
|  36|0x00000000c2400000, 0x00000000c2500000, 0x00000000c2500000|100%|HC|  |TAMS 0x00000000c2500000, 0x00000000c2400000| Complete 
|  37|0x00000000c2500000, 0x00000000c2600000, 0x00000000c2600000|100%|HC|  |TAMS 0x00000000c2600000, 0x00000000c2500000| Complete 
|  38|0x00000000c2600000, 0x00000000c2700000, 0x00000000c2700000|100%|HC|  |TAMS 0x00000000c2700000, 0x00000000c2600000| Complete 
|  39|0x00000000c2700000, 0x00000000c2800000, 0x00000000c2800000|100%|HC|  |TAMS 0x00000000c2800000, 0x00000000c2700000| Complete 
|  40|0x00000000c2800000, 0x00000000c2900000, 0x00000000c2900000|100%|HC|  |TAMS 0x00000000c2900000, 0x00000000c2800000| Complete 
|  41|0x00000000c2900000, 0x00000000c2a00000, 0x00000000c2a00000|100%|HC|  |TAMS 0x00000000c2a00000, 0x00000000c2900000| Complete 
|  42|0x00000000c2a00000, 0x00000000c2b00000, 0x00000000c2b00000|100%|HC|  |TAMS 0x00000000c2b00000, 0x00000000c2a00000| Complete 
|  43|0x00000000c2b00000, 0x00000000c2c00000, 0x00000000c2c00000|100%|HC|  |TAMS 0x00000000c2c00000, 0x00000000c2b00000| Complete 
|  44|0x00000000c2c00000, 0x00000000c2d00000, 0x00000000c2d00000|100%|HC|  |TAMS 0x00000000c2d00000, 0x00000000c2c00000| Complete 
|  45|0x00000000c2d00000, 0x00000000c2e00000, 0x00000000c2e00000|100%|HC|  |TAMS 0x00000000c2e00000, 0x00000000c2d00000| Complete 
|  46|0x00000000c2e00000, 0x00000000c2f00000, 0x00000000c2f00000|100%|HC|  |TAMS 0x00000000c2f00000, 0x00000000c2e00000| Complete 
|  47|0x00000000c2f00000, 0x00000000c3000000, 0x00000000c3000000|100%|HC|  |TAMS 0x00000000c3000000, 0x00000000c2f00000| Complete 
|  48|0x00000000c3000000, 0x00000000c3100000, 0x00000000c3100000|100%|HC|  |TAMS 0x00000000c3100000, 0x00000000c3000000| Complete 
|  49|0x00000000c3100000, 0x00000000c3200000, 0x00000000c3200000|100%|HC|  |TAMS 0x00000000c3200000, 0x00000000c3100000| Complete 
|  50|0x00000000c3200000, 0x00000000c3300000, 0x00000000c3300000|100%|HC|  |TAMS 0x00000000c3300000, 0x00000000c3200000| Complete 
|  51|0x00000000c3300000, 0x00000000c3400000, 0x00000000c3400000|100%|HC|  |TAMS 0x00000000c3400000, 0x00000000c3300000| Complete 
|  52|0x00000000c3400000, 0x00000000c3500000, 0x00000000c3500000|100%| O|  |TAMS 0x00000000c3500000, 0x00000000c3400000| Untracked 
|  53|0x00000000c3500000, 0x00000000c3500000, 0x00000000c3600000|  0%| F|  |TAMS 0x00000000c3500000, 0x00000000c3500000| Untracked 
|  54|0x00000000c3600000, 0x00000000c3600000, 0x00000000c3700000|  0%| F|  |TAMS 0x00000000c3600000, 0x00000000c3600000| Untracked 
|  55|0x00000000c3700000, 0x00000000c3800000, 0x00000000c3800000|100%| O|  |TAMS 0x00000000c3800000, 0x00000000c3700000| Untracked 
|  56|0x00000000c3800000, 0x00000000c3900000, 0x00000000c3900000|100%| O|  |TAMS 0x00000000c3900000, 0x00000000c3800000| Untracked 
|  57|0x00000000c3900000, 0x00000000c3900000, 0x00000000c3a00000|  0%| F|  |TAMS 0x00000000c3900000, 0x00000000c3900000| Untracked 
|  58|0x00000000c3a00000, 0x00000000c3a00000, 0x00000000c3b00000|  0%| F|  |TAMS 0x00000000c3a00000, 0x00000000c3a00000| Untracked 
|  59|0x00000000c3b00000, 0x00000000c3b00000, 0x00000000c3c00000|  0%| F|  |TAMS 0x00000000c3b00000, 0x00000000c3b00000| Untracked 
|  60|0x00000000c3c00000, 0x00000000c3c00000, 0x00000000c3d00000|  0%| F|  |TAMS 0x00000000c3c00000, 0x00000000c3c00000| Untracked 
|  61|0x00000000c3d00000, 0x00000000c3d00000, 0x00000000c3e00000|  0%| F|  |TAMS 0x00000000c3d00000, 0x00000000c3d00000| Untracked 
|  62|0x00000000c3e00000, 0x00000000c3e00000, 0x00000000c3f00000|  0%| F|  |TAMS 0x00000000c3e00000, 0x00000000c3e00000| Untracked 
|  63|0x00000000c3f00000, 0x00000000c3f00000, 0x00000000c4000000|  0%| F|  |TAMS 0x00000000c3f00000, 0x00000000c3f00000| Untracked 
|  64|0x00000000c4000000, 0x00000000c4100000, 0x00000000c4100000|100%|HS|  |TAMS 0x00000000c4100000, 0x00000000c4000000| Complete 
|  65|0x00000000c4100000, 0x00000000c4200000, 0x00000000c4200000|100%|HC|  |TAMS 0x00000000c4200000, 0x00000000c4100000| Complete 
|  66|0x00000000c4200000, 0x00000000c4300000, 0x00000000c4300000|100%|HC|  |TAMS 0x00000000c4300000, 0x00000000c4200000| Complete 
|  67|0x00000000c4300000, 0x00000000c4400000, 0x00000000c4400000|100%|HC|  |TAMS 0x00000000c4400000, 0x00000000c4300000| Complete 
|  68|0x00000000c4400000, 0x00000000c4500000, 0x00000000c4500000|100%|HC|  |TAMS 0x00000000c4500000, 0x00000000c4400000| Complete 
|  69|0x00000000c4500000, 0x00000000c4600000, 0x00000000c4600000|100%|HC|  |TAMS 0x00000000c4600000, 0x00000000c4500000| Complete 
|  70|0x00000000c4600000, 0x00000000c4700000, 0x00000000c4700000|100%|HC|  |TAMS 0x00000000c4700000, 0x00000000c4600000| Complete 
|  71|0x00000000c4700000, 0x00000000c4800000, 0x00000000c4800000|100%|HC|  |TAMS 0x00000000c4800000, 0x00000000c4700000| Complete 
|  72|0x00000000c4800000, 0x00000000c4900000, 0x00000000c4900000|100%|HC|  |TAMS 0x00000000c4900000, 0x00000000c4800000| Complete 
|  73|0x00000000c4900000, 0x00000000c4a00000, 0x00000000c4a00000|100%|HS|  |TAMS 0x00000000c4a00000, 0x00000000c4900000| Complete 
|  74|0x00000000c4a00000, 0x00000000c4b00000, 0x00000000c4b00000|100%|HC|  |TAMS 0x00000000c4b00000, 0x00000000c4a00000| Complete 
|  75|0x00000000c4b00000, 0x00000000c4c00000, 0x00000000c4c00000|100%|HC|  |TAMS 0x00000000c4c00000, 0x00000000c4b00000| Complete 
|  76|0x00000000c4c00000, 0x00000000c4d00000, 0x00000000c4d00000|100%|HC|  |TAMS 0x00000000c4d00000, 0x00000000c4c00000| Complete 
|  77|0x00000000c4d00000, 0x00000000c4e00000, 0x00000000c4e00000|100%|HC|  |TAMS 0x00000000c4e00000, 0x00000000c4d00000| Complete 
|  78|0x00000000c4e00000, 0x00000000c4f00000, 0x00000000c4f00000|100%|HC|  |TAMS 0x00000000c4f00000, 0x00000000c4e00000| Complete 
|  79|0x00000000c4f00000, 0x00000000c5000000, 0x00000000c5000000|100%|HC|  |TAMS 0x00000000c5000000, 0x00000000c4f00000| Complete 
|  80|0x00000000c5000000, 0x00000000c5100000, 0x00000000c5100000|100%|HC|  |TAMS 0x00000000c5100000, 0x00000000c5000000| Complete 
|  81|0x00000000c5100000, 0x00000000c5200000, 0x00000000c5200000|100%|HC|  |TAMS 0x00000000c5200000, 0x00000000c5100000| Complete 
|  82|0x00000000c5200000, 0x00000000c5300000, 0x00000000c5300000|100%|HC|  |TAMS 0x00000000c5300000, 0x00000000c5200000| Complete 
|  83|0x00000000c5300000, 0x00000000c5400000, 0x00000000c5400000|100%|HC|  |TAMS 0x00000000c5400000, 0x00000000c5300000| Complete 
|  84|0x00000000c5400000, 0x00000000c5500000, 0x00000000c5500000|100%|HC|  |TAMS 0x00000000c5500000, 0x00000000c5400000| Complete 
|  85|0x00000000c5500000, 0x00000000c5600000, 0x00000000c5600000|100%|HC|  |TAMS 0x00000000c5600000, 0x00000000c5500000| Complete 
|  86|0x00000000c5600000, 0x00000000c5700000, 0x00000000c5700000|100%|HC|  |TAMS 0x00000000c5700000, 0x00000000c5600000| Complete 
|  87|0x00000000c5700000, 0x00000000c5800000, 0x00000000c5800000|100%|HC|  |TAMS 0x00000000c5800000, 0x00000000c5700000| Complete 
|  88|0x00000000c5800000, 0x00000000c5900000, 0x00000000c5900000|100%|HC|  |TAMS 0x00000000c5900000, 0x00000000c5800000| Complete 
|  89|0x00000000c5900000, 0x00000000c5a00000, 0x00000000c5a00000|100%|HC|  |TAMS 0x00000000c5a00000, 0x00000000c5900000| Complete 
|  90|0x00000000c5a00000, 0x00000000c5b00000, 0x00000000c5b00000|100%|HC|  |TAMS 0x00000000c5b00000, 0x00000000c5a00000| Complete 
|  91|0x00000000c5b00000, 0x00000000c5c00000, 0x00000000c5c00000|100%|HC|  |TAMS 0x00000000c5c00000, 0x00000000c5b00000| Complete 
|  92|0x00000000c5c00000, 0x00000000c5d00000, 0x00000000c5d00000|100%|HC|  |TAMS 0x00000000c5d00000, 0x00000000c5c00000| Complete 
|  93|0x00000000c5d00000, 0x00000000c5e00000, 0x00000000c5e00000|100%|HC|  |TAMS 0x00000000c5e00000, 0x00000000c5d00000| Complete 
|  94|0x00000000c5e00000, 0x00000000c5f00000, 0x00000000c5f00000|100%|HC|  |TAMS 0x00000000c5f00000, 0x00000000c5e00000| Complete 
|  95|0x00000000c5f00000, 0x00000000c6000000, 0x00000000c6000000|100%|HC|  |TAMS 0x00000000c6000000, 0x00000000c5f00000| Complete 
|  96|0x00000000c6000000, 0x00000000c6100000, 0x00000000c6100000|100%|HC|  |TAMS 0x00000000c6100000, 0x00000000c6000000| Complete 
|  97|0x00000000c6100000, 0x00000000c6200000, 0x00000000c6200000|100%|HC|  |TAMS 0x00000000c6200000, 0x00000000c6100000| Complete 
|  98|0x00000000c6200000, 0x00000000c6300000, 0x00000000c6300000|100%|HS|  |TAMS 0x00000000c6300000, 0x00000000c6200000| Complete 
|  99|0x00000000c6300000, 0x00000000c6400000, 0x00000000c6400000|100%|HC|  |TAMS 0x00000000c6400000, 0x00000000c6300000| Complete 
| 100|0x00000000c6400000, 0x00000000c6500000, 0x00000000c6500000|100%|HC|  |TAMS 0x00000000c6500000, 0x00000000c6400000| Complete 
| 101|0x00000000c6500000, 0x00000000c6600000, 0x00000000c6600000|100%|HC|  |TAMS 0x00000000c6600000, 0x00000000c6500000| Complete 
| 102|0x00000000c6600000, 0x00000000c6700000, 0x00000000c6700000|100%|HC|  |TAMS 0x00000000c6700000, 0x00000000c6600000| Complete 
| 103|0x00000000c6700000, 0x00000000c6800000, 0x00000000c6800000|100%|HC|  |TAMS 0x00000000c6800000, 0x00000000c6700000| Complete 
| 104|0x00000000c6800000, 0x00000000c6900000, 0x00000000c6900000|100%|HC|  |TAMS 0x00000000c6900000, 0x00000000c6800000| Complete 
| 105|0x00000000c6900000, 0x00000000c6a00000, 0x00000000c6a00000|100%|HC|  |TAMS 0x00000000c6a00000, 0x00000000c6900000| Complete 
| 106|0x00000000c6a00000, 0x00000000c6b00000, 0x00000000c6b00000|100%|HC|  |TAMS 0x00000000c6b00000, 0x00000000c6a00000| Complete 
| 107|0x00000000c6b00000, 0x00000000c6c00000, 0x00000000c6c00000|100%|HC|  |TAMS 0x00000000c6c00000, 0x00000000c6b00000| Complete 
| 108|0x00000000c6c00000, 0x00000000c6d00000, 0x00000000c6d00000|100%|HC|  |TAMS 0x00000000c6d00000, 0x00000000c6c00000| Complete 
| 109|0x00000000c6d00000, 0x00000000c6e00000, 0x00000000c6e00000|100%|HC|  |TAMS 0x00000000c6e00000, 0x00000000c6d00000| Complete 
| 110|0x00000000c6e00000, 0x00000000c6f00000, 0x00000000c6f00000|100%|HC|  |TAMS 0x00000000c6f00000, 0x00000000c6e00000| Complete 
| 111|0x00000000c6f00000, 0x00000000c7000000, 0x00000000c7000000|100%|HC|  |TAMS 0x00000000c7000000, 0x00000000c6f00000| Complete 
| 112|0x00000000c7000000, 0x00000000c7100000, 0x00000000c7100000|100%|HC|  |TAMS 0x00000000c7100000, 0x00000000c7000000| Complete 
| 113|0x00000000c7100000, 0x00000000c7200000, 0x00000000c7200000|100%|HC|  |TAMS 0x00000000c7200000, 0x00000000c7100000| Complete 
| 114|0x00000000c7200000, 0x00000000c7300000, 0x00000000c7300000|100%|HC|  |TAMS 0x00000000c7300000, 0x00000000c7200000| Complete 
| 115|0x00000000c7300000, 0x00000000c7400000, 0x00000000c7400000|100%|HS|  |TAMS 0x00000000c7400000, 0x00000000c7300000| Complete 
| 116|0x00000000c7400000, 0x00000000c7500000, 0x00000000c7500000|100%|HC|  |TAMS 0x00000000c7500000, 0x00000000c7400000| Complete 
| 117|0x00000000c7500000, 0x00000000c7600000, 0x00000000c7600000|100%|HC|  |TAMS 0x00000000c7600000, 0x00000000c7500000| Complete 
| 118|0x00000000c7600000, 0x00000000c7700000, 0x00000000c7700000|100%|HC|  |TAMS 0x00000000c7700000, 0x00000000c7600000| Complete 
| 119|0x00000000c7700000, 0x00000000c7800000, 0x00000000c7800000|100%|HC|  |TAMS 0x00000000c7800000, 0x00000000c7700000| Complete 
| 120|0x00000000c7800000, 0x00000000c7900000, 0x00000000c7900000|100%|HC|  |TAMS 0x00000000c7900000, 0x00000000c7800000| Complete 
| 121|0x00000000c7900000, 0x00000000c7a00000, 0x00000000c7a00000|100%|HC|  |TAMS 0x00000000c7a00000, 0x00000000c7900000| Complete 
| 122|0x00000000c7a00000, 0x00000000c7b00000, 0x00000000c7b00000|100%|HC|  |TAMS 0x00000000c7b00000, 0x00000000c7a00000| Complete 
| 123|0x00000000c7b00000, 0x00000000c7c00000, 0x00000000c7c00000|100%|HC|  |TAMS 0x00000000c7c00000, 0x00000000c7b00000| Complete 
| 124|0x00000000c7c00000, 0x00000000c7d00000, 0x00000000c7d00000|100%|HS|  |TAMS 0x00000000c7d00000, 0x00000000c7c00000| Complete 
| 125|0x00000000c7d00000, 0x00000000c7e00000, 0x00000000c7e00000|100%|HC|  |TAMS 0x00000000c7e00000, 0x00000000c7d00000| Complete 
| 126|0x00000000c7e00000, 0x00000000c7f00000, 0x00000000c7f00000|100%|HC|  |TAMS 0x00000000c7f00000, 0x00000000c7e00000| Complete 
| 127|0x00000000c7f00000, 0x00000000c8000000, 0x00000000c8000000|100%|HC|  |TAMS 0x00000000c8000000, 0x00000000c7f00000| Complete 
| 128|0x00000000c8000000, 0x00000000c8100000, 0x00000000c8100000|100%|HC|  |TAMS 0x00000000c8100000, 0x00000000c8000000| Complete 
| 129|0x00000000c8100000, 0x00000000c8200000, 0x00000000c8200000|100%|HC|  |TAMS 0x00000000c8200000, 0x00000000c8100000| Complete 
| 130|0x00000000c8200000, 0x00000000c8300000, 0x00000000c8300000|100%|HC|  |TAMS 0x00000000c8300000, 0x00000000c8200000| Complete 
| 131|0x00000000c8300000, 0x00000000c8400000, 0x00000000c8400000|100%|HC|  |TAMS 0x00000000c8400000, 0x00000000c8300000| Complete 
| 132|0x00000000c8400000, 0x00000000c8500000, 0x00000000c8500000|100%|HC|  |TAMS 0x00000000c8500000, 0x00000000c8400000| Complete 
| 133|0x00000000c8500000, 0x00000000c8600000, 0x00000000c8600000|100%|HS|  |TAMS 0x00000000c8600000, 0x00000000c8500000| Complete 
| 134|0x00000000c8600000, 0x00000000c8700000, 0x00000000c8700000|100%|HC|  |TAMS 0x00000000c8700000, 0x00000000c8600000| Complete 
| 135|0x00000000c8700000, 0x00000000c8800000, 0x00000000c8800000|100%|HC|  |TAMS 0x00000000c8800000, 0x00000000c8700000| Complete 
| 136|0x00000000c8800000, 0x00000000c8900000, 0x00000000c8900000|100%|HC|  |TAMS 0x00000000c8900000, 0x00000000c8800000| Complete 
| 137|0x00000000c8900000, 0x00000000c8a00000, 0x00000000c8a00000|100%|HC|  |TAMS 0x00000000c8a00000, 0x00000000c8900000| Complete 
| 138|0x00000000c8a00000, 0x00000000c8b00000, 0x00000000c8b00000|100%|HC|  |TAMS 0x00000000c8b00000, 0x00000000c8a00000| Complete 
| 139|0x00000000c8b00000, 0x00000000c8c00000, 0x00000000c8c00000|100%|HC|  |TAMS 0x00000000c8c00000, 0x00000000c8b00000| Complete 
| 140|0x00000000c8c00000, 0x00000000c8d00000, 0x00000000c8d00000|100%|HC|  |TAMS 0x00000000c8d00000, 0x00000000c8c00000| Complete 
| 141|0x00000000c8d00000, 0x00000000c8e00000, 0x00000000c8e00000|100%|HC|  |TAMS 0x00000000c8e00000, 0x00000000c8d00000| Complete 
| 142|0x00000000c8e00000, 0x00000000c8e00000, 0x00000000c8f00000|  0%| F|  |TAMS 0x00000000c8e00000, 0x00000000c8e00000| Untracked 
| 143|0x00000000c8f00000, 0x00000000c8f00000, 0x00000000c9000000|  0%| F|  |TAMS 0x00000000c8f00000, 0x00000000c8f00000| Untracked 
| 144|0x00000000c9000000, 0x00000000c9000000, 0x00000000c9100000|  0%| F|  |TAMS 0x00000000c9000000, 0x00000000c9000000| Untracked 
| 145|0x00000000c9100000, 0x00000000c9100000, 0x00000000c9200000|  0%| F|  |TAMS 0x00000000c9100000, 0x00000000c9100000| Untracked 
| 146|0x00000000c9200000, 0x00000000c9200000, 0x00000000c9300000|  0%| F|  |TAMS 0x00000000c9200000, 0x00000000c9200000| Untracked 
| 147|0x00000000c9300000, 0x00000000c9300000, 0x00000000c9400000|  0%| F|  |TAMS 0x00000000c9300000, 0x00000000c9300000| Untracked 
| 148|0x00000000c9400000, 0x00000000c9400000, 0x00000000c9500000|  0%| F|  |TAMS 0x00000000c9400000, 0x00000000c9400000| Untracked 
| 149|0x00000000c9500000, 0x00000000c9500000, 0x00000000c9600000|  0%| F|  |TAMS 0x00000000c9500000, 0x00000000c9500000| Untracked 
| 150|0x00000000c9600000, 0x00000000c9700000, 0x00000000c9700000|100%|HS|  |TAMS 0x00000000c9700000, 0x00000000c9600000| Complete 
| 151|0x00000000c9700000, 0x00000000c9800000, 0x00000000c9800000|100%|HC|  |TAMS 0x00000000c9800000, 0x00000000c9700000| Complete 
| 152|0x00000000c9800000, 0x00000000c9900000, 0x00000000c9900000|100%|HC|  |TAMS 0x00000000c9900000, 0x00000000c9800000| Complete 
| 153|0x00000000c9900000, 0x00000000c9a00000, 0x00000000c9a00000|100%|HC|  |TAMS 0x00000000c9a00000, 0x00000000c9900000| Complete 
| 154|0x00000000c9a00000, 0x00000000c9b00000, 0x00000000c9b00000|100%|HC|  |TAMS 0x00000000c9b00000, 0x00000000c9a00000| Complete 
| 155|0x00000000c9b00000, 0x00000000c9c00000, 0x00000000c9c00000|100%|HC|  |TAMS 0x00000000c9c00000, 0x00000000c9b00000| Complete 
| 156|0x00000000c9c00000, 0x00000000c9d00000, 0x00000000c9d00000|100%|HC|  |TAMS 0x00000000c9d00000, 0x00000000c9c00000| Complete 
| 157|0x00000000c9d00000, 0x00000000c9e00000, 0x00000000c9e00000|100%|HC|  |TAMS 0x00000000c9e00000, 0x00000000c9d00000| Complete 
| 158|0x00000000c9e00000, 0x00000000c9f00000, 0x00000000c9f00000|100%|HC|  |TAMS 0x00000000c9f00000, 0x00000000c9e00000| Complete 
| 159|0x00000000c9f00000, 0x00000000ca000000, 0x00000000ca000000|100%|HS|  |TAMS 0x00000000ca000000, 0x00000000c9f00000| Complete 
| 160|0x00000000ca000000, 0x00000000ca100000, 0x00000000ca100000|100%|HC|  |TAMS 0x00000000ca100000, 0x00000000ca000000| Complete 
| 161|0x00000000ca100000, 0x00000000ca200000, 0x00000000ca200000|100%|HC|  |TAMS 0x00000000ca200000, 0x00000000ca100000| Complete 
| 162|0x00000000ca200000, 0x00000000ca300000, 0x00000000ca300000|100%|HC|  |TAMS 0x00000000ca300000, 0x00000000ca200000| Complete 
| 163|0x00000000ca300000, 0x00000000ca400000, 0x00000000ca400000|100%|HC|  |TAMS 0x00000000ca400000, 0x00000000ca300000| Complete 
| 164|0x00000000ca400000, 0x00000000ca500000, 0x00000000ca500000|100%|HC|  |TAMS 0x00000000ca500000, 0x00000000ca400000| Complete 
| 165|0x00000000ca500000, 0x00000000ca600000, 0x00000000ca600000|100%|HC|  |TAMS 0x00000000ca600000, 0x00000000ca500000| Complete 
| 166|0x00000000ca600000, 0x00000000ca700000, 0x00000000ca700000|100%|HC|  |TAMS 0x00000000ca700000, 0x00000000ca600000| Complete 
| 167|0x00000000ca700000, 0x00000000ca800000, 0x00000000ca800000|100%|HC|  |TAMS 0x00000000ca800000, 0x00000000ca700000| Complete 
| 168|0x00000000ca800000, 0x00000000ca800000, 0x00000000ca900000|  0%| F|  |TAMS 0x00000000ca800000, 0x00000000ca800000| Untracked 
| 169|0x00000000ca900000, 0x00000000ca900000, 0x00000000caa00000|  0%| F|  |TAMS 0x00000000ca900000, 0x00000000ca900000| Untracked 
| 170|0x00000000caa00000, 0x00000000caa00000, 0x00000000cab00000|  0%| F|  |TAMS 0x00000000caa00000, 0x00000000caa00000| Untracked 
| 171|0x00000000cab00000, 0x00000000cab00000, 0x00000000cac00000|  0%| F|  |TAMS 0x00000000cab00000, 0x00000000cab00000| Untracked 
| 172|0x00000000cac00000, 0x00000000cac00000, 0x00000000cad00000|  0%| F|  |TAMS 0x00000000cac00000, 0x00000000cac00000| Untracked 
| 173|0x00000000cad00000, 0x00000000cad00000, 0x00000000cae00000|  0%| F|  |TAMS 0x00000000cad00000, 0x00000000cad00000| Untracked 
| 174|0x00000000cae00000, 0x00000000cae00000, 0x00000000caf00000|  0%| F|  |TAMS 0x00000000cae00000, 0x00000000cae00000| Untracked 
| 175|0x00000000caf00000, 0x00000000caf00000, 0x00000000cb000000|  0%| F|  |TAMS 0x00000000caf00000, 0x00000000caf00000| Untracked 
| 176|0x00000000cb000000, 0x00000000cb000000, 0x00000000cb100000|  0%| F|  |TAMS 0x00000000cb000000, 0x00000000cb000000| Untracked 
| 177|0x00000000cb100000, 0x00000000cb100000, 0x00000000cb200000|  0%| F|  |TAMS 0x00000000cb100000, 0x00000000cb100000| Untracked 
| 178|0x00000000cb200000, 0x00000000cb200000, 0x00000000cb300000|  0%| F|  |TAMS 0x00000000cb200000, 0x00000000cb200000| Untracked 
| 179|0x00000000cb300000, 0x00000000cb300000, 0x00000000cb400000|  0%| F|  |TAMS 0x00000000cb300000, 0x00000000cb300000| Untracked 
| 180|0x00000000cb400000, 0x00000000cb400000, 0x00000000cb500000|  0%| F|  |TAMS 0x00000000cb400000, 0x00000000cb400000| Untracked 
| 181|0x00000000cb500000, 0x00000000cb500000, 0x00000000cb600000|  0%| F|  |TAMS 0x00000000cb500000, 0x00000000cb500000| Untracked 
| 182|0x00000000cb600000, 0x00000000cb6f97c8, 0x00000000cb700000| 97%| S|CS|TAMS 0x00000000cb600000, 0x00000000cb600000| Complete 
| 183|0x00000000cb700000, 0x00000000cb800000, 0x00000000cb800000|100%| S|CS|TAMS 0x00000000cb700000, 0x00000000cb700000| Complete 
| 184|0x00000000cb800000, 0x00000000cb800000, 0x00000000cb900000|  0%| F|  |TAMS 0x00000000cb800000, 0x00000000cb800000| Untracked 
| 185|0x00000000cb900000, 0x00000000cb900000, 0x00000000cba00000|  0%| F|  |TAMS 0x00000000cb900000, 0x00000000cb900000| Untracked 
| 186|0x00000000cba00000, 0x00000000cba00000, 0x00000000cbb00000|  0%| F|  |TAMS 0x00000000cba00000, 0x00000000cba00000| Untracked 
| 187|0x00000000cbb00000, 0x00000000cbb00000, 0x00000000cbc00000|  0%| F|  |TAMS 0x00000000cbb00000, 0x00000000cbb00000| Untracked 
| 188|0x00000000cbc00000, 0x00000000cbc00000, 0x00000000cbd00000|  0%| F|  |TAMS 0x00000000cbc00000, 0x00000000cbc00000| Untracked 
| 189|0x00000000cbd00000, 0x00000000cbd00000, 0x00000000cbe00000|  0%| F|  |TAMS 0x00000000cbd00000, 0x00000000cbd00000| Untracked 
| 190|0x00000000cbe00000, 0x00000000cbe00000, 0x00000000cbf00000|  0%| F|  |TAMS 0x00000000cbe00000, 0x00000000cbe00000| Untracked 
| 191|0x00000000cbf00000, 0x00000000cbf00000, 0x00000000cc000000|  0%| F|  |TAMS 0x00000000cbf00000, 0x00000000cbf00000| Untracked 
| 192|0x00000000cc000000, 0x00000000cc000000, 0x00000000cc100000|  0%| F|  |TAMS 0x00000000cc000000, 0x00000000cc000000| Untracked 
| 193|0x00000000cc100000, 0x00000000cc100000, 0x00000000cc200000|  0%| F|  |TAMS 0x00000000cc100000, 0x00000000cc100000| Untracked 
| 194|0x00000000cc200000, 0x00000000cc200000, 0x00000000cc300000|  0%| F|  |TAMS 0x00000000cc200000, 0x00000000cc200000| Untracked 
| 195|0x00000000cc300000, 0x00000000cc300000, 0x00000000cc400000|  0%| F|  |TAMS 0x00000000cc300000, 0x00000000cc300000| Untracked 
| 196|0x00000000cc400000, 0x00000000cc400000, 0x00000000cc500000|  0%| F|  |TAMS 0x00000000cc400000, 0x00000000cc400000| Untracked 
| 197|0x00000000cc500000, 0x00000000cc500000, 0x00000000cc600000|  0%| F|  |TAMS 0x00000000cc500000, 0x00000000cc500000| Untracked 
| 198|0x00000000cc600000, 0x00000000cc600000, 0x00000000cc700000|  0%| F|  |TAMS 0x00000000cc600000, 0x00000000cc600000| Untracked 
| 199|0x00000000cc700000, 0x00000000cc700000, 0x00000000cc800000|  0%| F|  |TAMS 0x00000000cc700000, 0x00000000cc700000| Untracked 
| 200|0x00000000cc800000, 0x00000000cc800000, 0x00000000cc900000|  0%| F|  |TAMS 0x00000000cc800000, 0x00000000cc800000| Untracked 
| 201|0x00000000cc900000, 0x00000000cc900000, 0x00000000cca00000|  0%| F|  |TAMS 0x00000000cc900000, 0x00000000cc900000| Untracked 
| 202|0x00000000cca00000, 0x00000000cca00000, 0x00000000ccb00000|  0%| F|  |TAMS 0x00000000cca00000, 0x00000000cca00000| Untracked 
| 203|0x00000000ccb00000, 0x00000000ccb15740, 0x00000000ccc00000|  8%| E|  |TAMS 0x00000000ccb00000, 0x00000000ccb00000| Complete 
| 204|0x00000000ccc00000, 0x00000000cccfff80, 0x00000000ccd00000| 99%| E|  |TAMS 0x00000000ccc00000, 0x00000000ccc00000| Complete 
| 205|0x00000000ccd00000, 0x00000000cce00000, 0x00000000cce00000|100%| E|CS|TAMS 0x00000000ccd00000, 0x00000000ccd00000| Complete 
| 206|0x00000000cce00000, 0x00000000ccf00000, 0x00000000ccf00000|100%| E|CS|TAMS 0x00000000cce00000, 0x00000000cce00000| Complete 
| 207|0x00000000ccf00000, 0x00000000cd000000, 0x00000000cd000000|100%| E|CS|TAMS 0x00000000ccf00000, 0x00000000ccf00000| Complete 
| 208|0x00000000cd000000, 0x00000000cd100000, 0x00000000cd100000|100%| E|CS|TAMS 0x00000000cd000000, 0x00000000cd000000| Complete 
| 209|0x00000000cd100000, 0x00000000cd200000, 0x00000000cd200000|100%| E|CS|TAMS 0x00000000cd100000, 0x00000000cd100000| Complete 
| 210|0x00000000cd200000, 0x00000000cd300000, 0x00000000cd300000|100%| E|CS|TAMS 0x00000000cd200000, 0x00000000cd200000| Complete 
| 211|0x00000000cd300000, 0x00000000cd400000, 0x00000000cd400000|100%| E|CS|TAMS 0x00000000cd300000, 0x00000000cd300000| Complete 
| 212|0x00000000cd400000, 0x00000000cd500000, 0x00000000cd500000|100%| E|CS|TAMS 0x00000000cd400000, 0x00000000cd400000| Complete 
| 213|0x00000000cd500000, 0x00000000cd600000, 0x00000000cd600000|100%| E|CS|TAMS 0x00000000cd500000, 0x00000000cd500000| Complete 
| 214|0x00000000cd600000, 0x00000000cd700000, 0x00000000cd700000|100%| E|CS|TAMS 0x00000000cd600000, 0x00000000cd600000| Complete 
| 215|0x00000000cd700000, 0x00000000cd800000, 0x00000000cd800000|100%| E|CS|TAMS 0x00000000cd700000, 0x00000000cd700000| Complete 
| 216|0x00000000cd800000, 0x00000000cd900000, 0x00000000cd900000|100%| E|CS|TAMS 0x00000000cd800000, 0x00000000cd800000| Complete 
| 217|0x00000000cd900000, 0x00000000cda00000, 0x00000000cda00000|100%| E|CS|TAMS 0x00000000cd900000, 0x00000000cd900000| Complete 
| 218|0x00000000cda00000, 0x00000000cdb00000, 0x00000000cdb00000|100%| E|CS|TAMS 0x00000000cda00000, 0x00000000cda00000| Complete 
| 219|0x00000000cdb00000, 0x00000000cdc00000, 0x00000000cdc00000|100%| E|CS|TAMS 0x00000000cdb00000, 0x00000000cdb00000| Complete 
| 220|0x00000000cdc00000, 0x00000000cdd00000, 0x00000000cdd00000|100%| E|CS|TAMS 0x00000000cdc00000, 0x00000000cdc00000| Complete 
| 221|0x00000000cdd00000, 0x00000000cde00000, 0x00000000cde00000|100%| E|CS|TAMS 0x00000000cdd00000, 0x00000000cdd00000| Complete 
| 222|0x00000000cde00000, 0x00000000cdf00000, 0x00000000cdf00000|100%| E|CS|TAMS 0x00000000cde00000, 0x00000000cde00000| Complete 
| 223|0x00000000cdf00000, 0x00000000ce000000, 0x00000000ce000000|100%| E|CS|TAMS 0x00000000cdf00000, 0x00000000cdf00000| Complete 
| 224|0x00000000ce000000, 0x00000000ce100000, 0x00000000ce100000|100%| E|CS|TAMS 0x00000000ce000000, 0x00000000ce000000| Complete 
| 225|0x00000000ce100000, 0x00000000ce200000, 0x00000000ce200000|100%| E|CS|TAMS 0x00000000ce100000, 0x00000000ce100000| Complete 
| 226|0x00000000ce200000, 0x00000000ce300000, 0x00000000ce300000|100%| E|CS|TAMS 0x00000000ce200000, 0x00000000ce200000| Complete 
| 227|0x00000000ce300000, 0x00000000ce400000, 0x00000000ce400000|100%| E|CS|TAMS 0x00000000ce300000, 0x00000000ce300000| Complete 
| 228|0x00000000ce400000, 0x00000000ce500000, 0x00000000ce500000|100%| E|CS|TAMS 0x00000000ce400000, 0x00000000ce400000| Complete 
| 229|0x00000000ce500000, 0x00000000ce600000, 0x00000000ce600000|100%| E|CS|TAMS 0x00000000ce500000, 0x00000000ce500000| Complete 
| 230|0x00000000ce600000, 0x00000000ce700000, 0x00000000ce700000|100%| E|CS|TAMS 0x00000000ce600000, 0x00000000ce600000| Complete 
| 231|0x00000000ce700000, 0x00000000ce800000, 0x00000000ce800000|100%| E|CS|TAMS 0x00000000ce700000, 0x00000000ce700000| Complete 
| 232|0x00000000ce800000, 0x00000000ce900000, 0x00000000ce900000|100%| E|CS|TAMS 0x00000000ce800000, 0x00000000ce800000| Complete 
| 233|0x00000000ce900000, 0x00000000cea00000, 0x00000000cea00000|100%| E|CS|TAMS 0x00000000ce900000, 0x00000000ce900000| Complete 
| 234|0x00000000cea00000, 0x00000000ceb00000, 0x00000000ceb00000|100%| E|CS|TAMS 0x00000000cea00000, 0x00000000cea00000| Complete 
| 235|0x00000000ceb00000, 0x00000000cec00000, 0x00000000cec00000|100%| E|CS|TAMS 0x00000000ceb00000, 0x00000000ceb00000| Complete 
| 236|0x00000000cec00000, 0x00000000ced00000, 0x00000000ced00000|100%| E|CS|TAMS 0x00000000cec00000, 0x00000000cec00000| Complete 
| 237|0x00000000ced00000, 0x00000000cee00000, 0x00000000cee00000|100%| E|CS|TAMS 0x00000000ced00000, 0x00000000ced00000| Complete 
| 238|0x00000000cee00000, 0x00000000cef00000, 0x00000000cef00000|100%| E|CS|TAMS 0x00000000cee00000, 0x00000000cee00000| Complete 
| 239|0x00000000cef00000, 0x00000000cf000000, 0x00000000cf000000|100%| E|CS|TAMS 0x00000000cef00000, 0x00000000cef00000| Complete 
| 240|0x00000000cf000000, 0x00000000cf100000, 0x00000000cf100000|100%| E|CS|TAMS 0x00000000cf000000, 0x00000000cf000000| Complete 
| 241|0x00000000cf100000, 0x00000000cf200000, 0x00000000cf200000|100%| E|CS|TAMS 0x00000000cf100000, 0x00000000cf100000| Complete 
| 242|0x00000000cf200000, 0x00000000cf300000, 0x00000000cf300000|100%| E|CS|TAMS 0x00000000cf200000, 0x00000000cf200000| Complete 
| 243|0x00000000cf300000, 0x00000000cf400000, 0x00000000cf400000|100%| E|CS|TAMS 0x00000000cf300000, 0x00000000cf300000| Complete 
| 244|0x00000000cf400000, 0x00000000cf500000, 0x00000000cf500000|100%| E|CS|TAMS 0x00000000cf400000, 0x00000000cf400000| Complete 
| 245|0x00000000cf500000, 0x00000000cf600000, 0x00000000cf600000|100%| E|CS|TAMS 0x00000000cf500000, 0x00000000cf500000| Complete 
| 246|0x00000000cf600000, 0x00000000cf700000, 0x00000000cf700000|100%| E|CS|TAMS 0x00000000cf600000, 0x00000000cf600000| Complete 
| 247|0x00000000cf700000, 0x00000000cf800000, 0x00000000cf800000|100%| E|CS|TAMS 0x00000000cf700000, 0x00000000cf700000| Complete 
| 248|0x00000000cf800000, 0x00000000cf900000, 0x00000000cf900000|100%| E|CS|TAMS 0x00000000cf800000, 0x00000000cf800000| Complete 
| 249|0x00000000cf900000, 0x00000000cfa00000, 0x00000000cfa00000|100%| E|CS|TAMS 0x00000000cf900000, 0x00000000cf900000| Complete 
| 250|0x00000000cfa00000, 0x00000000cfb00000, 0x00000000cfb00000|100%| E|CS|TAMS 0x00000000cfa00000, 0x00000000cfa00000| Complete 
| 251|0x00000000cfb00000, 0x00000000cfc00000, 0x00000000cfc00000|100%| E|CS|TAMS 0x00000000cfb00000, 0x00000000cfb00000| Complete 
| 252|0x00000000cfc00000, 0x00000000cfd00000, 0x00000000cfd00000|100%| E|CS|TAMS 0x00000000cfc00000, 0x00000000cfc00000| Complete 
| 253|0x00000000cfd00000, 0x00000000cfe00000, 0x00000000cfe00000|100%| E|CS|TAMS 0x00000000cfd00000, 0x00000000cfd00000| Complete 
| 254|0x00000000cfe00000, 0x00000000cff00000, 0x00000000cff00000|100%| E|CS|TAMS 0x00000000cfe00000, 0x00000000cfe00000| Complete 
| 255|0x00000000cff00000, 0x00000000d0000000, 0x00000000d0000000|100%| E|CS|TAMS 0x00000000cff00000, 0x00000000cff00000| Complete 
| 256|0x00000000d0000000, 0x00000000d0100000, 0x00000000d0100000|100%| E|CS|TAMS 0x00000000d0000000, 0x00000000d0000000| Complete 
| 257|0x00000000d0100000, 0x00000000d0200000, 0x00000000d0200000|100%| E|CS|TAMS 0x00000000d0100000, 0x00000000d0100000| Complete 
| 258|0x00000000d0200000, 0x00000000d0300000, 0x00000000d0300000|100%| E|CS|TAMS 0x00000000d0200000, 0x00000000d0200000| Complete 

Card table byte_map: [0x000001777f830000,0x000001777fa30000] _byte_map_base: 0x000001777f230000

Marking Bits (Prev, Next): (CMBitMap*) 0x000001776880e2b0, (CMBitMap*) 0x000001776880e270
 Prev Bits: [0x0000017701000000, 0x0000017702000000)
 Next Bits: [0x0000017700000000, 0x0000017701000000)

Polling page: 0x0000017766950000

Metaspace:

Usage:
  Non-class:     11.66 MB used.
      Class:    919.25 KB used.
       Both:     12.55 MB used.

Virtual space:
  Non-class space:       64.00 MB reserved,      11.75 MB ( 18%) committed,  1 nodes.
      Class space:        1.00 GB reserved,       1.00 MB ( <1%) committed,  1 nodes.
             Both:        1.06 GB reserved,      12.75 MB (  1%) committed. 

Chunk freelists:
   Non-Class:  3.66 MB
       Class:  14.91 MB
        Both:  18.57 MB

MaxMetaspaceSize: unlimited
CompressedClassSpaceSize: 1.00 GB
Initial GC threshold: 21.00 MB
Current GC threshold: 21.00 MB
CDS: on
MetaspaceReclaimPolicy: balanced
 - commit_granule_bytes: 65536.
 - commit_granule_words: 8192.
 - virtual_space_node_default_size: 8388608.
 - enlarge_chunks_in_place: 1.
 - new_chunks_are_fully_committed: 0.
 - uncommit_free_chunks: 1.
 - use_allocation_guard: 0.
 - handle_deallocations: 1.


Internal statistics:

num_allocs_failed_limit: 0.
num_arena_births: 106.
num_arena_deaths: 0.
num_vsnodes_births: 2.
num_vsnodes_deaths: 0.
num_space_committed: 200.
num_space_uncommitted: 0.
num_chunks_returned_to_freelist: 0.
num_chunks_taken_from_freelist: 382.
num_chunk_merges: 0.
num_chunk_splits: 297.
num_chunks_enlarged: 236.
num_inconsistent_stats: 0.

CodeHeap 'non-profiled nmethods': size=120000Kb used=821Kb max_used=821Kb free=119179Kb
 bounds [0x0000017777dd0000, 0x0000017778040000, 0x000001777f300000]
CodeHeap 'profiled nmethods': size=120000Kb used=2757Kb max_used=2757Kb free=117242Kb
 bounds [0x0000017770300000, 0x00000177705c0000, 0x0000017777830000]
CodeHeap 'non-nmethods': size=5760Kb used=1612Kb max_used=1646Kb free=4147Kb
 bounds [0x0000017777830000, 0x0000017777aa0000, 0x0000017777dd0000]
 total_blobs=2447 nmethods=1509 adapters=851
 compilation: enabled
              stopped_count=0, restarted_count=0
 full_count=0

Compilation events (20 events):
Event: 5.887 Thread 0x00000177046d4b80 nmethod 1500 0x00000177705ae690 code [0x00000177705ae820, 0x00000177705ae938]
Event: 5.888 Thread 0x00000177046bc1a0 nmethod 1499 0x0000017777e9c090 code [0x0000017777e9c220, 0x0000017777e9c518]
Event: 6.039 Thread 0x00000177046d4b80 1501       1       java.nio.DirectFloatBufferU::isReadOnly (2 bytes)
Event: 6.039 Thread 0x00000177046d4b80 nmethod 1501 0x0000017777e9c810 code [0x0000017777e9c9a0, 0x0000017777e9ca78]
Event: 6.039 Thread 0x00000177046d4b80 1502       1       java.nio.DirectFloatBufferU::base (2 bytes)
Event: 6.039 Thread 0x00000177046d4b80 nmethod 1502 0x0000017777e9cb10 code [0x0000017777e9cca0, 0x0000017777e9cd78]
Event: 6.039 Thread 0x00000177046d4b80 1503       3       java.lang.ThreadLocal::get (38 bytes)
Event: 6.040 Thread 0x00000177046d4b80 nmethod 1503 0x00000177705aea10 code [0x00000177705aebe0, 0x00000177705aef38]
Event: 6.040 Thread 0x00000177046d4b80 1504       1       jogamp.opengl.GLContextImpl::getGL (5 bytes)
Event: 6.040 Thread 0x00000177046d4b80 nmethod 1504 0x0000017777e9ce10 code [0x0000017777e9cfa0, 0x0000017777e9d078]
Event: 6.114 Thread 0x00000177046d4b80 1505       1       jogamp.newt.WindowImpl::getWindowHandle (5 bytes)
Event: 6.114 Thread 0x00000177046d4b80 nmethod 1505 0x0000017777e9d110 code [0x0000017777e9d2a0, 0x0000017777e9d378]
Event: 6.114 Thread 0x00000177046d4b80 1506       3       com.jogamp.opengl.GLContext::isGL3 (30 bytes)
Event: 6.114 Thread 0x00000177046d4b80 nmethod 1506 0x00000177705af110 code [0x00000177705af2c0, 0x00000177705af4a8]
Event: 6.189 Thread 0x00000177046d4b80 1507       3       java.lang.String::newStringUTF8NoRepl (272 bytes)
Event: 6.189 Thread 0x00000177046d4b80 nmethod 1507 0x00000177705af590 code [0x00000177705af860, 0x00000177705b0728]
Event: 6.218 Thread 0x00000177046d4b80 1508       3       jdk.internal.misc.Unsafe::getAndAddLong (27 bytes)
Event: 6.218 Thread 0x00000177046d4b80 nmethod 1508 0x00000177705b0c90 code [0x00000177705b0e40, 0x00000177705b1088]
Event: 6.218 Thread 0x00000177046d4b80 1509       3       jdk.internal.misc.Unsafe::weakCompareAndSetLong (11 bytes)
Event: 6.218 Thread 0x00000177046d4b80 nmethod 1509 0x00000177705b1190 code [0x00000177705b1320, 0x00000177705b1458]

GC Heap History (20 events):
Event: 1.680 GC heap before
{Heap before GC invocations=5 (full 0):
 garbage-first heap   total 65536K, used 55316K [0x00000000c0000000, 0x0000000100000000)
  region size 1024K, 1 young (1024K), 1 survivors (1024K)
 Metaspace       used 12538K, committed 12736K, reserved 1114112K
  class space    used 906K, committed 1024K, reserved 1048576K
}
Event: 1.680 GC heap after
{Heap after GC invocations=6 (full 0):
 garbage-first heap   total 65536K, used 55316K [0x00000000c0000000, 0x0000000100000000)
  region size 1024K, 1 young (1024K), 1 survivors (1024K)
 Metaspace       used 12538K, committed 12736K, reserved 1114112K
  class space    used 906K, committed 1024K, reserved 1048576K
}
Event: 1.703 GC heap before
{Heap before GC invocations=7 (full 0):
 garbage-first heap   total 153600K, used 107540K [0x00000000c0000000, 0x0000000100000000)
  region size 1024K, 2 young (2048K), 1 survivors (1024K)
 Metaspace       used 12539K, committed 12736K, reserved 1114112K
  class space    used 906K, committed 1024K, reserved 1048576K
}
Event: 1.704 GC heap after
{Heap after GC invocations=8 (full 0):
 garbage-first heap   total 153600K, used 107534K [0x00000000c0000000, 0x0000000100000000)
  region size 1024K, 1 young (1024K), 1 survivors (1024K)
 Metaspace       used 12539K, committed 12736K, reserved 1114112K
  class space    used 906K, committed 1024K, reserved 1048576K
}
Event: 1.881 GC heap before
{Heap before GC invocations=9 (full 0):
 garbage-first heap   total 229376K, used 175118K [0x00000000c0000000, 0x0000000100000000)
  region size 1024K, 22 young (22528K), 1 survivors (1024K)
 Metaspace       used 12735K, committed 12928K, reserved 1114112K
  class space    used 914K, committed 1024K, reserved 1048576K
}
Event: 1.883 GC heap after
{Heap after GC invocations=10 (full 0):
 garbage-first heap   total 229376K, used 156886K [0x00000000c0000000, 0x0000000100000000)
  region size 1024K, 3 young (3072K), 3 survivors (3072K)
 Metaspace       used 12735K, committed 12928K, reserved 1114112K
  class space    used 914K, committed 1024K, reserved 1048576K
}
Event: 2.183 GC heap before
{Heap before GC invocations=10 (full 0):
 garbage-first heap   total 229376K, used 191702K [0x00000000c0000000, 0x0000000100000000)
  region size 1024K, 37 young (37888K), 3 survivors (3072K)
 Metaspace       used 12761K, committed 12992K, reserved 1114112K
  class space    used 914K, committed 1024K, reserved 1048576K
}
Event: 2.185 GC heap after
{Heap after GC invocations=11 (full 0):
 garbage-first heap   total 229376K, used 158703K [0x00000000c0000000, 0x0000000100000000)
  region size 1024K, 5 young (5120K), 5 survivors (5120K)
 Metaspace       used 12761K, committed 12992K, reserved 1114112K
  class space    used 914K, committed 1024K, reserved 1048576K
}
Event: 2.536 GC heap before
{Heap before GC invocations=12 (full 0):
 garbage-first heap   total 265216K, used 190447K [0x00000000c0000000, 0x0000000100000000)
  region size 1024K, 38 young (38912K), 5 survivors (5120K)
 Metaspace       used 12767K, committed 12992K, reserved 1114112K
  class space    used 914K, committed 1024K, reserved 1048576K
}
Event: 2.538 GC heap after
{Heap after GC invocations=13 (full 0):
 garbage-first heap   total 265216K, used 155397K [0x00000000c0000000, 0x0000000100000000)
  region size 1024K, 4 young (4096K), 4 survivors (4096K)
 Metaspace       used 12767K, committed 12992K, reserved 1114112K
  class space    used 914K, committed 1024K, reserved 1048576K
}
Event: 2.615 GC heap before
{Heap before GC invocations=13 (full 0):
 garbage-first heap   total 265216K, used 163589K [0x00000000c0000000, 0x0000000100000000)
  region size 1024K, 12 young (12288K), 4 survivors (4096K)
 Metaspace       used 12769K, committed 12992K, reserved 1114112K
  class space    used 914K, committed 1024K, reserved 1048576K
}
Event: 2.617 GC heap after
{Heap after GC invocations=14 (full 0):
 garbage-first heap   total 265216K, used 155640K [0x00000000c0000000, 0x0000000100000000)
  region size 1024K, 2 young (2048K), 2 survivors (2048K)
 Metaspace       used 12769K, committed 12992K, reserved 1114112K
  class space    used 914K, committed 1024K, reserved 1048576K
}
Event: 3.482 GC heap before
{Heap before GC invocations=14 (full 0):
 garbage-first heap   total 265216K, used 225272K [0x00000000c0000000, 0x0000000100000000)
  region size 1024K, 70 young (71680K), 2 survivors (2048K)
 Metaspace       used 12771K, committed 12992K, reserved 1114112K
  class space    used 914K, committed 1024K, reserved 1048576K
}
Event: 3.483 GC heap after
{Heap after GC invocations=15 (full 0):
 garbage-first heap   total 265216K, used 154550K [0x00000000c0000000, 0x0000000100000000)
  region size 1024K, 1 young (1024K), 1 survivors (1024K)
 Metaspace       used 12771K, committed 12992K, reserved 1114112K
  class space    used 914K, committed 1024K, reserved 1048576K
}
Event: 4.311 GC heap before
{Heap before GC invocations=16 (full 0):
 garbage-first heap   total 265216K, used 223166K [0x00000000c0000000, 0x0000000100000000)
  region size 1024K, 70 young (71680K), 1 survivors (1024K)
 Metaspace       used 12781K, committed 12992K, reserved 1114112K
  class space    used 915K, committed 1024K, reserved 1048576K
}
Event: 4.313 GC heap after
{Heap after GC invocations=17 (full 0):
 garbage-first heap   total 265216K, used 156357K [0x00000000c0000000, 0x0000000100000000)
  region size 1024K, 5 young (5120K), 5 survivors (5120K)
 Metaspace       used 12781K, committed 12992K, reserved 1114112K
  class space    used 915K, committed 1024K, reserved 1048576K
}
Event: 4.446 GC heap before
{Heap before GC invocations=17 (full 0):
 garbage-first heap   total 265216K, used 163525K [0x00000000c0000000, 0x0000000100000000)
  region size 1024K, 12 young (12288K), 5 survivors (5120K)
 Metaspace       used 12783K, committed 12992K, reserved 1114112K
  class space    used 915K, committed 1024K, reserved 1048576K
}
Event: 4.447 GC heap after
{Heap after GC invocations=18 (full 0):
 garbage-first heap   total 265216K, used 151775K [0x00000000c0000000, 0x0000000100000000)
  region size 1024K, 1 young (1024K), 1 survivors (1024K)
 Metaspace       used 12783K, committed 12992K, reserved 1114112K
  class space    used 915K, committed 1024K, reserved 1048576K
}
Event: 5.415 GC heap before
{Heap before GC invocations=18 (full 0):
 garbage-first heap   total 265216K, used 227551K [0x00000000c0000000, 0x0000000100000000)
  region size 1024K, 75 young (76800K), 1 survivors (1024K)
 Metaspace       used 12797K, committed 12992K, reserved 1114112K
  class space    used 915K, committed 1024K, reserved 1048576K
}
Event: 5.417 GC heap after
{Heap after GC invocations=19 (full 0):
 garbage-first heap   total 265216K, used 152939K [0x00000000c0000000, 0x0000000100000000)
  region size 1024K, 2 young (2048K), 2 survivors (2048K)
 Metaspace       used 12797K, committed 12992K, reserved 1114112K
  class space    used 915K, committed 1024K, reserved 1048576K
}

Dll operation events (14 events):
Event: 0.006 Loaded shared library C:\Program Files\Processing\app\resources\jdk-17.0.14+7\bin\java.dll
Event: 0.017 Loaded shared library C:\Program Files\Processing\app\resources\jdk-17.0.14+7\bin\jsvml.dll
Event: 0.097 Loaded shared library C:\Program Files\Processing\app\resources\jdk-17.0.14+7\bin\net.dll
Event: 0.098 Loaded shared library C:\Program Files\Processing\app\resources\jdk-17.0.14+7\bin\nio.dll
Event: 0.100 Loaded shared library C:\Program Files\Processing\app\resources\jdk-17.0.14+7\bin\zip.dll
Event: 0.136 Loaded shared library C:\Program Files\Processing\app\resources\jdk-17.0.14+7\bin\jimage.dll
Event: 0.138 Loaded shared library C:\Program Files\Processing\app\resources\jdk-17.0.14+7\bin\awt.dll
Event: 0.388 Loaded shared library C:\Users\danil\AppData\Local\Temp\jogamp_0000\file_cache\jln16601349707063687193\jln15451063529369238934\natives\windows-amd64\gluegen_rt.dll
Event: 0.394 Loaded shared library C:\Program Files\Processing\app\resources\jdk-17.0.14+7\bin\jawt.dll
Event: 0.404 Loaded shared library C:\Users\danil\AppData\Local\Temp\jogamp_0000\file_cache\jln16601349707063687193\jln15451063529369238934\natives\windows-amd64\nativewindow_awt.dll
Event: 0.427 Loaded shared library C:\Users\danil\AppData\Local\Temp\jogamp_0000\file_cache\jln16601349707063687193\jln15451063529369238934\natives\windows-amd64\nativewindow_win32.dll
Event: 0.502 Loaded shared library C:\Users\danil\AppData\Local\Temp\jogamp_0000\file_cache\jln16601349707063687193\jln15451063529369238934\natives\windows-amd64\jogl_desktop.dll
Event: 0.692 Loaded shared library C:\Users\danil\AppData\Local\Temp\jogamp_0000\file_cache\jln16601349707063687193\jln15451063529369238934\natives\windows-amd64\jogl_mobile.dll
Event: 1.415 Loaded shared library C:\Users\danil\AppData\Local\Temp\jogamp_0000\file_cache\jln16601349707063687193\jln15451063529369238934\natives\windows-amd64\newt_head.dll

Deoptimization events (20 events):
Event: 1.933 Thread 0x000001774c807ce0 DEOPT PACKING pc=0x00000177705168db sp=0x000000446b6fea70
Event: 1.933 Thread 0x000001774c807ce0 DEOPT UNPACKING pc=0x000001777788ace3 sp=0x000000446b6fdfe0 mode 0
Event: 1.933 Thread 0x000001774c807ce0 DEOPT PACKING pc=0x00000177705168db sp=0x000000446b6fea70
Event: 1.933 Thread 0x000001774c807ce0 DEOPT UNPACKING pc=0x000001777788ace3 sp=0x000000446b6fdfe0 mode 0
Event: 1.995 Thread 0x000001774c807ce0 DEOPT PACKING pc=0x000001777057e8e4 sp=0x000000446b6fed30
Event: 1.995 Thread 0x000001774c807ce0 DEOPT UNPACKING pc=0x000001777788ace3 sp=0x000000446b6fe298 mode 0
Event: 3.725 Thread 0x000001774c807ce0 Uncommon trap: trap_request=0xffffff5c fr.pc=0x0000017777e8bab8 relative=0x00000000000011b8
Event: 3.725 Thread 0x000001774c807ce0 Uncommon trap: reason=speculate_null_check action=make_not_entrant pc=0x0000017777e8bab8 method=java.util.concurrent.locks.AbstractQueuedSynchronizer.acquire(Ljava/util/concurrent/locks/AbstractQueuedSynchronizer$Node;IZZZJ)I @ 254 c2
Event: 3.725 Thread 0x000001774c807ce0 DEOPT PACKING pc=0x0000017777e8bab8 sp=0x000000446b6febd0
Event: 3.725 Thread 0x000001774c807ce0 DEOPT UNPACKING pc=0x000001777788a1a3 sp=0x000000446b6feba0 mode 2
Event: 6.189 Thread 0x000001775a1628d0 DEOPT PACKING pc=0x0000017770434817 sp=0x000000446b9fe580
Event: 6.189 Thread 0x000001775a1628d0 DEOPT UNPACKING pc=0x000001777788ace3 sp=0x000000446b9fd9e0 mode 0
Event: 6.209 Thread 0x000001774a796830 Uncommon trap: trap_request=0xffffff45 fr.pc=0x0000017777e50a68 relative=0x00000000000001e8
Event: 6.209 Thread 0x000001774a796830 Uncommon trap: reason=unstable_if action=reinterpret pc=0x0000017777e50a68 method=java.util.HashMap$HashIterator.<init>(Ljava/util/HashMap;)V @ 38 c2
Event: 6.209 Thread 0x000001774a796830 DEOPT PACKING pc=0x0000017777e50a68 sp=0x000000446aaff5b0
Event: 6.209 Thread 0x000001774a796830 DEOPT UNPACKING pc=0x000001777788a1a3 sp=0x000000446aaff558 mode 2
Event: 6.215 Thread 0x000001774a796830 Uncommon trap: trap_request=0xffffff45 fr.pc=0x0000017777e98cf0 relative=0x00000000000000f0
Event: 6.215 Thread 0x000001774a796830 Uncommon trap: reason=unstable_if action=reinterpret pc=0x0000017777e98cf0 method=com.jogamp.common.util.IntIntHashMap.put(II)I @ 21 c2
Event: 6.215 Thread 0x000001774a796830 DEOPT PACKING pc=0x0000017777e98cf0 sp=0x000000446aaff330
Event: 6.215 Thread 0x000001774a796830 DEOPT UNPACKING pc=0x000001777788a1a3 sp=0x000000446aaff298 mode 2

Classes loaded (20 events):
Event: 1.600 Loading class java/util/concurrent/Callable done
Event: 1.600 Loading class java/util/concurrent/Executors$RunnableAdapter done
Event: 1.600 Loading class java/util/concurrent/ThreadPoolExecutor$Worker
Event: 1.600 Loading class java/util/concurrent/ThreadPoolExecutor$Worker done
Event: 1.613 Loading class java/util/concurrent/locks/AbstractQueuedSynchronizer$SharedNode
Event: 1.614 Loading class java/util/concurrent/locks/AbstractQueuedSynchronizer$SharedNode done
Event: 1.760 Loading class sun/nio/cs/StreamDecoder
Event: 1.760 Loading class sun/nio/cs/StreamDecoder done
Event: 1.760 Loading class java/util/regex/Pattern$LookBehindEndNode
Event: 1.760 Loading class java/util/regex/Pattern$LookBehindEndNode done
Event: 1.760 Loading class java/util/regex/Pattern$NotBehind
Event: 1.760 Loading class java/util/regex/Pattern$NotBehind done
Event: 1.760 Loading class java/util/regex/Pattern$Neg
Event: 1.760 Loading class java/util/regex/Pattern$Neg done
Event: 1.761 Loading class java/util/regex/Pattern$Pos
Event: 1.761 Loading class java/util/regex/Pattern$Pos done
Event: 1.766 Loading class java/util/regex/Pattern$SliceS
Event: 1.766 Loading class java/util/regex/Pattern$SliceS done
Event: 6.189 Loading class java/nio/channels/ClosedChannelException
Event: 6.189 Loading class java/nio/channels/ClosedChannelException done

Classes unloaded (0 events):
No events

Classes redefined (0 events):
No events

Internal exceptions (20 events):
Event: 0.125 Thread 0x00000177687cb340 Exception <a 'java/lang/NoSuchMethodError'{0x00000000c3ce8da8}: 'void java.lang.invoke.DirectMethodHandle$Holder.invokeStatic(java.lang.Object, java.lang.Object, java.lang.Object)'> (0x00000000c3ce8da8) 
thrown [s\src\hotspot\share\interpreter\linkResolver.cpp, line 759]
Event: 0.131 Thread 0x00000177687cb340 Exception <a 'java/lang/ClassNotFoundException'{0x00000000c3b106f8}: sun/awt/resources/spi/awtProvider> (0x00000000c3b106f8) 
thrown [s\src\hotspot\share\classfile\systemDictionary.cpp, line 256]
Event: 0.145 Thread 0x00000177687cb340 Exception <a 'java/io/FileNotFoundException'{0x00000000c3b66038}> (0x00000000c3b66038) 
thrown [s\src\hotspot\share\prims\jni.cpp, line 516]
Event: 0.149 Thread 0x00000177687cb340 Exception <a 'java/io/FileNotFoundException'{0x00000000c3b937d0}> (0x00000000c3b937d0) 
thrown [s\src\hotspot\share\prims\jni.cpp, line 516]
Event: 0.174 Thread 0x00000177687cb340 Exception <a 'java/lang/NoSuchMethodError'{0x00000000c3a407d8}: 'java.lang.Object java.lang.invoke.DirectMethodHandle$Holder.invokeStaticInit(java.lang.Object)'> (0x00000000c3a407d8) 
thrown [s\src\hotspot\share\interpreter\linkResolver.cpp, line 759]
Event: 0.254 Thread 0x00000177687cb340 Exception <a 'java/lang/NoSuchMethodError'{0x00000000c364f288}: 'java.lang.Object java.lang.invoke.DirectMethodHandle$Holder.invokeStaticInit(java.lang.Object, int, int, int, int)'> (0x00000000c364f288) 
thrown [s\src\hotspot\share\interpreter\linkResolver.cpp, line 759]
Event: 0.287 Thread 0x00000177687cb340 Exception <a 'java/lang/NoSuchMethodError'{0x00000000c3538e98}: 'java.lang.Object java.lang.invoke.DirectMethodHandle$Holder.invokeStaticInit(java.lang.Object, java.lang.Object, int, int, int, int)'> (0x00000000c3538e98) 
thrown [s\src\hotspot\share\interpreter\linkResolver.cpp, line 759]
Event: 0.309 Thread 0x00000177687cb340 Exception <a 'java/lang/NoSuchMethodError'{0x00000000c35445f0}: 'void java.lang.invoke.DirectMethodHandle$Holder.invokeStatic(java.lang.Object, long)'> (0x00000000c35445f0) 
thrown [s\src\hotspot\share\interpreter\linkResolver.cpp, line 759]
Event: 0.309 Thread 0x00000177687cb340 Exception <a 'java/lang/NoSuchMethodError'{0x00000000c3549bd0}: 'java.lang.Object java.lang.invoke.DirectMethodHandle$Holder.newInvokeSpecial(java.lang.Object, long)'> (0x00000000c3549bd0) 
thrown [s\src\hotspot\share\interpreter\linkResolver.cpp, line 759]
Event: 0.311 Thread 0x00000177687cb340 Exception <a 'java/lang/NoSuchMethodError'{0x00000000c35543e8}: 'java.lang.Object java.lang.invoke.DirectMethodHandle$Holder.invokeStaticInit(java.lang.Object, java.lang.Object, long, java.lang.Object)'> (0x00000000c35543e8) 
thrown [s\src\hotspot\share\interpreter\linkResolver.cpp, line 759]
Event: 0.312 Thread 0x00000177687cb340 Exception <a 'java/lang/NoSuchMethodError'{0x00000000c355a9a8}: 'java.lang.Object java.lang.invoke.DirectMethodHandle$Holder.newInvokeSpecial(java.lang.Object, java.lang.Object, long)'> (0x00000000c355a9a8) 
thrown [s\src\hotspot\share\interpreter\linkResolver.cpp, line 759]
Event: 0.312 Thread 0x00000177687cb340 Exception <a 'java/lang/NoSuchMethodError'{0x00000000c355e518}: 'java.lang.Object java.lang.invoke.Invokers$Holder.linkToTargetMethod(java.lang.Object, long, java.lang.Object)'> (0x00000000c355e518) 
thrown [s\src\hotspot\share\interpreter\linkResolver.cpp, line 759]
Event: 0.413 Thread 0x00000177687cb340 Exception <a 'java/lang/NoSuchMethodError'{0x00000000c34ce098}: 'java.lang.Object java.lang.invoke.DirectMethodHandle$Holder.invokeInterface(java.lang.Object, java.lang.Object)'> (0x00000000c34ce098) 
thrown [s\src\hotspot\share\interpreter\linkResolver.cpp, line 759]
Event: 0.413 Thread 0x00000177687cb340 Exception <a 'java/lang/IncompatibleClassChangeError'{0x00000000c34d19b8}: Found class java.lang.Object, but interface was expected> (0x00000000c34d19b8) 
thrown [s\src\hotspot\share\interpreter\linkResolver.cpp, line 826]
Event: 1.478 Thread 0x00000177687cb340 Exception <a 'java/lang/NoSuchMethodError'{0x00000000c339b4d0}: 'void java.lang.invoke.DirectMethodHandle$Holder.invokeSpecial(java.lang.Object, java.lang.Object, java.lang.Object, java.lang.Object, java.lang.Object)'> (0x00000000c339b4d0) 
thrown [s\src\hotspot\share\interpreter\linkResolver.cpp, line 759]
Event: 1.479 Thread 0x00000177687cb340 Exception <a 'java/lang/NoSuchMethodError'{0x00000000c33a4490}: 'void java.lang.invoke.DirectMethodHandle$Holder.invokeSpecial(java.lang.Object, java.lang.Object, java.lang.Object)'> (0x00000000c33a4490) 
thrown [s\src\hotspot\share\interpreter\linkResolver.cpp, line 759]
Event: 1.479 Thread 0x00000177687cb340 Exception <a 'java/lang/NoSuchMethodError'{0x00000000c33aa7c0}: 'void java.lang.invoke.DirectMethodHandle$Holder.invokeSpecial(java.lang.Object, java.lang.Object, int)'> (0x00000000c33aa7c0) 
thrown [s\src\hotspot\share\interpreter\linkResolver.cpp, line 759]
Event: 1.480 Thread 0x00000177687cb340 Exception <a 'java/lang/NoSuchMethodError'{0x00000000c33b07d8}: 'java.lang.Object java.lang.invoke.DirectMethodHandle$Holder.newInvokeSpecial(java.lang.Object, java.lang.Object, int)'> (0x00000000c33b07d8) 
thrown [s\src\hotspot\share\interpreter\linkResolver.cpp, line 759]
Event: 6.188 Thread 0x000001774c4f1240 Exception <a 'java/lang/InterruptedException'{0x00000000ccc0d1d8}> (0x00000000ccc0d1d8) 
thrown [s\src\hotspot\share\runtime\objectMonitor.cpp, line 1658]
Event: 6.215 Thread 0x000001774a796830 Implicit null exception at 0x0000017777e98c44 to 0x0000017777e98ccc

VM Operations (20 events):
Event: 2.538 Executing VM operation: G1CollectForAllocation done
Event: 2.615 Executing VM operation: G1CollectForAllocation
Event: 2.617 Executing VM operation: G1CollectForAllocation done
Event: 3.482 Executing VM operation: G1CollectForAllocation
Event: 3.483 Executing VM operation: G1CollectForAllocation done
Event: 3.490 Executing VM operation: G1PauseRemark
Event: 3.490 Executing VM operation: G1PauseRemark done
Event: 3.492 Executing VM operation: G1PauseCleanup
Event: 3.492 Executing VM operation: G1PauseCleanup done
Event: 4.311 Executing VM operation: G1CollectForAllocation
Event: 4.313 Executing VM operation: G1CollectForAllocation done
Event: 4.446 Executing VM operation: G1CollectForAllocation
Event: 4.447 Executing VM operation: G1CollectForAllocation done
Event: 5.415 Executing VM operation: G1CollectForAllocation
Event: 5.417 Executing VM operation: G1CollectForAllocation done
Event: 5.423 Executing VM operation: G1PauseRemark
Event: 5.423 Executing VM operation: G1PauseRemark done
Event: 5.425 Executing VM operation: G1PauseCleanup
Event: 5.426 Executing VM operation: G1PauseCleanup done
Event: 6.290 Executing VM operation: Exit

Memory protections (0 events):
No events

Nmethod flushes (0 events):
No events

Events (20 events):
Event: 1.613 Thread 0x000001774c807ce0 Thread added: 0x000001775a160050
Event: 1.613 Thread 0x000001774c807ce0 Thread added: 0x000001775a160f80
Event: 1.613 Thread 0x000001774c807ce0 Thread added: 0x000001775a163800
Event: 1.613 Thread 0x000001774c807ce0 Thread added: 0x000001775a161eb0
Event: 1.613 Thread 0x000001774c807ce0 Thread added: 0x000001775a1619a0
Event: 1.613 Thread 0x000001774c807ce0 Thread added: 0x000001775a163d10
Event: 2.019 Thread 0x0000017759c008a0 Thread exited: 0x0000017759c008a0
Event: 2.120 Thread 0x0000017759c00380 Thread exited: 0x0000017759c00380
Event: 5.603 Thread 0x000001774a070050 Thread added: 0x000001775a1623c0
Event: 6.188 Thread 0x000001774c807ce0 Thread added: 0x000001775a1628d0
Event: 6.188 Thread 0x000001774c807ce0 Thread added: 0x000001775a160560
Event: 6.188 Thread 0x000001774c807ce0 Thread added: 0x000001775a160a70
Event: 6.188 Thread 0x000001774c4f1240 Thread exited: 0x000001774c4f1240
Event: 6.189 Thread 0x000001775a160a70 Thread exited: 0x000001775a160a70
Event: 6.189 Thread 0x000001774a589350 Thread exited: 0x000001774a589350
Event: 6.190 Thread 0x000001774a070050 Thread exited: 0x000001774a070050
Event: 6.216 Thread 0x000001774a796830 Thread exited: 0x000001774a796830
Event: 6.218 Thread 0x000001775a1628d0 Thread exited: 0x000001775a1628d0
Event: 6.289 Thread 0x000001775a160560 Thread exited: 0x000001775a160560
Event: 6.289 Thread 0x000001774c807ce0 Before exit entered


Dynamic libraries:
0x00007ff7c9de0000 - 0x00007ff7c9dee000 	C:\Program Files\Processing\app\resources\jdk-17.0.14+7\bin\java.exe
0x00007ffa7da60000 - 0x00007ffa7dcc7000 	C:\WINDOWS\SYSTEM32\ntdll.dll
0x00007ffa7c020000 - 0x00007ffa7c0e9000 	C:\WINDOWS\System32\KERNEL32.DLL
0x00007ffa7a540000 - 0x00007ffa7a937000 	C:\WINDOWS\System32\KERNELBASE.dll
0x00007ffa7ab20000 - 0x00007ffa7ac6b000 	C:\WINDOWS\System32\ucrtbase.dll
0x00007ffa4d920000 - 0x00007ffa4d937000 	C:\Program Files\Processing\app\resources\jdk-17.0.14+7\bin\jli.dll
0x00007ffa4d900000 - 0x00007ffa4d91e000 	C:\Program Files\Processing\app\resources\jdk-17.0.14+7\bin\VCRUNTIME140.dll
0x00007ffa7bdd0000 - 0x00007ffa7bf96000 	C:\WINDOWS\System32\USER32.dll
0x00007ffa61590000 - 0x00007ffa61822000 	C:\WINDOWS\WinSxS\amd64_microsoft.windows.common-controls_6595b64144ccf1df_6.0.26100.8457_none_3e0b2faee331e92d\COMCTL32.dll
0x00007ffa7b630000 - 0x00007ffa7b657000 	C:\WINDOWS\System32\win32u.dll
0x00007ffa7b7e0000 - 0x00007ffa7b889000 	C:\WINDOWS\System32\msvcrt.dll
0x00007ffa7cc40000 - 0x00007ffa7cc6b000 	C:\WINDOWS\System32\GDI32.dll
0x00007ffa7a940000 - 0x00007ffa7aa6c000 	C:\WINDOWS\System32\gdi32full.dll
0x00007ffa7a490000 - 0x00007ffa7a533000 	C:\WINDOWS\System32\msvcp_win.dll
0x00007ffa7ba00000 - 0x00007ffa7ba32000 	C:\WINDOWS\System32\IMM32.DLL
0x00007ffa73680000 - 0x00007ffa7368c000 	C:\Program Files\Processing\app\resources\jdk-17.0.14+7\bin\vcruntime140_1.dll
0x00007ffa457d0000 - 0x00007ffa4585d000 	C:\Program Files\Processing\app\resources\jdk-17.0.14+7\bin\msvcp140.dll
0x00007ff9b1440000 - 0x00007ff9b20ab000 	C:\Program Files\Processing\app\resources\jdk-17.0.14+7\bin\server\jvm.dll
0x00007ffa7d380000 - 0x00007ffa7d436000 	C:\WINDOWS\System32\ADVAPI32.dll
0x00007ffa7d450000 - 0x00007ffa7d4f7000 	C:\WINDOWS\System32\sechost.dll
0x00007ffa7d610000 - 0x00007ffa7d728000 	C:\WINDOWS\System32\RPCRT4.dll
0x00007ffa7d500000 - 0x00007ffa7d580000 	C:\WINDOWS\System32\WS2_32.dll
0x00007ffa61e60000 - 0x00007ffa61e96000 	C:\WINDOWS\SYSTEM32\WINMM.dll
0x00007ffa704a0000 - 0x00007ffa704ab000 	C:\WINDOWS\SYSTEM32\VERSION.dll
0x00007ffa7a310000 - 0x00007ffa7a36e000 	C:\WINDOWS\SYSTEM32\POWRPROF.dll
0x00007ffa7a2f0000 - 0x00007ffa7a304000 	C:\WINDOWS\SYSTEM32\UMPDC.dll
0x00007ffa79220000 - 0x00007ffa7923b000 	C:\WINDOWS\SYSTEM32\kernel.appcore.dll
0x00007ffa6a5b0000 - 0x00007ffa6a5ba000 	C:\Program Files\Processing\app\resources\jdk-17.0.14+7\bin\jimage.dll
0x00007ffa72470000 - 0x00007ffa726b2000 	C:\WINDOWS\SYSTEM32\DBGHELP.DLL
0x00007ffa7c870000 - 0x00007ffa7cbf3000 	C:\WINDOWS\System32\combase.dll
0x00007ffa7bc30000 - 0x00007ffa7bd09000 	C:\WINDOWS\System32\OLEAUT32.dll
0x00007ffa410a0000 - 0x00007ffa410db000 	C:\WINDOWS\SYSTEM32\dbgcore.DLL
0x00007ffa7aa70000 - 0x00007ffa7ab18000 	C:\WINDOWS\System32\bcryptPrimitives.dll
0x00007ffa478a0000 - 0x00007ffa478db000 	C:\Program Files\Processing\app\resources\jdk-17.0.14+7\bin\jdwp.dll
0x00007ffa4c330000 - 0x00007ffa4c355000 	C:\Program Files\Processing\app\resources\jdk-17.0.14+7\bin\java.dll
0x00007ffa41a00000 - 0x00007ffa41ad7000 	C:\Program Files\Processing\app\resources\jdk-17.0.14+7\bin\jsvml.dll
0x00007ffa7c0f0000 - 0x00007ffa7c85e000 	C:\WINDOWS\System32\SHELL32.dll
0x00007ffa7ac70000 - 0x00007ffa7b4dc000 	C:\WINDOWS\System32\windows.storage.dll
0x00007ffa7d730000 - 0x00007ffa7d826000 	C:\WINDOWS\System32\SHCORE.dll
0x00007ffa7d210000 - 0x00007ffa7d276000 	C:\WINDOWS\System32\shlwapi.dll
0x00007ffa7a3b0000 - 0x00007ffa7a3d9000 	C:\WINDOWS\SYSTEM32\profapi.dll
0x00007ffa4d410000 - 0x00007ffa4d41c000 	C:\Program Files\Processing\app\resources\jdk-17.0.14+7\bin\dt_socket.dll
0x00007ffa78c30000 - 0x00007ffa78c62000 	C:\WINDOWS\SYSTEM32\IPHLPAPI.DLL
0x00007ffa79790000 - 0x00007ffa797fc000 	C:\WINDOWS\system32\mswsock.dll
0x00007ffa4ce10000 - 0x00007ffa4ce29000 	C:\Program Files\Processing\app\resources\jdk-17.0.14+7\bin\net.dll
0x00007ffa775b0000 - 0x00007ffa776d9000 	C:\WINDOWS\SYSTEM32\WINHTTP.dll
0x00007ffa4cd70000 - 0x00007ffa4cd86000 	C:\Program Files\Processing\app\resources\jdk-17.0.14+7\bin\nio.dll
0x00007ffa47880000 - 0x00007ffa47898000 	C:\Program Files\Processing\app\resources\jdk-17.0.14+7\bin\zip.dll
0x00007ffa24050000 - 0x00007ffa241e0000 	C:\Program Files\Processing\app\resources\jdk-17.0.14+7\bin\awt.dll
0x00007ffa76060000 - 0x00007ffa76100000 	C:\WINDOWS\SYSTEM32\apphelp.dll
0x00007ffa77ee0000 - 0x00007ffa77f8a000 	C:\WINDOWS\system32\uxtheme.dll
0x00007ffa7b890000 - 0x00007ffa7b9ec000 	C:\WINDOWS\System32\MSCTF.dll
0x00007ffa7ba40000 - 0x00007ffa7bbd7000 	C:\WINDOWS\System32\ole32.dll
0x00007ffa781d0000 - 0x00007ffa781ff000 	C:\WINDOWS\system32\DWMAPI.DLL
0x00007ffa33d40000 - 0x00007ffa33e4f000 	C:\WINDOWS\system32\opengl32.dll
0x00007ffa36620000 - 0x00007ffa3664d000 	C:\WINDOWS\SYSTEM32\GLU32.dll
0x00007ffa77ff0000 - 0x00007ffa78035000 	C:\WINDOWS\SYSTEM32\dxcore.dll
0x00007ffa79a70000 - 0x00007ffa79a8b000 	C:\WINDOWS\SYSTEM32\CRYPTSP.dll
0x00007ffa79180000 - 0x00007ffa791b9000 	C:\WINDOWS\system32\rsaenh.dll
0x00007ffa79840000 - 0x00007ffa79873000 	C:\WINDOWS\SYSTEM32\USERENV.dll
0x00007ffa7a380000 - 0x00007ffa7a3aa000 	C:\WINDOWS\SYSTEM32\bcrypt.dll
0x00007ffa79a90000 - 0x00007ffa79a9c000 	C:\WINDOWS\SYSTEM32\CRYPTBASE.dll
0x00007ffa7cc00000 - 0x00007ffa7cc0a000 	C:\WINDOWS\System32\NSI.dll
0x00007ffa77800000 - 0x00007ffa7781d000 	C:\WINDOWS\SYSTEM32\dhcpcsvc6.DLL
0x00007ffa77750000 - 0x00007ffa77775000 	C:\WINDOWS\SYSTEM32\dhcpcsvc.DLL
0x00007ffa78ce0000 - 0x00007ffa78e12000 	C:\WINDOWS\SYSTEM32\DNSAPI.dll
0x00007ffa44850000 - 0x00007ffa44863000 	C:\Users\danil\AppData\Local\Temp\jogamp_0000\file_cache\jln16601349707063687193\jln15451063529369238934\natives\windows-amd64\gluegen_rt.dll
0x00007ffa4d400000 - 0x00007ffa4d407000 	C:\Program Files\Processing\app\resources\jdk-17.0.14+7\bin\jawt.dll
0x00007ffa4cd50000 - 0x00007ffa4cd5d000 	C:\Users\danil\AppData\Local\Temp\jogamp_0000\file_cache\jln16601349707063687193\jln15451063529369238934\natives\windows-amd64\nativewindow_awt.dll
0x00007ffa419e0000 - 0x00007ffa419f5000 	C:\Users\danil\AppData\Local\Temp\jogamp_0000\file_cache\jln16601349707063687193\jln15451063529369238934\natives\windows-amd64\nativewindow_win32.dll
0x00007ffa3fac0000 - 0x00007ffa3fb43000 	C:\Users\danil\AppData\Local\Temp\jogamp_0000\file_cache\jln16601349707063687193\jln15451063529369238934\natives\windows-amd64\jogl_desktop.dll
0x00007ffa24380000 - 0x00007ffa243d2000 	C:\Users\danil\AppData\Local\Temp\jogamp_0000\file_cache\jln16601349707063687193\jln15451063529369238934\natives\windows-amd64\jogl_mobile.dll
0x00007ffa73470000 - 0x00007ffa734d1000 	C:\WINDOWS\SYSTEM32\directxdatabasehelper.dll
0x00007ffa665e0000 - 0x00007ffa665fd000 	C:\WINDOWS\SYSTEM32\windows.staterepositorycore.dll
0x00007ff9b0460000 - 0x00007ff9b1433000 	C:\WINDOWS\System32\DriverStore\FileRepository\iigd_dch.inf_amd64_225f37aa3862fc3f\igxelpicd64.dll
0x00007ffa78040000 - 0x00007ffa7817e000 	C:\WINDOWS\system32\dxgi.dll
0x00007ff9ec6a0000 - 0x00007ff9ecb27000 	C:\WINDOWS\System32\DriverStore\FileRepository\iigd_dch.inf_amd64_225f37aa3862fc3f\igdml64.dll
0x00007ffa7a000000 - 0x00007ffa7a051000 	C:\WINDOWS\SYSTEM32\cfgmgr32.dll
0x00007ffa704b0000 - 0x00007ffa70871000 	C:\WINDOWS\System32\DriverStore\FileRepository\iigd_dch.inf_amd64_225f37aa3862fc3f\igdgmm64.dll
0x00007ffa6d290000 - 0x00007ffa70496000 	C:\WINDOWS\System32\DriverStore\FileRepository\iigd_dch.inf_amd64_225f37aa3862fc3f\igc64.dll
0x00007ffa41800000 - 0x00007ffa41819000 	C:\Users\danil\AppData\Local\Temp\jogamp_0000\file_cache\jln16601349707063687193\jln15451063529369238934\natives\windows-amd64\newt_head.dll
0x00007ffa6bce0000 - 0x00007ffa6bd9f000 	C:\WINDOWS\SYSTEM32\mscms.dll
0x00007ffa111b0000 - 0x00007ffa111f9000 	C:\WINDOWS\SYSTEM32\icm32.dll
0x00007ffa7cc70000 - 0x00007ffa7d0f7000 	C:\WINDOWS\System32\setupapi.dll
0x00007ffa79fd0000 - 0x00007ffa79ffd000 	C:\WINDOWS\SYSTEM32\DEVOBJ.dll
0x00007ffa7b4e0000 - 0x00007ffa7b562000 	C:\WINDOWS\System32\WINTRUST.dll
0x00007ffa7b660000 - 0x00007ffa7b7d8000 	C:\WINDOWS\System32\CRYPT32.dll
0x00007ffa79ba0000 - 0x00007ffa79bb3000 	C:\WINDOWS\SYSTEM32\MSASN1.dll
0x00007ffa4d4c0000 - 0x00007ffa4d606000 	C:\WINDOWS\SYSTEM32\textinputframework.dll
0x00007ffa76ea0000 - 0x00007ffa76fc7000 	C:\WINDOWS\SYSTEM32\CoreMessaging.dll
0x00007ffa726c0000 - 0x00007ffa729a2000 	C:\WINDOWS\SYSTEM32\CoreUIComponents.dll
0x00007ffa737b0000 - 0x00007ffa7391a000 	C:\WINDOWS\SYSTEM32\wintypes.dll

dbghelp: loaded successfully - version: 4.0.5 - missing functions: none
symbol engine: initialized successfully - sym options: 0x614 - pdb path: .;C:\Program Files\Processing\app\resources\jdk-17.0.14+7\bin;C:\WINDOWS\SYSTEM32;C:\WINDOWS\WinSxS\amd64_microsoft.windows.common-controls_6595b64144ccf1df_6.0.26100.8457_none_3e0b2faee331e92d;C:\Program Files\Processing\app\resources\jdk-17.0.14+7\bin\server;C:\Users\danil\AppData\Local\Temp\jogamp_0000\file_cache\jln16601349707063687193\jln15451063529369238934\natives\windows-amd64;C:\WINDOWS\System32\DriverStore\FileRepository\iigd_dch.inf_amd64_225f37aa3862fc3f

VM Arguments:
jvm_args: -agentlib:jdwp=transport=dt_socket,address=8929,server=y,suspend=y,quiet=y -Xms64m -Xmx1024m -Djna.nosys=true -Djava.library.path=;C:\Program Files\Processing\app\resources\core\library;C:\Program Files\Processing;C:\WINDOWS\system32;C:\WINDOWS;C:\Program Files\PlasticSCM5\server;C:\Program Files\PlasticSCM5\client;C:\Program Files\Common Files\Oracle\Java\javapath;C:\Program Files (x86)\Common Files\Oracle\Java\javapath;C:\Windows\System32\HWAudioDriverLibs;C:\Windows\system32;C:\Windows;C:\Windows\System32\Wbem;C:\Windows\System32\WindowsPowerShell\v1.0;C:\Windows\System32\OpenSSH;C:\Program Files\Microsoft SQL Server\150\Tools\Binn;C:\Program Files\Microsoft SQL Server\Client SDK\ODBC\170\Tools\Binn;C:\Program Files\dotnet;D:\Windows Kits\10\Windows Performance Toolkit;C:\Program Files\Java\jdk-23\bin;C:\WINDOWS\system32;C:\WINDOWS;C:\WINDOWS\System32\Wbem;C:\WINDOWS\System32\WindowsPowerShell\v1.0;C:\WINDOWS\System32\OpenSSH;C:\Program Files\nodejs;C:\Program Files\Docker\Docker\resources\bin;C:\Program Files\TortoiseGit\bin;C:\Program Files\Git\cmd;C:\Users\danil\AppData\Local\Programs\Python\Python312\Scripts;C:\Users\danil\AppData\Local\Programs\Python\Python312;C:\Users\danil\AppData\Local\Microsoft\WindowsApps;C:\Users\danil\AppData\Local\Programs\Microsoft VS Code\bin;C:\Users\danil\AppData\Roaming\npm;D:\DataBase\18\bin;C:\Program Files\Processing\app;. -ea 
java_command: processing.core.PApplet --editor-location=-7,-7 --external --display=1 --sketch-path=C:\Users\danil\Desktop\Gravity_simul Gravity_simul
java_class_path (initial): C:\Users\danil\AppData\Local\Temp\processing\Gravity_simul16788316375726499860temp;C:\Program Files\Processing\app\resources\core\library\annotations-13.0.jar;C:\Program Files\Processing\app\resources\core\library\antlr-2.7.7.jar;C:\Program Files\Processing\app\resources\core\library\core-4.4.1.jar;C:\Program Files\Processing\app\resources\core\library\gluegen-rt-2.5.0-natives-android-aarch64.jar;C:\Program Files\Processing\app\resources\core\library\gluegen-rt-2.5.0-natives-linux-aarch64.jar;C:\Program Files\Processing\app\resources\core\library\gluegen-rt-2.5.0-natives-linux-amd64.jar;C:\Program Files\Processing\app\resources\core\library\gluegen-rt-2.5.0-natives-linux-armv6hf.jar;C:\Program Files\Processing\app\resources\core\library\gluegen-rt-2.5.0-natives-macosx-universal.jar;C:\Program Files\Processing\app\resources\core\library\gluegen-rt-2.5.0-natives-windows-amd64.jar;C:\Program Files\Processing\app\resources\core\library\gluegen-rt-2.5.0.jar;C:\Program Files\Processing\app\resources\core\library\gluegen-rt-main-2.5.0.jar;C:\Program Files\Processing\app\resources\core\library\jogl-all-2.5.0-natives-android-aarch64.jar;C:\Program Files\Processing\app\resources\core\library\jogl-all-2.5.0-natives-linux-aarch64.jar;C:\Program Files\Processing\app\resources\core\library\jogl-all-2.5.0-natives-linux-amd64.jar;C:\Program Files\Processing\app\resources\core\library\jogl-all-2.5.0-natives-linux-armv6hf.jar;C:\Program Files\Processing\app\resources\core\library\jogl-all-2.5.0-natives-macosx-universal.jar;C:\Program Files\Processing\app\resources\core\library\jogl-all-2.5.0-natives-windows-amd64.jar;C:\Program Files\Processing\app\resources\core\library\jogl-all-2.5.0.jar;C:\Program Files\Processing\app\resources\core\library\jogl-all-main-2.5.0.jar;C:\Program Files\Processing\app\resources\core\library\kotlin-stdlib-2.0.20.jar
Launcher Type: SUN_STANDARD

[Global flags]
     intx CICompilerCount                          = 4                                         {product} {ergonomic}
     uint ConcGCThreads                            = 2                                         {product} {ergonomic}
     uint G1ConcRefinementThreads                  = 8                                         {product} {ergonomic}
   size_t G1HeapRegionSize                         = 1048576                                   {product} {ergonomic}
    uintx GCDrainStackTargetSize                   = 64                                        {product} {ergonomic}
   size_t InitialHeapSize                          = 67108864                                  {product} {command line}
   size_t MarkStackSize                            = 4194304                                   {product} {ergonomic}
   size_t MaxHeapSize                              = 1073741824                                {product} {command line}
   size_t MaxNewSize                               = 643825664                                 {product} {ergonomic}
   size_t MinHeapDeltaBytes                        = 1048576                                   {product} {ergonomic}
   size_t MinHeapSize                              = 67108864                                  {product} {command line}
    uintx NonNMethodCodeHeapSize                   = 5839372                                {pd product} {ergonomic}
    uintx NonProfiledCodeHeapSize                  = 122909434                              {pd product} {ergonomic}
    uintx ProfiledCodeHeapSize                     = 122909434                              {pd product} {ergonomic}
    uintx ReservedCodeCacheSize                    = 251658240                              {pd product} {ergonomic}
     bool SegmentedCodeCache                       = true                                      {product} {ergonomic}
   size_t SoftMaxHeapSize                          = 1073741824                             {manageable} {ergonomic}
     bool UseCompressedClassPointers               = true                           {product lp64_product} {ergonomic}
     bool UseCompressedOops                        = true                           {product lp64_product} {ergonomic}
     bool UseG1GC                                  = true                                      {product} {ergonomic}
     bool UseLargePagesIndividualAllocation        = false                                  {pd product} {ergonomic}

Logging:
Log output configuration:
 #0: stdout all=off uptime,level,tags
 #1: stderr all=off uptime,level,tags

Environment Variables:
JAVA_HOME=C:\Program Files\Java\jdk-23
PATH=C:\Program Files\PlasticSCM5\server;C:\Program Files\PlasticSCM5\client;C:\Program Files\Common Files\Oracle\Java\javapath;C:\Program Files (x86)\Common Files\Oracle\Java\javapath;C:\Windows\System32\HWAudioDriverLibs;C:\Windows\system32;C:\Windows;C:\Windows\System32\Wbem;C:\Windows\System32\WindowsPowerShell\v1.0\;C:\Windows\System32\OpenSSH\;C:\Users\Administrator\AppData\Local\Microsoft\WindowsApps;C:\Program Files\Microsoft SQL Server\150\Tools\Binn\;C:\Program Files\Microsoft SQL Server\Client SDK\ODBC\170\Tools\Binn\;C:\Program Files\dotnet\;D:\Windows Kits\10\Windows Performance Toolkit\;C:\Program Files\Java\jdk-23\bin;C:\WINDOWS\system32;C:\WINDOWS;C:\WINDOWS\System32\Wbem;C:\WINDOWS\System32\WindowsPowerShell\v1.0\;C:\WINDOWS\System32\OpenSSH\;C:\Program Files\nodejs\;C:\Program Files\Docker\Docker\resources\bin;C:\Program Files\TortoiseGit\bin;C:\Program Files\Git\cmd;C:\Users\danil\AppData\Local\Programs\Python\Python312\Scripts\;C:\Users\danil\AppData\Local\Programs\Python\Python312\;C:\Users\danil\AppData\Local\Microsoft\WindowsApps;C:\Users\danil\.dotnet\tools;C:\Users\danil\AppData\Local\Programs\Microsoft VS Code\bin;C:\Users\danil\AppData\Roaming\npm;D:\DataBase\18\bin;C:\Program Files\Processing\app
USERNAME=danil
OS=Windows_NT
PROCESSOR_IDENTIFIER=Intel64 Family 6 Model 140 Stepping 2, GenuineIntel
TMP=C:\Users\danil\AppData\Local\Temp
TEMP=C:\Users\danil\AppData\Local\Temp



Periodic native trim disabled


---------------  S Y S T E M  ---------------

OS:
 Windows 11 , 64 bit Build 26100 (10.0.26100.8328)
OS uptime: 0 days 3:59 hours
Hyper-V role detected

CPU: total 8 (initial active 8) (4 cores per cpu, 2 threads per core) family 6 model 140 stepping 2 microcode 0x16, cx8, cmov, fxsr, ht, mmx, 3dnowpref, sse, sse2, sse3, ssse3, sse4.1, sse4.2, popcnt, lzcnt, tsc, tscinvbit, avx, avx2, aes, erms, clmul, bmi1, bmi2, adx, avx512f, avx512dq, avx512cd, avx512bw, avx512vl, sha, fma, vzeroupper, avx512_vpopcntdq, avx512_vpclmulqdq, avx512_vaes, avx512_vnni, clflush, clflushopt, clwb, avx512_vbmi2, avx512_vbmi, hv
Processor Information for all 8 processors :
  Max Mhz: 2496, Current Mhz: 2496, Mhz Limit: 2496

Memory: 4k page, system-wide physical 7975M (2277M free)
TotalPageFile size 17703M (AvailPageFile size 8017M)
current process WorkingSet (physical memory assigned to process): 727M, peak: 742M
current process commit charge ("private bytes"): 738M, peak: 761M

vm_info: OpenJDK 64-Bit Server VM (17.0.14+7) for windows-amd64 JRE (17.0.14+7), built on Jan 21 2025 23:40:15 by "admin" with MS VC++ 17.7 (VS2022)

END.
