#
# A fatal error has been detected by the Java Runtime Environment:
#
#  EXCEPTION_ACCESS_VIOLATION (0xc0000005) at pc=0x00007ffdf360b386, pid=7260, tid=15180
#
# JRE version: OpenJDK Runtime Environment Temurin-17.0.14+7 (17.0.14+7) (build 17.0.14+7)
# Java VM: OpenJDK 64-Bit Server VM Temurin-17.0.14+7 (17.0.14+7, mixed mode, sharing, tiered, compressed oops, compressed class ptrs, g1 gc, windows-amd64)
# Problematic frame:
# C  [igxelpicd64.dll+0x23b386]
#
# No core dump will be written. Minidumps are not enabled by default on client versions of Windows
#
# If you would like to submit a bug report, please visit:
#   https://github.com/adoptium/adoptium-support/issues
#

---------------  S U M M A R Y ------------

Command Line: -agentlib:jdwp=transport=dt_socket,address=8433,server=y,suspend=y,quiet=y -Xms64m -Xmx1024m -Djna.nosys=true -Djava.library.path=;C:\Program Files\Processing\app\resources\core\library;C:\Users\danil\OneDrive\Документы\Processing\libraries\sound\library\windows-amd64;C:\Program Files\Processing;C:\WINDOWS\system32;C:\WINDOWS;C:\Program Files\PlasticSCM5\server;C:\Program Files\PlasticSCM5\client;C:\Program Files\Common Files\Oracle\Java\javapath;C:\Program Files (x86)\Common Files\Oracle\Java\javapath;C:\Windows\System32\HWAudioDriverLibs;C:\Windows\system32;C:\Windows;C:\Windows\System32\Wbem;C:\Windows\System32\WindowsPowerShell\v1.0;C:\Windows\System32\OpenSSH;C:\Program Files\Microsoft SQL Server\150\Tools\Binn;C:\Program Files\Microsoft SQL Server\Client SDK\ODBC\170\Tools\Binn;C:\Program Files\dotnet;D:\Windows Kits\10\Windows Performance Toolkit;C:\Program Files\Java\jdk-23\bin;C:\WINDOWS\system32;C:\WINDOWS;C:\WINDOWS\System32\Wbem;C:\WINDOWS\System32\WindowsPowerShell\v1.0;C:\WINDOWS\System32\OpenSSH;C:\Program Files\nodejs;C:\Program Files\Docker\Docker\resources\bin;C:\Program Files\TortoiseGit\bin;C:\Program Files\Git\cmd;C:\Users\danil\AppData\Local\Programs\Python\Python312\Scripts;C:\Users\danil\AppData\Local\Programs\Python\Python312;C:\Users\danil\AppData\Local\Microsoft\WindowsApps;C:\Users\danil\AppData\Local\Programs\Microsoft VS Code\bin;C:\Users\danil\AppData\Roaming\npm;D:\DataBase\18\bin;C:\Program Files\Processing\app;. -ea processing.core.PApplet --editor-location=-7,-7 --external --display=1 --sketch-path=C:\Users\danil\Desktop\Gravity_simul Gravity_simul

Host: 11th Gen Intel(R) Core(TM) i5-1155G7 @ 2.50GHz, 8 cores, 7G,  Windows 11 , 64 bit Build 26100 (10.0.26100.8328)
Time: Sun Jun 28 14:41:30 2026 RTZ 3 (s 11 , 64 bit Build 26100 (10.0.26100.8328) elapsed time: 12.497336 seconds (0d 0h 0m 12s)

---------------  T H R E A D  ---------------

Current thread (0x000001e385a63e80):  VMThread "VM Thread" [stack: 0x000000943e300000,0x000000943e400000] [id=15180]

Stack: [0x000000943e300000,0x000000943e400000],  sp=0x000000943e3fe210,  free space=1016k
Native frames: (J=compiled Java code, j=interpreted, Vv=VM code, C=native code)
C  [igxelpicd64.dll+0x23b386]


siginfo: EXCEPTION_ACCESS_VIOLATION (0xc0000005), reading address 0x0000000000035468


Registers:
RAX=0x000001e3da62fa20, RBX=0x000001e3cba983f0, RCX=0x0000000000000004, RDX=0x0000000000000000
RSP=0x000000943e3fe210, RBP=0x0000000000000000, RSI=0x000001e3da62f820, RDI=0x000001e3cb0f5580
R8 =0x000001e3da62f920, R9 =0x000000943d9b0000, R10=0x0000000000000000, R11=0x0000000000000246
R12=0x000001e3da62f820, R13=0x0000000000000000, R14=0x000001e3da62fd68, R15=0x000001e3da630990
RIP=0x00007ffdf360b386, EFLAGS=0x0000000000010202


Register to memory mapping:

RIP=0x00007ffdf360b386 igxelpicd64.dll
RAX=0x000001e3da62fa20 points into unknown readable memory: 0x00000000000163da | da 63 01 00 00 00 00 00
RBX=0x000001e3cba983f0 points into unknown readable memory: 0xffffffffffffffff | ff ff ff ff ff ff ff ff
RCX=0x0000000000000004 is an unknown value
RDX=0x0 is NULL
RSP=0x000000943e3fe210 points into unknown readable memory: 0x000001e3cba983f0 | f0 83 a9 cb e3 01 00 00
RBP=0x0 is NULL
RSI=0x000001e3da62f820 points into unknown readable memory: 0x000001e3cbb114b0 | b0 14 b1 cb e3 01 00 00
RDI=0x000001e3cb0f5580 points into unknown readable memory: 0x0000000000000000 | 00 00 00 00 00 00 00 00
R8 =0x000001e3da62f920 points into unknown readable memory: 0x0000000000000000 | 00 00 00 00 00 00 00 00
R9 =0x000000943d9b0000 points into unknown readable memory: 0x0000000000000000 | 00 00 00 00 00 00 00 00
R10=0x0 is NULL
R11=0x0000000000000246 is an unknown value
R12=0x000001e3da62f820 points into unknown readable memory: 0x000001e3cbb114b0 | b0 14 b1 cb e3 01 00 00
R13=0x0 is NULL
R14=0x000001e3da62fd68 points into unknown readable memory: 0x000001e3da630990 | 90 09 63 da e3 01 00 00
R15=0x000001e3da630990 points into unknown readable memory: 0x000001e3cbb114b0 | b0 14 b1 cb e3 01 00 00


Top of Stack: (sp=0x000000943e3fe210)
0x000000943e3fe210:   000001e3cba983f0 00007ffdf3440ab4
0x000000943e3fe220:   0000000000000000 000001e3cd772a20
0x000000943e3fe230:   0000001600000000 0000000000000000
0x000000943e3fe240:   000001e300000000 000001e3cd76ec00
0x000000943e3fe250:   000001e3cba983f0 000001e3cd732680
0x000000943e3fe260:   000001e3cfbe0504 000001e3cf939000
0x000000943e3fe270:   0361b7c0039c4f00 000001e3cd773020
0x000000943e3fe280:   034d7cc300816dc3 00007000196fe000
0x000000943e3fe290:   02330ac5039807c4 038eebc602c88ec5
0x000000943e3fe2a0:   036f88c800000000 033fe8c9034d31c9
0x000000943e3fe2b0:   00b723ca02c41aca 037086ca039f35ca
0x000000943e3fe2c0:   033837cb027527cb 0385f7cb024d47cb
0x000000943e3fe2d0:   037086cc005649cc 036711cd039807cd
0x000000943e3fe2e0:   0000000000000000 0000000000000000
0x000000943e3fe2f0:   0391890000000000 00007ffe8d905b54
0x000000943e3fe300:   0000000000000000 0000000000000000
0x000000943e3fe310:   000000943e3fe4b0 00007ffe8b771259
0x000000943e3fe320:   000000943e3fe3a8 0000000000000000
0x000000943e3fe330:   0000000000000054 0000000000000000
0x000000943e3fe340:   0000000000000000 00007ffe8d905cc4
0x000000943e3fe350:   000000007a000004 0398f2d70375dad7
0x000000943e3fe360:   0000ff10d1816156 001040007a000004
0x000000943e3fe370:   000001e3cd7672b8 00000000000167fa
0x000000943e3fe380:   0000000000000000 0000000000000016
0x000000943e3fe390:   0000000000000000 0000000000000000
0x000000943e3fe3a0:   000000943e3fe4b0 00007ffdf36382ae
0x000000943e3fe3b0:   000001e3cb0f5580 0000000000000000
0x000000943e3fe3c0:   000001e3cb0f5580 000010027a000004
0x000000943e3fe3d0:   00000094000009e8 00007404006b0000
0x000000943e3fe3e0:   0000000000000000 01e9a3e7033a74e7
0x000000943e3fe3f0:   0000000000000000 000010027a000004
0x000000943e3fe400:   034834ea02820cea 0000000000000000 

Instructions: (pc=0x00007ffdf360b386)
0x00007ffdf360b286:   00 90 4c 8b bf 80 02 00 00 48 8b 05 9a 85 bd 00
0x00007ffdf360b296:   8b 80 c8 0a 00 00 89 44 24 24 c6 44 24 20 00 48
0x00007ffdf360b2a6:   c7 87 80 02 00 00 00 00 00 00 c7 87 88 02 00 00
0x00007ffdf360b2b6:   00 00 00 00 48 c7 87 a0 02 00 00 00 00 00 00 48
0x00007ffdf360b2c6:   c7 87 90 02 00 00 00 00 00 00 48 85 ed 75 3d 8b
0x00007ffdf360b2d6:   35 0d 77 cd 00 65 48 8b 04 25 58 00 00 00 b9 14
0x00007ffdf360b2e6:   00 00 00 48 8b 04 f0 40 38 2c 01 0f 84 c9 e7 75
0x00007ffdf360b2f6:   00 65 48 8b 04 25 58 00 00 00 bd 20 00 00 00 48
0x00007ffdf360b306:   8b 04 f0 48 8b 2c 28 48 89 6c 24 28 48 3b 2d 07
0x00007ffdf360b316:   9b cd 00 0f 84 9b 10 00 00 4d 85 ff 0f 84 3a 01
0x00007ffdf360b326:   00 00 0f 1f 84 00 00 00 00 00 49 8b f7 4d 8b e7
0x00007ffdf360b336:   4d 8d b7 48 05 00 00 4d 8b 3e 45 84 ed 0f 85 d9
0x00007ffdf360b346:   0e 00 00 8b 8f d0 01 00 00 48 8b 05 da 84 bd 00
0x00007ffdf360b356:   83 b8 64 03 00 00 02 75 34 4d 8d 84 24 00 01 00
0x00007ffdf360b366:   00 83 f9 10 0f 83 3a 01 00 00 8b c1 48 c1 e0 06
0x00007ffdf360b376:   49 03 c0 48 85 c0 0f 84 9b 01 00 00 48 8b 50 08
0x00007ffdf360b386:   48 3b 95 68 54 03 00 0f 87 b6 0e 00 00 48 83 be
0x00007ffdf360b396:   c0 05 00 00 00 0f 85 50 e7 75 00 44 8b 8f d0 01
0x00007ffdf360b3a6:   00 00 48 8b 87 e8 01 00 00 4c 8b 00 8b 8f d0 01
0x00007ffdf360b3b6:   00 00 48 8d 9e 00 01 00 00 83 f9 10 0f 83 1e 01
0x00007ffdf360b3c6:   00 00 8b c1 48 c1 e0 06 48 03 c3 48 85 c0 0f 84
0x00007ffdf360b3d6:   4a 01 00 00 4c 39 40 08 0f 86 40 01 00 00 48 8b
0x00007ffdf360b3e6:   87 80 02 00 00 49 89 06 48 89 b7 80 02 00 00 ff
0x00007ffdf360b3f6:   87 88 02 00 00 48 8b 4e 08 48 8b 01 ba 01 00 00
0x00007ffdf360b406:   00 48 8b 80 e0 02 00 00 ff 15 f4 c1 88 00 0f b7
0x00007ffdf360b416:   c8 48 2b c1 48 05 00 00 01 00 48 01 87 90 02 00
0x00007ffdf360b426:   00 48 8b 4e 08 48 8b 01 ba 01 00 00 00 48 8b 80
0x00007ffdf360b436:   e0 02 00 00 ff 15 c8 c1 88 00 48 01 87 a0 02 00
0x00007ffdf360b446:   00 0f b6 54 24 20 4d 85 ff 0f 85 db fe ff ff 84
0x00007ffdf360b456:   d2 0f 85 37 0f 00 00 48 8b 5c 24 40 48 8b cf 80
0x00007ffdf360b466:   7c 24 22 00 0f 85 40 0f 00 00 e8 3b f9 ff ff 90
0x00007ffdf360b476:   48 8b cb ff 15 99 bc 88 00 48 8b 8c 24 50 01 00 


Stack slot to memory mapping:
stack at sp + 0 slots: 0x000001e3cba983f0 points into unknown readable memory: 0xffffffffffffffff | ff ff ff ff ff ff ff ff
stack at sp + 1 slots: 0x00007ffdf3440ab4 igxelpicd64.dll
stack at sp + 2 slots: 0x0 is NULL
stack at sp + 3 slots: 0x000001e3cd772a20 points into unknown readable memory: 0x0000000000000642 | 42 06 00 00 00 00 00 00
stack at sp + 4 slots: 0x0000001600000000 is an unknown value
stack at sp + 5 slots: 0x0 is NULL
stack at sp + 6 slots: 0x000001e300000000 is an unknown value
stack at sp + 7 slots: 0x000001e3cd76ec00 points into unknown readable memory: 0x000001e3cd76ec10 | 10 ec 76 cd e3 01 00 00

VM_Operation (0x00000094405fee80): Exit, mode: safepoint, requested by thread 0x000001e3cd347ad0


---------------  P R O C E S S  ---------------

Threads class SMR info:
_java_thread_list=0x000001e3daa940c0, length=40, elements={
0x000001e385a672c0, 0x000001e385a6acb0, 0x000001e385a82940, 0x000001e385a83210,
0x000001e385a85af0, 0x000001e385a8e7b0, 0x000001e385a96690, 0x000001e385a98fb0,
0x000001e3cb1024a0, 0x000001e3cb1335d0, 0x000001e3cb139ce0, 0x000001e3cb13c4f0,
0x000001e3cb13ea80, 0x000001e3cb456e50, 0x000001e3ccf4a7e0, 0x000001e3cd347ad0,
0x000001e3cd348a00, 0x000001e3cd347fe0, 0x000001e3cd3484f0, 0x000001e3cd348f10,
0x000001e3cd349420, 0x000001e3da9eed00, 0x000001e3da9ee7f0, 0x000001e3da9ed8c0,
0x000001e3da9eba60, 0x000001e3da9ef210, 0x000001e3da9eddd0, 0x000001e3da9ef720,
0x000001e3da9ebf70, 0x000001e3da9ee2e0, 0x000001e3da9efc30, 0x000001e3da9ec480,
0x000001e3da9f0140, 0x000001e3da9ec990, 0x000001e3da9ed3b0, 0x000001e3da9f0650,
0x000001e3da9ecea0, 0x000001e3da9f1580, 0x000001e3da9f1fa0, 0x000001e3da9f29c0
}

Java Threads: ( => current thread )
  0x000001e385a672c0 JavaThread "Reference Handler" daemon [_thread_blocked, id=8432, stack(0x000000943e400000,0x000000943e500000)]
  0x000001e385a6acb0 JavaThread "Finalizer" daemon [_thread_blocked, id=3108, stack(0x000000943e500000,0x000000943e600000)]
  0x000001e385a82940 JavaThread "Attach Listener" daemon [_thread_blocked, id=12584, stack(0x000000943e700000,0x000000943e800000)]
  0x000001e385a83210 JavaThread "Service Thread" daemon [_thread_blocked, id=6840, stack(0x000000943e800000,0x000000943e900000)]
  0x000001e385a85af0 JavaThread "Monitor Deflation Thread" daemon [_thread_blocked, id=5276, stack(0x000000943e900000,0x000000943ea00000)]
  0x000001e385a8e7b0 JavaThread "C2 CompilerThread0" daemon [_thread_blocked, id=17756, stack(0x000000943ea00000,0x000000943eb00000)]
  0x000001e385a96690 JavaThread "C1 CompilerThread0" daemon [_thread_blocked, id=10400, stack(0x000000943eb00000,0x000000943ec00000)]
  0x000001e385a98fb0 JavaThread "Sweeper thread" daemon [_thread_blocked, id=6344, stack(0x000000943ec00000,0x000000943ed00000)]
  0x000001e3cb1024a0 JavaThread "JDWP Transport Listener: dt_socket" daemon [_thread_blocked, id=8996, stack(0x000000943ed00000,0x000000943ee00000)]
  0x000001e3cb1335d0 JavaThread "JDWP Event Helper Thread" daemon [_thread_blocked, id=2836, stack(0x000000943ee00000,0x000000943ef00000)]
  0x000001e3cb139ce0 JavaThread "JDWP Command Reader" daemon [_thread_blocked, id=15340, stack(0x000000943ef00000,0x000000943f000000)]
  0x000001e3cb13c4f0 JavaThread "Notification Thread" daemon [_thread_blocked, id=1856, stack(0x000000943f000000,0x000000943f100000)]
  0x000001e3cb13ea80 JavaThread "Common-Cleaner" daemon [_thread_blocked, id=6900, stack(0x000000943f200000,0x000000943f300000)]
  0x000001e3cb456e50 JavaThread "Java2D Disposer" daemon [_thread_blocked, id=17920, stack(0x000000943f300000,0x000000943f400000)]
  0x000001e3ccf4a7e0 JavaThread "HighResTimerThread" daemon [_thread_blocked, id=17496, stack(0x0000009440300000,0x0000009440400000)]
  0x000001e3cd347ad0 JavaThread "main-FPSAWTAnimator#00-Timer0" [_thread_blocked, id=16972, stack(0x0000009440500000,0x0000009440600000)]
  0x000001e3cd348a00 JavaThread "DestroyJavaVM" [_thread_blocked, id=6976, stack(0x000000943dd00000,0x000000943de00000)]
  0x000001e3cd347fe0 JavaThread "Java Sound Event Dispatcher" daemon [_thread_blocked, id=12456, stack(0x0000009440900000,0x0000009440a00000)]
  0x000001e3cd3484f0 JavaThread "Thread-5" [_thread_blocked, id=1728, stack(0x0000009440a00000,0x0000009440b00000)]
  0x000001e3cd348f10 JavaThread "pool-1-thread-1" [_thread_blocked, id=13544, stack(0x0000009441300000,0x0000009441400000)]
  0x000001e3cd349420 JavaThread "pool-1-thread-2" [_thread_blocked, id=17724, stack(0x0000009441400000,0x0000009441500000)]
  0x000001e3da9eed00 JavaThread "pool-1-thread-3" [_thread_blocked, id=19124, stack(0x0000009441500000,0x0000009441600000)]
  0x000001e3da9ee7f0 JavaThread "pool-1-thread-4" [_thread_blocked, id=11672, stack(0x0000009441600000,0x0000009441700000)]
  0x000001e3da9ed8c0 JavaThread "pool-1-thread-5" [_thread_blocked, id=13272, stack(0x0000009441700000,0x0000009441800000)]
  0x000001e3da9eba60 JavaThread "pool-1-thread-6" [_thread_blocked, id=15056, stack(0x0000009441800000,0x0000009441900000)]
  0x000001e3da9ef210 JavaThread "pool-1-thread-7" [_thread_blocked, id=13132, stack(0x0000009441900000,0x0000009441a00000)]
  0x000001e3da9eddd0 JavaThread "pool-1-thread-8" [_thread_blocked, id=4360, stack(0x0000009441a00000,0x0000009441b00000)]
  0x000001e3da9ef720 JavaThread "pool-1-thread-9" [_thread_blocked, id=12008, stack(0x0000009441b00000,0x0000009441c00000)]
  0x000001e3da9ebf70 JavaThread "pool-1-thread-10" [_thread_blocked, id=15108, stack(0x0000009441c00000,0x0000009441d00000)]
  0x000001e3da9ee2e0 JavaThread "pool-1-thread-11" [_thread_blocked, id=17512, stack(0x0000009441d00000,0x0000009441e00000)]
  0x000001e3da9efc30 JavaThread "pool-1-thread-12" [_thread_blocked, id=3556, stack(0x0000009441e00000,0x0000009441f00000)]
  0x000001e3da9ec480 JavaThread "pool-1-thread-13" [_thread_blocked, id=16980, stack(0x0000009441f00000,0x0000009442000000)]
  0x000001e3da9f0140 JavaThread "pool-1-thread-14" [_thread_blocked, id=8880, stack(0x0000009442000000,0x0000009442100000)]
  0x000001e3da9ec990 JavaThread "pool-1-thread-15" [_thread_blocked, id=16720, stack(0x0000009442100000,0x0000009442200000)]
  0x000001e3da9ed3b0 JavaThread "pool-1-thread-16" [_thread_blocked, id=7400, stack(0x0000009442200000,0x0000009442300000)]
  0x000001e3da9f0650 JavaThread "pool-1-thread-17" [_thread_blocked, id=5836, stack(0x0000009442300000,0x0000009442400000)]
  0x000001e3da9ecea0 JavaThread "pool-1-thread-18" [_thread_blocked, id=13172, stack(0x0000009442400000,0x0000009442500000)]
  0x000001e3da9f1580 JavaThread "pool-1-thread-19" [_thread_blocked, id=1908, stack(0x0000009442500000,0x0000009442600000)]
  0x000001e3da9f1fa0 JavaThread "pool-1-thread-20" [_thread_blocked, id=10272, stack(0x0000009442600000,0x0000009442700000)]
  0x000001e3da9f29c0 JavaThread "AWT-Shutdown" [_thread_blocked, id=10328, stack(0x0000009442b00000,0x0000009442c00000)]

Other Threads:
=>0x000001e385a63e80 VMThread "VM Thread" [stack: 0x000000943e300000,0x000000943e400000] [id=15180]
  0x000001e3e7cdcd60 GCTaskThread "GC Thread#0" [stack: 0x000000943de00000,0x000000943df00000] [id=5756]
  0x000001e3ccbe5580 GCTaskThread "GC Thread#1" [stack: 0x000000943fb00000,0x000000943fc00000] [id=16892]
  0x000001e3ccbe5840 GCTaskThread "GC Thread#2" [stack: 0x000000943fc00000,0x000000943fd00000] [id=18828]
  0x000001e3ccbe5b00 GCTaskThread "GC Thread#3" [stack: 0x000000943fd00000,0x000000943fe00000] [id=10176]
  0x000001e3ccbe7dd0 GCTaskThread "GC Thread#4" [stack: 0x000000943fe00000,0x000000943ff00000] [id=19028]
  0x000001e3ccbe8090 GCTaskThread "GC Thread#5" [stack: 0x000000943ff00000,0x0000009440000000] [id=18732]
  0x000001e3ccc1c000 GCTaskThread "GC Thread#6" [stack: 0x0000009440000000,0x0000009440100000] [id=19296]
  0x000001e3ccc1c2c0 GCTaskThread "GC Thread#7" [stack: 0x0000009440100000,0x0000009440200000] [id=1692]
  0x000001e3e7ce6bd0 ConcurrentGCThread "G1 Main Marker" terminated
  0x000001e3e7ce7500 ConcurrentGCThread "G1 Conc#0" [stack: 0x000000943e000000,0x000000943e100000] [id=13496]
  0x000001e3daacc3f0 ConcurrentGCThread "G1 Conc#1" [stack: 0x0000009442900000,0x0000009442a00000] [id=10844]
  0x000001e38592ae00 ConcurrentGCThread "G1 Refine#0" terminated
  0x000001e38592b4e0 ConcurrentGCThread "G1 Service" terminated

Threads with active compile tasks:

VM state: at safepoint (shutting down)

VM Mutex/Monitor currently owned by a thread:  ([mutex/lock_event])
[0x000001e3e7c97820] Threads_lock - owner thread: 0x000001e385a63e80
[0x000001e3e7c97b80] Heap_lock - owner thread: 0x000001e3cd347ad0

Heap address: 0x00000000c0000000, size: 1024 MB, Compressed Oops mode: 32-bit

CDS archive(s) mapped at: [0x000001e386000000-0x000001e386bb0000-0x000001e386bb0000), size 12255232, SharedBaseAddress: 0x000001e386000000, ArchiveRelocationMode: 1.
Compressed class space mapped at: 0x000001e387000000-0x000001e3c7000000, reserved size: 1073741824
Narrow klass base: 0x000001e386000000, Narrow klass shift: 0, Narrow klass range: 0x100000000

GC Precious Log:
 CPUs: 8 total, 8 available
 Memory: 7975M
 Large Page Support: Disabled
 NUMA Support: Disabled
 Compressed Oops: Enabled (32-bit)
 Heap Region Size: 1M
 Heap Min Capacity: 64M
 Heap Initial Capacity: 64M
 Heap Max Capacity: 1G
 Pre-touch: Disabled
 Parallel Workers: 8
 Concurrent Workers: 2
 Concurrent Refinement Workers: 8
 Periodic GC: Disabled

Heap:
 garbage-first heap   total 323584K, used 159276K [0x00000000c0000000, 0x0000000100000000)
  region size 1024K, 68 young (69632K), 4 survivors (4096K)
 Metaspace       used 13950K, committed 14144K, reserved 1114112K
  class space    used 1044K, committed 1152K, reserved 1048576K

Heap Regions: E=young(eden), S=young(survivor), O=old, HS=humongous(starts), HC=humongous(continues), CS=collection set, F=free, OA=open archive, CA=closed archive, TAMS=top-at-mark-start (previous, next)
|   0|0x00000000c0000000, 0x00000000c0100000, 0x00000000c0100000|100%| O|  |TAMS 0x00000000c0100000, 0x00000000c0000000| Untracked 
|   1|0x00000000c0100000, 0x00000000c0200000, 0x00000000c0200000|100%| O|  |TAMS 0x00000000c0200000, 0x00000000c0100000| Untracked 
|   2|0x00000000c0200000, 0x00000000c0300000, 0x00000000c0300000|100%| O|  |TAMS 0x00000000c0300000, 0x00000000c0200000| Untracked 
|   3|0x00000000c0300000, 0x00000000c0400000, 0x00000000c0400000|100%| O|  |TAMS 0x00000000c0400000, 0x00000000c0300000| Untracked 
|   4|0x00000000c0400000, 0x00000000c0500000, 0x00000000c0500000|100%| O|  |TAMS 0x00000000c0500000, 0x00000000c0400000| Untracked 
|   5|0x00000000c0500000, 0x00000000c0600000, 0x00000000c0600000|100%| O|  |TAMS 0x00000000c0600000, 0x00000000c0500000| Untracked 
|   6|0x00000000c0600000, 0x00000000c0700000, 0x00000000c0700000|100%| O|  |TAMS 0x00000000c0700000, 0x00000000c0600000| Untracked 
|   7|0x00000000c0700000, 0x00000000c0800000, 0x00000000c0800000|100%| O|  |TAMS 0x00000000c0800000, 0x00000000c0700000| Untracked 
|   8|0x00000000c0800000, 0x00000000c0900000, 0x00000000c0900000|100%| O|  |TAMS 0x00000000c0800000, 0x00000000c0800000| Untracked 
|   9|0x00000000c0900000, 0x00000000c0a00000, 0x00000000c0a00000|100%| O|  |TAMS 0x00000000c0a00000, 0x00000000c0900000| Untracked 
|  10|0x00000000c0a00000, 0x00000000c0b00000, 0x00000000c0b00000|100%| O|  |TAMS 0x00000000c0a00000, 0x00000000c0a00000| Untracked 
|  11|0x00000000c0b00000, 0x00000000c0c00000, 0x00000000c0c00000|100%| O|  |TAMS 0x00000000c0c00000, 0x00000000c0b00000| Untracked 
|  12|0x00000000c0c00000, 0x00000000c0d00000, 0x00000000c0d00000|100%|HS|  |TAMS 0x00000000c0d00000, 0x00000000c0c00000| Complete 
|  13|0x00000000c0d00000, 0x00000000c0e00000, 0x00000000c0e00000|100%|HC|  |TAMS 0x00000000c0e00000, 0x00000000c0d00000| Complete 
|  14|0x00000000c0e00000, 0x00000000c0f00000, 0x00000000c0f00000|100%|HC|  |TAMS 0x00000000c0f00000, 0x00000000c0e00000| Complete 
|  15|0x00000000c0f00000, 0x00000000c1000000, 0x00000000c1000000|100%|HC|  |TAMS 0x00000000c1000000, 0x00000000c0f00000| Complete 
|  16|0x00000000c1000000, 0x00000000c1100000, 0x00000000c1100000|100%|HC|  |TAMS 0x00000000c1100000, 0x00000000c1000000| Complete 
|  17|0x00000000c1100000, 0x00000000c1200000, 0x00000000c1200000|100%|HC|  |TAMS 0x00000000c1200000, 0x00000000c1100000| Complete 
|  18|0x00000000c1200000, 0x00000000c1300000, 0x00000000c1300000|100%|HC|  |TAMS 0x00000000c1300000, 0x00000000c1200000| Complete 
|  19|0x00000000c1300000, 0x00000000c1400000, 0x00000000c1400000|100%|HC|  |TAMS 0x00000000c1400000, 0x00000000c1300000| Complete 
|  20|0x00000000c1400000, 0x00000000c1500000, 0x00000000c1500000|100%|HC|  |TAMS 0x00000000c1500000, 0x00000000c1400000| Complete 
|  21|0x00000000c1500000, 0x00000000c1600000, 0x00000000c1600000|100%|HC|  |TAMS 0x00000000c1600000, 0x00000000c1500000| Complete 
|  22|0x00000000c1600000, 0x00000000c1700000, 0x00000000c1700000|100%|HC|  |TAMS 0x00000000c1700000, 0x00000000c1600000| Complete 
|  23|0x00000000c1700000, 0x00000000c1800000, 0x00000000c1800000|100%|HC|  |TAMS 0x00000000c1800000, 0x00000000c1700000| Complete 
|  24|0x00000000c1800000, 0x00000000c1900000, 0x00000000c1900000|100%|HC|  |TAMS 0x00000000c1900000, 0x00000000c1800000| Complete 
|  25|0x00000000c1900000, 0x00000000c1a00000, 0x00000000c1a00000|100%|HC|  |TAMS 0x00000000c1a00000, 0x00000000c1900000| Complete 
|  26|0x00000000c1a00000, 0x00000000c1b00000, 0x00000000c1b00000|100%|HC|  |TAMS 0x00000000c1b00000, 0x00000000c1a00000| Complete 
|  27|0x00000000c1b00000, 0x00000000c1c00000, 0x00000000c1c00000|100%|HC|  |TAMS 0x00000000c1c00000, 0x00000000c1b00000| Complete 
|  28|0x00000000c1c00000, 0x00000000c1d00000, 0x00000000c1d00000|100%|HC|  |TAMS 0x00000000c1d00000, 0x00000000c1c00000| Complete 
|  29|0x00000000c1d00000, 0x00000000c1e00000, 0x00000000c1e00000|100%|HS|  |TAMS 0x00000000c1e00000, 0x00000000c1d00000| Complete 
|  30|0x00000000c1e00000, 0x00000000c1f00000, 0x00000000c1f00000|100%|HC|  |TAMS 0x00000000c1f00000, 0x00000000c1e00000| Complete 
|  31|0x00000000c1f00000, 0x00000000c2000000, 0x00000000c2000000|100%|HC|  |TAMS 0x00000000c2000000, 0x00000000c1f00000| Complete 
|  32|0x00000000c2000000, 0x00000000c2100000, 0x00000000c2100000|100%|HC|  |TAMS 0x00000000c2100000, 0x00000000c2000000| Complete 
|  33|0x00000000c2100000, 0x00000000c2200000, 0x00000000c2200000|100%|HC|  |TAMS 0x00000000c2200000, 0x00000000c2100000| Complete 
|  34|0x00000000c2200000, 0x00000000c2300000, 0x00000000c2300000|100%| O|  |TAMS 0x00000000c2300000, 0x00000000c2200000| Untracked 
|  35|0x00000000c2300000, 0x00000000c2400000, 0x00000000c2400000|100%| O|  |TAMS 0x00000000c2400000, 0x00000000c2300000| Untracked 
|  36|0x00000000c2400000, 0x00000000c2500000, 0x00000000c2500000|100%| O|  |TAMS 0x00000000c2500000, 0x00000000c2400000| Untracked 
|  37|0x00000000c2500000, 0x00000000c2600000, 0x00000000c2600000|100%| O|  |TAMS 0x00000000c2600000, 0x00000000c2500000| Untracked 
|  38|0x00000000c2600000, 0x00000000c2700000, 0x00000000c2700000|100%| O|  |TAMS 0x00000000c2700000, 0x00000000c2600000| Untracked 
|  39|0x00000000c2700000, 0x00000000c2800000, 0x00000000c2800000|100%| O|  |TAMS 0x00000000c2787e00, 0x00000000c2700000| Untracked 
|  40|0x00000000c2800000, 0x00000000c2900000, 0x00000000c2900000|100%| O|  |TAMS 0x00000000c2800000, 0x00000000c2800000| Untracked 
|  41|0x00000000c2900000, 0x00000000c2a00000, 0x00000000c2a00000|100%|HS|  |TAMS 0x00000000c2a00000, 0x00000000c2900000| Complete 
|  42|0x00000000c2a00000, 0x00000000c2b00000, 0x00000000c2b00000|100%|HC|  |TAMS 0x00000000c2b00000, 0x00000000c2a00000| Complete 
|  43|0x00000000c2b00000, 0x00000000c2c00000, 0x00000000c2c00000|100%|HC|  |TAMS 0x00000000c2c00000, 0x00000000c2b00000| Complete 
|  44|0x00000000c2c00000, 0x00000000c2d00000, 0x00000000c2d00000|100%|HC|  |TAMS 0x00000000c2d00000, 0x00000000c2c00000| Complete 
|  45|0x00000000c2d00000, 0x00000000c2e00000, 0x00000000c2e00000|100%|HC|  |TAMS 0x00000000c2e00000, 0x00000000c2d00000| Complete 
|  46|0x00000000c2e00000, 0x00000000c2f00000, 0x00000000c2f00000|100%|HC|  |TAMS 0x00000000c2f00000, 0x00000000c2e00000| Complete 
|  47|0x00000000c2f00000, 0x00000000c3000000, 0x00000000c3000000|100%|HC|  |TAMS 0x00000000c3000000, 0x00000000c2f00000| Complete 
|  48|0x00000000c3000000, 0x00000000c3100000, 0x00000000c3100000|100%|HC|  |TAMS 0x00000000c3100000, 0x00000000c3000000| Complete 
|  49|0x00000000c3100000, 0x00000000c3200000, 0x00000000c3200000|100%|HC|  |TAMS 0x00000000c3200000, 0x00000000c3100000| Complete 
|  50|0x00000000c3200000, 0x00000000c3300000, 0x00000000c3300000|100%|HC|  |TAMS 0x00000000c3300000, 0x00000000c3200000| Complete 
|  51|0x00000000c3300000, 0x00000000c3400000, 0x00000000c3400000|100%|HC|  |TAMS 0x00000000c3400000, 0x00000000c3300000| Complete 
|  52|0x00000000c3400000, 0x00000000c3500000, 0x00000000c3500000|100%|HC|  |TAMS 0x00000000c3500000, 0x00000000c3400000| Complete 
|  53|0x00000000c3500000, 0x00000000c3600000, 0x00000000c3600000|100%|HC|  |TAMS 0x00000000c3600000, 0x00000000c3500000| Complete 
|  54|0x00000000c3600000, 0x00000000c3700000, 0x00000000c3700000|100%|HS|  |TAMS 0x00000000c3700000, 0x00000000c3600000| Complete 
|  55|0x00000000c3700000, 0x00000000c3800000, 0x00000000c3800000|100%|HC|  |TAMS 0x00000000c3800000, 0x00000000c3700000| Complete 
|  56|0x00000000c3800000, 0x00000000c3900000, 0x00000000c3900000|100%|HC|  |TAMS 0x00000000c3900000, 0x00000000c3800000| Complete 
|  57|0x00000000c3900000, 0x00000000c3a00000, 0x00000000c3a00000|100%|HC|  |TAMS 0x00000000c3a00000, 0x00000000c3900000| Complete 
|  58|0x00000000c3a00000, 0x00000000c3b00000, 0x00000000c3b00000|100%|HC|  |TAMS 0x00000000c3b00000, 0x00000000c3a00000| Complete 
|  59|0x00000000c3b00000, 0x00000000c3c00000, 0x00000000c3c00000|100%|HC|  |TAMS 0x00000000c3c00000, 0x00000000c3b00000| Complete 
|  60|0x00000000c3c00000, 0x00000000c3d00000, 0x00000000c3d00000|100%|HC|  |TAMS 0x00000000c3d00000, 0x00000000c3c00000| Complete 
|  61|0x00000000c3d00000, 0x00000000c3e00000, 0x00000000c3e00000|100%|HC|  |TAMS 0x00000000c3e00000, 0x00000000c3d00000| Complete 
|  62|0x00000000c3e00000, 0x00000000c3f00000, 0x00000000c3f00000|100%|HC|  |TAMS 0x00000000c3f00000, 0x00000000c3e00000| Complete 
|  63|0x00000000c3f00000, 0x00000000c4000000, 0x00000000c4000000|100%| O|  |TAMS 0x00000000c3f00000, 0x00000000c3f00000| Untracked 
|  64|0x00000000c4000000, 0x00000000c4100000, 0x00000000c4100000|100%|HS|  |TAMS 0x00000000c4100000, 0x00000000c4000000| Complete 
|  65|0x00000000c4100000, 0x00000000c4200000, 0x00000000c4200000|100%|HC|  |TAMS 0x00000000c4200000, 0x00000000c4100000| Complete 
|  66|0x00000000c4200000, 0x00000000c4300000, 0x00000000c4300000|100%|HC|  |TAMS 0x00000000c4300000, 0x00000000c4200000| Complete 
|  67|0x00000000c4300000, 0x00000000c4400000, 0x00000000c4400000|100%|HC|  |TAMS 0x00000000c4400000, 0x00000000c4300000| Complete 
|  68|0x00000000c4400000, 0x00000000c4500000, 0x00000000c4500000|100%|HC|  |TAMS 0x00000000c4500000, 0x00000000c4400000| Complete 
|  69|0x00000000c4500000, 0x00000000c4600000, 0x00000000c4600000|100%|HS|  |TAMS 0x00000000c4600000, 0x00000000c4500000| Complete 
|  70|0x00000000c4600000, 0x00000000c4700000, 0x00000000c4700000|100%|HC|  |TAMS 0x00000000c4700000, 0x00000000c4600000| Complete 
|  71|0x00000000c4700000, 0x00000000c4800000, 0x00000000c4800000|100%|HC|  |TAMS 0x00000000c4800000, 0x00000000c4700000| Complete 
|  72|0x00000000c4800000, 0x00000000c4900000, 0x00000000c4900000|100%|HC|  |TAMS 0x00000000c4900000, 0x00000000c4800000| Complete 
|  73|0x00000000c4900000, 0x00000000c4a00000, 0x00000000c4a00000|100%|HC|  |TAMS 0x00000000c4a00000, 0x00000000c4900000| Complete 
|  74|0x00000000c4a00000, 0x00000000c4b00000, 0x00000000c4b00000|100%|HS|  |TAMS 0x00000000c4b00000, 0x00000000c4a00000| Complete 
|  75|0x00000000c4b00000, 0x00000000c4c00000, 0x00000000c4c00000|100%|HC|  |TAMS 0x00000000c4c00000, 0x00000000c4b00000| Complete 
|  76|0x00000000c4c00000, 0x00000000c4d00000, 0x00000000c4d00000|100%|HC|  |TAMS 0x00000000c4d00000, 0x00000000c4c00000| Complete 
|  77|0x00000000c4d00000, 0x00000000c4e00000, 0x00000000c4e00000|100%|HC|  |TAMS 0x00000000c4e00000, 0x00000000c4d00000| Complete 
|  78|0x00000000c4e00000, 0x00000000c4f00000, 0x00000000c4f00000|100%|HC|  |TAMS 0x00000000c4f00000, 0x00000000c4e00000| Complete 
|  79|0x00000000c4f00000, 0x00000000c5000000, 0x00000000c5000000|100%|HS|  |TAMS 0x00000000c5000000, 0x00000000c4f00000| Complete 
|  80|0x00000000c5000000, 0x00000000c5100000, 0x00000000c5100000|100%|HC|  |TAMS 0x00000000c5100000, 0x00000000c5000000| Complete 
|  81|0x00000000c5100000, 0x00000000c5200000, 0x00000000c5200000|100%|HC|  |TAMS 0x00000000c5200000, 0x00000000c5100000| Complete 
|  82|0x00000000c5200000, 0x00000000c5300000, 0x00000000c5300000|100%|HC|  |TAMS 0x00000000c5300000, 0x00000000c5200000| Complete 
|  83|0x00000000c5300000, 0x00000000c5400000, 0x00000000c5400000|100%|HC|  |TAMS 0x00000000c5400000, 0x00000000c5300000| Complete 
|  84|0x00000000c5400000, 0x00000000c5500000, 0x00000000c5500000|100%|HS|  |TAMS 0x00000000c5500000, 0x00000000c5400000| Complete 
|  85|0x00000000c5500000, 0x00000000c5600000, 0x00000000c5600000|100%|HC|  |TAMS 0x00000000c5600000, 0x00000000c5500000| Complete 
|  86|0x00000000c5600000, 0x00000000c5700000, 0x00000000c5700000|100%|HC|  |TAMS 0x00000000c5700000, 0x00000000c5600000| Complete 
|  87|0x00000000c5700000, 0x00000000c5800000, 0x00000000c5800000|100%|HC|  |TAMS 0x00000000c5800000, 0x00000000c5700000| Complete 
|  88|0x00000000c5800000, 0x00000000c5900000, 0x00000000c5900000|100%|HC|  |TAMS 0x00000000c5900000, 0x00000000c5800000| Complete 
|  89|0x00000000c5900000, 0x00000000c5979a00, 0x00000000c5a00000| 47%| O|  |TAMS 0x00000000c5900000, 0x00000000c5900000| Untracked 
|  90|0x00000000c5a00000, 0x00000000c5a00000, 0x00000000c5b00000|  0%| F|  |TAMS 0x00000000c5a00000, 0x00000000c5a00000| Untracked 
|  91|0x00000000c5b00000, 0x00000000c5b00000, 0x00000000c5c00000|  0%| F|  |TAMS 0x00000000c5b00000, 0x00000000c5b00000| Untracked 
|  92|0x00000000c5c00000, 0x00000000c5c00000, 0x00000000c5d00000|  0%| F|  |TAMS 0x00000000c5c00000, 0x00000000c5c00000| Untracked 
|  93|0x00000000c5d00000, 0x00000000c5d00000, 0x00000000c5e00000|  0%| F|  |TAMS 0x00000000c5d00000, 0x00000000c5d00000| Untracked 
|  94|0x00000000c5e00000, 0x00000000c5e00000, 0x00000000c5f00000|  0%| F|  |TAMS 0x00000000c5e00000, 0x00000000c5e00000| Untracked 
|  95|0x00000000c5f00000, 0x00000000c5f00000, 0x00000000c6000000|  0%| F|  |TAMS 0x00000000c5f00000, 0x00000000c5f00000| Untracked 
|  96|0x00000000c6000000, 0x00000000c6000000, 0x00000000c6100000|  0%| F|  |TAMS 0x00000000c6000000, 0x00000000c6000000| Untracked 
|  97|0x00000000c6100000, 0x00000000c6100000, 0x00000000c6200000|  0%| F|  |TAMS 0x00000000c6100000, 0x00000000c6100000| Untracked 
|  98|0x00000000c6200000, 0x00000000c6200000, 0x00000000c6300000|  0%| F|  |TAMS 0x00000000c6200000, 0x00000000c6200000| Untracked 
|  99|0x00000000c6300000, 0x00000000c6300000, 0x00000000c6400000|  0%| F|  |TAMS 0x00000000c6300000, 0x00000000c6300000| Untracked 
| 100|0x00000000c6400000, 0x00000000c6400000, 0x00000000c6500000|  0%| F|  |TAMS 0x00000000c6400000, 0x00000000c6400000| Untracked 
| 101|0x00000000c6500000, 0x00000000c6500000, 0x00000000c6600000|  0%| F|  |TAMS 0x00000000c6500000, 0x00000000c6500000| Untracked 
| 102|0x00000000c6600000, 0x00000000c6600000, 0x00000000c6700000|  0%| F|  |TAMS 0x00000000c6600000, 0x00000000c6600000| Untracked 
| 103|0x00000000c6700000, 0x00000000c6700000, 0x00000000c6800000|  0%| F|  |TAMS 0x00000000c6700000, 0x00000000c6700000| Untracked 
| 104|0x00000000c6800000, 0x00000000c6800000, 0x00000000c6900000|  0%| F|  |TAMS 0x00000000c6800000, 0x00000000c6800000| Untracked 
| 105|0x00000000c6900000, 0x00000000c6900000, 0x00000000c6a00000|  0%| F|  |TAMS 0x00000000c6900000, 0x00000000c6900000| Untracked 
| 106|0x00000000c6a00000, 0x00000000c6a00000, 0x00000000c6b00000|  0%| F|  |TAMS 0x00000000c6a00000, 0x00000000c6a00000| Untracked 
| 107|0x00000000c6b00000, 0x00000000c6b00000, 0x00000000c6c00000|  0%| F|  |TAMS 0x00000000c6b00000, 0x00000000c6b00000| Untracked 
| 108|0x00000000c6c00000, 0x00000000c6c00000, 0x00000000c6d00000|  0%| F|  |TAMS 0x00000000c6c00000, 0x00000000c6c00000| Untracked 
| 109|0x00000000c6d00000, 0x00000000c6d00000, 0x00000000c6e00000|  0%| F|  |TAMS 0x00000000c6d00000, 0x00000000c6d00000| Untracked 
| 110|0x00000000c6e00000, 0x00000000c6e00000, 0x00000000c6f00000|  0%| F|  |TAMS 0x00000000c6e00000, 0x00000000c6e00000| Untracked 
| 111|0x00000000c6f00000, 0x00000000c6f00000, 0x00000000c7000000|  0%| F|  |TAMS 0x00000000c6f00000, 0x00000000c6f00000| Untracked 
| 112|0x00000000c7000000, 0x00000000c7000000, 0x00000000c7100000|  0%| F|  |TAMS 0x00000000c7000000, 0x00000000c7000000| Untracked 
| 113|0x00000000c7100000, 0x00000000c7100000, 0x00000000c7200000|  0%| F|  |TAMS 0x00000000c7100000, 0x00000000c7100000| Untracked 
| 114|0x00000000c7200000, 0x00000000c7200000, 0x00000000c7300000|  0%| F|  |TAMS 0x00000000c7200000, 0x00000000c7200000| Untracked 
| 115|0x00000000c7300000, 0x00000000c7300000, 0x00000000c7400000|  0%| F|  |TAMS 0x00000000c7300000, 0x00000000c7300000| Untracked 
| 116|0x00000000c7400000, 0x00000000c7400000, 0x00000000c7500000|  0%| F|  |TAMS 0x00000000c7400000, 0x00000000c7400000| Untracked 
| 117|0x00000000c7500000, 0x00000000c7500000, 0x00000000c7600000|  0%| F|  |TAMS 0x00000000c7500000, 0x00000000c7500000| Untracked 
| 118|0x00000000c7600000, 0x00000000c7600000, 0x00000000c7700000|  0%| F|  |TAMS 0x00000000c7600000, 0x00000000c7600000| Untracked 
| 119|0x00000000c7700000, 0x00000000c7700000, 0x00000000c7800000|  0%| F|  |TAMS 0x00000000c7700000, 0x00000000c7700000| Untracked 
| 120|0x00000000c7800000, 0x00000000c7800000, 0x00000000c7900000|  0%| F|  |TAMS 0x00000000c7800000, 0x00000000c7800000| Untracked 
| 121|0x00000000c7900000, 0x00000000c7900000, 0x00000000c7a00000|  0%| F|  |TAMS 0x00000000c7900000, 0x00000000c7900000| Untracked 
| 122|0x00000000c7a00000, 0x00000000c7a00000, 0x00000000c7b00000|  0%| F|  |TAMS 0x00000000c7a00000, 0x00000000c7a00000| Untracked 
| 123|0x00000000c7b00000, 0x00000000c7b00000, 0x00000000c7c00000|  0%| F|  |TAMS 0x00000000c7b00000, 0x00000000c7b00000| Untracked 
| 124|0x00000000c7c00000, 0x00000000c7c00000, 0x00000000c7d00000|  0%| F|  |TAMS 0x00000000c7c00000, 0x00000000c7c00000| Untracked 
| 125|0x00000000c7d00000, 0x00000000c7d00000, 0x00000000c7e00000|  0%| F|  |TAMS 0x00000000c7d00000, 0x00000000c7d00000| Untracked 
| 126|0x00000000c7e00000, 0x00000000c7e00000, 0x00000000c7f00000|  0%| F|  |TAMS 0x00000000c7e00000, 0x00000000c7e00000| Untracked 
| 127|0x00000000c7f00000, 0x00000000c7f00000, 0x00000000c8000000|  0%| F|  |TAMS 0x00000000c7f00000, 0x00000000c7f00000| Untracked 
| 128|0x00000000c8000000, 0x00000000c8000000, 0x00000000c8100000|  0%| F|  |TAMS 0x00000000c8000000, 0x00000000c8000000| Untracked 
| 129|0x00000000c8100000, 0x00000000c8100000, 0x00000000c8200000|  0%| F|  |TAMS 0x00000000c8100000, 0x00000000c8100000| Untracked 
| 130|0x00000000c8200000, 0x00000000c82118f8, 0x00000000c8300000|  6%| S|CS|TAMS 0x00000000c8200000, 0x00000000c8200000| Complete 
| 131|0x00000000c8300000, 0x00000000c8300000, 0x00000000c8400000|  0%| F|  |TAMS 0x00000000c8300000, 0x00000000c8300000| Untracked 
| 132|0x00000000c8400000, 0x00000000c8400000, 0x00000000c8500000|  0%| F|  |TAMS 0x00000000c8400000, 0x00000000c8400000| Untracked 
| 133|0x00000000c8500000, 0x00000000c8500000, 0x00000000c8600000|  0%| F|  |TAMS 0x00000000c8500000, 0x00000000c8500000| Untracked 
| 134|0x00000000c8600000, 0x00000000c8700000, 0x00000000c8700000|100%| S|CS|TAMS 0x00000000c8600000, 0x00000000c8600000| Complete 
| 135|0x00000000c8700000, 0x00000000c8800000, 0x00000000c8800000|100%| S|CS|TAMS 0x00000000c8700000, 0x00000000c8700000| Complete 
| 136|0x00000000c8800000, 0x00000000c8900000, 0x00000000c8900000|100%| S|CS|TAMS 0x00000000c8800000, 0x00000000c8800000| Complete 
| 137|0x00000000c8900000, 0x00000000c8900000, 0x00000000c8a00000|  0%| F|  |TAMS 0x00000000c8900000, 0x00000000c8900000| Untracked 
| 138|0x00000000c8a00000, 0x00000000c8a00000, 0x00000000c8b00000|  0%| F|  |TAMS 0x00000000c8a00000, 0x00000000c8a00000| Untracked 
| 139|0x00000000c8b00000, 0x00000000c8b00000, 0x00000000c8c00000|  0%| F|  |TAMS 0x00000000c8b00000, 0x00000000c8b00000| Untracked 
| 140|0x00000000c8c00000, 0x00000000c8c00000, 0x00000000c8d00000|  0%| F|  |TAMS 0x00000000c8c00000, 0x00000000c8c00000| Untracked 
| 141|0x00000000c8d00000, 0x00000000c8d00000, 0x00000000c8e00000|  0%| F|  |TAMS 0x00000000c8d00000, 0x00000000c8d00000| Untracked 
| 142|0x00000000c8e00000, 0x00000000c8e00000, 0x00000000c8f00000|  0%| F|  |TAMS 0x00000000c8e00000, 0x00000000c8e00000| Untracked 
| 143|0x00000000c8f00000, 0x00000000c8f00000, 0x00000000c9000000|  0%| F|  |TAMS 0x00000000c8f00000, 0x00000000c8f00000| Untracked 
| 144|0x00000000c9000000, 0x00000000c9000000, 0x00000000c9100000|  0%| F|  |TAMS 0x00000000c9000000, 0x00000000c9000000| Untracked 
| 145|0x00000000c9100000, 0x00000000c9100000, 0x00000000c9200000|  0%| F|  |TAMS 0x00000000c9100000, 0x00000000c9100000| Untracked 
| 146|0x00000000c9200000, 0x00000000c9200000, 0x00000000c9300000|  0%| F|  |TAMS 0x00000000c9200000, 0x00000000c9200000| Untracked 
| 147|0x00000000c9300000, 0x00000000c9300000, 0x00000000c9400000|  0%| F|  |TAMS 0x00000000c9300000, 0x00000000c9300000| Untracked 
| 148|0x00000000c9400000, 0x00000000c9400000, 0x00000000c9500000|  0%| F|  |TAMS 0x00000000c9400000, 0x00000000c9400000| Untracked 
| 149|0x00000000c9500000, 0x00000000c9500000, 0x00000000c9600000|  0%| F|  |TAMS 0x00000000c9500000, 0x00000000c9500000| Untracked 
| 150|0x00000000c9600000, 0x00000000c9600000, 0x00000000c9700000|  0%| F|  |TAMS 0x00000000c9600000, 0x00000000c9600000| Untracked 
| 151|0x00000000c9700000, 0x00000000c9700000, 0x00000000c9800000|  0%| F|  |TAMS 0x00000000c9700000, 0x00000000c9700000| Untracked 
| 152|0x00000000c9800000, 0x00000000c9800000, 0x00000000c9900000|  0%| F|  |TAMS 0x00000000c9800000, 0x00000000c9800000| Untracked 
| 153|0x00000000c9900000, 0x00000000c9900000, 0x00000000c9a00000|  0%| F|  |TAMS 0x00000000c9900000, 0x00000000c9900000| Untracked 
| 154|0x00000000c9a00000, 0x00000000c9a00000, 0x00000000c9b00000|  0%| F|  |TAMS 0x00000000c9a00000, 0x00000000c9a00000| Untracked 
| 155|0x00000000c9b00000, 0x00000000c9b00000, 0x00000000c9c00000|  0%| F|  |TAMS 0x00000000c9b00000, 0x00000000c9b00000| Untracked 
| 156|0x00000000c9c00000, 0x00000000c9c00000, 0x00000000c9d00000|  0%| F|  |TAMS 0x00000000c9c00000, 0x00000000c9c00000| Untracked 
| 157|0x00000000c9d00000, 0x00000000c9d00000, 0x00000000c9e00000|  0%| F|  |TAMS 0x00000000c9d00000, 0x00000000c9d00000| Untracked 
| 158|0x00000000c9e00000, 0x00000000c9e00000, 0x00000000c9f00000|  0%| F|  |TAMS 0x00000000c9e00000, 0x00000000c9e00000| Untracked 
| 159|0x00000000c9f00000, 0x00000000c9f00000, 0x00000000ca000000|  0%| F|  |TAMS 0x00000000c9f00000, 0x00000000c9f00000| Untracked 
| 160|0x00000000ca000000, 0x00000000ca000000, 0x00000000ca100000|  0%| F|  |TAMS 0x00000000ca000000, 0x00000000ca000000| Untracked 
| 161|0x00000000ca100000, 0x00000000ca100000, 0x00000000ca200000|  0%| F|  |TAMS 0x00000000ca100000, 0x00000000ca100000| Untracked 
| 162|0x00000000ca200000, 0x00000000ca200000, 0x00000000ca300000|  0%| F|  |TAMS 0x00000000ca200000, 0x00000000ca200000| Untracked 
| 163|0x00000000ca300000, 0x00000000ca300000, 0x00000000ca400000|  0%| F|  |TAMS 0x00000000ca300000, 0x00000000ca300000| Untracked 
| 164|0x00000000ca400000, 0x00000000ca400000, 0x00000000ca500000|  0%| F|  |TAMS 0x00000000ca400000, 0x00000000ca400000| Untracked 
| 165|0x00000000ca500000, 0x00000000ca500000, 0x00000000ca600000|  0%| F|  |TAMS 0x00000000ca500000, 0x00000000ca500000| Untracked 
| 166|0x00000000ca600000, 0x00000000ca600000, 0x00000000ca700000|  0%| F|  |TAMS 0x00000000ca600000, 0x00000000ca600000| Untracked 
| 167|0x00000000ca700000, 0x00000000ca700000, 0x00000000ca800000|  0%| F|  |TAMS 0x00000000ca700000, 0x00000000ca700000| Untracked 
| 168|0x00000000ca800000, 0x00000000ca800000, 0x00000000ca900000|  0%| F|  |TAMS 0x00000000ca800000, 0x00000000ca800000| Untracked 
| 169|0x00000000ca900000, 0x00000000ca900000, 0x00000000caa00000|  0%| F|  |TAMS 0x00000000ca900000, 0x00000000ca900000| Untracked 
| 170|0x00000000caa00000, 0x00000000caa00000, 0x00000000cab00000|  0%| F|  |TAMS 0x00000000caa00000, 0x00000000caa00000| Untracked 
| 171|0x00000000cab00000, 0x00000000cab00000, 0x00000000cac00000|  0%| F|  |TAMS 0x00000000cab00000, 0x00000000cab00000| Untracked 
| 172|0x00000000cac00000, 0x00000000cac00000, 0x00000000cad00000|  0%| F|  |TAMS 0x00000000cac00000, 0x00000000cac00000| Untracked 
| 173|0x00000000cad00000, 0x00000000cad00000, 0x00000000cae00000|  0%| F|  |TAMS 0x00000000cad00000, 0x00000000cad00000| Untracked 
| 174|0x00000000cae00000, 0x00000000cae00000, 0x00000000caf00000|  0%| F|  |TAMS 0x00000000cae00000, 0x00000000cae00000| Untracked 
| 175|0x00000000caf00000, 0x00000000caf00000, 0x00000000cb000000|  0%| F|  |TAMS 0x00000000caf00000, 0x00000000caf00000| Untracked 
| 176|0x00000000cb000000, 0x00000000cb000000, 0x00000000cb100000|  0%| F|  |TAMS 0x00000000cb000000, 0x00000000cb000000| Untracked 
| 177|0x00000000cb100000, 0x00000000cb100000, 0x00000000cb200000|  0%| F|  |TAMS 0x00000000cb100000, 0x00000000cb100000| Untracked 
| 178|0x00000000cb200000, 0x00000000cb200000, 0x00000000cb300000|  0%| F|  |TAMS 0x00000000cb200000, 0x00000000cb200000| Untracked 
| 179|0x00000000cb300000, 0x00000000cb300000, 0x00000000cb400000|  0%| F|  |TAMS 0x00000000cb300000, 0x00000000cb300000| Untracked 
| 180|0x00000000cb400000, 0x00000000cb400000, 0x00000000cb500000|  0%| F|  |TAMS 0x00000000cb400000, 0x00000000cb400000| Untracked 
| 181|0x00000000cb500000, 0x00000000cb500000, 0x00000000cb600000|  0%| F|  |TAMS 0x00000000cb500000, 0x00000000cb500000| Untracked 
| 182|0x00000000cb600000, 0x00000000cb600000, 0x00000000cb700000|  0%| F|  |TAMS 0x00000000cb600000, 0x00000000cb600000| Untracked 
| 183|0x00000000cb700000, 0x00000000cb700000, 0x00000000cb800000|  0%| F|  |TAMS 0x00000000cb700000, 0x00000000cb700000| Untracked 
| 184|0x00000000cb800000, 0x00000000cb800000, 0x00000000cb900000|  0%| F|  |TAMS 0x00000000cb800000, 0x00000000cb800000| Untracked 
| 185|0x00000000cb900000, 0x00000000cb900000, 0x00000000cba00000|  0%| F|  |TAMS 0x00000000cb900000, 0x00000000cb900000| Untracked 
| 186|0x00000000cba00000, 0x00000000cba00000, 0x00000000cbb00000|  0%| F|  |TAMS 0x00000000cba00000, 0x00000000cba00000| Untracked 
| 187|0x00000000cbb00000, 0x00000000cbb00000, 0x00000000cbc00000|  0%| F|  |TAMS 0x00000000cbb00000, 0x00000000cbb00000| Untracked 
| 188|0x00000000cbc00000, 0x00000000cbc00000, 0x00000000cbd00000|  0%| F|  |TAMS 0x00000000cbc00000, 0x00000000cbc00000| Untracked 
| 189|0x00000000cbd00000, 0x00000000cbd00000, 0x00000000cbe00000|  0%| F|  |TAMS 0x00000000cbd00000, 0x00000000cbd00000| Untracked 
| 190|0x00000000cbe00000, 0x00000000cbe00000, 0x00000000cbf00000|  0%| F|  |TAMS 0x00000000cbe00000, 0x00000000cbe00000| Untracked 
| 191|0x00000000cbf00000, 0x00000000cbf00000, 0x00000000cc000000|  0%| F|  |TAMS 0x00000000cbf00000, 0x00000000cbf00000| Untracked 
| 192|0x00000000cc000000, 0x00000000cc000000, 0x00000000cc100000|  0%| F|  |TAMS 0x00000000cc000000, 0x00000000cc000000| Untracked 
| 193|0x00000000cc100000, 0x00000000cc100000, 0x00000000cc200000|  0%| F|  |TAMS 0x00000000cc100000, 0x00000000cc100000| Untracked 
| 194|0x00000000cc200000, 0x00000000cc200000, 0x00000000cc300000|  0%| F|  |TAMS 0x00000000cc200000, 0x00000000cc200000| Untracked 
| 195|0x00000000cc300000, 0x00000000cc300000, 0x00000000cc400000|  0%| F|  |TAMS 0x00000000cc300000, 0x00000000cc300000| Untracked 
| 196|0x00000000cc400000, 0x00000000cc400000, 0x00000000cc500000|  0%| F|  |TAMS 0x00000000cc400000, 0x00000000cc400000| Untracked 
| 197|0x00000000cc500000, 0x00000000cc500000, 0x00000000cc600000|  0%| F|  |TAMS 0x00000000cc500000, 0x00000000cc500000| Untracked 
| 198|0x00000000cc600000, 0x00000000cc600000, 0x00000000cc700000|  0%| F|  |TAMS 0x00000000cc600000, 0x00000000cc600000| Untracked 
| 199|0x00000000cc700000, 0x00000000cc700000, 0x00000000cc800000|  0%| F|  |TAMS 0x00000000cc700000, 0x00000000cc700000| Untracked 
| 200|0x00000000cc800000, 0x00000000cc800000, 0x00000000cc900000|  0%| F|  |TAMS 0x00000000cc800000, 0x00000000cc800000| Untracked 
| 201|0x00000000cc900000, 0x00000000cc900000, 0x00000000cca00000|  0%| F|  |TAMS 0x00000000cc900000, 0x00000000cc900000| Untracked 
| 202|0x00000000cca00000, 0x00000000cca00000, 0x00000000ccb00000|  0%| F|  |TAMS 0x00000000cca00000, 0x00000000cca00000| Untracked 
| 203|0x00000000ccb00000, 0x00000000ccb00000, 0x00000000ccc00000|  0%| F|  |TAMS 0x00000000ccb00000, 0x00000000ccb00000| Untracked 
| 204|0x00000000ccc00000, 0x00000000ccc00000, 0x00000000ccd00000|  0%| F|  |TAMS 0x00000000ccc00000, 0x00000000ccc00000| Untracked 
| 205|0x00000000ccd00000, 0x00000000ccd00000, 0x00000000cce00000|  0%| F|  |TAMS 0x00000000ccd00000, 0x00000000ccd00000| Untracked 
| 206|0x00000000cce00000, 0x00000000cce00000, 0x00000000ccf00000|  0%| F|  |TAMS 0x00000000cce00000, 0x00000000cce00000| Untracked 
| 207|0x00000000ccf00000, 0x00000000ccf00000, 0x00000000cd000000|  0%| F|  |TAMS 0x00000000ccf00000, 0x00000000ccf00000| Untracked 
| 208|0x00000000cd000000, 0x00000000cd000000, 0x00000000cd100000|  0%| F|  |TAMS 0x00000000cd000000, 0x00000000cd000000| Untracked 
| 209|0x00000000cd100000, 0x00000000cd100000, 0x00000000cd200000|  0%| F|  |TAMS 0x00000000cd100000, 0x00000000cd100000| Untracked 
| 210|0x00000000cd200000, 0x00000000cd200000, 0x00000000cd300000|  0%| F|  |TAMS 0x00000000cd200000, 0x00000000cd200000| Untracked 
| 211|0x00000000cd300000, 0x00000000cd300000, 0x00000000cd400000|  0%| F|  |TAMS 0x00000000cd300000, 0x00000000cd300000| Untracked 
| 212|0x00000000cd400000, 0x00000000cd400000, 0x00000000cd500000|  0%| F|  |TAMS 0x00000000cd400000, 0x00000000cd400000| Untracked 
| 213|0x00000000cd500000, 0x00000000cd500000, 0x00000000cd600000|  0%| F|  |TAMS 0x00000000cd500000, 0x00000000cd500000| Untracked 
| 214|0x00000000cd600000, 0x00000000cd600000, 0x00000000cd700000|  0%| F|  |TAMS 0x00000000cd600000, 0x00000000cd600000| Untracked 
| 215|0x00000000cd700000, 0x00000000cd700000, 0x00000000cd800000|  0%| F|  |TAMS 0x00000000cd700000, 0x00000000cd700000| Untracked 
| 216|0x00000000cd800000, 0x00000000cd800000, 0x00000000cd900000|  0%| F|  |TAMS 0x00000000cd800000, 0x00000000cd800000| Untracked 
| 217|0x00000000cd900000, 0x00000000cd900000, 0x00000000cda00000|  0%| F|  |TAMS 0x00000000cd900000, 0x00000000cd900000| Untracked 
| 218|0x00000000cda00000, 0x00000000cda00000, 0x00000000cdb00000|  0%| F|  |TAMS 0x00000000cda00000, 0x00000000cda00000| Untracked 
| 219|0x00000000cdb00000, 0x00000000cdb00000, 0x00000000cdc00000|  0%| F|  |TAMS 0x00000000cdb00000, 0x00000000cdb00000| Untracked 
| 220|0x00000000cdc00000, 0x00000000cdc00000, 0x00000000cdd00000|  0%| F|  |TAMS 0x00000000cdc00000, 0x00000000cdc00000| Untracked 
| 221|0x00000000cdd00000, 0x00000000cdd00000, 0x00000000cde00000|  0%| F|  |TAMS 0x00000000cdd00000, 0x00000000cdd00000| Untracked 
| 222|0x00000000cde00000, 0x00000000cde00000, 0x00000000cdf00000|  0%| F|  |TAMS 0x00000000cde00000, 0x00000000cde00000| Untracked 
| 223|0x00000000cdf00000, 0x00000000cdf00000, 0x00000000ce000000|  0%| F|  |TAMS 0x00000000cdf00000, 0x00000000cdf00000| Untracked 
| 224|0x00000000ce000000, 0x00000000ce000000, 0x00000000ce100000|  0%| F|  |TAMS 0x00000000ce000000, 0x00000000ce000000| Untracked 
| 225|0x00000000ce100000, 0x00000000ce100000, 0x00000000ce200000|  0%| F|  |TAMS 0x00000000ce100000, 0x00000000ce100000| Untracked 
| 226|0x00000000ce200000, 0x00000000ce200000, 0x00000000ce300000|  0%| F|  |TAMS 0x00000000ce200000, 0x00000000ce200000| Untracked 
| 227|0x00000000ce300000, 0x00000000ce300000, 0x00000000ce400000|  0%| F|  |TAMS 0x00000000ce300000, 0x00000000ce300000| Untracked 
| 228|0x00000000ce400000, 0x00000000ce400000, 0x00000000ce500000|  0%| F|  |TAMS 0x00000000ce400000, 0x00000000ce400000| Untracked 
| 229|0x00000000ce500000, 0x00000000ce500000, 0x00000000ce600000|  0%| F|  |TAMS 0x00000000ce500000, 0x00000000ce500000| Untracked 
| 230|0x00000000ce600000, 0x00000000ce600000, 0x00000000ce700000|  0%| F|  |TAMS 0x00000000ce600000, 0x00000000ce600000| Untracked 
| 231|0x00000000ce700000, 0x00000000ce700000, 0x00000000ce800000|  0%| F|  |TAMS 0x00000000ce700000, 0x00000000ce700000| Untracked 
| 232|0x00000000ce800000, 0x00000000ce800000, 0x00000000ce900000|  0%| F|  |TAMS 0x00000000ce800000, 0x00000000ce800000| Untracked 
| 233|0x00000000ce900000, 0x00000000ce900000, 0x00000000cea00000|  0%| F|  |TAMS 0x00000000ce900000, 0x00000000ce900000| Untracked 
| 234|0x00000000cea00000, 0x00000000cea00000, 0x00000000ceb00000|  0%| F|  |TAMS 0x00000000cea00000, 0x00000000cea00000| Untracked 
| 235|0x00000000ceb00000, 0x00000000ceb00000, 0x00000000cec00000|  0%| F|  |TAMS 0x00000000ceb00000, 0x00000000ceb00000| Untracked 
| 236|0x00000000cec00000, 0x00000000cec00000, 0x00000000ced00000|  0%| F|  |TAMS 0x00000000cec00000, 0x00000000cec00000| Untracked 
| 237|0x00000000ced00000, 0x00000000ced00000, 0x00000000cee00000|  0%| F|  |TAMS 0x00000000ced00000, 0x00000000ced00000| Untracked 
| 238|0x00000000cee00000, 0x00000000cee00000, 0x00000000cef00000|  0%| F|  |TAMS 0x00000000cee00000, 0x00000000cee00000| Untracked 
| 239|0x00000000cef00000, 0x00000000cef00000, 0x00000000cf000000|  0%| F|  |TAMS 0x00000000cef00000, 0x00000000cef00000| Untracked 
| 240|0x00000000cf000000, 0x00000000cf000000, 0x00000000cf100000|  0%| F|  |TAMS 0x00000000cf000000, 0x00000000cf000000| Untracked 
| 241|0x00000000cf100000, 0x00000000cf100000, 0x00000000cf200000|  0%| F|  |TAMS 0x00000000cf100000, 0x00000000cf100000| Untracked 
| 242|0x00000000cf200000, 0x00000000cf200000, 0x00000000cf300000|  0%| F|  |TAMS 0x00000000cf200000, 0x00000000cf200000| Untracked 
| 243|0x00000000cf300000, 0x00000000cf300000, 0x00000000cf400000|  0%| F|  |TAMS 0x00000000cf300000, 0x00000000cf300000| Untracked 
| 244|0x00000000cf400000, 0x00000000cf400000, 0x00000000cf500000|  0%| F|  |TAMS 0x00000000cf400000, 0x00000000cf400000| Untracked 
| 245|0x00000000cf500000, 0x00000000cf500000, 0x00000000cf600000|  0%| F|  |TAMS 0x00000000cf500000, 0x00000000cf500000| Untracked 
| 246|0x00000000cf600000, 0x00000000cf600000, 0x00000000cf700000|  0%| F|  |TAMS 0x00000000cf600000, 0x00000000cf600000| Untracked 
| 247|0x00000000cf700000, 0x00000000cf700000, 0x00000000cf800000|  0%| F|  |TAMS 0x00000000cf700000, 0x00000000cf700000| Untracked 
| 248|0x00000000cf800000, 0x00000000cf800000, 0x00000000cf900000|  0%| F|  |TAMS 0x00000000cf800000, 0x00000000cf800000| Untracked 
| 249|0x00000000cf900000, 0x00000000cf900000, 0x00000000cfa00000|  0%| F|  |TAMS 0x00000000cf900000, 0x00000000cf900000| Untracked 
| 250|0x00000000cfa00000, 0x00000000cfa00000, 0x00000000cfb00000|  0%| F|  |TAMS 0x00000000cfa00000, 0x00000000cfa00000| Untracked 
| 251|0x00000000cfb00000, 0x00000000cfb00000, 0x00000000cfc00000|  0%| F|  |TAMS 0x00000000cfb00000, 0x00000000cfb00000| Untracked 
| 252|0x00000000cfc00000, 0x00000000cfd00000, 0x00000000cfd00000|100%| E|  |TAMS 0x00000000cfc00000, 0x00000000cfc00000| Complete 
| 253|0x00000000cfd00000, 0x00000000cfe00000, 0x00000000cfe00000|100%| E|CS|TAMS 0x00000000cfd00000, 0x00000000cfd00000| Complete 
| 254|0x00000000cfe00000, 0x00000000cff00000, 0x00000000cff00000|100%| E|CS|TAMS 0x00000000cfe00000, 0x00000000cfe00000| Complete 
| 255|0x00000000cff00000, 0x00000000d0000000, 0x00000000d0000000|100%| E|CS|TAMS 0x00000000cff00000, 0x00000000cff00000| Complete 
| 256|0x00000000d0000000, 0x00000000d0100000, 0x00000000d0100000|100%| E|CS|TAMS 0x00000000d0000000, 0x00000000d0000000| Complete 
| 257|0x00000000d0100000, 0x00000000d0200000, 0x00000000d0200000|100%| E|CS|TAMS 0x00000000d0100000, 0x00000000d0100000| Complete 
| 258|0x00000000d0200000, 0x00000000d0300000, 0x00000000d0300000|100%| E|CS|TAMS 0x00000000d0200000, 0x00000000d0200000| Complete 
| 259|0x00000000d0300000, 0x00000000d0400000, 0x00000000d0400000|100%| E|CS|TAMS 0x00000000d0300000, 0x00000000d0300000| Complete 
| 260|0x00000000d0400000, 0x00000000d0500000, 0x00000000d0500000|100%| E|CS|TAMS 0x00000000d0400000, 0x00000000d0400000| Complete 
| 261|0x00000000d0500000, 0x00000000d0600000, 0x00000000d0600000|100%| E|CS|TAMS 0x00000000d0500000, 0x00000000d0500000| Complete 
| 262|0x00000000d0600000, 0x00000000d0700000, 0x00000000d0700000|100%| E|CS|TAMS 0x00000000d0600000, 0x00000000d0600000| Complete 
| 263|0x00000000d0700000, 0x00000000d0800000, 0x00000000d0800000|100%| E|CS|TAMS 0x00000000d0700000, 0x00000000d0700000| Complete 
| 264|0x00000000d0800000, 0x00000000d0900000, 0x00000000d0900000|100%| E|CS|TAMS 0x00000000d0800000, 0x00000000d0800000| Complete 
| 265|0x00000000d0900000, 0x00000000d0a00000, 0x00000000d0a00000|100%| E|CS|TAMS 0x00000000d0900000, 0x00000000d0900000| Complete 
| 266|0x00000000d0a00000, 0x00000000d0b00000, 0x00000000d0b00000|100%| E|CS|TAMS 0x00000000d0a00000, 0x00000000d0a00000| Complete 
| 267|0x00000000d0b00000, 0x00000000d0c00000, 0x00000000d0c00000|100%| E|CS|TAMS 0x00000000d0b00000, 0x00000000d0b00000| Complete 
| 268|0x00000000d0c00000, 0x00000000d0d00000, 0x00000000d0d00000|100%| E|CS|TAMS 0x00000000d0c00000, 0x00000000d0c00000| Complete 
| 269|0x00000000d0d00000, 0x00000000d0e00000, 0x00000000d0e00000|100%| E|CS|TAMS 0x00000000d0d00000, 0x00000000d0d00000| Complete 
| 270|0x00000000d0e00000, 0x00000000d0f00000, 0x00000000d0f00000|100%| E|CS|TAMS 0x00000000d0e00000, 0x00000000d0e00000| Complete 
| 271|0x00000000d0f00000, 0x00000000d1000000, 0x00000000d1000000|100%| E|CS|TAMS 0x00000000d0f00000, 0x00000000d0f00000| Complete 
| 272|0x00000000d1000000, 0x00000000d1100000, 0x00000000d1100000|100%| E|CS|TAMS 0x00000000d1000000, 0x00000000d1000000| Complete 
| 273|0x00000000d1100000, 0x00000000d1200000, 0x00000000d1200000|100%| E|CS|TAMS 0x00000000d1100000, 0x00000000d1100000| Complete 
| 274|0x00000000d1200000, 0x00000000d1300000, 0x00000000d1300000|100%| E|CS|TAMS 0x00000000d1200000, 0x00000000d1200000| Complete 
| 275|0x00000000d1300000, 0x00000000d1400000, 0x00000000d1400000|100%| E|CS|TAMS 0x00000000d1300000, 0x00000000d1300000| Complete 
| 276|0x00000000d1400000, 0x00000000d1500000, 0x00000000d1500000|100%| E|CS|TAMS 0x00000000d1400000, 0x00000000d1400000| Complete 
| 277|0x00000000d1500000, 0x00000000d1600000, 0x00000000d1600000|100%| E|CS|TAMS 0x00000000d1500000, 0x00000000d1500000| Complete 
| 278|0x00000000d1600000, 0x00000000d1700000, 0x00000000d1700000|100%| E|CS|TAMS 0x00000000d1600000, 0x00000000d1600000| Complete 
| 279|0x00000000d1700000, 0x00000000d1800000, 0x00000000d1800000|100%| E|CS|TAMS 0x00000000d1700000, 0x00000000d1700000| Complete 
| 280|0x00000000d1800000, 0x00000000d1900000, 0x00000000d1900000|100%| E|CS|TAMS 0x00000000d1800000, 0x00000000d1800000| Complete 
| 281|0x00000000d1900000, 0x00000000d1a00000, 0x00000000d1a00000|100%| E|CS|TAMS 0x00000000d1900000, 0x00000000d1900000| Complete 
| 282|0x00000000d1a00000, 0x00000000d1b00000, 0x00000000d1b00000|100%| E|CS|TAMS 0x00000000d1a00000, 0x00000000d1a00000| Complete 
| 283|0x00000000d1b00000, 0x00000000d1c00000, 0x00000000d1c00000|100%| E|CS|TAMS 0x00000000d1b00000, 0x00000000d1b00000| Complete 
| 284|0x00000000d1c00000, 0x00000000d1d00000, 0x00000000d1d00000|100%| E|CS|TAMS 0x00000000d1c00000, 0x00000000d1c00000| Complete 
| 285|0x00000000d1d00000, 0x00000000d1e00000, 0x00000000d1e00000|100%| E|CS|TAMS 0x00000000d1d00000, 0x00000000d1d00000| Complete 
| 286|0x00000000d1e00000, 0x00000000d1f00000, 0x00000000d1f00000|100%| E|CS|TAMS 0x00000000d1e00000, 0x00000000d1e00000| Complete 
| 287|0x00000000d1f00000, 0x00000000d2000000, 0x00000000d2000000|100%| E|CS|TAMS 0x00000000d1f00000, 0x00000000d1f00000| Complete 
| 288|0x00000000d2000000, 0x00000000d2100000, 0x00000000d2100000|100%| E|CS|TAMS 0x00000000d2000000, 0x00000000d2000000| Complete 
| 289|0x00000000d2100000, 0x00000000d2200000, 0x00000000d2200000|100%| E|CS|TAMS 0x00000000d2100000, 0x00000000d2100000| Complete 
| 290|0x00000000d2200000, 0x00000000d2300000, 0x00000000d2300000|100%| E|CS|TAMS 0x00000000d2200000, 0x00000000d2200000| Complete 
| 291|0x00000000d2300000, 0x00000000d2400000, 0x00000000d2400000|100%| E|CS|TAMS 0x00000000d2300000, 0x00000000d2300000| Complete 
| 292|0x00000000d2400000, 0x00000000d2500000, 0x00000000d2500000|100%| E|CS|TAMS 0x00000000d2400000, 0x00000000d2400000| Complete 
| 293|0x00000000d2500000, 0x00000000d2600000, 0x00000000d2600000|100%| E|CS|TAMS 0x00000000d2500000, 0x00000000d2500000| Complete 
| 294|0x00000000d2600000, 0x00000000d2700000, 0x00000000d2700000|100%| E|CS|TAMS 0x00000000d2600000, 0x00000000d2600000| Complete 
| 295|0x00000000d2700000, 0x00000000d2800000, 0x00000000d2800000|100%| E|CS|TAMS 0x00000000d2700000, 0x00000000d2700000| Complete 
| 296|0x00000000d2800000, 0x00000000d2900000, 0x00000000d2900000|100%| E|CS|TAMS 0x00000000d2800000, 0x00000000d2800000| Complete 
| 297|0x00000000d2900000, 0x00000000d2a00000, 0x00000000d2a00000|100%| E|CS|TAMS 0x00000000d2900000, 0x00000000d2900000| Complete 
| 298|0x00000000d2a00000, 0x00000000d2b00000, 0x00000000d2b00000|100%| E|CS|TAMS 0x00000000d2a00000, 0x00000000d2a00000| Complete 
| 299|0x00000000d2b00000, 0x00000000d2c00000, 0x00000000d2c00000|100%| E|CS|TAMS 0x00000000d2b00000, 0x00000000d2b00000| Complete 
| 300|0x00000000d2c00000, 0x00000000d2d00000, 0x00000000d2d00000|100%| E|CS|TAMS 0x00000000d2c00000, 0x00000000d2c00000| Complete 
| 301|0x00000000d2d00000, 0x00000000d2e00000, 0x00000000d2e00000|100%| E|CS|TAMS 0x00000000d2d00000, 0x00000000d2d00000| Complete 
| 302|0x00000000d2e00000, 0x00000000d2f00000, 0x00000000d2f00000|100%| E|CS|TAMS 0x00000000d2e00000, 0x00000000d2e00000| Complete 
| 303|0x00000000d2f00000, 0x00000000d3000000, 0x00000000d3000000|100%| E|CS|TAMS 0x00000000d2f00000, 0x00000000d2f00000| Complete 
| 304|0x00000000d3000000, 0x00000000d3100000, 0x00000000d3100000|100%| E|CS|TAMS 0x00000000d3000000, 0x00000000d3000000| Complete 
| 305|0x00000000d3100000, 0x00000000d3200000, 0x00000000d3200000|100%| E|CS|TAMS 0x00000000d3100000, 0x00000000d3100000| Complete 
| 306|0x00000000d3200000, 0x00000000d3300000, 0x00000000d3300000|100%| E|CS|TAMS 0x00000000d3200000, 0x00000000d3200000| Complete 
| 307|0x00000000d3300000, 0x00000000d3400000, 0x00000000d3400000|100%| E|CS|TAMS 0x00000000d3300000, 0x00000000d3300000| Complete 
| 308|0x00000000d3400000, 0x00000000d3500000, 0x00000000d3500000|100%| E|CS|TAMS 0x00000000d3400000, 0x00000000d3400000| Complete 
| 309|0x00000000d3500000, 0x00000000d3600000, 0x00000000d3600000|100%| E|CS|TAMS 0x00000000d3500000, 0x00000000d3500000| Complete 
| 310|0x00000000d3600000, 0x00000000d3700000, 0x00000000d3700000|100%| E|CS|TAMS 0x00000000d3600000, 0x00000000d3600000| Complete 
| 311|0x00000000d3700000, 0x00000000d3800000, 0x00000000d3800000|100%| E|CS|TAMS 0x00000000d3700000, 0x00000000d3700000| Complete 
| 312|0x00000000d3800000, 0x00000000d3900000, 0x00000000d3900000|100%| E|CS|TAMS 0x00000000d3800000, 0x00000000d3800000| Complete 
| 313|0x00000000d3900000, 0x00000000d3a00000, 0x00000000d3a00000|100%| E|CS|TAMS 0x00000000d3900000, 0x00000000d3900000| Complete 
| 314|0x00000000d3a00000, 0x00000000d3b00000, 0x00000000d3b00000|100%| E|CS|TAMS 0x00000000d3a00000, 0x00000000d3a00000| Complete 
| 315|0x00000000d3b00000, 0x00000000d3c00000, 0x00000000d3c00000|100%| E|CS|TAMS 0x00000000d3b00000, 0x00000000d3b00000| Complete 

Card table byte_map: [0x000001e380c70000,0x000001e380e70000] _byte_map_base: 0x000001e380670000

Marking Bits (Prev, Next): (CMBitMap*) 0x000001e3e7cde2a0, (CMBitMap*) 0x000001e3e7cde2e0
 Prev Bits: [0x000001e381070000, 0x000001e382070000)
 Next Bits: [0x000001e382070000, 0x000001e383070000)

Polling page: 0x000001e3e79f0000

Metaspace:

Usage:
  Non-class:     12.60 MB used.
      Class:      1.02 MB used.
       Both:     13.62 MB used.

Virtual space:
  Non-class space:       64.00 MB reserved,      12.69 MB ( 20%) committed,  1 nodes.
      Class space:        1.00 GB reserved,       1.12 MB ( <1%) committed,  1 nodes.
             Both:        1.06 GB reserved,      13.81 MB (  1%) committed. 

Chunk freelists:
   Non-Class:  2.64 MB
       Class:  14.87 MB
        Both:  17.51 MB

MaxMetaspaceSize: unlimited
CompressedClassSpaceSize: 1.00 GB
Initial GC threshold: 21.00 MB
Current GC threshold: 22.75 MB
CDS: on
MetaspaceReclaimPolicy: balanced
 - commit_granule_bytes: 65536.
 - commit_granule_words: 8192.
 - virtual_space_node_default_size: 8388608.
 - enlarge_chunks_in_place: 1.
 - new_chunks_are_fully_committed: 0.
 - uncommit_free_chunks: 1.
 - use_allocation_guard: 0.
 - handle_deallocations: 1.


Internal statistics:

num_allocs_failed_limit: 0.
num_arena_births: 114.
num_arena_deaths: 0.
num_vsnodes_births: 2.
num_vsnodes_deaths: 0.
num_space_committed: 217.
num_space_uncommitted: 0.
num_chunks_returned_to_freelist: 0.
num_chunks_taken_from_freelist: 417.
num_chunk_merges: 0.
num_chunk_splits: 318.
num_chunks_enlarged: 249.
num_inconsistent_stats: 0.

CodeHeap 'non-profiled nmethods': size=120000Kb used=1334Kb max_used=1334Kb free=118665Kb
 bounds [0x000001e3f8ad0000, 0x000001e3f8d40000, 0x000001e400000000]
CodeHeap 'profiled nmethods': size=120000Kb used=3592Kb max_used=3592Kb free=116408Kb
 bounds [0x000001e3f1000000, 0x000001e3f1390000, 0x000001e3f8530000]
CodeHeap 'non-nmethods': size=5760Kb used=1627Kb max_used=1678Kb free=4132Kb
 bounds [0x000001e3f8530000, 0x000001e3f87a0000, 0x000001e3f8ad0000]
 total_blobs=2954 nmethods=2000 adapters=867
 compilation: enabled
              stopped_count=0, restarted_count=0
 full_count=0

Compilation events (20 events):
Event: 9.898 Thread 0x000001e385a96690 1990       3       com.jogamp.opengl.GLBufferStorage::reset (22 bytes)
Event: 9.898 Thread 0x000001e385a96690 nmethod 1990 0x000001e3f1380190 code [0x000001e3f1380320, 0x000001e3f1380458]
Event: 10.050 Thread 0x000001e385a8e7b0 1991       4       processing.opengl.PJOGL::bindBuffer (12 bytes)
Event: 10.054 Thread 0x000001e385a8e7b0 nmethod 1991 0x000001e3f8c1c690 code [0x000001e3f8c1c820, 0x000001e3f8c1cb28]
Event: 10.283 Thread 0x000001e385a96690 1992       3       java.nio.IntBuffer::position (8 bytes)
Event: 10.283 Thread 0x000001e385a96690 nmethod 1992 0x000001e3f1380510 code [0x000001e3f13806a0, 0x000001e3f13807e8]
Event: 10.361 Thread 0x000001e385a96690 1993       3       java.util.HashMap$KeySet::iterator (12 bytes)
Event: 10.361 Thread 0x000001e385a96690 nmethod 1993 0x000001e3f1380890 code [0x000001e3f1380a40, 0x000001e3f1380cc8]
Event: 11.384 Thread 0x000001e385a96690 1994       1       com.jogamp.newt.event.NEWTEvent::getEventType (5 bytes)
Event: 11.384 Thread 0x000001e385a96690 nmethod 1994 0x000001e3f8c1cf10 code [0x000001e3f8c1d0a0, 0x000001e3f8c1d178]
Event: 11.396 Thread 0x000001e385a96690 1995       3       java.util.EventObject::<init> (24 bytes)
Event: 11.396 Thread 0x000001e385a96690 nmethod 1995 0x000001e3f1380e10 code [0x000001e3f1380fc0, 0x000001e3f13812a8]
Event: 11.458 Thread 0x000001e385a96690 1996       1       com.jogamp.newt.event.InputEvent::getModifiers (5 bytes)
Event: 11.459 Thread 0x000001e385a96690 nmethod 1996 0x000001e3f8c1d210 code [0x000001e3f8c1d3a0, 0x000001e3f8c1d478]
Event: 11.735 Thread 0x000001e385a96690 1998       3       com.jogamp.common.util.Bitfield$Util::bitCount (49 bytes)
Event: 11.735 Thread 0x000001e385a96690 nmethod 1998 0x000001e3f1381410 code [0x000001e3f13815a0, 0x000001e3f13816d8]
Event: 12.413 Thread 0x000001e385a96690 1999       3       jdk.internal.misc.Unsafe::getAndAddLong (27 bytes)
Event: 12.413 Thread 0x000001e385a96690 nmethod 1999 0x000001e3f1381790 code [0x000001e3f1381940, 0x000001e3f1381b88]
Event: 12.413 Thread 0x000001e385a96690 2000       3       jdk.internal.misc.Unsafe::weakCompareAndSetLong (11 bytes)
Event: 12.413 Thread 0x000001e385a96690 nmethod 2000 0x000001e3f1381c90 code [0x000001e3f1381e20, 0x000001e3f1381f58]

GC Heap History (20 events):
Event: 8.558 GC heap before
{Heap before GC invocations=39 (full 0):
 garbage-first heap   total 323584K, used 275103K [0x00000000c0000000, 0x0000000100000000)
  region size 1024K, 180 young (184320K), 4 survivors (4096K)
 Metaspace       used 13859K, committed 14080K, reserved 1114112K
  class space    used 1039K, committed 1152K, reserved 1048576K
}
Event: 8.562 GC heap after
{Heap after GC invocations=40 (full 0):
 garbage-first heap   total 323584K, used 96360K [0x00000000c0000000, 0x0000000100000000)
  region size 1024K, 5 young (5120K), 5 survivors (5120K)
 Metaspace       used 13859K, committed 14080K, reserved 1114112K
  class space    used 1039K, committed 1152K, reserved 1048576K
}
Event: 8.772 GC heap before
{Heap before GC invocations=40 (full 0):
 garbage-first heap   total 323584K, used 274536K [0x00000000c0000000, 0x0000000100000000)
  region size 1024K, 179 young (183296K), 5 survivors (5120K)
 Metaspace       used 13859K, committed 14080K, reserved 1114112K
  class space    used 1039K, committed 1152K, reserved 1048576K
}
Event: 8.774 GC heap after
{Heap after GC invocations=41 (full 0):
 garbage-first heap   total 323584K, used 94795K [0x00000000c0000000, 0x0000000100000000)
  region size 1024K, 4 young (4096K), 4 survivors (4096K)
 Metaspace       used 13859K, committed 14080K, reserved 1114112K
  class space    used 1039K, committed 1152K, reserved 1048576K
}
Event: 8.945 GC heap before
{Heap before GC invocations=41 (full 0):
 garbage-first heap   total 323584K, used 275019K [0x00000000c0000000, 0x0000000100000000)
  region size 1024K, 180 young (184320K), 4 survivors (4096K)
 Metaspace       used 13859K, committed 14080K, reserved 1114112K
  class space    used 1039K, committed 1152K, reserved 1048576K
}
Event: 8.948 GC heap after
{Heap after GC invocations=42 (full 0):
 garbage-first heap   total 323584K, used 95317K [0x00000000c0000000, 0x0000000100000000)
  region size 1024K, 4 young (4096K), 4 survivors (4096K)
 Metaspace       used 13859K, committed 14080K, reserved 1114112K
  class space    used 1039K, committed 1152K, reserved 1048576K
}
Event: 9.163 GC heap before
{Heap before GC invocations=42 (full 0):
 garbage-first heap   total 323584K, used 275541K [0x00000000c0000000, 0x0000000100000000)
  region size 1024K, 180 young (184320K), 4 survivors (4096K)
 Metaspace       used 13860K, committed 14080K, reserved 1114112K
  class space    used 1039K, committed 1152K, reserved 1048576K
}
Event: 9.166 GC heap after
{Heap after GC invocations=43 (full 0):
 garbage-first heap   total 323584K, used 94429K [0x00000000c0000000, 0x0000000100000000)
  region size 1024K, 3 young (3072K), 3 survivors (3072K)
 Metaspace       used 13860K, committed 14080K, reserved 1114112K
  class space    used 1039K, committed 1152K, reserved 1048576K
}
Event: 9.332 GC heap before
{Heap before GC invocations=43 (full 0):
 garbage-first heap   total 323584K, used 275677K [0x00000000c0000000, 0x0000000100000000)
  region size 1024K, 180 young (184320K), 3 survivors (3072K)
 Metaspace       used 13865K, committed 14080K, reserved 1114112K
  class space    used 1039K, committed 1152K, reserved 1048576K
}
Event: 9.336 GC heap after
{Heap after GC invocations=44 (full 0):
 garbage-first heap   total 323584K, used 95784K [0x00000000c0000000, 0x0000000100000000)
  region size 1024K, 5 young (5120K), 5 survivors (5120K)
 Metaspace       used 13865K, committed 14080K, reserved 1114112K
  class space    used 1039K, committed 1152K, reserved 1048576K
}
Event: 9.544 GC heap before
{Heap before GC invocations=44 (full 0):
 garbage-first heap   total 323584K, used 274984K [0x00000000c0000000, 0x0000000100000000)
  region size 1024K, 180 young (184320K), 5 survivors (5120K)
 Metaspace       used 13866K, committed 14080K, reserved 1114112K
  class space    used 1039K, committed 1152K, reserved 1048576K
}
Event: 9.545 GC heap after
{Heap after GC invocations=45 (full 0):
 garbage-first heap   total 323584K, used 94392K [0x00000000c0000000, 0x0000000100000000)
  region size 1024K, 3 young (3072K), 3 survivors (3072K)
 Metaspace       used 13866K, committed 14080K, reserved 1114112K
  class space    used 1039K, committed 1152K, reserved 1048576K
}
Event: 9.720 GC heap before
{Heap before GC invocations=45 (full 0):
 garbage-first heap   total 323584K, used 276664K [0x00000000c0000000, 0x0000000100000000)
  region size 1024K, 181 young (185344K), 3 survivors (3072K)
 Metaspace       used 13875K, committed 14080K, reserved 1114112K
  class space    used 1039K, committed 1152K, reserved 1048576K
}
Event: 9.722 GC heap after
{Heap after GC invocations=46 (full 0):
 garbage-first heap   total 323584K, used 94221K [0x00000000c0000000, 0x0000000100000000)
  region size 1024K, 3 young (3072K), 3 survivors (3072K)
 Metaspace       used 13875K, committed 14080K, reserved 1114112K
  class space    used 1039K, committed 1152K, reserved 1048576K
}
Event: 9.935 GC heap before
{Heap before GC invocations=46 (full 0):
 garbage-first heap   total 323584K, used 276493K [0x00000000c0000000, 0x0000000100000000)
  region size 1024K, 181 young (185344K), 3 survivors (3072K)
 Metaspace       used 13900K, committed 14080K, reserved 1114112K
  class space    used 1039K, committed 1152K, reserved 1048576K
}
Event: 9.937 GC heap after
{Heap after GC invocations=47 (full 0):
 garbage-first heap   total 323584K, used 94487K [0x00000000c0000000, 0x0000000100000000)
  region size 1024K, 3 young (3072K), 3 survivors (3072K)
 Metaspace       used 13900K, committed 14080K, reserved 1114112K
  class space    used 1039K, committed 1152K, reserved 1048576K
}
Event: 10.104 GC heap before
{Heap before GC invocations=47 (full 0):
 garbage-first heap   total 323584K, used 277783K [0x00000000c0000000, 0x0000000100000000)
  region size 1024K, 182 young (186368K), 3 survivors (3072K)
 Metaspace       used 13900K, committed 14080K, reserved 1114112K
  class space    used 1039K, committed 1152K, reserved 1048576K
}
Event: 10.107 GC heap after
{Heap after GC invocations=48 (full 0):
 garbage-first heap   total 323584K, used 94692K [0x00000000c0000000, 0x0000000100000000)
  region size 1024K, 3 young (3072K), 3 survivors (3072K)
 Metaspace       used 13900K, committed 14080K, reserved 1114112K
  class space    used 1039K, committed 1152K, reserved 1048576K
}
Event: 10.324 GC heap before
{Heap before GC invocations=48 (full 0):
 garbage-first heap   total 323584K, used 277988K [0x00000000c0000000, 0x0000000100000000)
  region size 1024K, 182 young (186368K), 3 survivors (3072K)
 Metaspace       used 13900K, committed 14080K, reserved 1114112K
  class space    used 1039K, committed 1152K, reserved 1048576K
}
Event: 10.326 GC heap after
{Heap after GC invocations=49 (full 0):
 garbage-first heap   total 323584K, used 94764K [0x00000000c0000000, 0x0000000100000000)
  region size 1024K, 4 young (4096K), 4 survivors (4096K)
 Metaspace       used 13900K, committed 14080K, reserved 1114112K
  class space    used 1039K, committed 1152K, reserved 1048576K
}

Dll operation events (15 events):
Event: 0.007 Loaded shared library C:\Program Files\Processing\app\resources\jdk-17.0.14+7\bin\java.dll
Event: 0.021 Loaded shared library C:\Program Files\Processing\app\resources\jdk-17.0.14+7\bin\jsvml.dll
Event: 0.078 Loaded shared library C:\Program Files\Processing\app\resources\jdk-17.0.14+7\bin\net.dll
Event: 0.079 Loaded shared library C:\Program Files\Processing\app\resources\jdk-17.0.14+7\bin\nio.dll
Event: 0.082 Loaded shared library C:\Program Files\Processing\app\resources\jdk-17.0.14+7\bin\zip.dll
Event: 0.139 Loaded shared library C:\Program Files\Processing\app\resources\jdk-17.0.14+7\bin\jimage.dll
Event: 0.143 Loaded shared library C:\Program Files\Processing\app\resources\jdk-17.0.14+7\bin\awt.dll
Event: 0.579 Loaded shared library C:\Users\danil\AppData\Local\Temp\jogamp_0000\file_cache\jln16606468784243484397\jln12595586506430931592\natives\windows-amd64\gluegen_rt.dll
Event: 0.587 Loaded shared library C:\Program Files\Processing\app\resources\jdk-17.0.14+7\bin\jawt.dll
Event: 0.602 Loaded shared library C:\Users\danil\AppData\Local\Temp\jogamp_0000\file_cache\jln16606468784243484397\jln12595586506430931592\natives\windows-amd64\nativewindow_awt.dll
Event: 0.646 Loaded shared library C:\Users\danil\AppData\Local\Temp\jogamp_0000\file_cache\jln16606468784243484397\jln12595586506430931592\natives\windows-amd64\nativewindow_win32.dll
Event: 0.764 Loaded shared library C:\Users\danil\AppData\Local\Temp\jogamp_0000\file_cache\jln16606468784243484397\jln12595586506430931592\natives\windows-amd64\jogl_desktop.dll
Event: 1.014 Loaded shared library C:\Users\danil\AppData\Local\Temp\jogamp_0000\file_cache\jln16606468784243484397\jln12595586506430931592\natives\windows-amd64\jogl_mobile.dll
Event: 1.947 Loaded shared library C:\Users\danil\AppData\Local\Temp\jogamp_0000\file_cache\jln16606468784243484397\jln12595586506430931592\natives\windows-amd64\newt_head.dll
Event: 2.125 Loaded shared library C:\Program Files\Processing\app\resources\jdk-17.0.14+7\bin\jsound.dll

Deoptimization events (20 events):
Event: 6.038 Thread 0x000001e3da9f0b60 DEOPT PACKING pc=0x000001e3f8b9c880 sp=0x000000943f6ff2b0
Event: 6.038 Thread 0x000001e3da9f0b60 DEOPT UNPACKING pc=0x000001e3f858a1a3 sp=0x000000943f6ff190 mode 2
Event: 10.365 Thread 0x000001e3cd3484f0 DEOPT PACKING pc=0x000001e3f8bf72b4 sp=0x0000009440aff730
Event: 10.365 Thread 0x000001e3cd3484f0 DEOPT UNPACKING pc=0x000001e3f858ace3 sp=0x0000009440afeb40 mode 1
Event: 12.365 Thread 0x000001e3cd347ad0 Uncommon trap: trap_request=0xffffff45 fr.pc=0x000001e3f8c097e8 relative=0x0000000000000068
Event: 12.365 Thread 0x000001e3cd347ad0 Uncommon trap: reason=unstable_if action=reinterpret pc=0x000001e3f8c097e8 method=java.util.ArrayList.clear()V @ 29 c2
Event: 12.365 Thread 0x000001e3cd347ad0 DEOPT PACKING pc=0x000001e3f8c097e8 sp=0x00000094405fe590
Event: 12.365 Thread 0x000001e3cd347ad0 DEOPT UNPACKING pc=0x000001e3f858a1a3 sp=0x00000094405fe510 mode 2
Event: 12.391 Thread 0x000001e3cbbf26f0 Uncommon trap: trap_request=0xffffff45 fr.pc=0x000001e3f8b7e3e8 relative=0x00000000000001e8
Event: 12.391 Thread 0x000001e3cbbf26f0 Uncommon trap: reason=unstable_if action=reinterpret pc=0x000001e3f8b7e3e8 method=java.util.HashMap$HashIterator.<init>(Ljava/util/HashMap;)V @ 38 c2
Event: 12.391 Thread 0x000001e3cbbf26f0 DEOPT PACKING pc=0x000001e3f8b7e3e8 sp=0x000000943f7ff2e0
Event: 12.391 Thread 0x000001e3cbbf26f0 DEOPT UNPACKING pc=0x000001e3f858a1a3 sp=0x000000943f7ff288 mode 2
Event: 12.407 Thread 0x000001e3cbbf26f0 Uncommon trap: trap_request=0xffffff45 fr.pc=0x000001e3f8c1aef0 relative=0x00000000000000f0
Event: 12.407 Thread 0x000001e3cbbf26f0 Uncommon trap: reason=unstable_if action=reinterpret pc=0x000001e3f8c1aef0 method=com.jogamp.common.util.IntIntHashMap.put(II)I @ 21 c2
Event: 12.407 Thread 0x000001e3cbbf26f0 DEOPT PACKING pc=0x000001e3f8c1aef0 sp=0x000000943f7ff060
Event: 12.407 Thread 0x000001e3cbbf26f0 DEOPT UNPACKING pc=0x000001e3f858a1a3 sp=0x000000943f7fefc8 mode 2
Event: 12.409 Thread 0x000001e3cbbf26f0 Uncommon trap: trap_request=0xffffff45 fr.pc=0x000001e3f8b7ea80 relative=0x00000000000000e0
Event: 12.409 Thread 0x000001e3cbbf26f0 Uncommon trap: reason=unstable_if action=reinterpret pc=0x000001e3f8b7ea80 method=java.lang.ThreadLocal$ThreadLocalMap.getEntry(Ljava/lang/ThreadLocal;)Ljava/lang/ThreadLocal$ThreadLocalMap$Entry; @ 21 c2
Event: 12.409 Thread 0x000001e3cbbf26f0 DEOPT PACKING pc=0x000001e3f8b7ea80 sp=0x000000943f7ff3a0
Event: 12.409 Thread 0x000001e3cbbf26f0 DEOPT UNPACKING pc=0x000001e3f858a1a3 sp=0x000000943f7ff340 mode 2

Classes loaded (20 events):
Event: 2.475 Loading class java/util/LinkedHashMap$LinkedValueIterator
Event: 2.475 Loading class java/util/LinkedHashMap$LinkedValueIterator done
Event: 2.513 Loading class java/util/ArrayList$ListItr
Event: 2.513 Loading class java/util/ArrayList$ListItr done
Event: 2.719 Loading class sun/nio/cs/StreamDecoder
Event: 2.719 Loading class sun/nio/cs/StreamDecoder done
Event: 2.720 Loading class java/util/regex/Pattern$LookBehindEndNode
Event: 2.720 Loading class java/util/regex/Pattern$LookBehindEndNode done
Event: 2.720 Loading class java/util/regex/Pattern$NotBehind
Event: 2.720 Loading class java/util/regex/Pattern$NotBehind done
Event: 2.720 Loading class java/util/regex/Pattern$Neg
Event: 2.720 Loading class java/util/regex/Pattern$Neg done
Event: 2.720 Loading class java/util/regex/Pattern$Pos
Event: 2.720 Loading class java/util/regex/Pattern$Pos done
Event: 2.730 Loading class java/util/regex/Pattern$SliceS
Event: 2.730 Loading class java/util/regex/Pattern$SliceS done
Event: 10.364 Loading class java/util/concurrent/ConcurrentLinkedQueue$Itr
Event: 10.364 Loading class java/util/concurrent/ConcurrentLinkedQueue$Itr done
Event: 12.367 Loading class java/nio/channels/ClosedChannelException
Event: 12.367 Loading class java/nio/channels/ClosedChannelException done

Classes unloaded (0 events):
No events

Classes redefined (0 events):
No events

Internal exceptions (20 events):
Event: 0.155 Thread 0x000001e3e7c9ae60 Exception <a 'java/io/FileNotFoundException'{0x00000000c3b6c888}> (0x00000000c3b6c888) 
thrown [s\src\hotspot\share\prims\jni.cpp, line 516]
Event: 0.162 Thread 0x000001e3e7c9ae60 Exception <a 'java/io/FileNotFoundException'{0x00000000c3b99cd0}> (0x00000000c3b99cd0) 
thrown [s\src\hotspot\share\prims\jni.cpp, line 516]
Event: 0.210 Thread 0x000001e3e7c9ae60 Exception <a 'java/lang/NoSuchMethodError'{0x00000000c3a7b2f0}: 'java.lang.Object java.lang.invoke.DirectMethodHandle$Holder.invokeStaticInit(java.lang.Object)'> (0x00000000c3a7b2f0) 
thrown [s\src\hotspot\share\interpreter\linkResolver.cpp, line 759]
Event: 0.326 Thread 0x000001e3e7c9ae60 Exception <a 'java/lang/NoSuchMethodError'{0x00000000c3659c50}: 'java.lang.Object java.lang.invoke.DirectMethodHandle$Holder.invokeStaticInit(java.lang.Object, int, int, int, int)'> (0x00000000c3659c50) 
thrown [s\src\hotspot\share\interpreter\linkResolver.cpp, line 759]
Event: 0.376 Thread 0x000001e3e7c9ae60 Exception <a 'java/lang/NoSuchMethodError'{0x00000000c35432c0}: 'java.lang.Object java.lang.invoke.DirectMethodHandle$Holder.invokeStaticInit(java.lang.Object, java.lang.Object, int, int, int, int)'> (0x00000000c35432c0) 
thrown [s\src\hotspot\share\interpreter\linkResolver.cpp, line 759]
Event: 0.432 Thread 0x000001e3e7c9ae60 Exception <a 'java/lang/NoSuchMethodError'{0x00000000c354eb00}: 'void java.lang.invoke.DirectMethodHandle$Holder.invokeStatic(java.lang.Object, long)'> (0x00000000c354eb00) 
thrown [s\src\hotspot\share\interpreter\linkResolver.cpp, line 759]
Event: 0.433 Thread 0x000001e3e7c9ae60 Exception <a 'java/lang/NoSuchMethodError'{0x00000000c35540e0}: 'java.lang.Object java.lang.invoke.DirectMethodHandle$Holder.newInvokeSpecial(java.lang.Object, long)'> (0x00000000c35540e0) 
thrown [s\src\hotspot\share\interpreter\linkResolver.cpp, line 759]
Event: 0.435 Thread 0x000001e3e7c9ae60 Exception <a 'java/lang/NoSuchMethodError'{0x00000000c355e8f8}: 'java.lang.Object java.lang.invoke.DirectMethodHandle$Holder.invokeStaticInit(java.lang.Object, java.lang.Object, long, java.lang.Object)'> (0x00000000c355e8f8) 
thrown [s\src\hotspot\share\interpreter\linkResolver.cpp, line 759]
Event: 0.436 Thread 0x000001e3e7c9ae60 Exception <a 'java/lang/NoSuchMethodError'{0x00000000c3564eb8}: 'java.lang.Object java.lang.invoke.DirectMethodHandle$Holder.newInvokeSpecial(java.lang.Object, java.lang.Object, long)'> (0x00000000c3564eb8) 
thrown [s\src\hotspot\share\interpreter\linkResolver.cpp, line 759]
Event: 0.437 Thread 0x000001e3e7c9ae60 Exception <a 'java/lang/NoSuchMethodError'{0x00000000c3568a28}: 'java.lang.Object java.lang.invoke.Invokers$Holder.linkToTargetMethod(java.lang.Object, long, java.lang.Object)'> (0x00000000c3568a28) 
thrown [s\src\hotspot\share\interpreter\linkResolver.cpp, line 759]
Event: 0.616 Thread 0x000001e3e7c9ae60 Exception <a 'java/lang/NoSuchMethodError'{0x00000000c3475368}: 'java.lang.Object java.lang.invoke.DirectMethodHandle$Holder.invokeInterface(java.lang.Object, java.lang.Object)'> (0x00000000c3475368) 
thrown [s\src\hotspot\share\interpreter\linkResolver.cpp, line 759]
Event: 0.616 Thread 0x000001e3e7c9ae60 Exception <a 'java/lang/IncompatibleClassChangeError'{0x00000000c3478c88}: Found class java.lang.Object, but interface was expected> (0x00000000c3478c88) 
thrown [s\src\hotspot\share\interpreter\linkResolver.cpp, line 826]
Event: 2.044 Thread 0x000001e3e7c9ae60 Exception <a 'java/lang/NoSuchMethodError'{0x00000000c34f2818}: 'void java.lang.invoke.DirectMethodHandle$Holder.invokeSpecial(java.lang.Object, java.lang.Object, java.lang.Object, java.lang.Object, java.lang.Object)'> (0x00000000c34f2818) 
thrown [s\src\hotspot\share\interpreter\linkResolver.cpp, line 759]
Event: 2.045 Thread 0x000001e3e7c9ae60 Exception <a 'java/lang/NoSuchMethodError'{0x00000000c34fb7d8}: 'void java.lang.invoke.DirectMethodHandle$Holder.invokeSpecial(java.lang.Object, java.lang.Object, java.lang.Object)'> (0x00000000c34fb7d8) 
thrown [s\src\hotspot\share\interpreter\linkResolver.cpp, line 759]
Event: 2.046 Thread 0x000001e3e7c9ae60 Exception <a 'java/lang/NoSuchMethodError'{0x00000000c3301d50}: 'void java.lang.invoke.DirectMethodHandle$Holder.invokeSpecial(java.lang.Object, java.lang.Object, int)'> (0x00000000c3301d50) 
thrown [s\src\hotspot\share\interpreter\linkResolver.cpp, line 759]
Event: 2.047 Thread 0x000001e3e7c9ae60 Exception <a 'java/lang/NoSuchMethodError'{0x00000000c3307d68}: 'java.lang.Object java.lang.invoke.DirectMethodHandle$Holder.newInvokeSpecial(java.lang.Object, java.lang.Object, int)'> (0x00000000c3307d68) 
thrown [s\src\hotspot\share\interpreter\linkResolver.cpp, line 759]
Event: 10.364 Thread 0x000001e3cd216710 Exception <a 'java/lang/InterruptedException'{0x00000000cfd00000}> (0x00000000cfd00000) 
thrown [s\src\hotspot\share\runtime\objectMonitor.cpp, line 1658]
Event: 10.365 Thread 0x000001e3cd3484f0 Exception <a 'java/lang/InterruptedException'{0x00000000cfe953a8}> (0x00000000cfe953a8) 
thrown [s\src\hotspot\share\runtime\objectMonitor.cpp, line 1658]
Event: 12.407 Thread 0x000001e3cbbf26f0 Implicit null exception at 0x000001e3f8c1ae44 to 0x000001e3f8c1aecc
Event: 12.409 Thread 0x000001e3cbbf26f0 Implicit null exception at 0x000001e3f8b7e9ec to 0x000001e3f8b7ea68

VM Operations (20 events):
Event: 8.563 Executing VM operation: G1CollectForAllocation done
Event: 8.772 Executing VM operation: G1CollectForAllocation
Event: 8.774 Executing VM operation: G1CollectForAllocation done
Event: 8.944 Executing VM operation: G1CollectForAllocation
Event: 8.948 Executing VM operation: G1CollectForAllocation done
Event: 9.163 Executing VM operation: G1CollectForAllocation
Event: 9.166 Executing VM operation: G1CollectForAllocation done
Event: 9.332 Executing VM operation: G1CollectForAllocation
Event: 9.336 Executing VM operation: G1CollectForAllocation done
Event: 9.544 Executing VM operation: G1CollectForAllocation
Event: 9.545 Executing VM operation: G1CollectForAllocation done
Event: 9.720 Executing VM operation: G1CollectForAllocation
Event: 9.723 Executing VM operation: G1CollectForAllocation done
Event: 9.935 Executing VM operation: G1CollectForAllocation
Event: 9.937 Executing VM operation: G1CollectForAllocation done
Event: 10.104 Executing VM operation: G1CollectForAllocation
Event: 10.107 Executing VM operation: G1CollectForAllocation done
Event: 10.324 Executing VM operation: G1CollectForAllocation
Event: 10.326 Executing VM operation: G1CollectForAllocation done
Event: 12.469 Executing VM operation: Exit

Memory protections (0 events):
No events

Nmethod flushes (0 events):
No events

Events (20 events):
Event: 2.415 Thread 0x000001e3cd347ad0 Thread added: 0x000001e3da9f1fa0
Event: 3.147 Thread 0x000001e3cd320be0 Thread exited: 0x000001e3cd320be0
Event: 3.266 Thread 0x000001e3cd221f60 Thread exited: 0x000001e3cd221f60
Event: 5.028 Thread 0x000001e3cb457810 Thread added: 0x000001e3da9f0b60
Event: 6.038 Thread 0x000001e3da9f0b60 Thread exited: 0x000001e3da9f0b60
Event: 10.364 Thread 0x000001e3cd216710 Thread exited: 0x000001e3cd216710
Event: 12.365 Thread 0x000001e3cd347ad0 Thread added: 0x000001e3da9f0b60
Event: 12.365 Thread 0x000001e3cd347ad0 Thread added: 0x000001e3da9f2ed0
Event: 12.365 Thread 0x000001e3cd347ad0 Thread added: 0x000001e3da9f1a90
Event: 12.365 Thread 0x000001e3cd347ad0 Thread added: 0x000001e3da9f1070
Event: 12.366 Thread 0x000001e3da9f0b60 Thread exited: 0x000001e3da9f0b60
Event: 12.366 Thread 0x000001e3cb457810 Thread added: 0x000001e3da9f29c0
Event: 12.367 Thread 0x000001e3da9f1a90 Thread exited: 0x000001e3da9f1a90
Event: 12.368 Thread 0x000001e3cd04e450 Thread exited: 0x000001e3cd04e450
Event: 12.370 Thread 0x000001e3cb457810 Thread exited: 0x000001e3cb457810
Event: 12.409 Thread 0x000001e3cbbf26f0 Thread exited: 0x000001e3cbbf26f0
Event: 12.414 Thread 0x000001e3da9f1070 Thread exited: 0x000001e3da9f1070
Event: 12.468 Thread 0x000001e3da9f2ed0 Thread exited: 0x000001e3da9f2ed0
Event: 12.468 Thread 0x000001e3cd347ad0 Before exit entered
Event: 12.469 Thread 0x000001e385a82070 Thread exited: 0x000001e385a82070


Dynamic libraries:
0x00007ff705240000 - 0x00007ff70524e000 	C:\Program Files\Processing\app\resources\jdk-17.0.14+7\bin\java.exe
0x00007ffe8d7a0000 - 0x00007ffe8da07000 	C:\WINDOWS\SYSTEM32\ntdll.dll
0x00007ffe8bad0000 - 0x00007ffe8bb99000 	C:\WINDOWS\System32\KERNEL32.DLL
0x00007ffe8afe0000 - 0x00007ffe8b3d7000 	C:\WINDOWS\System32\KERNELBASE.dll
0x00007ffe8ac60000 - 0x00007ffe8adab000 	C:\WINDOWS\System32\ucrtbase.dll
0x00007ffe879c0000 - 0x00007ffe879d7000 	C:\Program Files\Processing\app\resources\jdk-17.0.14+7\bin\jli.dll
0x00007ffe878f0000 - 0x00007ffe8790e000 	C:\Program Files\Processing\app\resources\jdk-17.0.14+7\bin\VCRUNTIME140.dll
0x00007ffe8b720000 - 0x00007ffe8b8e6000 	C:\WINDOWS\System32\USER32.dll
0x00007ffe73250000 - 0x00007ffe734e2000 	C:\WINDOWS\WinSxS\amd64_microsoft.windows.common-controls_6595b64144ccf1df_6.0.26100.8457_none_3e0b2faee331e92d\COMCTL32.dll
0x00007ffe8a290000 - 0x00007ffe8a2b7000 	C:\WINDOWS\System32\win32u.dll
0x00007ffe8b960000 - 0x00007ffe8ba09000 	C:\WINDOWS\System32\msvcrt.dll
0x00007ffe8d080000 - 0x00007ffe8d0ab000 	C:\WINDOWS\System32\GDI32.dll
0x00007ffe8a2c0000 - 0x00007ffe8a3ec000 	C:\WINDOWS\System32\gdi32full.dll
0x00007ffe8b470000 - 0x00007ffe8b513000 	C:\WINDOWS\System32\msvcp_win.dll
0x00007ffe8d720000 - 0x00007ffe8d752000 	C:\WINDOWS\System32\IMM32.DLL
0x00007ffe85b30000 - 0x00007ffe85b3c000 	C:\Program Files\Processing\app\resources\jdk-17.0.14+7\bin\vcruntime140_1.dll
0x00007ffe5e010000 - 0x00007ffe5e09d000 	C:\Program Files\Processing\app\resources\jdk-17.0.14+7\bin\msvcp140.dll
0x00007ffdf50b0000 - 0x00007ffdf5d1b000 	C:\Program Files\Processing\app\resources\jdk-17.0.14+7\bin\server\jvm.dll
0x00007ffe8ba10000 - 0x00007ffe8bac6000 	C:\WINDOWS\System32\ADVAPI32.dll
0x00007ffe8d0f0000 - 0x00007ffe8d197000 	C:\WINDOWS\System32\sechost.dll
0x00007ffe8b520000 - 0x00007ffe8b638000 	C:\WINDOWS\System32\RPCRT4.dll
0x00007ffe8b640000 - 0x00007ffe8b6c0000 	C:\WINDOWS\System32\WS2_32.dll
0x00007ffe8a030000 - 0x00007ffe8a08e000 	C:\WINDOWS\SYSTEM32\POWRPROF.dll
0x00007ffe810b0000 - 0x00007ffe810bb000 	C:\WINDOWS\SYSTEM32\VERSION.dll
0x00007ffe73640000 - 0x00007ffe73676000 	C:\WINDOWS\SYSTEM32\WINMM.dll
0x00007ffe8a010000 - 0x00007ffe8a024000 	C:\WINDOWS\SYSTEM32\UMPDC.dll
0x00007ffe88f60000 - 0x00007ffe88f7b000 	C:\WINDOWS\SYSTEM32\kernel.appcore.dll
0x00007ffe85b20000 - 0x00007ffe85b2a000 	C:\Program Files\Processing\app\resources\jdk-17.0.14+7\bin\jimage.dll
0x00007ffe74060000 - 0x00007ffe742a2000 	C:\WINDOWS\SYSTEM32\DBGHELP.DLL
0x00007ffe8d390000 - 0x00007ffe8d713000 	C:\WINDOWS\System32\combase.dll
0x00007ffe8c8d0000 - 0x00007ffe8c9a9000 	C:\WINDOWS\System32\OLEAUT32.dll
0x00007ffe7b860000 - 0x00007ffe7b89b000 	C:\WINDOWS\SYSTEM32\dbgcore.DLL
0x00007ffe8adb0000 - 0x00007ffe8ae58000 	C:\WINDOWS\System32\bcryptPrimitives.dll
0x00007ffe85ae0000 - 0x00007ffe85b1b000 	C:\Program Files\Processing\app\resources\jdk-17.0.14+7\bin\jdwp.dll
0x00007ffe7c0a0000 - 0x00007ffe7c0c5000 	C:\Program Files\Processing\app\resources\jdk-17.0.14+7\bin\java.dll
0x00007ffe5df30000 - 0x00007ffe5e007000 	C:\Program Files\Processing\app\resources\jdk-17.0.14+7\bin\jsvml.dll
0x00007ffe8bca0000 - 0x00007ffe8c40e000 	C:\WINDOWS\System32\SHELL32.dll
0x00007ffe8a3f0000 - 0x00007ffe8ac5c000 	C:\WINDOWS\System32\windows.storage.dll
0x00007ffe8bba0000 - 0x00007ffe8bc96000 	C:\WINDOWS\System32\SHCORE.dll
0x00007ffe8b8f0000 - 0x00007ffe8b956000 	C:\WINDOWS\System32\shlwapi.dll
0x00007ffe8a0f0000 - 0x00007ffe8a119000 	C:\WINDOWS\SYSTEM32\profapi.dll
0x00007ffe85ad0000 - 0x00007ffe85adc000 	C:\Program Files\Processing\app\resources\jdk-17.0.14+7\bin\dt_socket.dll
0x00007ffe889a0000 - 0x00007ffe889d2000 	C:\WINDOWS\SYSTEM32\IPHLPAPI.DLL
0x00007ffe894d0000 - 0x00007ffe8953c000 	C:\WINDOWS\system32\mswsock.dll
0x00007ffe85a90000 - 0x00007ffe85aa9000 	C:\Program Files\Processing\app\resources\jdk-17.0.14+7\bin\net.dll
0x00007ffe843f0000 - 0x00007ffe84519000 	C:\WINDOWS\SYSTEM32\WINHTTP.dll
0x00007ffe85860000 - 0x00007ffe85876000 	C:\Program Files\Processing\app\resources\jdk-17.0.14+7\bin\nio.dll
0x00007ffe80870000 - 0x00007ffe80888000 	C:\Program Files\Processing\app\resources\jdk-17.0.14+7\bin\zip.dll
0x00007ffe5b4f0000 - 0x00007ffe5b680000 	C:\Program Files\Processing\app\resources\jdk-17.0.14+7\bin\awt.dll
0x00007ffe87a00000 - 0x00007ffe87aa0000 	C:\WINDOWS\SYSTEM32\apphelp.dll
0x00007ffe87d80000 - 0x00007ffe87e2a000 	C:\WINDOWS\system32\uxtheme.dll
0x00007ffe8d1a0000 - 0x00007ffe8d2fc000 	C:\WINDOWS\System32\MSCTF.dll
0x00007ffe8c430000 - 0x00007ffe8c5c7000 	C:\WINDOWS\System32\ole32.dll
0x00007ffe87f20000 - 0x00007ffe87f4f000 	C:\WINDOWS\system32\DWMAPI.DLL
0x00007ffe40100000 - 0x00007ffe4020f000 	C:\WINDOWS\system32\opengl32.dll
0x00007ffe429d0000 - 0x00007ffe429fd000 	C:\WINDOWS\SYSTEM32\GLU32.dll
0x00007ffe87eb0000 - 0x00007ffe87ef5000 	C:\WINDOWS\SYSTEM32\dxcore.dll
0x00007ffe897b0000 - 0x00007ffe897cb000 	C:\WINDOWS\SYSTEM32\CRYPTSP.dll
0x00007ffe88ec0000 - 0x00007ffe88ef9000 	C:\WINDOWS\system32\rsaenh.dll
0x00007ffe89580000 - 0x00007ffe895b3000 	C:\WINDOWS\SYSTEM32\USERENV.dll
0x00007ffe8a0c0000 - 0x00007ffe8a0ea000 	C:\WINDOWS\SYSTEM32\bcrypt.dll
0x00007ffe897d0000 - 0x00007ffe897dc000 	C:\WINDOWS\SYSTEM32\CRYPTBASE.dll
0x00007ffe8c8c0000 - 0x00007ffe8c8ca000 	C:\WINDOWS\System32\NSI.dll
0x00007ffe84550000 - 0x00007ffe8456d000 	C:\WINDOWS\SYSTEM32\dhcpcsvc6.DLL
0x00007ffe84520000 - 0x00007ffe84545000 	C:\WINDOWS\SYSTEM32\dhcpcsvc.DLL
0x00007ffe88a40000 - 0x00007ffe88b72000 	C:\WINDOWS\SYSTEM32\DNSAPI.dll
0x00007ffe7cf50000 - 0x00007ffe7cf63000 	C:\Users\danil\AppData\Local\Temp\jogamp_0000\file_cache\jln16606468784243484397\jln12595586506430931592\natives\windows-amd64\gluegen_rt.dll
0x00007ffe7c090000 - 0x00007ffe7c097000 	C:\Program Files\Processing\app\resources\jdk-17.0.14+7\bin\jawt.dll
0x00007ffe7bf70000 - 0x00007ffe7bf7d000 	C:\Users\danil\AppData\Local\Temp\jogamp_0000\file_cache\jln16606468784243484397\jln12595586506430931592\natives\windows-amd64\nativewindow_awt.dll
0x00007ffe7bf50000 - 0x00007ffe7bf65000 	C:\Users\danil\AppData\Local\Temp\jogamp_0000\file_cache\jln16606468784243484397\jln12595586506430931592\natives\windows-amd64\nativewindow_win32.dll
0x00007ffe5aff0000 - 0x00007ffe5b073000 	C:\Users\danil\AppData\Local\Temp\jogamp_0000\file_cache\jln16606468784243484397\jln12595586506430931592\natives\windows-amd64\jogl_desktop.dll
0x00007ffe7a300000 - 0x00007ffe7a352000 	C:\Users\danil\AppData\Local\Temp\jogamp_0000\file_cache\jln16606468784243484397\jln12595586506430931592\natives\windows-amd64\jogl_mobile.dll
0x00007ffe841f0000 - 0x00007ffe84251000 	C:\WINDOWS\SYSTEM32\directxdatabasehelper.dll
0x00007ffe7b700000 - 0x00007ffe7b71d000 	C:\WINDOWS\SYSTEM32\windows.staterepositorycore.dll
0x00007ffdf33d0000 - 0x00007ffdf43a3000 	C:\WINDOWS\System32\DriverStore\FileRepository\iigd_dch.inf_amd64_225f37aa3862fc3f\igxelpicd64.dll
0x00007ffe87bd0000 - 0x00007ffe87d0e000 	C:\WINDOWS\system32\dxgi.dll
0x00007ffe4c1a0000 - 0x00007ffe4c627000 	C:\WINDOWS\System32\DriverStore\FileRepository\iigd_dch.inf_amd64_225f37aa3862fc3f\igdml64.dll
0x00007ffe89d40000 - 0x00007ffe89d91000 	C:\WINDOWS\SYSTEM32\cfgmgr32.dll
0x00007ffe80b00000 - 0x00007ffe80ec1000 	C:\WINDOWS\System32\DriverStore\FileRepository\iigd_dch.inf_amd64_225f37aa3862fc3f\igdgmm64.dll
0x00007ffe7d5d0000 - 0x00007ffe807d6000 	C:\WINDOWS\System32\DriverStore\FileRepository\iigd_dch.inf_amd64_225f37aa3862fc3f\igc64.dll
0x00007ffe7bf30000 - 0x00007ffe7bf49000 	C:\Users\danil\AppData\Local\Temp\jogamp_0000\file_cache\jln16606468784243484397\jln12595586506430931592\natives\windows-amd64\newt_head.dll
0x00007ffe5e8e0000 - 0x00007ffe5e99f000 	C:\WINDOWS\SYSTEM32\mscms.dll
0x00007ffe1cd10000 - 0x00007ffe1cd59000 	C:\WINDOWS\SYSTEM32\icm32.dll
0x00007ffe8cbf0000 - 0x00007ffe8d077000 	C:\WINDOWS\System32\setupapi.dll
0x00007ffe89d10000 - 0x00007ffe89d3d000 	C:\WINDOWS\SYSTEM32\DEVOBJ.dll
0x00007ffe8b3e0000 - 0x00007ffe8b462000 	C:\WINDOWS\System32\WINTRUST.dll
0x00007ffe8ae60000 - 0x00007ffe8afd8000 	C:\WINDOWS\System32\CRYPT32.dll
0x00007ffe898e0000 - 0x00007ffe898f3000 	C:\WINDOWS\SYSTEM32\MSASN1.dll
0x00007ffe580f0000 - 0x00007ffe58236000 	C:\WINDOWS\SYSTEM32\textinputframework.dll
0x00007ffe87560000 - 0x00007ffe87687000 	C:\WINDOWS\SYSTEM32\CoreMessaging.dll
0x00007ffe83270000 - 0x00007ffe83552000 	C:\WINDOWS\SYSTEM32\CoreUIComponents.dll
0x00007ffe84e00000 - 0x00007ffe84f6a000 	C:\WINDOWS\SYSTEM32\wintypes.dll
0x00007ffe7b7e0000 - 0x00007ffe7b7f2000 	C:\Program Files\Processing\app\resources\jdk-17.0.14+7\bin\jsound.dll
0x00007ffe597a0000 - 0x00007ffe59834000 	C:\WINDOWS\SYSTEM32\DSOUND.dll
0x00007ffe6c190000 - 0x00007ffe6c1c7000 	C:\WINDOWS\SYSTEM32\winmmbase.dll
0x00007ffe30d90000 - 0x00007ffe30e41000 	C:\WINDOWS\SYSTEM32\ResampleDmo.DLL
0x00007ffdcaae0000 - 0x00007ffdcaaee000 	C:\WINDOWS\SYSTEM32\msdmo.dll
0x00007ffe8c9b0000 - 0x00007ffe8ca5e000 	C:\WINDOWS\System32\clbcatq.dll
0x00007ffe80f70000 - 0x00007ffe81009000 	C:\WINDOWS\System32\MMDevApi.dll
0x00007ffe6b5b0000 - 0x00007ffe6b5f7000 	C:\WINDOWS\SYSTEM32\wdmaud.drv
0x00007ffe79240000 - 0x00007ffe79263000 	C:\WINDOWS\SYSTEM32\wdmaud2.drv
0x00007ffe83820000 - 0x00007ffe8382b000 	C:\WINDOWS\SYSTEM32\AVRT.dll
0x00007ffe68030000 - 0x00007ffe681e3000 	C:\WINDOWS\SYSTEM32\AUDIOSES.DLL
0x00007ffe7b7c0000 - 0x00007ffe7b7cf000 	C:\WINDOWS\SYSTEM32\msacm32.drv
0x00007ffe6c160000 - 0x00007ffe6c181000 	C:\WINDOWS\SYSTEM32\MSACM32.dll
0x00007ffe7be20000 - 0x00007ffe7be2c000 	C:\WINDOWS\SYSTEM32\midimap.dll
0x00007ffe882a0000 - 0x00007ffe882b4000 	C:\WINDOWS\SYSTEM32\resourcepolicyclient.dll
0x00007ffe582b0000 - 0x00007ffe5840a000 	C:\Windows\System32\Windows.UI.dll

dbghelp: loaded successfully - version: 4.0.5 - missing functions: none
symbol engine: initialized successfully - sym options: 0x614 - pdb path: .;C:\Program Files\Processing\app\resources\jdk-17.0.14+7\bin;C:\WINDOWS\SYSTEM32;C:\WINDOWS\WinSxS\amd64_microsoft.windows.common-controls_6595b64144ccf1df_6.0.26100.8457_none_3e0b2faee331e92d;C:\Program Files\Processing\app\resources\jdk-17.0.14+7\bin\server;C:\Users\danil\AppData\Local\Temp\jogamp_0000\file_cache\jln16606468784243484397\jln12595586506430931592\natives\windows-amd64;C:\WINDOWS\System32\DriverStore\FileRepository\iigd_dch.inf_amd64_225f37aa3862fc3f

VM Arguments:
jvm_args: -agentlib:jdwp=transport=dt_socket,address=8433,server=y,suspend=y,quiet=y -Xms64m -Xmx1024m -Djna.nosys=true -Djava.library.path=;C:\Program Files\Processing\app\resources\core\library;C:\Users\danil\OneDrive\Документы\Processing\libraries\sound\library\windows-amd64;C:\Program Files\Processing;C:\WINDOWS\system32;C:\WINDOWS;C:\Program Files\PlasticSCM5\server;C:\Program Files\PlasticSCM5\client;C:\Program Files\Common Files\Oracle\Java\javapath;C:\Program Files (x86)\Common Files\Oracle\Java\javapath;C:\Windows\System32\HWAudioDriverLibs;C:\Windows\system32;C:\Windows;C:\Windows\System32\Wbem;C:\Windows\System32\WindowsPowerShell\v1.0;C:\Windows\System32\OpenSSH;C:\Program Files\Microsoft SQL Server\150\Tools\Binn;C:\Program Files\Microsoft SQL Server\Client SDK\ODBC\170\Tools\Binn;C:\Program Files\dotnet;D:\Windows Kits\10\Windows Performance Toolkit;C:\Program Files\Java\jdk-23\bin;C:\WINDOWS\system32;C:\WINDOWS;C:\WINDOWS\System32\Wbem;C:\WINDOWS\System32\WindowsPowerShell\v1.0;C:\WINDOWS\System32\OpenSSH;C:\Program Files\nodejs;C:\Program Files\Docker\Docker\resources\bin;C:\Program Files\TortoiseGit\bin;C:\Program Files\Git\cmd;C:\Users\danil\AppData\Local\Programs\Python\Python312\Scripts;C:\Users\danil\AppData\Local\Programs\Python\Python312;C:\Users\danil\AppData\Local\Microsoft\WindowsApps;C:\Users\danil\AppData\Local\Programs\Microsoft VS Code\bin;C:\Users\danil\AppData\Roaming\npm;D:\DataBase\18\bin;C:\Program Files\Processing\app;. -ea 
java_command: processing.core.PApplet --editor-location=-7,-7 --external --display=1 --sketch-path=C:\Users\danil\Desktop\Gravity_simul Gravity_simul
java_class_path (initial): C:\Users\danil\AppData\Local\Temp\processing\Gravity_simul2125320242468459986temp;C:\Program Files\Processing\app\resources\core\library\annotations-13.0.jar;C:\Program Files\Processing\app\resources\core\library\antlr-2.7.7.jar;C:\Program Files\Processing\app\resources\core\library\core-4.4.1.jar;C:\Program Files\Processing\app\resources\core\library\gluegen-rt-2.5.0-natives-android-aarch64.jar;C:\Program Files\Processing\app\resources\core\library\gluegen-rt-2.5.0-natives-linux-aarch64.jar;C:\Program Files\Processing\app\resources\core\library\gluegen-rt-2.5.0-natives-linux-amd64.jar;C:\Program Files\Processing\app\resources\core\library\gluegen-rt-2.5.0-natives-linux-armv6hf.jar;C:\Program Files\Processing\app\resources\core\library\gluegen-rt-2.5.0-natives-macosx-universal.jar;C:\Program Files\Processing\app\resources\core\library\gluegen-rt-2.5.0-natives-windows-amd64.jar;C:\Program Files\Processing\app\resources\core\library\gluegen-rt-2.5.0.jar;C:\Program Files\Processing\app\resources\core\library\gluegen-rt-main-2.5.0.jar;C:\Program Files\Processing\app\resources\core\library\jogl-all-2.5.0-natives-android-aarch64.jar;C:\Program Files\Processing\app\resources\core\library\jogl-all-2.5.0-natives-linux-aarch64.jar;C:\Program Files\Processing\app\resources\core\library\jogl-all-2.5.0-natives-linux-amd64.jar;C:\Program Files\Processing\app\resources\core\library\jogl-all-2.5.0-natives-linux-armv6hf.jar;C:\Program Files\Processing\app\resources\core\library\jogl-all-2.5.0-natives-macosx-universal.jar;C:\Program Files\Processing\app\resources\core\library\jogl-all-2.5.0-natives-windows-amd64.jar;C:\Program Files\Processing\app\resources\core\library\jogl-all-2.5.0.jar;C:\Program Files\Processing\app\resources\core\library\jogl-all-main-2.5.0.jar;C:\Program Files\Processing\app\resources\core\library\kotlin-stdlib-2.0.20.jar;C:\Users\danil\OneDrive\Документы\Processing\libraries\sound\library\jlayer-1.0.1.4.jar;C:\Users\danil\OneDrive\
Launcher Type: SUN_STANDARD

[Global flags]
     intx CICompilerCount                          = 4                                         {product} {ergonomic}
     uint ConcGCThreads                            = 2                                         {product} {ergonomic}
     uint G1ConcRefinementThreads                  = 8                                         {product} {ergonomic}
   size_t G1HeapRegionSize                         = 1048576                                   {product} {ergonomic}
    uintx GCDrainStackTargetSize                   = 64                                        {product} {ergonomic}
   size_t InitialHeapSize                          = 67108864                                  {product} {command line}
   size_t MarkStackSize                            = 4194304                                   {product} {ergonomic}
   size_t MaxHeapSize                              = 1073741824                                {product} {command line}
   size_t MaxNewSize                               = 643825664                                 {product} {ergonomic}
   size_t MinHeapDeltaBytes                        = 1048576                                   {product} {ergonomic}
   size_t MinHeapSize                              = 67108864                                  {product} {command line}
    uintx NonNMethodCodeHeapSize                   = 5839372                                {pd product} {ergonomic}
    uintx NonProfiledCodeHeapSize                  = 122909434                              {pd product} {ergonomic}
    uintx ProfiledCodeHeapSize                     = 122909434                              {pd product} {ergonomic}
    uintx ReservedCodeCacheSize                    = 251658240                              {pd product} {ergonomic}
     bool SegmentedCodeCache                       = true                                      {product} {ergonomic}
   size_t SoftMaxHeapSize                          = 1073741824                             {manageable} {ergonomic}
     bool UseCompressedClassPointers               = true                           {product lp64_product} {ergonomic}
     bool UseCompressedOops                        = true                           {product lp64_product} {ergonomic}
     bool UseG1GC                                  = true                                      {product} {ergonomic}
     bool UseLargePagesIndividualAllocation        = false                                  {pd product} {ergonomic}

Logging:
Log output configuration:
 #0: stdout all=off uptime,level,tags
 #1: stderr all=off uptime,level,tags

Environment Variables:
JAVA_HOME=C:\Program Files\Java\jdk-23
PATH=C:\Program Files\PlasticSCM5\server;C:\Program Files\PlasticSCM5\client;C:\Program Files\Common Files\Oracle\Java\javapath;C:\Program Files (x86)\Common Files\Oracle\Java\javapath;C:\Windows\System32\HWAudioDriverLibs;C:\Windows\system32;C:\Windows;C:\Windows\System32\Wbem;C:\Windows\System32\WindowsPowerShell\v1.0\;C:\Windows\System32\OpenSSH\;C:\Users\Administrator\AppData\Local\Microsoft\WindowsApps;C:\Program Files\Microsoft SQL Server\150\Tools\Binn\;C:\Program Files\Microsoft SQL Server\Client SDK\ODBC\170\Tools\Binn\;C:\Program Files\dotnet\;D:\Windows Kits\10\Windows Performance Toolkit\;C:\Program Files\Java\jdk-23\bin;C:\WINDOWS\system32;C:\WINDOWS;C:\WINDOWS\System32\Wbem;C:\WINDOWS\System32\WindowsPowerShell\v1.0\;C:\WINDOWS\System32\OpenSSH\;C:\Program Files\nodejs\;C:\Program Files\Docker\Docker\resources\bin;C:\Program Files\TortoiseGit\bin;C:\Program Files\Git\cmd;C:\Users\danil\AppData\Local\Programs\Python\Python312\Scripts\;C:\Users\danil\AppData\Local\Programs\Python\Python312\;C:\Users\danil\AppData\Local\Microsoft\WindowsApps;C:\Users\danil\.dotnet\tools;C:\Users\danil\AppData\Local\Programs\Microsoft VS Code\bin;C:\Users\danil\AppData\Roaming\npm;D:\DataBase\18\bin;C:\Program Files\Processing\app
USERNAME=danil
OS=Windows_NT
PROCESSOR_IDENTIFIER=Intel64 Family 6 Model 140 Stepping 2, GenuineIntel
TMP=C:\Users\danil\AppData\Local\Temp
TEMP=C:\Users\danil\AppData\Local\Temp



Periodic native trim disabled


---------------  S Y S T E M  ---------------

OS:
 Windows 11 , 64 bit Build 26100 (10.0.26100.8328)
OS uptime: 0 days 1:31 hours
Hyper-V role detected

CPU: total 8 (initial active 8) (4 cores per cpu, 2 threads per core) family 6 model 140 stepping 2 microcode 0x16, cx8, cmov, fxsr, ht, mmx, 3dnowpref, sse, sse2, sse3, ssse3, sse4.1, sse4.2, popcnt, lzcnt, tsc, tscinvbit, avx, avx2, aes, erms, clmul, bmi1, bmi2, adx, avx512f, avx512dq, avx512cd, avx512bw, avx512vl, sha, fma, vzeroupper, avx512_vpopcntdq, avx512_vpclmulqdq, avx512_vaes, avx512_vnni, clflush, clflushopt, clwb, avx512_vbmi2, avx512_vbmi, hv
Processor Information for processor 0
  Max Mhz: 2496, Current Mhz: 2496, Mhz Limit: 2496
Processor Information for processor 1
  Max Mhz: 2496, Current Mhz: 998, Mhz Limit: 2496
Processor Information for processor 2
  Max Mhz: 2496, Current Mhz: 2496, Mhz Limit: 2496
Processor Information for processor 3
  Max Mhz: 2496, Current Mhz: 2496, Mhz Limit: 2496
Processor Information for processor 4
  Max Mhz: 2496, Current Mhz: 2496, Mhz Limit: 2496
Processor Information for processor 5
  Max Mhz: 2496, Current Mhz: 998, Mhz Limit: 2496
Processor Information for processor 6
  Max Mhz: 2496, Current Mhz: 998, Mhz Limit: 2496
Processor Information for processor 7
  Max Mhz: 2496, Current Mhz: 998, Mhz Limit: 2496

Memory: 4k page, system-wide physical 7975M (1393M free)
TotalPageFile size 17703M (AvailPageFile size 8207M)
current process WorkingSet (physical memory assigned to process): 711M, peak: 740M
current process commit charge ("private bytes"): 694M, peak: 729M

vm_info: OpenJDK 64-Bit Server VM (17.0.14+7) for windows-amd64 JRE (17.0.14+7), built on Jan 21 2025 23:40:15 by "admin" with MS VC++ 17.7 (VS2022)

END.
