#
# A fatal error has been detected by the Java Runtime Environment:
#
#  EXCEPTION_ACCESS_VIOLATION (0xc0000005) at pc=0x00007ffdf360b386, pid=17880, tid=12024
#
# JRE version: OpenJDK Runtime Environment Temurin-17.0.14+7 (17.0.14+7) (build 17.0.14+7)
# Java VM: OpenJDK 64-Bit Server VM Temurin-17.0.14+7 (17.0.14+7, mixed mode, sharing, tiered, compressed oops, compressed class ptrs, g1 gc, windows-amd64)
# Problematic frame:
# C  [igxelpicd64.dll+0x23b386]
#
# No core dump will be written. Minidumps are not enabled by default on client versions of Windows
#
# If you would like to submit a bug report, please visit:
#   https://github.com/adoptium/adoptium-support/issues
#

---------------  S U M M A R Y ------------

Command Line: -agentlib:jdwp=transport=dt_socket,address=8437,server=y,suspend=y,quiet=y -Xms64m -Xmx1024m -Djna.nosys=true -Djava.library.path=;C:\Program Files\Processing\app\resources\core\library;C:\Program Files\Processing;C:\WINDOWS\system32;C:\WINDOWS;C:\Program Files\PlasticSCM5\server;C:\Program Files\PlasticSCM5\client;C:\Program Files\Common Files\Oracle\Java\javapath;C:\Program Files (x86)\Common Files\Oracle\Java\javapath;C:\Windows\System32\HWAudioDriverLibs;C:\Windows\system32;C:\Windows;C:\Windows\System32\Wbem;C:\Windows\System32\WindowsPowerShell\v1.0;C:\Windows\System32\OpenSSH;C:\Program Files\Microsoft SQL Server\150\Tools\Binn;C:\Program Files\Microsoft SQL Server\Client SDK\ODBC\170\Tools\Binn;C:\Program Files\dotnet;D:\Windows Kits\10\Windows Performance Toolkit;C:\Program Files\Java\jdk-23\bin;C:\WINDOWS\system32;C:\WINDOWS;C:\WINDOWS\System32\Wbem;C:\WINDOWS\System32\WindowsPowerShell\v1.0;C:\WINDOWS\System32\OpenSSH;C:\Program Files\nodejs;C:\Program Files\Docker\Docker\resources\bin;C:\Program Files\TortoiseGit\bin;C:\Program Files\Git\cmd;C:\Users\danil\AppData\Local\Programs\Python\Python312\Scripts;C:\Users\danil\AppData\Local\Programs\Python\Python312;C:\Users\danil\AppData\Local\Microsoft\WindowsApps;C:\Users\danil\AppData\Local\Programs\Microsoft VS Code\bin;C:\Users\danil\AppData\Roaming\npm;D:\DataBase\18\bin;C:\Program Files\Processing\app;. -ea processing.core.PApplet --editor-location=-7,-7 --external --display=1 --sketch-path=C:\Users\danil\Desktop\Gravity_simul Gravity_simul

Host: 11th Gen Intel(R) Core(TM) i5-1155G7 @ 2.50GHz, 8 cores, 7G,  Windows 11 , 64 bit Build 26100 (10.0.26100.8328)
Time: Sun Jun 28 13:55:25 2026 RTZ 3 (s 11 , 64 bit Build 26100 (10.0.26100.8328) elapsed time: 12.059836 seconds (0d 0h 0m 12s)

---------------  T H R E A D  ---------------

Current thread (0x0000024c27b02200):  VMThread "VM Thread" [stack: 0x000000b89a900000,0x000000b89aa00000] [id=12024]

Stack: [0x000000b89a900000,0x000000b89aa00000],  sp=0x000000b89a9fdf00,  free space=1015k
Native frames: (J=compiled Java code, j=interpreted, Vv=VM code, C=native code)
C  [igxelpicd64.dll+0x23b386]


siginfo: EXCEPTION_ACCESS_VIOLATION (0xc0000005), reading address 0x0000000000035468


Registers:
RAX=0x0000024c6f6026b0, RBX=0x0000024c6da42880, RCX=0x0000000000000004, RDX=0x0000000000000000
RSP=0x000000b89a9fdf00, RBP=0x0000000000000000, RSI=0x0000024c6f6024b0, RDI=0x0000024c6d173e50
R8 =0x0000024c6f6025b0, R9 =0x000000b899f33000, R10=0x0000000000000000, R11=0x0000000000000246
R12=0x0000024c6f6024b0, R13=0x0000000000000000, R14=0x0000024c6f6029f8, R15=0x0000024c6f5fdef0
RIP=0x00007ffdf360b386, EFLAGS=0x0000000000010202


Register to memory mapping:

RIP=0x00007ffdf360b386 igxelpicd64.dll
RAX=0x0000024c6f6026b0 points into unknown readable memory: 0x0000000000014576 | 76 45 01 00 00 00 00 00
RBX=0x0000024c6da42880 points into unknown readable memory: 0xffffffffffffffff | ff ff ff ff ff ff ff ff
RCX=0x0000000000000004 is an unknown value
RDX=0x0 is NULL
RSP=0x000000b89a9fdf00 points into unknown readable memory: 0x0000024c6da42880 | 80 28 a4 6d 4c 02 00 00
RBP=0x0 is NULL
RSI=0x0000024c6f6024b0 points into unknown readable memory: 0x0000024c6db93a50 | 50 3a b9 6d 4c 02 00 00
RDI=0x0000024c6d173e50 points into unknown readable memory: 0x676e616c2f617600 | 00 76 61 2f 6c 61 6e 67
R8 =0x0000024c6f6025b0 points into unknown readable memory: 0x0000000000000000 | 00 00 00 00 00 00 00 00
R9 =0x000000b899f33000 points into unknown readable memory: 0x0000000000000000 | 00 00 00 00 00 00 00 00
R10=0x0 is NULL
R11=0x0000000000000246 is an unknown value
R12=0x0000024c6f6024b0 points into unknown readable memory: 0x0000024c6db93a50 | 50 3a b9 6d 4c 02 00 00
R13=0x0 is NULL
R14=0x0000024c6f6029f8 points into unknown readable memory: 0x0000024c6f5fdef0 | f0 de 5f 6f 4c 02 00 00
R15=0x0000024c6f5fdef0 points into unknown readable memory: 0x0000024c6db93a50 | 50 3a b9 6d 4c 02 00 00


Top of Stack: (sp=0x000000b89a9fdf00)
0x000000b89a9fdf00:   0000024c6da42880 00007ffdf3440ab4
0x000000b89a9fdf10:   0000000000000000 0000024c6f497f20
0x000000b89a9fdf20:   0000001600000000 0000000000000000
0x000000b89a9fdf30:   0000024c00000000 0000024c6f494100
0x000000b89a9fdf40:   0000024c6da42880 0000024c6f457b80
0x000000b89a9fdf50:   0000024c71b60504 0000024c71a65000
0x000000b89a9fdf60:   039807c400f39900 0000024c6f498520
0x000000b89a9fdf70:   00d75dc7038eebc6 00007000196fe000
0x000000b89a9fdf80:   02c41aca033fe8c9 039f35ca00b723ca
0x000000b89a9fdf90:   027527cb00000000 024d47cb033837cb
0x000000b89a9fdfa0:   005649cc0385f7cb 039807cd037086cc
0x000000b89a9fdfb0:   0283bacd036711cd 01ba0ad00165f3cf
0x000000b89a9fdfc0:   039189d0036f30d0 01e4f6d0036ac6d0
0x000000b89a9fdfd0:   0000000000000000 0000000000000000
0x000000b89a9fdfe0:   039f300000000000 00007ffe8d905b54
0x000000b89a9fdff0:   0000000000000000 0000000000000000
0x000000b89a9fe000:   000000b89a9fe1a0 00007ffe8b771259
0x000000b89a9fe010:   000000b89a9fe098 0000000000000000
0x000000b89a9fe020:   0000000000000054 0000000000000000
0x000000b89a9fe030:   0000000000000000 00007ffe8d905cc4
0x000000b89a9fe040:   000000007a000004 0378b6dc02f463dc
0x000000b89a9fe050:   0000623ad48b9c6b 001040007a000004
0x000000b89a9fe060:   0000024c6f48c7b8 00000000000149d6
0x000000b89a9fe070:   0000000000000000 0000000000000016
0x000000b89a9fe080:   0000000000000000 0000000000000000
0x000000b89a9fe090:   000000b89a9fe1a0 00007ffdf36382ae
0x000000b89a9fe0a0:   0000024c6d173e50 0000000000000000
0x000000b89a9fe0b0:   0000024c6d173e50 000010027a000004
0x000000b89a9fe0c0:   000000b8000009e8 00007404006b0000
0x000000b89a9fe0d0:   0000000000000000 02a354ea037b45ea
0x000000b89a9fe0e0:   0000000000000000 000010027a000004
0x000000b89a9fe0f0:   027a29ec035699eb 0000000000000000 

Instructions: (pc=0x00007ffdf360b386)
0x00007ffdf360b286:   00 90 4c 8b bf 80 02 00 00 48 8b 05 9a 85 bd 00
0x00007ffdf360b296:   8b 80 c8 0a 00 00 89 44 24 24 c6 44 24 20 00 48
0x00007ffdf360b2a6:   c7 87 80 02 00 00 00 00 00 00 c7 87 88 02 00 00
0x00007ffdf360b2b6:   00 00 00 00 48 c7 87 a0 02 00 00 00 00 00 00 48
0x00007ffdf360b2c6:   c7 87 90 02 00 00 00 00 00 00 48 85 ed 75 3d 8b
0x00007ffdf360b2d6:   35 0d 77 cd 00 65 48 8b 04 25 58 00 00 00 b9 14
0x00007ffdf360b2e6:   00 00 00 48 8b 04 f0 40 38 2c 01 0f 84 c9 e7 75
0x00007ffdf360b2f6:   00 65 48 8b 04 25 58 00 00 00 bd 20 00 00 00 48
0x00007ffdf360b306:   8b 04 f0 48 8b 2c 28 48 89 6c 24 28 48 3b 2d 07
0x00007ffdf360b316:   9b cd 00 0f 84 9b 10 00 00 4d 85 ff 0f 84 3a 01
0x00007ffdf360b326:   00 00 0f 1f 84 00 00 00 00 00 49 8b f7 4d 8b e7
0x00007ffdf360b336:   4d 8d b7 48 05 00 00 4d 8b 3e 45 84 ed 0f 85 d9
0x00007ffdf360b346:   0e 00 00 8b 8f d0 01 00 00 48 8b 05 da 84 bd 00
0x00007ffdf360b356:   83 b8 64 03 00 00 02 75 34 4d 8d 84 24 00 01 00
0x00007ffdf360b366:   00 83 f9 10 0f 83 3a 01 00 00 8b c1 48 c1 e0 06
0x00007ffdf360b376:   49 03 c0 48 85 c0 0f 84 9b 01 00 00 48 8b 50 08
0x00007ffdf360b386:   48 3b 95 68 54 03 00 0f 87 b6 0e 00 00 48 83 be
0x00007ffdf360b396:   c0 05 00 00 00 0f 85 50 e7 75 00 44 8b 8f d0 01
0x00007ffdf360b3a6:   00 00 48 8b 87 e8 01 00 00 4c 8b 00 8b 8f d0 01
0x00007ffdf360b3b6:   00 00 48 8d 9e 00 01 00 00 83 f9 10 0f 83 1e 01
0x00007ffdf360b3c6:   00 00 8b c1 48 c1 e0 06 48 03 c3 48 85 c0 0f 84
0x00007ffdf360b3d6:   4a 01 00 00 4c 39 40 08 0f 86 40 01 00 00 48 8b
0x00007ffdf360b3e6:   87 80 02 00 00 49 89 06 48 89 b7 80 02 00 00 ff
0x00007ffdf360b3f6:   87 88 02 00 00 48 8b 4e 08 48 8b 01 ba 01 00 00
0x00007ffdf360b406:   00 48 8b 80 e0 02 00 00 ff 15 f4 c1 88 00 0f b7
0x00007ffdf360b416:   c8 48 2b c1 48 05 00 00 01 00 48 01 87 90 02 00
0x00007ffdf360b426:   00 48 8b 4e 08 48 8b 01 ba 01 00 00 00 48 8b 80
0x00007ffdf360b436:   e0 02 00 00 ff 15 c8 c1 88 00 48 01 87 a0 02 00
0x00007ffdf360b446:   00 0f b6 54 24 20 4d 85 ff 0f 85 db fe ff ff 84
0x00007ffdf360b456:   d2 0f 85 37 0f 00 00 48 8b 5c 24 40 48 8b cf 80
0x00007ffdf360b466:   7c 24 22 00 0f 85 40 0f 00 00 e8 3b f9 ff ff 90
0x00007ffdf360b476:   48 8b cb ff 15 99 bc 88 00 48 8b 8c 24 50 01 00 


Stack slot to memory mapping:
stack at sp + 0 slots: 0x0000024c6da42880 points into unknown readable memory: 0xffffffffffffffff | ff ff ff ff ff ff ff ff
stack at sp + 1 slots: 0x00007ffdf3440ab4 igxelpicd64.dll
stack at sp + 2 slots: 0x0 is NULL
stack at sp + 3 slots: 0x0000024c6f497f20 points into unknown readable memory: 0x0000000000000f6e | 6e 0f 00 00 00 00 00 00
stack at sp + 4 slots: 0x0000001600000000 is an unknown value
stack at sp + 5 slots: 0x0 is NULL
stack at sp + 6 slots: 0x0000024c00000000 points into unknown readable memory: 0x0000000000000000 | 00 00 00 00 00 00 00 00
stack at sp + 7 slots: 0x0000024c6f494100 points into unknown readable memory: 0x0000024c6f494110 | 10 41 49 6f 4c 02 00 00

VM_Operation (0x000000b89cbfe970): Exit, mode: safepoint, requested by thread 0x0000024c6f08f9e0


---------------  P R O C E S S  ---------------

Threads class SMR info:
_java_thread_list=0x0000024c004308e0, length=37, elements={
0x0000024c27b061e0, 0x0000024c27b09bd0, 0x0000024c27b23460, 0x0000024c27b23d30,
0x0000024c27b26db0, 0x0000024c27b2c170, 0x0000024c27b2d2d0, 0x0000024c27b2dbe0,
0x0000024c6d0f4790, 0x0000024c6d1078c0, 0x0000024c6d111810, 0x0000024c6d1453b0,
0x0000024c6d48e840, 0x0000024c6eebf1e0, 0x0000024c6f08f9e0, 0x0000024c6f2675d0,
0x0000024c6f2670c0, 0x0000024c6f266bb0, 0x0000024c6f267ae0, 0x0000024c6f2666a0,
0x0000024c6f267ff0, 0x0000024c6f752320, 0x0000024c6f7513f0, 0x0000024c6f753250,
0x0000024c6f753760, 0x0000024c6f74ffb0, 0x0000024c6f753c70, 0x0000024c6f751900,
0x0000024c6f7504c0, 0x0000024c6f751e10, 0x0000024c6f752830, 0x0000024c6f752d40,
0x0000024c6f754180, 0x0000024c6f7509d0, 0x0000024c6f754690, 0x0000024c6f750ee0,
0x0000024c6f757420
}

Java Threads: ( => current thread )
  0x0000024c27b061e0 JavaThread "Reference Handler" daemon [_thread_blocked, id=17492, stack(0x000000b89aa00000,0x000000b89ab00000)]
  0x0000024c27b09bd0 JavaThread "Finalizer" daemon [_thread_blocked, id=1356, stack(0x000000b89ab00000,0x000000b89ac00000)]
  0x0000024c27b23460 JavaThread "Attach Listener" daemon [_thread_blocked, id=3020, stack(0x000000b89ad00000,0x000000b89ae00000)]
  0x0000024c27b23d30 JavaThread "Service Thread" daemon [_thread_blocked, id=5620, stack(0x000000b89ae00000,0x000000b89af00000)]
  0x0000024c27b26db0 JavaThread "Monitor Deflation Thread" daemon [_thread_blocked, id=10460, stack(0x000000b89af00000,0x000000b89b000000)]
  0x0000024c27b2c170 JavaThread "C2 CompilerThread0" daemon [_thread_blocked, id=10404, stack(0x000000b89b000000,0x000000b89b100000)]
  0x0000024c27b2d2d0 JavaThread "C1 CompilerThread0" daemon [_thread_blocked, id=10388, stack(0x000000b89b100000,0x000000b89b200000)]
  0x0000024c27b2dbe0 JavaThread "Sweeper thread" daemon [_thread_blocked, id=12760, stack(0x000000b89b200000,0x000000b89b300000)]
  0x0000024c6d0f4790 JavaThread "JDWP Transport Listener: dt_socket" daemon [_thread_blocked, id=5804, stack(0x000000b89b300000,0x000000b89b400000)]
  0x0000024c6d1078c0 JavaThread "JDWP Event Helper Thread" daemon [_thread_blocked, id=7564, stack(0x000000b89b400000,0x000000b89b500000)]
  0x0000024c6d111810 JavaThread "Notification Thread" daemon [_thread_blocked, id=2992, stack(0x000000b89b600000,0x000000b89b700000)]
  0x0000024c6d1453b0 JavaThread "Common-Cleaner" daemon [_thread_blocked, id=12792, stack(0x000000b89b800000,0x000000b89b900000)]
  0x0000024c6d48e840 JavaThread "Java2D Disposer" daemon [_thread_blocked, id=4308, stack(0x000000b89b900000,0x000000b89ba00000)]
  0x0000024c6eebf1e0 JavaThread "HighResTimerThread" daemon [_thread_blocked, id=18636, stack(0x000000b89c900000,0x000000b89ca00000)]
  0x0000024c6f08f9e0 JavaThread "main-FPSAWTAnimator#00-Timer0" [_thread_blocked, id=14232, stack(0x000000b89cb00000,0x000000b89cc00000)]
  0x0000024c6f2675d0 JavaThread "DestroyJavaVM" [_thread_blocked, id=15108, stack(0x000000b89a300000,0x000000b89a400000)]
  0x0000024c6f2670c0 JavaThread "pool-1-thread-1" [_thread_blocked, id=348, stack(0x000000b89cd00000,0x000000b89ce00000)]
  0x0000024c6f266bb0 JavaThread "pool-1-thread-2" [_thread_blocked, id=9008, stack(0x000000b89ce00000,0x000000b89cf00000)]
  0x0000024c6f267ae0 JavaThread "pool-1-thread-3" [_thread_blocked, id=19416, stack(0x000000b89cf00000,0x000000b89d000000)]
  0x0000024c6f2666a0 JavaThread "pool-1-thread-4" [_thread_blocked, id=19124, stack(0x000000b89d000000,0x000000b89d100000)]
  0x0000024c6f267ff0 JavaThread "pool-1-thread-5" [_thread_blocked, id=1804, stack(0x000000b89d100000,0x000000b89d200000)]
  0x0000024c6f752320 JavaThread "pool-1-thread-6" [_thread_blocked, id=19188, stack(0x000000b89d200000,0x000000b89d300000)]
  0x0000024c6f7513f0 JavaThread "pool-1-thread-7" [_thread_blocked, id=6972, stack(0x000000b89d300000,0x000000b89d400000)]
  0x0000024c6f753250 JavaThread "pool-1-thread-8" [_thread_blocked, id=14156, stack(0x000000b89d400000,0x000000b89d500000)]
  0x0000024c6f753760 JavaThread "pool-1-thread-9" [_thread_blocked, id=8164, stack(0x000000b89d500000,0x000000b89d600000)]
  0x0000024c6f74ffb0 JavaThread "pool-1-thread-10" [_thread_blocked, id=7268, stack(0x000000b89d600000,0x000000b89d700000)]
  0x0000024c6f753c70 JavaThread "pool-1-thread-11" [_thread_blocked, id=16764, stack(0x000000b89d700000,0x000000b89d800000)]
  0x0000024c6f751900 JavaThread "pool-1-thread-12" [_thread_blocked, id=7300, stack(0x000000b89d800000,0x000000b89d900000)]
  0x0000024c6f7504c0 JavaThread "pool-1-thread-13" [_thread_blocked, id=772, stack(0x000000b89d900000,0x000000b89da00000)]
  0x0000024c6f751e10 JavaThread "pool-1-thread-14" [_thread_blocked, id=16392, stack(0x000000b89da00000,0x000000b89db00000)]
  0x0000024c6f752830 JavaThread "pool-1-thread-15" [_thread_blocked, id=2876, stack(0x000000b89db00000,0x000000b89dc00000)]
  0x0000024c6f752d40 JavaThread "pool-1-thread-16" [_thread_blocked, id=11044, stack(0x000000b89dc00000,0x000000b89dd00000)]
  0x0000024c6f754180 JavaThread "pool-1-thread-17" [_thread_blocked, id=17628, stack(0x000000b89dd00000,0x000000b89de00000)]
  0x0000024c6f7509d0 JavaThread "pool-1-thread-18" [_thread_blocked, id=4896, stack(0x000000b89de00000,0x000000b89df00000)]
  0x0000024c6f754690 JavaThread "pool-1-thread-19" [_thread_blocked, id=19280, stack(0x000000b89df00000,0x000000b89e000000)]
  0x0000024c6f750ee0 JavaThread "pool-1-thread-20" [_thread_blocked, id=9952, stack(0x000000b89e000000,0x000000b89e100000)]
  0x0000024c6f757420 JavaThread "AWT-Shutdown" [_thread_blocked, id=15968, stack(0x000000b89bc00000,0x000000b89bd00000)]

Other Threads:
=>0x0000024c27b02200 VMThread "VM Thread" [stack: 0x000000b89a900000,0x000000b89aa00000] [id=12024]
  0x0000024c0bcebc60 GCTaskThread "GC Thread#0" [stack: 0x000000b89a400000,0x000000b89a500000] [id=17232]
  0x0000024c6eb2f030 GCTaskThread "GC Thread#1" [stack: 0x000000b89c100000,0x000000b89c200000] [id=2964]
  0x0000024c6eb2f2f0 GCTaskThread "GC Thread#2" [stack: 0x000000b89c200000,0x000000b89c300000] [id=3076]
  0x0000024c6eb2f5b0 GCTaskThread "GC Thread#3" [stack: 0x000000b89c300000,0x000000b89c400000] [id=5816]
  0x0000024c6eb2f870 GCTaskThread "GC Thread#4" [stack: 0x000000b89c400000,0x000000b89c500000] [id=11276]
  0x0000024c6eb30b40 GCTaskThread "GC Thread#5" [stack: 0x000000b89c500000,0x000000b89c600000] [id=15652]
  0x0000024c6eb62450 GCTaskThread "GC Thread#6" [stack: 0x000000b89c600000,0x000000b89c700000] [id=14060]
  0x0000024c6eb66720 GCTaskThread "GC Thread#7" [stack: 0x000000b89c700000,0x000000b89c800000] [id=17680]
  0x0000024c0bcf67a0 ConcurrentGCThread "G1 Main Marker" terminated
  0x0000024c0bcf7f80 ConcurrentGCThread "G1 Conc#0" [stack: 0x000000b89a600000,0x000000b89a700000] [id=9144]
  0x0000024c00b6bcb0 ConcurrentGCThread "G1 Conc#1" [stack: 0x000000b89e200000,0x000000b89e300000] [id=13812]
  0x0000024c0bd5b750 ConcurrentGCThread "G1 Refine#0" terminated
  0x0000024c0bd5bf30 ConcurrentGCThread "G1 Service" terminated

Threads with active compile tasks:

VM state: at safepoint (shutting down)

VM Mutex/Monitor currently owned by a thread:  ([mutex/lock_event])
[0x0000024c0bca63e0] Threads_lock - owner thread: 0x0000024c27b02200
[0x0000024c0bca6590] Heap_lock - owner thread: 0x0000024c6f08f9e0

Heap address: 0x00000000c0000000, size: 1024 MB, Compressed Oops mode: 32-bit

CDS archive(s) mapped at: [0x0000024c28000000-0x0000024c28bb0000-0x0000024c28bb0000), size 12255232, SharedBaseAddress: 0x0000024c28000000, ArchiveRelocationMode: 1.
Compressed class space mapped at: 0x0000024c29000000-0x0000024c69000000, reserved size: 1073741824
Narrow klass base: 0x0000024c28000000, Narrow klass shift: 0, Narrow klass range: 0x100000000

GC Precious Log:
 CPUs: 8 total, 8 available
 Memory: 7975M
 Large Page Support: Disabled
 NUMA Support: Disabled
 Compressed Oops: Enabled (32-bit)
 Heap Region Size: 1M
 Heap Min Capacity: 64M
 Heap Initial Capacity: 64M
 Heap Max Capacity: 1G
 Pre-touch: Disabled
 Parallel Workers: 8
 Concurrent Workers: 2
 Concurrent Refinement Workers: 8
 Periodic GC: Disabled

Heap:
 garbage-first heap   total 304128K, used 194448K [0x00000000c0000000, 0x0000000100000000)
  region size 1024K, 23 young (23552K), 2 survivors (2048K)
 Metaspace       used 12870K, committed 13056K, reserved 1114112K
  class space    used 919K, committed 1024K, reserved 1048576K

Heap Regions: E=young(eden), S=young(survivor), O=old, HS=humongous(starts), HC=humongous(continues), CS=collection set, F=free, OA=open archive, CA=closed archive, TAMS=top-at-mark-start (previous, next)
|   0|0x00000000c0000000, 0x00000000c0100000, 0x00000000c0100000|100%| O|  |TAMS 0x00000000c0100000, 0x00000000c0000000| Untracked 
|   1|0x00000000c0100000, 0x00000000c0200000, 0x00000000c0200000|100%| O|  |TAMS 0x00000000c0200000, 0x00000000c0100000| Untracked 
|   2|0x00000000c0200000, 0x00000000c0300000, 0x00000000c0300000|100%| O|  |TAMS 0x00000000c0300000, 0x00000000c0200000| Untracked 
|   3|0x00000000c0300000, 0x00000000c0400000, 0x00000000c0400000|100%| O|  |TAMS 0x00000000c0400000, 0x00000000c0300000| Untracked 
|   4|0x00000000c0400000, 0x00000000c0500000, 0x00000000c0500000|100%| O|  |TAMS 0x00000000c0500000, 0x00000000c0400000| Untracked 
|   5|0x00000000c0500000, 0x00000000c0600000, 0x00000000c0600000|100%| O|  |TAMS 0x00000000c0600000, 0x00000000c0500000| Untracked 
|   6|0x00000000c0600000, 0x00000000c0700000, 0x00000000c0700000|100%| O|  |TAMS 0x00000000c0700000, 0x00000000c0600000| Untracked 
|   7|0x00000000c0700000, 0x00000000c0800000, 0x00000000c0800000|100%| O|  |TAMS 0x00000000c0800000, 0x00000000c0700000| Untracked 
|   8|0x00000000c0800000, 0x00000000c0900000, 0x00000000c0900000|100%| O|  |TAMS 0x00000000c0900000, 0x00000000c0800000| Untracked 
|   9|0x00000000c0900000, 0x00000000c0a00000, 0x00000000c0a00000|100%| O|  |TAMS 0x00000000c0a00000, 0x00000000c0900000| Untracked 
|  10|0x00000000c0a00000, 0x00000000c0b00000, 0x00000000c0b00000|100%| O|  |TAMS 0x00000000c0b00000, 0x00000000c0a00000| Untracked 
|  11|0x00000000c0b00000, 0x00000000c0c00000, 0x00000000c0c00000|100%| O|  |TAMS 0x00000000c0c00000, 0x00000000c0b00000| Untracked 
|  12|0x00000000c0c00000, 0x00000000c0d00000, 0x00000000c0d00000|100%| O|  |TAMS 0x00000000c0d00000, 0x00000000c0c00000| Untracked 
|  13|0x00000000c0d00000, 0x00000000c0e00000, 0x00000000c0e00000|100%|HS|  |TAMS 0x00000000c0e00000, 0x00000000c0d00000| Complete 
|  14|0x00000000c0e00000, 0x00000000c0f00000, 0x00000000c0f00000|100%|HC|  |TAMS 0x00000000c0f00000, 0x00000000c0e00000| Complete 
|  15|0x00000000c0f00000, 0x00000000c1000000, 0x00000000c1000000|100%|HS|  |TAMS 0x00000000c1000000, 0x00000000c0f00000| Complete 
|  16|0x00000000c1000000, 0x00000000c1100000, 0x00000000c1100000|100%|HS|  |TAMS 0x00000000c1100000, 0x00000000c1000000| Complete 
|  17|0x00000000c1100000, 0x00000000c1200000, 0x00000000c1200000|100%|HC|  |TAMS 0x00000000c1200000, 0x00000000c1100000| Complete 
|  18|0x00000000c1200000, 0x00000000c1300000, 0x00000000c1300000|100%|HS|  |TAMS 0x00000000c1300000, 0x00000000c1200000| Complete 
|  19|0x00000000c1300000, 0x00000000c1400000, 0x00000000c1400000|100%|HC|  |TAMS 0x00000000c1400000, 0x00000000c1300000| Complete 
|  20|0x00000000c1400000, 0x00000000c1500000, 0x00000000c1500000|100%|HS|  |TAMS 0x00000000c1500000, 0x00000000c1400000| Complete 
|  21|0x00000000c1500000, 0x00000000c1600000, 0x00000000c1600000|100%|HS|  |TAMS 0x00000000c1600000, 0x00000000c1500000| Complete 
|  22|0x00000000c1600000, 0x00000000c1700000, 0x00000000c1700000|100%|HS|  |TAMS 0x00000000c1700000, 0x00000000c1600000| Complete 
|  23|0x00000000c1700000, 0x00000000c1800000, 0x00000000c1800000|100%|HS|  |TAMS 0x00000000c1800000, 0x00000000c1700000| Complete 
|  24|0x00000000c1800000, 0x00000000c1900000, 0x00000000c1900000|100%|HS|  |TAMS 0x00000000c1900000, 0x00000000c1800000| Complete 
|  25|0x00000000c1900000, 0x00000000c1a00000, 0x00000000c1a00000|100%|HS|  |TAMS 0x00000000c1a00000, 0x00000000c1900000| Complete 
|  26|0x00000000c1a00000, 0x00000000c1b00000, 0x00000000c1b00000|100%| O|  |TAMS 0x00000000c1b00000, 0x00000000c1a00000| Untracked 
|  27|0x00000000c1b00000, 0x00000000c1c00000, 0x00000000c1c00000|100%| O|  |TAMS 0x00000000c1c00000, 0x00000000c1b00000| Untracked 
|  28|0x00000000c1c00000, 0x00000000c1d00000, 0x00000000c1d00000|100%| O|  |TAMS 0x00000000c1d00000, 0x00000000c1c00000| Untracked 
|  29|0x00000000c1d00000, 0x00000000c1d00000, 0x00000000c1e00000|  0%| F|  |TAMS 0x00000000c1d00000, 0x00000000c1d00000| Untracked 
|  30|0x00000000c1e00000, 0x00000000c1e00000, 0x00000000c1f00000|  0%| F|  |TAMS 0x00000000c1e00000, 0x00000000c1e00000| Untracked 
|  31|0x00000000c1f00000, 0x00000000c2000000, 0x00000000c2000000|100%| O|  |TAMS 0x00000000c2000000, 0x00000000c1f00000| Untracked 
|  32|0x00000000c2000000, 0x00000000c2080a00, 0x00000000c2100000| 50%| O|  |TAMS 0x00000000c207c000, 0x00000000c2000000| Untracked 
|  33|0x00000000c2100000, 0x00000000c2200000, 0x00000000c2200000|100%| O|  |TAMS 0x00000000c2200000, 0x00000000c2100000| Untracked 
|  34|0x00000000c2200000, 0x00000000c2300000, 0x00000000c2300000|100%|HS|  |TAMS 0x00000000c2300000, 0x00000000c2200000| Complete 
|  35|0x00000000c2300000, 0x00000000c2400000, 0x00000000c2400000|100%|HC|  |TAMS 0x00000000c2400000, 0x00000000c2300000| Complete 
|  36|0x00000000c2400000, 0x00000000c2500000, 0x00000000c2500000|100%|HC|  |TAMS 0x00000000c2500000, 0x00000000c2400000| Complete 
|  37|0x00000000c2500000, 0x00000000c2600000, 0x00000000c2600000|100%|HC|  |TAMS 0x00000000c2600000, 0x00000000c2500000| Complete 
|  38|0x00000000c2600000, 0x00000000c2700000, 0x00000000c2700000|100%|HC|  |TAMS 0x00000000c2700000, 0x00000000c2600000| Complete 
|  39|0x00000000c2700000, 0x00000000c2800000, 0x00000000c2800000|100%|HC|  |TAMS 0x00000000c2800000, 0x00000000c2700000| Complete 
|  40|0x00000000c2800000, 0x00000000c2900000, 0x00000000c2900000|100%|HC|  |TAMS 0x00000000c2900000, 0x00000000c2800000| Complete 
|  41|0x00000000c2900000, 0x00000000c2a00000, 0x00000000c2a00000|100%|HC|  |TAMS 0x00000000c2a00000, 0x00000000c2900000| Complete 
|  42|0x00000000c2a00000, 0x00000000c2b00000, 0x00000000c2b00000|100%|HC|  |TAMS 0x00000000c2b00000, 0x00000000c2a00000| Complete 
|  43|0x00000000c2b00000, 0x00000000c2c00000, 0x00000000c2c00000|100%|HC|  |TAMS 0x00000000c2c00000, 0x00000000c2b00000| Complete 
|  44|0x00000000c2c00000, 0x00000000c2d00000, 0x00000000c2d00000|100%|HC|  |TAMS 0x00000000c2d00000, 0x00000000c2c00000| Complete 
|  45|0x00000000c2d00000, 0x00000000c2e00000, 0x00000000c2e00000|100%|HC|  |TAMS 0x00000000c2e00000, 0x00000000c2d00000| Complete 
|  46|0x00000000c2e00000, 0x00000000c2f00000, 0x00000000c2f00000|100%|HC|  |TAMS 0x00000000c2f00000, 0x00000000c2e00000| Complete 
|  47|0x00000000c2f00000, 0x00000000c3000000, 0x00000000c3000000|100%|HC|  |TAMS 0x00000000c3000000, 0x00000000c2f00000| Complete 
|  48|0x00000000c3000000, 0x00000000c3100000, 0x00000000c3100000|100%|HC|  |TAMS 0x00000000c3100000, 0x00000000c3000000| Complete 
|  49|0x00000000c3100000, 0x00000000c3200000, 0x00000000c3200000|100%|HC|  |TAMS 0x00000000c3200000, 0x00000000c3100000| Complete 
|  50|0x00000000c3200000, 0x00000000c3300000, 0x00000000c3300000|100%|HC|  |TAMS 0x00000000c3300000, 0x00000000c3200000| Complete 
|  51|0x00000000c3300000, 0x00000000c3400000, 0x00000000c3400000|100%|HC|  |TAMS 0x00000000c3400000, 0x00000000c3300000| Complete 
|  52|0x00000000c3400000, 0x00000000c3500000, 0x00000000c3500000|100%|HC|  |TAMS 0x00000000c3500000, 0x00000000c3400000| Complete 
|  53|0x00000000c3500000, 0x00000000c3600000, 0x00000000c3600000|100%|HC|  |TAMS 0x00000000c3600000, 0x00000000c3500000| Complete 
|  54|0x00000000c3600000, 0x00000000c3700000, 0x00000000c3700000|100%|HC|  |TAMS 0x00000000c3700000, 0x00000000c3600000| Complete 
|  55|0x00000000c3700000, 0x00000000c3800000, 0x00000000c3800000|100%|HC|  |TAMS 0x00000000c3800000, 0x00000000c3700000| Complete 
|  56|0x00000000c3800000, 0x00000000c3900000, 0x00000000c3900000|100%|HC|  |TAMS 0x00000000c3900000, 0x00000000c3800000| Complete 
|  57|0x00000000c3900000, 0x00000000c3a00000, 0x00000000c3a00000|100%|HC|  |TAMS 0x00000000c3a00000, 0x00000000c3900000| Complete 
|  58|0x00000000c3a00000, 0x00000000c3b00000, 0x00000000c3b00000|100%|HC|  |TAMS 0x00000000c3b00000, 0x00000000c3a00000| Complete 
|  59|0x00000000c3b00000, 0x00000000c3c00000, 0x00000000c3c00000|100%|HC|  |TAMS 0x00000000c3c00000, 0x00000000c3b00000| Complete 
|  60|0x00000000c3c00000, 0x00000000c3d00000, 0x00000000c3d00000|100%|HC|  |TAMS 0x00000000c3d00000, 0x00000000c3c00000| Complete 
|  61|0x00000000c3d00000, 0x00000000c3e00000, 0x00000000c3e00000|100%|HC|  |TAMS 0x00000000c3e00000, 0x00000000c3d00000| Complete 
|  62|0x00000000c3e00000, 0x00000000c3f00000, 0x00000000c3f00000|100%|HC|  |TAMS 0x00000000c3f00000, 0x00000000c3e00000| Complete 
|  63|0x00000000c3f00000, 0x00000000c4000000, 0x00000000c4000000|100%|HC|  |TAMS 0x00000000c4000000, 0x00000000c3f00000| Complete 
|  64|0x00000000c4000000, 0x00000000c4100000, 0x00000000c4100000|100%|HC|  |TAMS 0x00000000c4100000, 0x00000000c4000000| Complete 
|  65|0x00000000c4100000, 0x00000000c4200000, 0x00000000c4200000|100%|HC|  |TAMS 0x00000000c4200000, 0x00000000c4100000| Complete 
|  66|0x00000000c4200000, 0x00000000c4300000, 0x00000000c4300000|100%|HC|  |TAMS 0x00000000c4300000, 0x00000000c4200000| Complete 
|  67|0x00000000c4300000, 0x00000000c4400000, 0x00000000c4400000|100%|HS|  |TAMS 0x00000000c4400000, 0x00000000c4300000| Complete 
|  68|0x00000000c4400000, 0x00000000c4500000, 0x00000000c4500000|100%|HC|  |TAMS 0x00000000c4500000, 0x00000000c4400000| Complete 
|  69|0x00000000c4500000, 0x00000000c4600000, 0x00000000c4600000|100%|HC|  |TAMS 0x00000000c4600000, 0x00000000c4500000| Complete 
|  70|0x00000000c4600000, 0x00000000c4700000, 0x00000000c4700000|100%|HC|  |TAMS 0x00000000c4700000, 0x00000000c4600000| Complete 
|  71|0x00000000c4700000, 0x00000000c4800000, 0x00000000c4800000|100%|HC|  |TAMS 0x00000000c4800000, 0x00000000c4700000| Complete 
|  72|0x00000000c4800000, 0x00000000c4900000, 0x00000000c4900000|100%|HC|  |TAMS 0x00000000c4900000, 0x00000000c4800000| Complete 
|  73|0x00000000c4900000, 0x00000000c4a00000, 0x00000000c4a00000|100%|HC|  |TAMS 0x00000000c4a00000, 0x00000000c4900000| Complete 
|  74|0x00000000c4a00000, 0x00000000c4b00000, 0x00000000c4b00000|100%|HC|  |TAMS 0x00000000c4b00000, 0x00000000c4a00000| Complete 
|  75|0x00000000c4b00000, 0x00000000c4c00000, 0x00000000c4c00000|100%|HC|  |TAMS 0x00000000c4c00000, 0x00000000c4b00000| Complete 
|  76|0x00000000c4c00000, 0x00000000c4d00000, 0x00000000c4d00000|100%|HS|  |TAMS 0x00000000c4d00000, 0x00000000c4c00000| Complete 
|  77|0x00000000c4d00000, 0x00000000c4e00000, 0x00000000c4e00000|100%|HC|  |TAMS 0x00000000c4e00000, 0x00000000c4d00000| Complete 
|  78|0x00000000c4e00000, 0x00000000c4f00000, 0x00000000c4f00000|100%|HC|  |TAMS 0x00000000c4f00000, 0x00000000c4e00000| Complete 
|  79|0x00000000c4f00000, 0x00000000c5000000, 0x00000000c5000000|100%|HC|  |TAMS 0x00000000c5000000, 0x00000000c4f00000| Complete 
|  80|0x00000000c5000000, 0x00000000c5100000, 0x00000000c5100000|100%|HC|  |TAMS 0x00000000c5100000, 0x00000000c5000000| Complete 
|  81|0x00000000c5100000, 0x00000000c5200000, 0x00000000c5200000|100%|HC|  |TAMS 0x00000000c5200000, 0x00000000c5100000| Complete 
|  82|0x00000000c5200000, 0x00000000c5300000, 0x00000000c5300000|100%|HC|  |TAMS 0x00000000c5300000, 0x00000000c5200000| Complete 
|  83|0x00000000c5300000, 0x00000000c5400000, 0x00000000c5400000|100%|HC|  |TAMS 0x00000000c5400000, 0x00000000c5300000| Complete 
|  84|0x00000000c5400000, 0x00000000c5500000, 0x00000000c5500000|100%|HC|  |TAMS 0x00000000c5500000, 0x00000000c5400000| Complete 
|  85|0x00000000c5500000, 0x00000000c5600000, 0x00000000c5600000|100%|HC|  |TAMS 0x00000000c5600000, 0x00000000c5500000| Complete 
|  86|0x00000000c5600000, 0x00000000c5700000, 0x00000000c5700000|100%|HC|  |TAMS 0x00000000c5700000, 0x00000000c5600000| Complete 
|  87|0x00000000c5700000, 0x00000000c5800000, 0x00000000c5800000|100%|HC|  |TAMS 0x00000000c5800000, 0x00000000c5700000| Complete 
|  88|0x00000000c5800000, 0x00000000c5900000, 0x00000000c5900000|100%|HC|  |TAMS 0x00000000c5900000, 0x00000000c5800000| Complete 
|  89|0x00000000c5900000, 0x00000000c5a00000, 0x00000000c5a00000|100%|HC|  |TAMS 0x00000000c5a00000, 0x00000000c5900000| Complete 
|  90|0x00000000c5a00000, 0x00000000c5b00000, 0x00000000c5b00000|100%|HC|  |TAMS 0x00000000c5b00000, 0x00000000c5a00000| Complete 
|  91|0x00000000c5b00000, 0x00000000c5c00000, 0x00000000c5c00000|100%|HC|  |TAMS 0x00000000c5c00000, 0x00000000c5b00000| Complete 
|  92|0x00000000c5c00000, 0x00000000c5d00000, 0x00000000c5d00000|100%|HC|  |TAMS 0x00000000c5d00000, 0x00000000c5c00000| Complete 
|  93|0x00000000c5d00000, 0x00000000c5e00000, 0x00000000c5e00000|100%|HC|  |TAMS 0x00000000c5e00000, 0x00000000c5d00000| Complete 
|  94|0x00000000c5e00000, 0x00000000c5f00000, 0x00000000c5f00000|100%|HC|  |TAMS 0x00000000c5f00000, 0x00000000c5e00000| Complete 
|  95|0x00000000c5f00000, 0x00000000c6000000, 0x00000000c6000000|100%|HC|  |TAMS 0x00000000c6000000, 0x00000000c5f00000| Complete 
|  96|0x00000000c6000000, 0x00000000c6100000, 0x00000000c6100000|100%|HC|  |TAMS 0x00000000c6100000, 0x00000000c6000000| Complete 
|  97|0x00000000c6100000, 0x00000000c6200000, 0x00000000c6200000|100%|HC|  |TAMS 0x00000000c6200000, 0x00000000c6100000| Complete 
|  98|0x00000000c6200000, 0x00000000c6300000, 0x00000000c6300000|100%|HC|  |TAMS 0x00000000c6300000, 0x00000000c6200000| Complete 
|  99|0x00000000c6300000, 0x00000000c6400000, 0x00000000c6400000|100%|HC|  |TAMS 0x00000000c6400000, 0x00000000c6300000| Complete 
| 100|0x00000000c6400000, 0x00000000c6500000, 0x00000000c6500000|100%|HC|  |TAMS 0x00000000c6500000, 0x00000000c6400000| Complete 
| 101|0x00000000c6500000, 0x00000000c6600000, 0x00000000c6600000|100%|HS|  |TAMS 0x00000000c6600000, 0x00000000c6500000| Complete 
| 102|0x00000000c6600000, 0x00000000c6700000, 0x00000000c6700000|100%|HC|  |TAMS 0x00000000c6700000, 0x00000000c6600000| Complete 
| 103|0x00000000c6700000, 0x00000000c6800000, 0x00000000c6800000|100%|HC|  |TAMS 0x00000000c6800000, 0x00000000c6700000| Complete 
| 104|0x00000000c6800000, 0x00000000c6900000, 0x00000000c6900000|100%|HC|  |TAMS 0x00000000c6900000, 0x00000000c6800000| Complete 
| 105|0x00000000c6900000, 0x00000000c6a00000, 0x00000000c6a00000|100%|HC|  |TAMS 0x00000000c6a00000, 0x00000000c6900000| Complete 
| 106|0x00000000c6a00000, 0x00000000c6b00000, 0x00000000c6b00000|100%|HC|  |TAMS 0x00000000c6b00000, 0x00000000c6a00000| Complete 
| 107|0x00000000c6b00000, 0x00000000c6c00000, 0x00000000c6c00000|100%|HC|  |TAMS 0x00000000c6c00000, 0x00000000c6b00000| Complete 
| 108|0x00000000c6c00000, 0x00000000c6d00000, 0x00000000c6d00000|100%|HC|  |TAMS 0x00000000c6d00000, 0x00000000c6c00000| Complete 
| 109|0x00000000c6d00000, 0x00000000c6e00000, 0x00000000c6e00000|100%|HC|  |TAMS 0x00000000c6e00000, 0x00000000c6d00000| Complete 
| 110|0x00000000c6e00000, 0x00000000c6f00000, 0x00000000c6f00000|100%|HC|  |TAMS 0x00000000c6f00000, 0x00000000c6e00000| Complete 
| 111|0x00000000c6f00000, 0x00000000c7000000, 0x00000000c7000000|100%|HC|  |TAMS 0x00000000c7000000, 0x00000000c6f00000| Complete 
| 112|0x00000000c7000000, 0x00000000c7100000, 0x00000000c7100000|100%|HC|  |TAMS 0x00000000c7100000, 0x00000000c7000000| Complete 
| 113|0x00000000c7100000, 0x00000000c7200000, 0x00000000c7200000|100%|HC|  |TAMS 0x00000000c7200000, 0x00000000c7100000| Complete 
| 114|0x00000000c7200000, 0x00000000c7300000, 0x00000000c7300000|100%|HC|  |TAMS 0x00000000c7300000, 0x00000000c7200000| Complete 
| 115|0x00000000c7300000, 0x00000000c7400000, 0x00000000c7400000|100%|HC|  |TAMS 0x00000000c7400000, 0x00000000c7300000| Complete 
| 116|0x00000000c7400000, 0x00000000c7500000, 0x00000000c7500000|100%|HC|  |TAMS 0x00000000c7500000, 0x00000000c7400000| Complete 
| 117|0x00000000c7500000, 0x00000000c7600000, 0x00000000c7600000|100%|HC|  |TAMS 0x00000000c7600000, 0x00000000c7500000| Complete 
| 118|0x00000000c7600000, 0x00000000c7700000, 0x00000000c7700000|100%|HS|  |TAMS 0x00000000c7700000, 0x00000000c7600000| Complete 
| 119|0x00000000c7700000, 0x00000000c7800000, 0x00000000c7800000|100%|HC|  |TAMS 0x00000000c7800000, 0x00000000c7700000| Complete 
| 120|0x00000000c7800000, 0x00000000c7900000, 0x00000000c7900000|100%|HC|  |TAMS 0x00000000c7900000, 0x00000000c7800000| Complete 
| 121|0x00000000c7900000, 0x00000000c7a00000, 0x00000000c7a00000|100%|HC|  |TAMS 0x00000000c7a00000, 0x00000000c7900000| Complete 
| 122|0x00000000c7a00000, 0x00000000c7b00000, 0x00000000c7b00000|100%|HC|  |TAMS 0x00000000c7b00000, 0x00000000c7a00000| Complete 
| 123|0x00000000c7b00000, 0x00000000c7c00000, 0x00000000c7c00000|100%|HC|  |TAMS 0x00000000c7c00000, 0x00000000c7b00000| Complete 
| 124|0x00000000c7c00000, 0x00000000c7d00000, 0x00000000c7d00000|100%|HC|  |TAMS 0x00000000c7d00000, 0x00000000c7c00000| Complete 
| 125|0x00000000c7d00000, 0x00000000c7e00000, 0x00000000c7e00000|100%|HC|  |TAMS 0x00000000c7e00000, 0x00000000c7d00000| Complete 
| 126|0x00000000c7e00000, 0x00000000c7f00000, 0x00000000c7f00000|100%|HC|  |TAMS 0x00000000c7f00000, 0x00000000c7e00000| Complete 
| 127|0x00000000c7f00000, 0x00000000c8000000, 0x00000000c8000000|100%|HS|  |TAMS 0x00000000c8000000, 0x00000000c7f00000| Complete 
| 128|0x00000000c8000000, 0x00000000c8100000, 0x00000000c8100000|100%|HC|  |TAMS 0x00000000c8100000, 0x00000000c8000000| Complete 
| 129|0x00000000c8100000, 0x00000000c8200000, 0x00000000c8200000|100%|HC|  |TAMS 0x00000000c8200000, 0x00000000c8100000| Complete 
| 130|0x00000000c8200000, 0x00000000c8300000, 0x00000000c8300000|100%|HC|  |TAMS 0x00000000c8300000, 0x00000000c8200000| Complete 
| 131|0x00000000c8300000, 0x00000000c8400000, 0x00000000c8400000|100%|HC|  |TAMS 0x00000000c8400000, 0x00000000c8300000| Complete 
| 132|0x00000000c8400000, 0x00000000c8500000, 0x00000000c8500000|100%|HC|  |TAMS 0x00000000c8500000, 0x00000000c8400000| Complete 
| 133|0x00000000c8500000, 0x00000000c8600000, 0x00000000c8600000|100%|HC|  |TAMS 0x00000000c8600000, 0x00000000c8500000| Complete 
| 134|0x00000000c8600000, 0x00000000c8700000, 0x00000000c8700000|100%|HC|  |TAMS 0x00000000c8700000, 0x00000000c8600000| Complete 
| 135|0x00000000c8700000, 0x00000000c8800000, 0x00000000c8800000|100%|HC|  |TAMS 0x00000000c8800000, 0x00000000c8700000| Complete 
| 136|0x00000000c8800000, 0x00000000c8900000, 0x00000000c8900000|100%|HS|  |TAMS 0x00000000c8900000, 0x00000000c8800000| Complete 
| 137|0x00000000c8900000, 0x00000000c8a00000, 0x00000000c8a00000|100%|HC|  |TAMS 0x00000000c8a00000, 0x00000000c8900000| Complete 
| 138|0x00000000c8a00000, 0x00000000c8b00000, 0x00000000c8b00000|100%|HC|  |TAMS 0x00000000c8b00000, 0x00000000c8a00000| Complete 
| 139|0x00000000c8b00000, 0x00000000c8c00000, 0x00000000c8c00000|100%|HC|  |TAMS 0x00000000c8c00000, 0x00000000c8b00000| Complete 
| 140|0x00000000c8c00000, 0x00000000c8d00000, 0x00000000c8d00000|100%|HC|  |TAMS 0x00000000c8d00000, 0x00000000c8c00000| Complete 
| 141|0x00000000c8d00000, 0x00000000c8e00000, 0x00000000c8e00000|100%|HC|  |TAMS 0x00000000c8e00000, 0x00000000c8d00000| Complete 
| 142|0x00000000c8e00000, 0x00000000c8f00000, 0x00000000c8f00000|100%|HC|  |TAMS 0x00000000c8f00000, 0x00000000c8e00000| Complete 
| 143|0x00000000c8f00000, 0x00000000c9000000, 0x00000000c9000000|100%|HC|  |TAMS 0x00000000c9000000, 0x00000000c8f00000| Complete 
| 144|0x00000000c9000000, 0x00000000c9100000, 0x00000000c9100000|100%|HC|  |TAMS 0x00000000c9100000, 0x00000000c9000000| Complete 
| 145|0x00000000c9100000, 0x00000000c9200000, 0x00000000c9200000|100%|HS|  |TAMS 0x00000000c9200000, 0x00000000c9100000| Complete 
| 146|0x00000000c9200000, 0x00000000c9300000, 0x00000000c9300000|100%|HC|  |TAMS 0x00000000c9300000, 0x00000000c9200000| Complete 
| 147|0x00000000c9300000, 0x00000000c9400000, 0x00000000c9400000|100%|HC|  |TAMS 0x00000000c9400000, 0x00000000c9300000| Complete 
| 148|0x00000000c9400000, 0x00000000c9500000, 0x00000000c9500000|100%|HC|  |TAMS 0x00000000c9500000, 0x00000000c9400000| Complete 
| 149|0x00000000c9500000, 0x00000000c9600000, 0x00000000c9600000|100%|HC|  |TAMS 0x00000000c9600000, 0x00000000c9500000| Complete 
| 150|0x00000000c9600000, 0x00000000c9700000, 0x00000000c9700000|100%|HC|  |TAMS 0x00000000c9700000, 0x00000000c9600000| Complete 
| 151|0x00000000c9700000, 0x00000000c9800000, 0x00000000c9800000|100%|HC|  |TAMS 0x00000000c9800000, 0x00000000c9700000| Complete 
| 152|0x00000000c9800000, 0x00000000c9900000, 0x00000000c9900000|100%|HC|  |TAMS 0x00000000c9900000, 0x00000000c9800000| Complete 
| 153|0x00000000c9900000, 0x00000000c9a00000, 0x00000000c9a00000|100%|HC|  |TAMS 0x00000000c9a00000, 0x00000000c9900000| Complete 
| 154|0x00000000c9a00000, 0x00000000c9a00000, 0x00000000c9b00000|  0%| F|  |TAMS 0x00000000c9a00000, 0x00000000c9a00000| Untracked 
| 155|0x00000000c9b00000, 0x00000000c9b00000, 0x00000000c9c00000|  0%| F|  |TAMS 0x00000000c9b00000, 0x00000000c9b00000| Untracked 
| 156|0x00000000c9c00000, 0x00000000c9c00000, 0x00000000c9d00000|  0%| F|  |TAMS 0x00000000c9c00000, 0x00000000c9c00000| Untracked 
| 157|0x00000000c9d00000, 0x00000000c9d00000, 0x00000000c9e00000|  0%| F|  |TAMS 0x00000000c9d00000, 0x00000000c9d00000| Untracked 
| 158|0x00000000c9e00000, 0x00000000c9e00000, 0x00000000c9f00000|  0%| F|  |TAMS 0x00000000c9e00000, 0x00000000c9e00000| Untracked 
| 159|0x00000000c9f00000, 0x00000000c9f00000, 0x00000000ca000000|  0%| F|  |TAMS 0x00000000c9f00000, 0x00000000c9f00000| Untracked 
| 160|0x00000000ca000000, 0x00000000ca000000, 0x00000000ca100000|  0%| F|  |TAMS 0x00000000ca000000, 0x00000000ca000000| Untracked 
| 161|0x00000000ca100000, 0x00000000ca100000, 0x00000000ca200000|  0%| F|  |TAMS 0x00000000ca100000, 0x00000000ca100000| Untracked 
| 162|0x00000000ca200000, 0x00000000ca200000, 0x00000000ca300000|  0%| F|  |TAMS 0x00000000ca200000, 0x00000000ca200000| Untracked 
| 163|0x00000000ca300000, 0x00000000ca300000, 0x00000000ca400000|  0%| F|  |TAMS 0x00000000ca300000, 0x00000000ca300000| Untracked 
| 164|0x00000000ca400000, 0x00000000ca400000, 0x00000000ca500000|  0%| F|  |TAMS 0x00000000ca400000, 0x00000000ca400000| Untracked 
| 165|0x00000000ca500000, 0x00000000ca600000, 0x00000000ca600000|100%|HS|  |TAMS 0x00000000ca600000, 0x00000000ca500000| Complete 
| 166|0x00000000ca600000, 0x00000000ca700000, 0x00000000ca700000|100%|HC|  |TAMS 0x00000000ca700000, 0x00000000ca600000| Complete 
| 167|0x00000000ca700000, 0x00000000ca800000, 0x00000000ca800000|100%|HC|  |TAMS 0x00000000ca800000, 0x00000000ca700000| Complete 
| 168|0x00000000ca800000, 0x00000000ca900000, 0x00000000ca900000|100%|HC|  |TAMS 0x00000000ca900000, 0x00000000ca800000| Complete 
| 169|0x00000000ca900000, 0x00000000caa00000, 0x00000000caa00000|100%|HC|  |TAMS 0x00000000caa00000, 0x00000000ca900000| Complete 
| 170|0x00000000caa00000, 0x00000000cab00000, 0x00000000cab00000|100%|HC|  |TAMS 0x00000000cab00000, 0x00000000caa00000| Complete 
| 171|0x00000000cab00000, 0x00000000cac00000, 0x00000000cac00000|100%|HC|  |TAMS 0x00000000cac00000, 0x00000000cab00000| Complete 
| 172|0x00000000cac00000, 0x00000000cad00000, 0x00000000cad00000|100%|HC|  |TAMS 0x00000000cad00000, 0x00000000cac00000| Complete 
| 173|0x00000000cad00000, 0x00000000cae00000, 0x00000000cae00000|100%|HC|  |TAMS 0x00000000cae00000, 0x00000000cad00000| Complete 
| 174|0x00000000cae00000, 0x00000000caf00000, 0x00000000caf00000|100%|HC|  |TAMS 0x00000000caf00000, 0x00000000cae00000| Complete 
| 175|0x00000000caf00000, 0x00000000cb000000, 0x00000000cb000000|100%|HC|  |TAMS 0x00000000cb000000, 0x00000000caf00000| Complete 
| 176|0x00000000cb000000, 0x00000000cb100000, 0x00000000cb100000|100%|HC|  |TAMS 0x00000000cb100000, 0x00000000cb000000| Complete 
| 177|0x00000000cb100000, 0x00000000cb200000, 0x00000000cb200000|100%|HC|  |TAMS 0x00000000cb200000, 0x00000000cb100000| Complete 
| 178|0x00000000cb200000, 0x00000000cb300000, 0x00000000cb300000|100%|HC|  |TAMS 0x00000000cb300000, 0x00000000cb200000| Complete 
| 179|0x00000000cb300000, 0x00000000cb400000, 0x00000000cb400000|100%|HC|  |TAMS 0x00000000cb400000, 0x00000000cb300000| Complete 
| 180|0x00000000cb400000, 0x00000000cb500000, 0x00000000cb500000|100%|HC|  |TAMS 0x00000000cb500000, 0x00000000cb400000| Complete 
| 181|0x00000000cb500000, 0x00000000cb600000, 0x00000000cb600000|100%|HC|  |TAMS 0x00000000cb600000, 0x00000000cb500000| Complete 
| 182|0x00000000cb600000, 0x00000000cb600000, 0x00000000cb700000|  0%| F|  |TAMS 0x00000000cb600000, 0x00000000cb600000| Untracked 
| 183|0x00000000cb700000, 0x00000000cb700000, 0x00000000cb800000|  0%| F|  |TAMS 0x00000000cb700000, 0x00000000cb700000| Untracked 
| 184|0x00000000cb800000, 0x00000000cb800000, 0x00000000cb900000|  0%| F|  |TAMS 0x00000000cb800000, 0x00000000cb800000| Untracked 
| 185|0x00000000cb900000, 0x00000000cb900000, 0x00000000cba00000|  0%| F|  |TAMS 0x00000000cb900000, 0x00000000cb900000| Untracked 
| 186|0x00000000cba00000, 0x00000000cba00000, 0x00000000cbb00000|  0%| F|  |TAMS 0x00000000cba00000, 0x00000000cba00000| Untracked 
| 187|0x00000000cbb00000, 0x00000000cbb00000, 0x00000000cbc00000|  0%| F|  |TAMS 0x00000000cbb00000, 0x00000000cbb00000| Untracked 
| 188|0x00000000cbc00000, 0x00000000cbc00000, 0x00000000cbd00000|  0%| F|  |TAMS 0x00000000cbc00000, 0x00000000cbc00000| Untracked 
| 189|0x00000000cbd00000, 0x00000000cbd00000, 0x00000000cbe00000|  0%| F|  |TAMS 0x00000000cbd00000, 0x00000000cbd00000| Untracked 
| 190|0x00000000cbe00000, 0x00000000cbe00000, 0x00000000cbf00000|  0%| F|  |TAMS 0x00000000cbe00000, 0x00000000cbe00000| Untracked 
| 191|0x00000000cbf00000, 0x00000000cbf00000, 0x00000000cc000000|  0%| F|  |TAMS 0x00000000cbf00000, 0x00000000cbf00000| Untracked 
| 192|0x00000000cc000000, 0x00000000cc000000, 0x00000000cc100000|  0%| F|  |TAMS 0x00000000cc000000, 0x00000000cc000000| Untracked 
| 193|0x00000000cc100000, 0x00000000cc100000, 0x00000000cc200000|  0%| F|  |TAMS 0x00000000cc100000, 0x00000000cc100000| Untracked 
| 194|0x00000000cc200000, 0x00000000cc200000, 0x00000000cc300000|  0%| F|  |TAMS 0x00000000cc200000, 0x00000000cc200000| Untracked 
| 195|0x00000000cc300000, 0x00000000cc300000, 0x00000000cc400000|  0%| F|  |TAMS 0x00000000cc300000, 0x00000000cc300000| Untracked 
| 196|0x00000000cc400000, 0x00000000cc400000, 0x00000000cc500000|  0%| F|  |TAMS 0x00000000cc400000, 0x00000000cc400000| Untracked 
| 197|0x00000000cc500000, 0x00000000cc500000, 0x00000000cc600000|  0%| F|  |TAMS 0x00000000cc500000, 0x00000000cc500000| Untracked 
| 198|0x00000000cc600000, 0x00000000cc600000, 0x00000000cc700000|  0%| F|  |TAMS 0x00000000cc600000, 0x00000000cc600000| Untracked 
| 199|0x00000000cc700000, 0x00000000cc700000, 0x00000000cc800000|  0%| F|  |TAMS 0x00000000cc700000, 0x00000000cc700000| Untracked 
| 200|0x00000000cc800000, 0x00000000cc800000, 0x00000000cc900000|  0%| F|  |TAMS 0x00000000cc800000, 0x00000000cc800000| Untracked 
| 201|0x00000000cc900000, 0x00000000cc900000, 0x00000000cca00000|  0%| F|  |TAMS 0x00000000cc900000, 0x00000000cc900000| Untracked 
| 202|0x00000000cca00000, 0x00000000cca00000, 0x00000000ccb00000|  0%| F|  |TAMS 0x00000000cca00000, 0x00000000cca00000| Untracked 
| 203|0x00000000ccb00000, 0x00000000ccb00000, 0x00000000ccc00000|  0%| F|  |TAMS 0x00000000ccb00000, 0x00000000ccb00000| Untracked 
| 204|0x00000000ccc00000, 0x00000000ccc00000, 0x00000000ccd00000|  0%| F|  |TAMS 0x00000000ccc00000, 0x00000000ccc00000| Untracked 
| 205|0x00000000ccd00000, 0x00000000ccd00000, 0x00000000cce00000|  0%| F|  |TAMS 0x00000000ccd00000, 0x00000000ccd00000| Untracked 
| 206|0x00000000cce00000, 0x00000000cce00000, 0x00000000ccf00000|  0%| F|  |TAMS 0x00000000cce00000, 0x00000000cce00000| Untracked 
| 207|0x00000000ccf00000, 0x00000000ccf00000, 0x00000000cd000000|  0%| F|  |TAMS 0x00000000ccf00000, 0x00000000ccf00000| Untracked 
| 208|0x00000000cd000000, 0x00000000cd000000, 0x00000000cd100000|  0%| F|  |TAMS 0x00000000cd000000, 0x00000000cd000000| Untracked 
| 209|0x00000000cd100000, 0x00000000cd100000, 0x00000000cd200000|  0%| F|  |TAMS 0x00000000cd100000, 0x00000000cd100000| Untracked 
| 210|0x00000000cd200000, 0x00000000cd200000, 0x00000000cd300000|  0%| F|  |TAMS 0x00000000cd200000, 0x00000000cd200000| Untracked 
| 211|0x00000000cd300000, 0x00000000cd300000, 0x00000000cd400000|  0%| F|  |TAMS 0x00000000cd300000, 0x00000000cd300000| Untracked 
| 212|0x00000000cd400000, 0x00000000cd400000, 0x00000000cd500000|  0%| F|  |TAMS 0x00000000cd400000, 0x00000000cd400000| Untracked 
| 213|0x00000000cd500000, 0x00000000cd500000, 0x00000000cd600000|  0%| F|  |TAMS 0x00000000cd500000, 0x00000000cd500000| Untracked 
| 214|0x00000000cd600000, 0x00000000cd600000, 0x00000000cd700000|  0%| F|  |TAMS 0x00000000cd600000, 0x00000000cd600000| Untracked 
| 215|0x00000000cd700000, 0x00000000cd700000, 0x00000000cd800000|  0%| F|  |TAMS 0x00000000cd700000, 0x00000000cd700000| Untracked 
| 216|0x00000000cd800000, 0x00000000cd800000, 0x00000000cd900000|  0%| F|  |TAMS 0x00000000cd800000, 0x00000000cd800000| Untracked 
| 217|0x00000000cd900000, 0x00000000cd9639c0, 0x00000000cda00000| 38%| S|CS|TAMS 0x00000000cd900000, 0x00000000cd900000| Complete 
| 218|0x00000000cda00000, 0x00000000cdb00000, 0x00000000cdb00000|100%| S|CS|TAMS 0x00000000cda00000, 0x00000000cda00000| Complete 
| 219|0x00000000cdb00000, 0x00000000cdb00000, 0x00000000cdc00000|  0%| F|  |TAMS 0x00000000cdb00000, 0x00000000cdb00000| Untracked 
| 220|0x00000000cdc00000, 0x00000000cdc00000, 0x00000000cdd00000|  0%| F|  |TAMS 0x00000000cdc00000, 0x00000000cdc00000| Untracked 
| 221|0x00000000cdd00000, 0x00000000cdd00000, 0x00000000cde00000|  0%| F|  |TAMS 0x00000000cdd00000, 0x00000000cdd00000| Untracked 
| 222|0x00000000cde00000, 0x00000000cde00000, 0x00000000cdf00000|  0%| F|  |TAMS 0x00000000cde00000, 0x00000000cde00000| Untracked 
| 223|0x00000000cdf00000, 0x00000000cdf00000, 0x00000000ce000000|  0%| F|  |TAMS 0x00000000cdf00000, 0x00000000cdf00000| Untracked 
| 224|0x00000000ce000000, 0x00000000ce000000, 0x00000000ce100000|  0%| F|  |TAMS 0x00000000ce000000, 0x00000000ce000000| Untracked 
| 225|0x00000000ce100000, 0x00000000ce100000, 0x00000000ce200000|  0%| F|  |TAMS 0x00000000ce100000, 0x00000000ce100000| Untracked 
| 226|0x00000000ce200000, 0x00000000ce200000, 0x00000000ce300000|  0%| F|  |TAMS 0x00000000ce200000, 0x00000000ce200000| Untracked 
| 227|0x00000000ce300000, 0x00000000ce300000, 0x00000000ce400000|  0%| F|  |TAMS 0x00000000ce300000, 0x00000000ce300000| Untracked 
| 228|0x00000000ce400000, 0x00000000ce400000, 0x00000000ce500000|  0%| F|  |TAMS 0x00000000ce400000, 0x00000000ce400000| Untracked 
| 229|0x00000000ce500000, 0x00000000ce500000, 0x00000000ce600000|  0%| F|  |TAMS 0x00000000ce500000, 0x00000000ce500000| Untracked 
| 230|0x00000000ce600000, 0x00000000ce600000, 0x00000000ce700000|  0%| F|  |TAMS 0x00000000ce600000, 0x00000000ce600000| Untracked 
| 231|0x00000000ce700000, 0x00000000ce700000, 0x00000000ce800000|  0%| F|  |TAMS 0x00000000ce700000, 0x00000000ce700000| Untracked 
| 232|0x00000000ce800000, 0x00000000ce800000, 0x00000000ce900000|  0%| F|  |TAMS 0x00000000ce800000, 0x00000000ce800000| Untracked 
| 233|0x00000000ce900000, 0x00000000ce900000, 0x00000000cea00000|  0%| F|  |TAMS 0x00000000ce900000, 0x00000000ce900000| Untracked 
| 234|0x00000000cea00000, 0x00000000cea00000, 0x00000000ceb00000|  0%| F|  |TAMS 0x00000000cea00000, 0x00000000cea00000| Untracked 
| 235|0x00000000ceb00000, 0x00000000ceb00000, 0x00000000cec00000|  0%| F|  |TAMS 0x00000000ceb00000, 0x00000000ceb00000| Untracked 
| 236|0x00000000cec00000, 0x00000000cec00000, 0x00000000ced00000|  0%| F|  |TAMS 0x00000000cec00000, 0x00000000cec00000| Untracked 
| 237|0x00000000ced00000, 0x00000000ced00000, 0x00000000cee00000|  0%| F|  |TAMS 0x00000000ced00000, 0x00000000ced00000| Untracked 
| 238|0x00000000cee00000, 0x00000000cee00000, 0x00000000cef00000|  0%| F|  |TAMS 0x00000000cee00000, 0x00000000cee00000| Untracked 
| 239|0x00000000cef00000, 0x00000000cef00000, 0x00000000cf000000|  0%| F|  |TAMS 0x00000000cef00000, 0x00000000cef00000| Untracked 
| 240|0x00000000cf000000, 0x00000000cf000000, 0x00000000cf100000|  0%| F|  |TAMS 0x00000000cf000000, 0x00000000cf000000| Untracked 
| 241|0x00000000cf100000, 0x00000000cf100000, 0x00000000cf200000|  0%| F|  |TAMS 0x00000000cf100000, 0x00000000cf100000| Untracked 
| 242|0x00000000cf200000, 0x00000000cf200000, 0x00000000cf300000|  0%| F|  |TAMS 0x00000000cf200000, 0x00000000cf200000| Untracked 
| 243|0x00000000cf300000, 0x00000000cf300000, 0x00000000cf400000|  0%| F|  |TAMS 0x00000000cf300000, 0x00000000cf300000| Untracked 
| 244|0x00000000cf400000, 0x00000000cf400000, 0x00000000cf500000|  0%| F|  |TAMS 0x00000000cf400000, 0x00000000cf400000| Untracked 
| 245|0x00000000cf500000, 0x00000000cf500000, 0x00000000cf600000|  0%| F|  |TAMS 0x00000000cf500000, 0x00000000cf500000| Untracked 
| 246|0x00000000cf600000, 0x00000000cf600000, 0x00000000cf700000|  0%| F|  |TAMS 0x00000000cf600000, 0x00000000cf600000| Untracked 
| 247|0x00000000cf700000, 0x00000000cf700000, 0x00000000cf800000|  0%| F|  |TAMS 0x00000000cf700000, 0x00000000cf700000| Untracked 
| 248|0x00000000cf800000, 0x00000000cf800000, 0x00000000cf900000|  0%| F|  |TAMS 0x00000000cf800000, 0x00000000cf800000| Untracked 
| 249|0x00000000cf900000, 0x00000000cf900000, 0x00000000cfa00000|  0%| F|  |TAMS 0x00000000cf900000, 0x00000000cf900000| Untracked 
| 250|0x00000000cfa00000, 0x00000000cfa00000, 0x00000000cfb00000|  0%| F|  |TAMS 0x00000000cfa00000, 0x00000000cfa00000| Untracked 
| 251|0x00000000cfb00000, 0x00000000cfb00000, 0x00000000cfc00000|  0%| F|  |TAMS 0x00000000cfb00000, 0x00000000cfb00000| Untracked 
| 252|0x00000000cfc00000, 0x00000000cfc00000, 0x00000000cfd00000|  0%| F|  |TAMS 0x00000000cfc00000, 0x00000000cfc00000| Untracked 
| 253|0x00000000cfd00000, 0x00000000cfd00000, 0x00000000cfe00000|  0%| F|  |TAMS 0x00000000cfd00000, 0x00000000cfd00000| Untracked 
| 254|0x00000000cfe00000, 0x00000000cfe00000, 0x00000000cff00000|  0%| F|  |TAMS 0x00000000cfe00000, 0x00000000cfe00000| Untracked 
| 255|0x00000000cff00000, 0x00000000cff00000, 0x00000000d0000000|  0%| F|  |TAMS 0x00000000cff00000, 0x00000000cff00000| Untracked 
| 256|0x00000000d0000000, 0x00000000d0000000, 0x00000000d0100000|  0%| F|  |TAMS 0x00000000d0000000, 0x00000000d0000000| Untracked 
| 257|0x00000000d0100000, 0x00000000d0100000, 0x00000000d0200000|  0%| F|  |TAMS 0x00000000d0100000, 0x00000000d0100000| Untracked 
| 258|0x00000000d0200000, 0x00000000d0200000, 0x00000000d0300000|  0%| F|  |TAMS 0x00000000d0200000, 0x00000000d0200000| Untracked 
| 259|0x00000000d0300000, 0x00000000d0300000, 0x00000000d0400000|  0%| F|  |TAMS 0x00000000d0300000, 0x00000000d0300000| Untracked 
| 260|0x00000000d0400000, 0x00000000d0400000, 0x00000000d0500000|  0%| F|  |TAMS 0x00000000d0400000, 0x00000000d0400000| Untracked 
| 261|0x00000000d0500000, 0x00000000d0500000, 0x00000000d0600000|  0%| F|  |TAMS 0x00000000d0500000, 0x00000000d0500000| Untracked 
| 262|0x00000000d0600000, 0x00000000d0600000, 0x00000000d0700000|  0%| F|  |TAMS 0x00000000d0600000, 0x00000000d0600000| Untracked 
| 263|0x00000000d0700000, 0x00000000d0700000, 0x00000000d0800000|  0%| F|  |TAMS 0x00000000d0700000, 0x00000000d0700000| Untracked 
| 264|0x00000000d0800000, 0x00000000d0800000, 0x00000000d0900000|  0%| F|  |TAMS 0x00000000d0800000, 0x00000000d0800000| Untracked 
| 265|0x00000000d0900000, 0x00000000d0900000, 0x00000000d0a00000|  0%| F|  |TAMS 0x00000000d0900000, 0x00000000d0900000| Untracked 
| 266|0x00000000d0a00000, 0x00000000d0a00000, 0x00000000d0b00000|  0%| F|  |TAMS 0x00000000d0a00000, 0x00000000d0a00000| Untracked 
| 267|0x00000000d0b00000, 0x00000000d0b00000, 0x00000000d0c00000|  0%| F|  |TAMS 0x00000000d0b00000, 0x00000000d0b00000| Untracked 
| 268|0x00000000d0c00000, 0x00000000d0c00000, 0x00000000d0d00000|  0%| F|  |TAMS 0x00000000d0c00000, 0x00000000d0c00000| Untracked 
| 269|0x00000000d0d00000, 0x00000000d0d00000, 0x00000000d0e00000|  0%| F|  |TAMS 0x00000000d0d00000, 0x00000000d0d00000| Untracked 
| 270|0x00000000d0e00000, 0x00000000d0e00000, 0x00000000d0f00000|  0%| F|  |TAMS 0x00000000d0e00000, 0x00000000d0e00000| Untracked 
| 271|0x00000000d0f00000, 0x00000000d0f00000, 0x00000000d1000000|  0%| F|  |TAMS 0x00000000d0f00000, 0x00000000d0f00000| Untracked 
| 272|0x00000000d1000000, 0x00000000d1000000, 0x00000000d1100000|  0%| F|  |TAMS 0x00000000d1000000, 0x00000000d1000000| Untracked 
| 273|0x00000000d1100000, 0x00000000d1100000, 0x00000000d1200000|  0%| F|  |TAMS 0x00000000d1100000, 0x00000000d1100000| Untracked 
| 274|0x00000000d1200000, 0x00000000d1200000, 0x00000000d1300000|  0%| F|  |TAMS 0x00000000d1200000, 0x00000000d1200000| Untracked 
| 275|0x00000000d1300000, 0x00000000d1300000, 0x00000000d1400000|  0%| F|  |TAMS 0x00000000d1300000, 0x00000000d1300000| Untracked 
| 276|0x00000000d1400000, 0x00000000d14d22f8, 0x00000000d1500000| 82%| E|  |TAMS 0x00000000d1400000, 0x00000000d1400000| Complete 
| 277|0x00000000d1500000, 0x00000000d1600000, 0x00000000d1600000|100%| E|CS|TAMS 0x00000000d1500000, 0x00000000d1500000| Complete 
| 278|0x00000000d1600000, 0x00000000d1700000, 0x00000000d1700000|100%| E|CS|TAMS 0x00000000d1600000, 0x00000000d1600000| Complete 
| 279|0x00000000d1700000, 0x00000000d1800000, 0x00000000d1800000|100%| E|CS|TAMS 0x00000000d1700000, 0x00000000d1700000| Complete 
| 280|0x00000000d1800000, 0x00000000d1900000, 0x00000000d1900000|100%| E|CS|TAMS 0x00000000d1800000, 0x00000000d1800000| Complete 
| 281|0x00000000d1900000, 0x00000000d1a00000, 0x00000000d1a00000|100%| E|CS|TAMS 0x00000000d1900000, 0x00000000d1900000| Complete 
| 282|0x00000000d1a00000, 0x00000000d1b00000, 0x00000000d1b00000|100%| E|CS|TAMS 0x00000000d1a00000, 0x00000000d1a00000| Complete 
| 283|0x00000000d1b00000, 0x00000000d1c00000, 0x00000000d1c00000|100%| E|CS|TAMS 0x00000000d1b00000, 0x00000000d1b00000| Complete 
| 284|0x00000000d1c00000, 0x00000000d1d00000, 0x00000000d1d00000|100%| E|CS|TAMS 0x00000000d1c00000, 0x00000000d1c00000| Complete 
| 285|0x00000000d1d00000, 0x00000000d1e00000, 0x00000000d1e00000|100%| E|CS|TAMS 0x00000000d1d00000, 0x00000000d1d00000| Complete 
| 286|0x00000000d1e00000, 0x00000000d1f00000, 0x00000000d1f00000|100%| E|CS|TAMS 0x00000000d1e00000, 0x00000000d1e00000| Complete 
| 287|0x00000000d1f00000, 0x00000000d2000000, 0x00000000d2000000|100%| E|CS|TAMS 0x00000000d1f00000, 0x00000000d1f00000| Complete 
| 288|0x00000000d2000000, 0x00000000d2100000, 0x00000000d2100000|100%| E|CS|TAMS 0x00000000d2000000, 0x00000000d2000000| Complete 
| 289|0x00000000d2100000, 0x00000000d2200000, 0x00000000d2200000|100%| E|CS|TAMS 0x00000000d2100000, 0x00000000d2100000| Complete 
| 290|0x00000000d2200000, 0x00000000d2300000, 0x00000000d2300000|100%| E|CS|TAMS 0x00000000d2200000, 0x00000000d2200000| Complete 
| 291|0x00000000d2300000, 0x00000000d2400000, 0x00000000d2400000|100%| E|CS|TAMS 0x00000000d2300000, 0x00000000d2300000| Complete 
| 292|0x00000000d2400000, 0x00000000d2500000, 0x00000000d2500000|100%| E|CS|TAMS 0x00000000d2400000, 0x00000000d2400000| Complete 
| 293|0x00000000d2500000, 0x00000000d2600000, 0x00000000d2600000|100%| E|CS|TAMS 0x00000000d2500000, 0x00000000d2500000| Complete 
| 294|0x00000000d2600000, 0x00000000d2700000, 0x00000000d2700000|100%| E|CS|TAMS 0x00000000d2600000, 0x00000000d2600000| Complete 
| 295|0x00000000d2700000, 0x00000000d2800000, 0x00000000d2800000|100%| E|CS|TAMS 0x00000000d2700000, 0x00000000d2700000| Complete 
| 296|0x00000000d2800000, 0x00000000d2900000, 0x00000000d2900000|100%| E|CS|TAMS 0x00000000d2800000, 0x00000000d2800000| Complete 

Card table byte_map: [0x0000024c22d10000,0x0000024c22f10000] _byte_map_base: 0x0000024c22710000

Marking Bits (Prev, Next): (CMBitMap*) 0x0000024c0bced1a0, (CMBitMap*) 0x0000024c0bced1e0
 Prev Bits: [0x0000024c23110000, 0x0000024c24110000)
 Next Bits: [0x0000024c24110000, 0x0000024c25110000)

Polling page: 0x0000024c09bc0000

Metaspace:

Usage:
  Non-class:     11.67 MB used.
      Class:    919.26 KB used.
       Both:     12.57 MB used.

Virtual space:
  Non-class space:       64.00 MB reserved,      11.75 MB ( 18%) committed,  1 nodes.
      Class space:        1.00 GB reserved,       1.00 MB ( <1%) committed,  1 nodes.
             Both:        1.06 GB reserved,      12.75 MB (  1%) committed. 

Chunk freelists:
   Non-Class:  3.95 MB
       Class:  14.91 MB
        Both:  18.86 MB

MaxMetaspaceSize: unlimited
CompressedClassSpaceSize: 1.00 GB
Initial GC threshold: 21.00 MB
Current GC threshold: 21.00 MB
CDS: on
MetaspaceReclaimPolicy: balanced
 - commit_granule_bytes: 65536.
 - commit_granule_words: 8192.
 - virtual_space_node_default_size: 8388608.
 - enlarge_chunks_in_place: 1.
 - new_chunks_are_fully_committed: 0.
 - uncommit_free_chunks: 1.
 - use_allocation_guard: 0.
 - handle_deallocations: 1.


Internal statistics:

num_allocs_failed_limit: 0.
num_arena_births: 106.
num_arena_deaths: 0.
num_vsnodes_births: 2.
num_vsnodes_deaths: 0.
num_space_committed: 200.
num_space_uncommitted: 0.
num_chunks_returned_to_freelist: 0.
num_chunks_taken_from_freelist: 383.
num_chunk_merges: 0.
num_chunk_splits: 299.
num_chunks_enlarged: 238.
num_inconsistent_stats: 0.

CodeHeap 'non-profiled nmethods': size=120000Kb used=837Kb max_used=837Kb free=119162Kb
 bounds [0x0000024c1b2b0000, 0x0000024c1b520000, 0x0000024c227e0000]
CodeHeap 'profiled nmethods': size=120000Kb used=2887Kb max_used=2887Kb free=117112Kb
 bounds [0x0000024c137e0000, 0x0000024c13ac0000, 0x0000024c1ad10000]
CodeHeap 'non-nmethods': size=5760Kb used=1614Kb max_used=1656Kb free=4145Kb
 bounds [0x0000024c1ad10000, 0x0000024c1af80000, 0x0000024c1b2b0000]
 total_blobs=2469 nmethods=1531 adapters=851
 compilation: enabled
              stopped_count=0, restarted_count=0
 full_count=0

Compilation events (20 events):
Event: 11.483 Thread 0x0000024c27b2d2d0 1522       3       jogamp.newt.WindowImpl::getGraphicsConfiguration (10 bytes)
Event: 11.483 Thread 0x0000024c27b2d2d0 nmethod 1522 0x0000024c13aaef10 code [0x0000024c13aaf0a0, 0x0000024c13aaf2d8]
Event: 11.603 Thread 0x0000024c27b2d2d0 1523       3       java.lang.ThreadLocal$ThreadLocalMap::set (133 bytes)
Event: 11.604 Thread 0x0000024c27b2d2d0 nmethod 1523 0x0000024c13aaf410 code [0x0000024c13aaf6a0, 0x0000024c13ab03a8]
Event: 11.710 Thread 0x0000024c27b2c170 1524       4       java.util.HashMap::keySet (25 bytes)
Event: 11.711 Thread 0x0000024c27b2c170 nmethod 1524 0x0000024c1b380890 code [0x0000024c1b380a20, 0x0000024c1b380bd8]
Event: 11.839 Thread 0x0000024c27b2d2d0 1525       3       processing.core.PApplet::max (11 bytes)
Event: 11.839 Thread 0x0000024c27b2d2d0 nmethod 1525 0x0000024c13ab0890 code [0x0000024c13ab0a20, 0x0000024c13ab0b58]
Event: 11.915 Thread 0x0000024c27b2d2d0 1526       1       java.lang.Boolean::booleanValue (5 bytes)
Event: 11.915 Thread 0x0000024c27b2d2d0 nmethod 1526 0x0000024c1b380c90 code [0x0000024c1b380e20, 0x0000024c1b380ef8]
Event: 11.916 Thread 0x0000024c27b2c170 1527 %     4       java.lang.StringCoding::hasNegatives @ 2 (25 bytes)
Event: 11.917 Thread 0x0000024c27b2d2d0 1528       3       java.lang.AbstractStringBuilder::append (55 bytes)
Event: 11.917 Thread 0x0000024c27b2d2d0 nmethod 1528 0x0000024c13ab0c10 code [0x0000024c13ab0de0, 0x0000024c13ab1118]
Event: 11.919 Thread 0x0000024c27b2c170 nmethod 1527% 0x0000024c1b380f90 code [0x0000024c1b381120, 0x0000024c1b381338]
Event: 11.937 Thread 0x0000024c27b2d2d0 1529       3       jogamp.common.util.locks.RecursiveLockImpl01Unfairish$SingleThreadSync::incrHoldCount (11 bytes)
Event: 11.938 Thread 0x0000024c27b2d2d0 nmethod 1529 0x0000024c13ab1290 code [0x0000024c13ab1420, 0x0000024c13ab1538]
Event: 11.949 Thread 0x0000024c27b2d2d0 1530       3       jdk.internal.misc.Unsafe::getAndAddLong (27 bytes)
Event: 11.949 Thread 0x0000024c27b2d2d0 nmethod 1530 0x0000024c13ab1610 code [0x0000024c13ab17c0, 0x0000024c13ab1a08]
Event: 11.949 Thread 0x0000024c27b2d2d0 1531       3       jdk.internal.misc.Unsafe::weakCompareAndSetLong (11 bytes)
Event: 11.949 Thread 0x0000024c27b2d2d0 nmethod 1531 0x0000024c13ab1b10 code [0x0000024c13ab1ca0, 0x0000024c13ab1dd8]

GC Heap History (20 events):
Event: 2.445 GC heap before
{Heap before GC invocations=6 (full 0):
 garbage-first heap   total 168960K, used 116207K [0x00000000c0000000, 0x0000000100000000)
  region size 1024K, 2 young (2048K), 1 survivors (1024K)
 Metaspace       used 12537K, committed 12736K, reserved 1114112K
  class space    used 906K, committed 1024K, reserved 1048576K
}
Event: 2.446 GC heap after
{Heap after GC invocations=7 (full 0):
 garbage-first heap   total 168960K, used 116160K [0x00000000c0000000, 0x0000000100000000)
  region size 1024K, 1 young (1024K), 1 survivors (1024K)
 Metaspace       used 12537K, committed 12736K, reserved 1114112K
  class space    used 906K, committed 1024K, reserved 1048576K
}
Event: 2.816 GC heap before
{Heap before GC invocations=8 (full 0):
 garbage-first heap   total 244736K, used 187840K [0x00000000c0000000, 0x0000000100000000)
  region size 1024K, 18 young (18432K), 1 survivors (1024K)
 Metaspace       used 12705K, committed 12928K, reserved 1114112K
  class space    used 914K, committed 1024K, reserved 1048576K
}
Event: 2.819 GC heap after
{Heap after GC invocations=9 (full 0):
 garbage-first heap   total 244736K, used 176904K [0x00000000c0000000, 0x0000000100000000)
  region size 1024K, 3 young (3072K), 3 survivors (3072K)
 Metaspace       used 12705K, committed 12928K, reserved 1114112K
  class space    used 914K, committed 1024K, reserved 1048576K
}
Event: 3.242 GC heap before
{Heap before GC invocations=9 (full 0):
 garbage-first heap   total 244736K, used 202504K [0x00000000c0000000, 0x0000000100000000)
  region size 1024K, 28 young (28672K), 3 survivors (3072K)
 Metaspace       used 12728K, committed 12928K, reserved 1114112K
  class space    used 914K, committed 1024K, reserved 1048576K
}
Event: 3.245 GC heap after
{Heap after GC invocations=10 (full 0):
 garbage-first heap   total 244736K, used 178562K [0x00000000c0000000, 0x0000000100000000)
  region size 1024K, 4 young (4096K), 4 survivors (4096K)
 Metaspace       used 12728K, committed 12928K, reserved 1114112K
  class space    used 914K, committed 1024K, reserved 1048576K
}
Event: 3.612 GC heap before
{Heap before GC invocations=11 (full 0):
 garbage-first heap   total 302080K, used 200066K [0x00000000c0000000, 0x0000000100000000)
  region size 1024K, 27 young (27648K), 4 survivors (4096K)
 Metaspace       used 12769K, committed 12992K, reserved 1114112K
  class space    used 914K, committed 1024K, reserved 1048576K
}
Event: 3.614 GC heap after
{Heap after GC invocations=12 (full 0):
 garbage-first heap   total 302080K, used 173153K [0x00000000c0000000, 0x0000000100000000)
  region size 1024K, 1 young (1024K), 1 survivors (1024K)
 Metaspace       used 12769K, committed 12992K, reserved 1114112K
  class space    used 914K, committed 1024K, reserved 1048576K
}
Event: 4.588 GC heap before
{Heap before GC invocations=12 (full 0):
 garbage-first heap   total 302080K, used 242785K [0x00000000c0000000, 0x0000000100000000)
  region size 1024K, 69 young (70656K), 1 survivors (1024K)
 Metaspace       used 12777K, committed 12992K, reserved 1114112K
  class space    used 914K, committed 1024K, reserved 1048576K
}
Event: 4.592 GC heap after
{Heap after GC invocations=13 (full 0):
 garbage-first heap   total 302080K, used 178438K [0x00000000c0000000, 0x0000000100000000)
  region size 1024K, 6 young (6144K), 6 survivors (6144K)
 Metaspace       used 12777K, committed 12992K, reserved 1114112K
  class space    used 914K, committed 1024K, reserved 1048576K
}
Event: 5.948 GC heap before
{Heap before GC invocations=14 (full 0):
 garbage-first heap   total 302080K, used 255238K [0x00000000c0000000, 0x0000000100000000)
  region size 1024K, 81 young (82944K), 6 survivors (6144K)
 Metaspace       used 12784K, committed 12992K, reserved 1114112K
  class space    used 914K, committed 1024K, reserved 1048576K
}
Event: 5.954 GC heap after
{Heap after GC invocations=15 (full 0):
 garbage-first heap   total 302080K, used 177085K [0x00000000c0000000, 0x0000000100000000)
  region size 1024K, 5 young (5120K), 5 survivors (5120K)
 Metaspace       used 12784K, committed 12992K, reserved 1114112K
  class space    used 914K, committed 1024K, reserved 1048576K
}
Event: 7.551 GC heap before
{Heap before GC invocations=15 (full 0):
 garbage-first heap   total 302080K, used 255933K [0x00000000c0000000, 0x0000000100000000)
  region size 1024K, 82 young (83968K), 5 survivors (5120K)
 Metaspace       used 12789K, committed 12992K, reserved 1114112K
  class space    used 914K, committed 1024K, reserved 1048576K
}
Event: 7.557 GC heap after
{Heap after GC invocations=16 (full 0):
 garbage-first heap   total 302080K, used 176839K [0x00000000c0000000, 0x0000000100000000)
  region size 1024K, 5 young (5120K), 5 survivors (5120K)
 Metaspace       used 12789K, committed 12992K, reserved 1114112K
  class space    used 914K, committed 1024K, reserved 1048576K
}
Event: 8.728 GC heap before
{Heap before GC invocations=17 (full 0):
 garbage-first heap   total 304128K, used 255687K [0x00000000c0000000, 0x0000000100000000)
  region size 1024K, 82 young (83968K), 5 survivors (5120K)
 Metaspace       used 12806K, committed 12992K, reserved 1114112K
  class space    used 914K, committed 1024K, reserved 1048576K
}
Event: 8.731 GC heap after
{Heap after GC invocations=18 (full 0):
 garbage-first heap   total 304128K, used 178483K [0x00000000c0000000, 0x0000000100000000)
  region size 1024K, 6 young (6144K), 6 survivors (6144K)
 Metaspace       used 12806K, committed 12992K, reserved 1114112K
  class space    used 914K, committed 1024K, reserved 1048576K
}
Event: 10.073 GC heap before
{Heap before GC invocations=18 (full 0):
 garbage-first heap   total 304128K, used 258355K [0x00000000c0000000, 0x0000000100000000)
  region size 1024K, 84 young (86016K), 6 survivors (6144K)
 Metaspace       used 12814K, committed 12992K, reserved 1114112K
  class space    used 914K, committed 1024K, reserved 1048576K
}
Event: 10.077 GC heap after
{Heap after GC invocations=19 (full 0):
 garbage-first heap   total 304128K, used 178598K [0x00000000c0000000, 0x0000000100000000)
  region size 1024K, 6 young (6144K), 6 survivors (6144K)
 Metaspace       used 12814K, committed 12992K, reserved 1114112K
  class space    used 914K, committed 1024K, reserved 1048576K
}
Event: 11.605 GC heap before
{Heap before GC invocations=20 (full 0):
 garbage-first heap   total 304128K, used 258470K [0x00000000c0000000, 0x0000000100000000)
  region size 1024K, 84 young (86016K), 6 survivors (6144K)
 Metaspace       used 12819K, committed 12992K, reserved 1114112K
  class space    used 914K, committed 1024K, reserved 1048576K
}
Event: 11.606 GC heap after
{Heap after GC invocations=21 (full 0):
 garbage-first heap   total 304128K, used 173968K [0x00000000c0000000, 0x0000000100000000)
  region size 1024K, 2 young (2048K), 2 survivors (2048K)
 Metaspace       used 12819K, committed 12992K, reserved 1114112K
  class space    used 914K, committed 1024K, reserved 1048576K
}

Dll operation events (14 events):
Event: 0.021 Loaded shared library C:\Program Files\Processing\app\resources\jdk-17.0.14+7\bin\java.dll
Event: 0.040 Loaded shared library C:\Program Files\Processing\app\resources\jdk-17.0.14+7\bin\jsvml.dll
Event: 0.196 Loaded shared library C:\Program Files\Processing\app\resources\jdk-17.0.14+7\bin\net.dll
Event: 0.197 Loaded shared library C:\Program Files\Processing\app\resources\jdk-17.0.14+7\bin\nio.dll
Event: 0.201 Loaded shared library C:\Program Files\Processing\app\resources\jdk-17.0.14+7\bin\zip.dll
Event: 0.258 Loaded shared library C:\Program Files\Processing\app\resources\jdk-17.0.14+7\bin\jimage.dll
Event: 0.262 Loaded shared library C:\Program Files\Processing\app\resources\jdk-17.0.14+7\bin\awt.dll
Event: 0.711 Loaded shared library C:\Users\danil\AppData\Local\Temp\jogamp_0000\file_cache\jln15510061000502794119\jln14743202066525651910\natives\windows-amd64\gluegen_rt.dll
Event: 0.720 Loaded shared library C:\Program Files\Processing\app\resources\jdk-17.0.14+7\bin\jawt.dll
Event: 0.735 Loaded shared library C:\Users\danil\AppData\Local\Temp\jogamp_0000\file_cache\jln15510061000502794119\jln14743202066525651910\natives\windows-amd64\nativewindow_awt.dll
Event: 0.782 Loaded shared library C:\Users\danil\AppData\Local\Temp\jogamp_0000\file_cache\jln15510061000502794119\jln14743202066525651910\natives\windows-amd64\nativewindow_win32.dll
Event: 0.898 Loaded shared library C:\Users\danil\AppData\Local\Temp\jogamp_0000\file_cache\jln15510061000502794119\jln14743202066525651910\natives\windows-amd64\jogl_desktop.dll
Event: 1.158 Loaded shared library C:\Users\danil\AppData\Local\Temp\jogamp_0000\file_cache\jln15510061000502794119\jln14743202066525651910\natives\windows-amd64\jogl_mobile.dll
Event: 2.054 Loaded shared library C:\Users\danil\AppData\Local\Temp\jogamp_0000\file_cache\jln15510061000502794119\jln14743202066525651910\natives\windows-amd64\newt_head.dll

Deoptimization events (20 events):
Event: 11.825 Thread 0x0000024c6f267ae0 DEOPT PACKING pc=0x0000024c1b36d73c sp=0x000000b89cffefe0
Event: 11.825 Thread 0x0000024c6f267ae0 DEOPT UNPACKING pc=0x0000024c1ad6ace3 sp=0x000000b89cffe4a0 mode 1
Event: 11.825 Thread 0x0000024c6f267ae0 DEOPT PACKING pc=0x0000024c1b35c888 sp=0x000000b89cfff050
Event: 11.825 Thread 0x0000024c6f267ae0 DEOPT UNPACKING pc=0x0000024c1ad6ace3 sp=0x000000b89cffe578 mode 1
Event: 11.825 Thread 0x0000024c6f267ae0 DEOPT PACKING pc=0x0000024c1b36d7e0 sp=0x000000b89cfff130
Event: 11.825 Thread 0x0000024c6f267ae0 DEOPT UNPACKING pc=0x0000024c1ad6ace3 sp=0x000000b89cffe5f0 mode 1
Event: 11.825 Thread 0x0000024c6f267ae0 DEOPT PACKING pc=0x0000024c1b35c888 sp=0x000000b89cfff1a0
Event: 11.825 Thread 0x0000024c6f267ae0 DEOPT UNPACKING pc=0x0000024c1ad6ace3 sp=0x000000b89cffe6c8 mode 1
Event: 11.825 Thread 0x0000024c6f267ae0 DEOPT PACKING pc=0x0000024c1b36cb14 sp=0x000000b89cfff280
Event: 11.825 Thread 0x0000024c6f267ae0 DEOPT UNPACKING pc=0x0000024c1ad6ace3 sp=0x000000b89cffe708 mode 1
Event: 11.825 Thread 0x0000024c6f267ae0 DEOPT PACKING pc=0x0000024c13a7e50c sp=0x000000b89cfff2d0
Event: 11.825 Thread 0x0000024c6f267ae0 DEOPT UNPACKING pc=0x0000024c1ad6ace3 sp=0x000000b89cffe818 mode 1
Event: 11.937 Thread 0x0000024c6db945e0 Uncommon trap: trap_request=0xffffff45 fr.pc=0x0000024c1b32d568 relative=0x00000000000001e8
Event: 11.937 Thread 0x0000024c6db945e0 Uncommon trap: reason=unstable_if action=reinterpret pc=0x0000024c1b32d568 method=java.util.HashMap$HashIterator.<init>(Ljava/util/HashMap;)V @ 38 c2
Event: 11.937 Thread 0x0000024c6db945e0 DEOPT PACKING pc=0x0000024c1b32d568 sp=0x000000b89bdff380
Event: 11.937 Thread 0x0000024c6db945e0 DEOPT UNPACKING pc=0x0000024c1ad6a1a3 sp=0x000000b89bdff328 mode 2
Event: 11.942 Thread 0x0000024c6db945e0 Uncommon trap: trap_request=0xffffff45 fr.pc=0x0000024c1b373370 relative=0x00000000000000f0
Event: 11.942 Thread 0x0000024c6db945e0 Uncommon trap: reason=unstable_if action=reinterpret pc=0x0000024c1b373370 method=com.jogamp.common.util.IntIntHashMap.put(II)I @ 21 c2
Event: 11.942 Thread 0x0000024c6db945e0 DEOPT PACKING pc=0x0000024c1b373370 sp=0x000000b89bdff100
Event: 11.942 Thread 0x0000024c6db945e0 DEOPT UNPACKING pc=0x0000024c1ad6a1a3 sp=0x000000b89bdff068 mode 2

Classes loaded (20 events):
Event: 2.273 Loading class java/util/concurrent/Callable done
Event: 2.273 Loading class java/util/concurrent/Executors$RunnableAdapter done
Event: 2.273 Loading class java/util/concurrent/ThreadPoolExecutor$Worker
Event: 2.273 Loading class java/util/concurrent/ThreadPoolExecutor$Worker done
Event: 2.275 Loading class java/util/concurrent/locks/AbstractQueuedSynchronizer$SharedNode
Event: 2.275 Loading class java/util/concurrent/locks/AbstractQueuedSynchronizer$SharedNode done
Event: 2.556 Loading class sun/nio/cs/StreamDecoder
Event: 2.556 Loading class sun/nio/cs/StreamDecoder done
Event: 2.557 Loading class java/util/regex/Pattern$LookBehindEndNode
Event: 2.557 Loading class java/util/regex/Pattern$LookBehindEndNode done
Event: 2.557 Loading class java/util/regex/Pattern$NotBehind
Event: 2.557 Loading class java/util/regex/Pattern$NotBehind done
Event: 2.557 Loading class java/util/regex/Pattern$Neg
Event: 2.557 Loading class java/util/regex/Pattern$Neg done
Event: 2.557 Loading class java/util/regex/Pattern$Pos
Event: 2.557 Loading class java/util/regex/Pattern$Pos done
Event: 2.567 Loading class java/util/regex/Pattern$SliceS
Event: 2.567 Loading class java/util/regex/Pattern$SliceS done
Event: 11.916 Loading class java/nio/channels/ClosedChannelException
Event: 11.916 Loading class java/nio/channels/ClosedChannelException done

Classes unloaded (0 events):
No events

Classes redefined (0 events):
No events

Internal exceptions (20 events):
Event: 11.489 Thread 0x0000024c6f7513f0 Exception <a 'java/lang/ClassCastException'{0x00000000ce01b5c8}: class Gravity_simul$LeafNode cannot be cast to class Gravity_simul$RegularNode (Gravity_simul$LeafNode and Gravity_simul$RegularNode are in unnamed module of loader 'app')> (0x00000000ce01b5c8) 
thrown [s\src\hotspot\share\interpreter\interpreterRuntime.cpp, line 444]
Event: 11.489 Thread 0x0000024c6f266bb0 Exception <a 'java/lang/ClassCastException'{0x00000000ce04fe60}: class Gravity_simul$LeafNode cannot be cast to class Gravity_simul$RegularNode (Gravity_simul$LeafNode and Gravity_simul$RegularNode are in unnamed module of loader 'app')> (0x00000000ce04fe60) 
thrown [s\src\hotspot\share\interpreter\interpreterRuntime.cpp, line 444]
Event: 11.494 Thread 0x0000024c6f7513f0 Exception <a 'java/lang/ClassCastException'{0x00000000cdf9b588}: class Gravity_simul$LeafNode cannot be cast to class Gravity_simul$RegularNode (Gravity_simul$LeafNode and Gravity_simul$RegularNode are in unnamed module of loader 'app')> (0x00000000cdf9b588) 
thrown [s\src\hotspot\share\interpreter\interpreterRuntime.cpp, line 444]
Event: 11.604 Thread 0x0000024c6f751e10 Exception <a 'java/lang/ClassCastException'{0x00000000cdc4ef30}: class Gravity_simul$LeafNode cannot be cast to class Gravity_simul$RegularNode (Gravity_simul$LeafNode and Gravity_simul$RegularNode are in unnamed module of loader 'app')> (0x00000000cdc4ef30) 
thrown [s\src\hotspot\share\interpreter\interpreterRuntime.cpp, line 444]
Event: 11.605 Thread 0x0000024c6f74ffb0 Exception <a 'java/lang/ClassCastException'{0x00000000cdbd4120}: class Gravity_simul$LeafNode cannot be cast to class Gravity_simul$RegularNode (Gravity_simul$LeafNode and Gravity_simul$RegularNode are in unnamed module of loader 'app')> (0x00000000cdbd4120) 
thrown [s\src\hotspot\share\interpreter\interpreterRuntime.cpp, line 444]
Event: 11.606 Thread 0x0000024c6f7513f0 Exception <a 'java/lang/ClassCastException'{0x00000000d28296d8}: class Gravity_simul$LeafNode cannot be cast to class Gravity_simul$RegularNode (Gravity_simul$LeafNode and Gravity_simul$RegularNode are in unnamed module of loader 'app')> (0x00000000d28296d8) 
thrown [s\src\hotspot\share\interpreter\interpreterRuntime.cpp, line 444]
Event: 11.613 Thread 0x0000024c6f754180 Exception <a 'java/lang/ClassCastException'{0x00000000d2450cf8}: class Gravity_simul$LeafNode cannot be cast to class Gravity_simul$RegularNode (Gravity_simul$LeafNode and Gravity_simul$RegularNode are in unnamed module of loader 'app')> (0x00000000d2450cf8) 
thrown [s\src\hotspot\share\interpreter\interpreterRuntime.cpp, line 444]
Event: 11.714 Thread 0x0000024c6f753c70 Exception <a 'java/lang/ClassCastException'{0x00000000d235f690}: class Gravity_simul$LeafNode cannot be cast to class Gravity_simul$RegularNode (Gravity_simul$LeafNode and Gravity_simul$RegularNode are in unnamed module of loader 'app')> (0x00000000d235f690) 
thrown [s\src\hotspot\share\interpreter\interpreterRuntime.cpp, line 444]
Event: 11.716 Thread 0x0000024c6f750ee0 Exception <a 'java/lang/ClassCastException'{0x00000000d22ff3b8}: class Gravity_simul$LeafNode cannot be cast to class Gravity_simul$RegularNode (Gravity_simul$LeafNode and Gravity_simul$RegularNode are in unnamed module of loader 'app')> (0x00000000d22ff3b8) 
thrown [s\src\hotspot\share\interpreter\interpreterRuntime.cpp, line 444]
Event: 11.716 Thread 0x0000024c6f751e10 Exception <a 'java/lang/ClassCastException'{0x00000000d2020ce0}: class Gravity_simul$LeafNode cannot be cast to class Gravity_simul$RegularNode (Gravity_simul$LeafNode and Gravity_simul$RegularNode are in unnamed module of loader 'app')> (0x00000000d2020ce0) 
thrown [s\src\hotspot\share\interpreter\interpreterRuntime.cpp, line 444]
Event: 11.722 Thread 0x0000024c6f2670c0 Exception <a 'java/lang/ClassCastException'{0x00000000d20bc368}: class Gravity_simul$LeafNode cannot be cast to class Gravity_simul$RegularNode (Gravity_simul$LeafNode and Gravity_simul$RegularNode are in unnamed module of loader 'app')> (0x00000000d20bc368) 
thrown [s\src\hotspot\share\interpreter\interpreterRuntime.cpp, line 444]
Event: 11.722 Thread 0x0000024c6f7513f0 Exception <a 'java/lang/ClassCastException'{0x00000000d1e3b018}: class Gravity_simul$LeafNode cannot be cast to class Gravity_simul$RegularNode (Gravity_simul$LeafNode and Gravity_simul$RegularNode are in unnamed module of loader 'app')> (0x00000000d1e3b018) 
thrown [s\src\hotspot\share\interpreter\interpreterRuntime.cpp, line 444]
Event: 11.722 Thread 0x0000024c6f267ae0 Exception <a 'java/lang/ClassCastException'{0x00000000d1eadb60}: class Gravity_simul$LeafNode cannot be cast to class Gravity_simul$RegularNode (Gravity_simul$LeafNode and Gravity_simul$RegularNode are in unnamed module of loader 'app')> (0x00000000d1eadb60) 
thrown [s\src\hotspot\share\interpreter\interpreterRuntime.cpp, line 444]
Event: 11.817 Thread 0x0000024c6f7513f0 Exception <a 'java/lang/ClassCastException'{0x00000000d1e3caa8}: class Gravity_simul$LeafNode cannot be cast to class Gravity_simul$RegularNode (Gravity_simul$LeafNode and Gravity_simul$RegularNode are in unnamed module of loader 'app')> (0x00000000d1e3caa8) 
thrown [s\src\hotspot\share\interpreter\interpreterRuntime.cpp, line 444]
Event: 11.818 Thread 0x0000024c6f7509d0 Exception <a 'java/lang/ClassCastException'{0x00000000d1b9a018}: class Gravity_simul$LeafNode cannot be cast to class Gravity_simul$RegularNode (Gravity_simul$LeafNode and Gravity_simul$RegularNode are in unnamed module of loader 'app')> (0x00000000d1b9a018) 
thrown [s\src\hotspot\share\interpreter\interpreterRuntime.cpp, line 444]
Event: 11.821 Thread 0x0000024c6f753c70 Exception <a 'java/lang/ClassCastException'{0x00000000d19b2bc0}: class Gravity_simul$LeafNode cannot be cast to class Gravity_simul$RegularNode (Gravity_simul$LeafNode and Gravity_simul$RegularNode are in unnamed module of loader 'app')> (0x00000000d19b2bc0) 
thrown [s\src\hotspot\share\interpreter\interpreterRuntime.cpp, line 444]
Event: 11.822 Thread 0x0000024c6f7509d0 Exception <a 'java/lang/ClassCastException'{0x00000000d1865640}: class Gravity_simul$LeafNode cannot be cast to class Gravity_simul$RegularNode (Gravity_simul$LeafNode and Gravity_simul$RegularNode are in unnamed module of loader 'app')> (0x00000000d1865640) 
thrown [s\src\hotspot\share\interpreter\interpreterRuntime.cpp, line 444]
Event: 11.824 Thread 0x0000024c6f267ae0 Exception <a 'java/lang/ClassCastException'{0x00000000d17ac1b0}: class Gravity_simul$LeafNode cannot be cast to class Gravity_simul$RegularNode (Gravity_simul$LeafNode and Gravity_simul$RegularNode are in unnamed module of loader 'app')> (0x00000000d17ac1b0) 
thrown [s\src\hotspot\share\interpreter\interpreterRuntime.cpp, line 444]
Event: 11.915 Thread 0x0000024c6f08f500 Exception <a 'java/lang/InterruptedException'{0x00000000d15e39f0}> (0x00000000d15e39f0) 
thrown [s\src\hotspot\share\runtime\objectMonitor.cpp, line 1658]
Event: 11.942 Thread 0x0000024c6db945e0 Implicit null exception at 0x0000024c1b3732c4 to 0x0000024c1b37334c

VM Operations (20 events):
Event: 5.615 Executing VM operation: Cleanup done
Event: 5.948 Executing VM operation: G1CollectForAllocation
Event: 5.954 Executing VM operation: G1CollectForAllocation done
Event: 7.550 Executing VM operation: G1CollectForAllocation
Event: 7.557 Executing VM operation: G1CollectForAllocation done
Event: 7.590 Executing VM operation: G1PauseRemark
Event: 7.591 Executing VM operation: G1PauseRemark done
Event: 7.603 Executing VM operation: G1PauseCleanup
Event: 7.604 Executing VM operation: G1PauseCleanup done
Event: 8.727 Executing VM operation: G1CollectForAllocation
Event: 8.731 Executing VM operation: G1CollectForAllocation done
Event: 10.073 Executing VM operation: G1CollectForAllocation
Event: 10.077 Executing VM operation: G1CollectForAllocation done
Event: 10.092 Executing VM operation: G1PauseRemark
Event: 10.093 Executing VM operation: G1PauseRemark done
Event: 10.099 Executing VM operation: G1PauseCleanup
Event: 10.100 Executing VM operation: G1PauseCleanup done
Event: 11.605 Executing VM operation: G1CollectForAllocation
Event: 11.606 Executing VM operation: G1CollectForAllocation done
Event: 12.018 Executing VM operation: Exit

Memory protections (0 events):
No events

Nmethod flushes (0 events):
No events

Events (20 events):
Event: 2.275 Thread 0x0000024c6f08f9e0 Thread added: 0x0000024c6f750ee0
Event: 2.310 Thread 0x0000024c27b2d2d0 Thread added: 0x0000024c6f7fcc50
Event: 3.074 Thread 0x0000024c6f7fcc50 Thread exited: 0x0000024c6f7fcc50
Event: 3.144 Thread 0x0000024c6eec1a10 Thread exited: 0x0000024c6eec1a10
Event: 3.290 Thread 0x0000024c6d495220 Thread added: 0x0000024c6f757930
Event: 4.336 Thread 0x0000024c6f757930 Thread exited: 0x0000024c6f757930
Event: 11.510 Thread 0x0000024c6d495220 Thread added: 0x0000024c6f757420
Event: 11.915 Thread 0x0000024c6f08f9e0 Thread added: 0x0000024c6f757930
Event: 11.915 Thread 0x0000024c6f08f500 Thread exited: 0x0000024c6f08f500
Event: 11.915 Thread 0x0000024c6f08f9e0 Thread added: 0x0000024c6f754ba0
Event: 11.915 Thread 0x0000024c6f08f9e0 Thread added: 0x0000024c6f756f10
Event: 11.916 Thread 0x0000024c6f756f10 Thread exited: 0x0000024c6f756f10
Event: 11.917 Thread 0x0000024c6edaabf0 Thread exited: 0x0000024c6edaabf0
Event: 11.917 Thread 0x0000024c6d495220 Thread exited: 0x0000024c6d495220
Event: 11.944 Thread 0x0000024c6db945e0 Thread exited: 0x0000024c6db945e0
Event: 11.950 Thread 0x0000024c6f757930 Thread exited: 0x0000024c6f757930
Event: 12.017 Thread 0x0000024c6f754ba0 Thread exited: 0x0000024c6f754ba0
Event: 12.017 Thread 0x0000024c6f08f9e0 Before exit entered
Event: 12.018 Thread 0x0000024c6d10dfd0 Thread exited: 0x0000024c6d10dfd0
Event: 12.018 Thread 0x0000024c27b22b90 Thread exited: 0x0000024c27b22b90


Dynamic libraries:
0x00007ff705240000 - 0x00007ff70524e000 	C:\Program Files\Processing\app\resources\jdk-17.0.14+7\bin\java.exe
0x00007ffe8d7a0000 - 0x00007ffe8da07000 	C:\WINDOWS\SYSTEM32\ntdll.dll
0x00007ffe8bad0000 - 0x00007ffe8bb99000 	C:\WINDOWS\System32\KERNEL32.DLL
0x00007ffe8afe0000 - 0x00007ffe8b3d7000 	C:\WINDOWS\System32\KERNELBASE.dll
0x00007ffe8ac60000 - 0x00007ffe8adab000 	C:\WINDOWS\System32\ucrtbase.dll
0x00007ffe878f0000 - 0x00007ffe87907000 	C:\Program Files\Processing\app\resources\jdk-17.0.14+7\bin\jli.dll
0x00007ffe879c0000 - 0x00007ffe879de000 	C:\Program Files\Processing\app\resources\jdk-17.0.14+7\bin\VCRUNTIME140.dll
0x00007ffe8b720000 - 0x00007ffe8b8e6000 	C:\WINDOWS\System32\USER32.dll
0x00007ffe8a290000 - 0x00007ffe8a2b7000 	C:\WINDOWS\System32\win32u.dll
0x00007ffe73250000 - 0x00007ffe734e2000 	C:\WINDOWS\WinSxS\amd64_microsoft.windows.common-controls_6595b64144ccf1df_6.0.26100.8457_none_3e0b2faee331e92d\COMCTL32.dll
0x00007ffe8d080000 - 0x00007ffe8d0ab000 	C:\WINDOWS\System32\GDI32.dll
0x00007ffe8b960000 - 0x00007ffe8ba09000 	C:\WINDOWS\System32\msvcrt.dll
0x00007ffe8a2c0000 - 0x00007ffe8a3ec000 	C:\WINDOWS\System32\gdi32full.dll
0x00007ffe8b470000 - 0x00007ffe8b513000 	C:\WINDOWS\System32\msvcp_win.dll
0x00007ffe8d720000 - 0x00007ffe8d752000 	C:\WINDOWS\System32\IMM32.DLL
0x00007ffe85b30000 - 0x00007ffe85b3c000 	C:\Program Files\Processing\app\resources\jdk-17.0.14+7\bin\vcruntime140_1.dll
0x00007ffe7bef0000 - 0x00007ffe7bf7d000 	C:\Program Files\Processing\app\resources\jdk-17.0.14+7\bin\msvcp140.dll
0x00007ffdf50b0000 - 0x00007ffdf5d1b000 	C:\Program Files\Processing\app\resources\jdk-17.0.14+7\bin\server\jvm.dll
0x00007ffe8ba10000 - 0x00007ffe8bac6000 	C:\WINDOWS\System32\ADVAPI32.dll
0x00007ffe8d0f0000 - 0x00007ffe8d197000 	C:\WINDOWS\System32\sechost.dll
0x00007ffe8b520000 - 0x00007ffe8b638000 	C:\WINDOWS\System32\RPCRT4.dll
0x00007ffe8b640000 - 0x00007ffe8b6c0000 	C:\WINDOWS\System32\WS2_32.dll
0x00007ffe8a030000 - 0x00007ffe8a08e000 	C:\WINDOWS\SYSTEM32\POWRPROF.dll
0x00007ffe73640000 - 0x00007ffe73676000 	C:\WINDOWS\SYSTEM32\WINMM.dll
0x00007ffe810b0000 - 0x00007ffe810bb000 	C:\WINDOWS\SYSTEM32\VERSION.dll
0x00007ffe8a010000 - 0x00007ffe8a024000 	C:\WINDOWS\SYSTEM32\UMPDC.dll
0x00007ffe88f60000 - 0x00007ffe88f7b000 	C:\WINDOWS\SYSTEM32\kernel.appcore.dll
0x00007ffe85b20000 - 0x00007ffe85b2a000 	C:\Program Files\Processing\app\resources\jdk-17.0.14+7\bin\jimage.dll
0x00007ffe74060000 - 0x00007ffe742a2000 	C:\WINDOWS\SYSTEM32\DBGHELP.DLL
0x00007ffe8d390000 - 0x00007ffe8d713000 	C:\WINDOWS\System32\combase.dll
0x00007ffe8c8d0000 - 0x00007ffe8c9a9000 	C:\WINDOWS\System32\OLEAUT32.dll
0x00007ffe7b860000 - 0x00007ffe7b89b000 	C:\WINDOWS\SYSTEM32\dbgcore.DLL
0x00007ffe8adb0000 - 0x00007ffe8ae58000 	C:\WINDOWS\System32\bcryptPrimitives.dll
0x00007ffe85ae0000 - 0x00007ffe85b1b000 	C:\Program Files\Processing\app\resources\jdk-17.0.14+7\bin\jdwp.dll
0x00007ffe7c0a0000 - 0x00007ffe7c0c5000 	C:\Program Files\Processing\app\resources\jdk-17.0.14+7\bin\java.dll
0x00007ffe6d830000 - 0x00007ffe6d907000 	C:\Program Files\Processing\app\resources\jdk-17.0.14+7\bin\jsvml.dll
0x00007ffe8bca0000 - 0x00007ffe8c40e000 	C:\WINDOWS\System32\SHELL32.dll
0x00007ffe8a3f0000 - 0x00007ffe8ac5c000 	C:\WINDOWS\System32\windows.storage.dll
0x00007ffe8bba0000 - 0x00007ffe8bc96000 	C:\WINDOWS\System32\SHCORE.dll
0x00007ffe8b8f0000 - 0x00007ffe8b956000 	C:\WINDOWS\System32\shlwapi.dll
0x00007ffe8a0f0000 - 0x00007ffe8a119000 	C:\WINDOWS\SYSTEM32\profapi.dll
0x00007ffe85ad0000 - 0x00007ffe85adc000 	C:\Program Files\Processing\app\resources\jdk-17.0.14+7\bin\dt_socket.dll
0x00007ffe889a0000 - 0x00007ffe889d2000 	C:\WINDOWS\SYSTEM32\IPHLPAPI.DLL
0x00007ffe894d0000 - 0x00007ffe8953c000 	C:\WINDOWS\system32\mswsock.dll
0x00007ffe85a90000 - 0x00007ffe85aa9000 	C:\Program Files\Processing\app\resources\jdk-17.0.14+7\bin\net.dll
0x00007ffe843f0000 - 0x00007ffe84519000 	C:\WINDOWS\SYSTEM32\WINHTTP.dll
0x00007ffe85860000 - 0x00007ffe85876000 	C:\Program Files\Processing\app\resources\jdk-17.0.14+7\bin\nio.dll
0x00007ffe80870000 - 0x00007ffe80888000 	C:\Program Files\Processing\app\resources\jdk-17.0.14+7\bin\zip.dll
0x00007ffe5ee50000 - 0x00007ffe5efe0000 	C:\Program Files\Processing\app\resources\jdk-17.0.14+7\bin\awt.dll
0x00007ffe87a00000 - 0x00007ffe87aa0000 	C:\WINDOWS\SYSTEM32\apphelp.dll
0x00007ffe87d80000 - 0x00007ffe87e2a000 	C:\WINDOWS\system32\uxtheme.dll
0x00007ffe8d1a0000 - 0x00007ffe8d2fc000 	C:\WINDOWS\System32\MSCTF.dll
0x00007ffe8c430000 - 0x00007ffe8c5c7000 	C:\WINDOWS\System32\ole32.dll
0x00007ffe87f20000 - 0x00007ffe87f4f000 	C:\WINDOWS\system32\DWMAPI.DLL
0x00007ffe40100000 - 0x00007ffe4020f000 	C:\WINDOWS\system32\opengl32.dll
0x00007ffe429d0000 - 0x00007ffe429fd000 	C:\WINDOWS\SYSTEM32\GLU32.dll
0x00007ffe87eb0000 - 0x00007ffe87ef5000 	C:\WINDOWS\SYSTEM32\dxcore.dll
0x00007ffe897b0000 - 0x00007ffe897cb000 	C:\WINDOWS\SYSTEM32\CRYPTSP.dll
0x00007ffe88ec0000 - 0x00007ffe88ef9000 	C:\WINDOWS\system32\rsaenh.dll
0x00007ffe89580000 - 0x00007ffe895b3000 	C:\WINDOWS\SYSTEM32\USERENV.dll
0x00007ffe8a0c0000 - 0x00007ffe8a0ea000 	C:\WINDOWS\SYSTEM32\bcrypt.dll
0x00007ffe897d0000 - 0x00007ffe897dc000 	C:\WINDOWS\SYSTEM32\CRYPTBASE.dll
0x00007ffe8c8c0000 - 0x00007ffe8c8ca000 	C:\WINDOWS\System32\NSI.dll
0x00007ffe84550000 - 0x00007ffe8456d000 	C:\WINDOWS\SYSTEM32\dhcpcsvc6.DLL
0x00007ffe84520000 - 0x00007ffe84545000 	C:\WINDOWS\SYSTEM32\dhcpcsvc.DLL
0x00007ffe88a40000 - 0x00007ffe88b72000 	C:\WINDOWS\SYSTEM32\DNSAPI.dll
0x00007ffe7cf50000 - 0x00007ffe7cf63000 	C:\Users\danil\AppData\Local\Temp\jogamp_0000\file_cache\jln15510061000502794119\jln14743202066525651910\natives\windows-amd64\gluegen_rt.dll
0x00007ffe7c090000 - 0x00007ffe7c097000 	C:\Program Files\Processing\app\resources\jdk-17.0.14+7\bin\jawt.dll
0x00007ffe7bee0000 - 0x00007ffe7beed000 	C:\Users\danil\AppData\Local\Temp\jogamp_0000\file_cache\jln15510061000502794119\jln14743202066525651910\natives\windows-amd64\nativewindow_awt.dll
0x00007ffe7bec0000 - 0x00007ffe7bed5000 	C:\Users\danil\AppData\Local\Temp\jogamp_0000\file_cache\jln15510061000502794119\jln14743202066525651910\natives\windows-amd64\nativewindow_win32.dll
0x00007ffe7be30000 - 0x00007ffe7beb3000 	C:\Users\danil\AppData\Local\Temp\jogamp_0000\file_cache\jln15510061000502794119\jln14743202066525651910\natives\windows-amd64\jogl_desktop.dll
0x00007ffe7a300000 - 0x00007ffe7a352000 	C:\Users\danil\AppData\Local\Temp\jogamp_0000\file_cache\jln15510061000502794119\jln14743202066525651910\natives\windows-amd64\jogl_mobile.dll
0x00007ffe841f0000 - 0x00007ffe84251000 	C:\WINDOWS\SYSTEM32\directxdatabasehelper.dll
0x00007ffe7b700000 - 0x00007ffe7b71d000 	C:\WINDOWS\SYSTEM32\windows.staterepositorycore.dll
0x00007ffdf33d0000 - 0x00007ffdf43a3000 	C:\WINDOWS\System32\DriverStore\FileRepository\iigd_dch.inf_amd64_225f37aa3862fc3f\igxelpicd64.dll
0x00007ffe87bd0000 - 0x00007ffe87d0e000 	C:\WINDOWS\system32\dxgi.dll
0x00007ffe59810000 - 0x00007ffe59c97000 	C:\WINDOWS\System32\DriverStore\FileRepository\iigd_dch.inf_amd64_225f37aa3862fc3f\igdml64.dll
0x00007ffe89d40000 - 0x00007ffe89d91000 	C:\WINDOWS\SYSTEM32\cfgmgr32.dll
0x00007ffe80b00000 - 0x00007ffe80ec1000 	C:\WINDOWS\System32\DriverStore\FileRepository\iigd_dch.inf_amd64_225f37aa3862fc3f\igdgmm64.dll
0x00007ffe7d5d0000 - 0x00007ffe807d6000 	C:\WINDOWS\System32\DriverStore\FileRepository\iigd_dch.inf_amd64_225f37aa3862fc3f\igc64.dll
0x00007ffe7bc10000 - 0x00007ffe7bc29000 	C:\Users\danil\AppData\Local\Temp\jogamp_0000\file_cache\jln15510061000502794119\jln14743202066525651910\natives\windows-amd64\newt_head.dll
0x00007ffe5e8e0000 - 0x00007ffe5e99f000 	C:\WINDOWS\SYSTEM32\mscms.dll
0x00007ffe1cd10000 - 0x00007ffe1cd59000 	C:\WINDOWS\SYSTEM32\icm32.dll
0x00007ffe8cbf0000 - 0x00007ffe8d077000 	C:\WINDOWS\System32\setupapi.dll
0x00007ffe89d10000 - 0x00007ffe89d3d000 	C:\WINDOWS\SYSTEM32\DEVOBJ.dll
0x00007ffe8b3e0000 - 0x00007ffe8b462000 	C:\WINDOWS\System32\WINTRUST.dll
0x00007ffe8ae60000 - 0x00007ffe8afd8000 	C:\WINDOWS\System32\CRYPT32.dll
0x00007ffe898e0000 - 0x00007ffe898f3000 	C:\WINDOWS\SYSTEM32\MSASN1.dll
0x00007ffe580f0000 - 0x00007ffe58236000 	C:\WINDOWS\SYSTEM32\textinputframework.dll
0x00007ffe87560000 - 0x00007ffe87687000 	C:\WINDOWS\SYSTEM32\CoreMessaging.dll
0x00007ffe83270000 - 0x00007ffe83552000 	C:\WINDOWS\SYSTEM32\CoreUIComponents.dll
0x00007ffe84e00000 - 0x00007ffe84f6a000 	C:\WINDOWS\SYSTEM32\wintypes.dll

dbghelp: loaded successfully - version: 4.0.5 - missing functions: none
symbol engine: initialized successfully - sym options: 0x614 - pdb path: .;C:\Program Files\Processing\app\resources\jdk-17.0.14+7\bin;C:\WINDOWS\SYSTEM32;C:\WINDOWS\WinSxS\amd64_microsoft.windows.common-controls_6595b64144ccf1df_6.0.26100.8457_none_3e0b2faee331e92d;C:\Program Files\Processing\app\resources\jdk-17.0.14+7\bin\server;C:\Users\danil\AppData\Local\Temp\jogamp_0000\file_cache\jln15510061000502794119\jln14743202066525651910\natives\windows-amd64;C:\WINDOWS\System32\DriverStore\FileRepository\iigd_dch.inf_amd64_225f37aa3862fc3f

VM Arguments:
jvm_args: -agentlib:jdwp=transport=dt_socket,address=8437,server=y,suspend=y,quiet=y -Xms64m -Xmx1024m -Djna.nosys=true -Djava.library.path=;C:\Program Files\Processing\app\resources\core\library;C:\Program Files\Processing;C:\WINDOWS\system32;C:\WINDOWS;C:\Program Files\PlasticSCM5\server;C:\Program Files\PlasticSCM5\client;C:\Program Files\Common Files\Oracle\Java\javapath;C:\Program Files (x86)\Common Files\Oracle\Java\javapath;C:\Windows\System32\HWAudioDriverLibs;C:\Windows\system32;C:\Windows;C:\Windows\System32\Wbem;C:\Windows\System32\WindowsPowerShell\v1.0;C:\Windows\System32\OpenSSH;C:\Program Files\Microsoft SQL Server\150\Tools\Binn;C:\Program Files\Microsoft SQL Server\Client SDK\ODBC\170\Tools\Binn;C:\Program Files\dotnet;D:\Windows Kits\10\Windows Performance Toolkit;C:\Program Files\Java\jdk-23\bin;C:\WINDOWS\system32;C:\WINDOWS;C:\WINDOWS\System32\Wbem;C:\WINDOWS\System32\WindowsPowerShell\v1.0;C:\WINDOWS\System32\OpenSSH;C:\Program Files\nodejs;C:\Program Files\Docker\Docker\resources\bin;C:\Program Files\TortoiseGit\bin;C:\Program Files\Git\cmd;C:\Users\danil\AppData\Local\Programs\Python\Python312\Scripts;C:\Users\danil\AppData\Local\Programs\Python\Python312;C:\Users\danil\AppData\Local\Microsoft\WindowsApps;C:\Users\danil\AppData\Local\Programs\Microsoft VS Code\bin;C:\Users\danil\AppData\Roaming\npm;D:\DataBase\18\bin;C:\Program Files\Processing\app;. -ea 
java_command: processing.core.PApplet --editor-location=-7,-7 --external --display=1 --sketch-path=C:\Users\danil\Desktop\Gravity_simul Gravity_simul
java_class_path (initial): C:\Users\danil\AppData\Local\Temp\processing\Gravity_simul3211724736989370126temp;C:\Program Files\Processing\app\resources\core\library\annotations-13.0.jar;C:\Program Files\Processing\app\resources\core\library\antlr-2.7.7.jar;C:\Program Files\Processing\app\resources\core\library\core-4.4.1.jar;C:\Program Files\Processing\app\resources\core\library\gluegen-rt-2.5.0-natives-android-aarch64.jar;C:\Program Files\Processing\app\resources\core\library\gluegen-rt-2.5.0-natives-linux-aarch64.jar;C:\Program Files\Processing\app\resources\core\library\gluegen-rt-2.5.0-natives-linux-amd64.jar;C:\Program Files\Processing\app\resources\core\library\gluegen-rt-2.5.0-natives-linux-armv6hf.jar;C:\Program Files\Processing\app\resources\core\library\gluegen-rt-2.5.0-natives-macosx-universal.jar;C:\Program Files\Processing\app\resources\core\library\gluegen-rt-2.5.0-natives-windows-amd64.jar;C:\Program Files\Processing\app\resources\core\library\gluegen-rt-2.5.0.jar;C:\Program Files\Processing\app\resources\core\library\gluegen-rt-main-2.5.0.jar;C:\Program Files\Processing\app\resources\core\library\jogl-all-2.5.0-natives-android-aarch64.jar;C:\Program Files\Processing\app\resources\core\library\jogl-all-2.5.0-natives-linux-aarch64.jar;C:\Program Files\Processing\app\resources\core\library\jogl-all-2.5.0-natives-linux-amd64.jar;C:\Program Files\Processing\app\resources\core\library\jogl-all-2.5.0-natives-linux-armv6hf.jar;C:\Program Files\Processing\app\resources\core\library\jogl-all-2.5.0-natives-macosx-universal.jar;C:\Program Files\Processing\app\resources\core\library\jogl-all-2.5.0-natives-windows-amd64.jar;C:\Program Files\Processing\app\resources\core\library\jogl-all-2.5.0.jar;C:\Program Files\Processing\app\resources\core\library\jogl-all-main-2.5.0.jar;C:\Program Files\Processing\app\resources\core\library\kotlin-stdlib-2.0.20.jar
Launcher Type: SUN_STANDARD

[Global flags]
     intx CICompilerCount                          = 4                                         {product} {ergonomic}
     uint ConcGCThreads                            = 2                                         {product} {ergonomic}
     uint G1ConcRefinementThreads                  = 8                                         {product} {ergonomic}
   size_t G1HeapRegionSize                         = 1048576                                   {product} {ergonomic}
    uintx GCDrainStackTargetSize                   = 64                                        {product} {ergonomic}
   size_t InitialHeapSize                          = 67108864                                  {product} {command line}
   size_t MarkStackSize                            = 4194304                                   {product} {ergonomic}
   size_t MaxHeapSize                              = 1073741824                                {product} {command line}
   size_t MaxNewSize                               = 643825664                                 {product} {ergonomic}
   size_t MinHeapDeltaBytes                        = 1048576                                   {product} {ergonomic}
   size_t MinHeapSize                              = 67108864                                  {product} {command line}
    uintx NonNMethodCodeHeapSize                   = 5839372                                {pd product} {ergonomic}
    uintx NonProfiledCodeHeapSize                  = 122909434                              {pd product} {ergonomic}
    uintx ProfiledCodeHeapSize                     = 122909434                              {pd product} {ergonomic}
    uintx ReservedCodeCacheSize                    = 251658240                              {pd product} {ergonomic}
     bool SegmentedCodeCache                       = true                                      {product} {ergonomic}
   size_t SoftMaxHeapSize                          = 1073741824                             {manageable} {ergonomic}
     bool UseCompressedClassPointers               = true                           {product lp64_product} {ergonomic}
     bool UseCompressedOops                        = true                           {product lp64_product} {ergonomic}
     bool UseG1GC                                  = true                                      {product} {ergonomic}
     bool UseLargePagesIndividualAllocation        = false                                  {pd product} {ergonomic}

Logging:
Log output configuration:
 #0: stdout all=off uptime,level,tags
 #1: stderr all=off uptime,level,tags

Environment Variables:
JAVA_HOME=C:\Program Files\Java\jdk-23
PATH=C:\Program Files\PlasticSCM5\server;C:\Program Files\PlasticSCM5\client;C:\Program Files\Common Files\Oracle\Java\javapath;C:\Program Files (x86)\Common Files\Oracle\Java\javapath;C:\Windows\System32\HWAudioDriverLibs;C:\Windows\system32;C:\Windows;C:\Windows\System32\Wbem;C:\Windows\System32\WindowsPowerShell\v1.0\;C:\Windows\System32\OpenSSH\;C:\Users\Administrator\AppData\Local\Microsoft\WindowsApps;C:\Program Files\Microsoft SQL Server\150\Tools\Binn\;C:\Program Files\Microsoft SQL Server\Client SDK\ODBC\170\Tools\Binn\;C:\Program Files\dotnet\;D:\Windows Kits\10\Windows Performance Toolkit\;C:\Program Files\Java\jdk-23\bin;C:\WINDOWS\system32;C:\WINDOWS;C:\WINDOWS\System32\Wbem;C:\WINDOWS\System32\WindowsPowerShell\v1.0\;C:\WINDOWS\System32\OpenSSH\;C:\Program Files\nodejs\;C:\Program Files\Docker\Docker\resources\bin;C:\Program Files\TortoiseGit\bin;C:\Program Files\Git\cmd;C:\Users\danil\AppData\Local\Programs\Python\Python312\Scripts\;C:\Users\danil\AppData\Local\Programs\Python\Python312\;C:\Users\danil\AppData\Local\Microsoft\WindowsApps;C:\Users\danil\.dotnet\tools;C:\Users\danil\AppData\Local\Programs\Microsoft VS Code\bin;C:\Users\danil\AppData\Roaming\npm;D:\DataBase\18\bin;C:\Program Files\Processing\app
USERNAME=danil
OS=Windows_NT
PROCESSOR_IDENTIFIER=Intel64 Family 6 Model 140 Stepping 2, GenuineIntel
TMP=C:\Users\danil\AppData\Local\Temp
TEMP=C:\Users\danil\AppData\Local\Temp



Periodic native trim disabled


---------------  S Y S T E M  ---------------

OS:
 Windows 11 , 64 bit Build 26100 (10.0.26100.8328)
OS uptime: 0 days 0:45 hours
Hyper-V role detected

CPU: total 8 (initial active 8) (4 cores per cpu, 2 threads per core) family 6 model 140 stepping 2 microcode 0x16, cx8, cmov, fxsr, ht, mmx, 3dnowpref, sse, sse2, sse3, ssse3, sse4.1, sse4.2, popcnt, lzcnt, tsc, tscinvbit, avx, avx2, aes, erms, clmul, bmi1, bmi2, adx, avx512f, avx512dq, avx512cd, avx512bw, avx512vl, sha, fma, vzeroupper, avx512_vpopcntdq, avx512_vpclmulqdq, avx512_vaes, avx512_vnni, clflush, clflushopt, clwb, avx512_vbmi2, avx512_vbmi, hv
Processor Information for processor 0
  Max Mhz: 2496, Current Mhz: 2496, Mhz Limit: 2496
Processor Information for processor 1
  Max Mhz: 2496, Current Mhz: 998, Mhz Limit: 2496
Processor Information for processor 2
  Max Mhz: 2496, Current Mhz: 2496, Mhz Limit: 2496
Processor Information for processor 3
  Max Mhz: 2496, Current Mhz: 2496, Mhz Limit: 2496
Processor Information for processor 4
  Max Mhz: 2496, Current Mhz: 998, Mhz Limit: 2496
Processor Information for processor 5
  Max Mhz: 2496, Current Mhz: 998, Mhz Limit: 2496
Processor Information for processor 6
  Max Mhz: 2496, Current Mhz: 998, Mhz Limit: 2496
Processor Information for processor 7
  Max Mhz: 2496, Current Mhz: 998, Mhz Limit: 2496

Memory: 4k page, system-wide physical 7975M (1663M free)
TotalPageFile size 17703M (AvailPageFile size 8201M)
current process WorkingSet (physical memory assigned to process): 767M, peak: 781M
current process commit charge ("private bytes"): 791M, peak: 814M

vm_info: OpenJDK 64-Bit Server VM (17.0.14+7) for windows-amd64 JRE (17.0.14+7), built on Jan 21 2025 23:40:15 by "admin" with MS VC++ 17.7 (VS2022)

END.
