#
# A fatal error has been detected by the Java Runtime Environment:
#
#  EXCEPTION_ACCESS_VIOLATION (0xc0000005) at pc=0x00007ffdf360b386, pid=5880, tid=17512
#
# JRE version: OpenJDK Runtime Environment Temurin-17.0.14+7 (17.0.14+7) (build 17.0.14+7)
# Java VM: OpenJDK 64-Bit Server VM Temurin-17.0.14+7 (17.0.14+7, mixed mode, sharing, tiered, compressed oops, compressed class ptrs, g1 gc, windows-amd64)
# Problematic frame:
# C  [igxelpicd64.dll+0x23b386]
#
# No core dump will be written. Minidumps are not enabled by default on client versions of Windows
#
# If you would like to submit a bug report, please visit:
#   https://github.com/adoptium/adoptium-support/issues
#

---------------  S U M M A R Y ------------

Command Line: -agentlib:jdwp=transport=dt_socket,address=8452,server=y,suspend=y,quiet=y -Xms64m -Xmx1024m -Djna.nosys=true -Djava.library.path=;C:\Program Files\Processing\app\resources\core\library;C:\Users\danil\OneDrive\Документы\Processing\libraries\sound\library\windows-amd64;C:\Program Files\Processing;C:\WINDOWS\system32;C:\WINDOWS;C:\Program Files\PlasticSCM5\server;C:\Program Files\PlasticSCM5\client;C:\Program Files\Common Files\Oracle\Java\javapath;C:\Program Files (x86)\Common Files\Oracle\Java\javapath;C:\Windows\System32\HWAudioDriverLibs;C:\Windows\system32;C:\Windows;C:\Windows\System32\Wbem;C:\Windows\System32\WindowsPowerShell\v1.0;C:\Windows\System32\OpenSSH;C:\Program Files\Microsoft SQL Server\150\Tools\Binn;C:\Program Files\Microsoft SQL Server\Client SDK\ODBC\170\Tools\Binn;C:\Program Files\dotnet;D:\Windows Kits\10\Windows Performance Toolkit;C:\Program Files\Java\jdk-23\bin;C:\WINDOWS\system32;C:\WINDOWS;C:\WINDOWS\System32\Wbem;C:\WINDOWS\System32\WindowsPowerShell\v1.0;C:\WINDOWS\System32\OpenSSH;C:\Program Files\nodejs;C:\Program Files\Docker\Docker\resources\bin;C:\Program Files\TortoiseGit\bin;C:\Program Files\Git\cmd;C:\Users\danil\AppData\Local\Programs\Python\Python312\Scripts;C:\Users\danil\AppData\Local\Programs\Python\Python312;C:\Users\danil\AppData\Local\Microsoft\WindowsApps;C:\Users\danil\AppData\Local\Programs\Microsoft VS Code\bin;C:\Users\danil\AppData\Roaming\npm;D:\DataBase\18\bin;C:\Program Files\Processing\app;. -ea processing.core.PApplet --editor-location=-7,-7 --external --display=1 --sketch-path=C:\Users\danil\Desktop\Gravity_simul Gravity_simul

Host: 11th Gen Intel(R) Core(TM) i5-1155G7 @ 2.50GHz, 8 cores, 7G,  Windows 11 , 64 bit Build 26100 (10.0.26100.8328)
Time: Sun Jun 28 14:34:17 2026 RTZ 3 (s 11 , 64 bit Build 26100 (10.0.26100.8328) elapsed time: 26.172962 seconds (0d 0h 0m 26s)

---------------  T H R E A D  ---------------

Current thread (0x000001dfff6fdf90):  VMThread "VM Thread" [stack: 0x0000007a1ba00000,0x0000007a1bb00000] [id=17512]

Stack: [0x0000007a1ba00000,0x0000007a1bb00000],  sp=0x0000007a1bafdf80,  free space=1015k
Native frames: (J=compiled Java code, j=interpreted, Vv=VM code, C=native code)
C  [igxelpicd64.dll+0x23b386]


siginfo: EXCEPTION_ACCESS_VIOLATION (0xc0000005), reading address 0x0000000000035468


Registers:
RAX=0x000001dfda989710, RBX=0x000001dfc76a3600, RCX=0x0000000000000004, RDX=0x0000000000000000
RSP=0x0000007a1bafdf80, RBP=0x0000000000000000, RSI=0x000001dfda989510, RDI=0x000001dfc713a080
R8 =0x000001dfda989610, R9 =0x0000007a1af6f000, R10=0x0000000000000000, R11=0x0000000000000246
R12=0x000001dfda989510, R13=0x0000000000000000, R14=0x000001dfda989a58, R15=0x000001dfda987dd0
RIP=0x00007ffdf360b386, EFLAGS=0x0000000000010202


Register to memory mapping:

RIP=0x00007ffdf360b386 igxelpicd64.dll
RAX=0x000001dfda989710 points into unknown readable memory: 0x000000000003fea6 | a6 fe 03 00 00 00 00 00
RBX=0x000001dfc76a3600 points into unknown readable memory: 0xffffffffffffffff | ff ff ff ff ff ff ff ff
RCX=0x0000000000000004 is an unknown value
RDX=0x0 is NULL
RSP=0x0000007a1bafdf80 points into unknown readable memory: 0x000001dfc76a3600 | 00 36 6a c7 df 01 00 00
RBP=0x0 is NULL
RSI=0x000001dfda989510 points into unknown readable memory: 0x000001dfc77019a0 | a0 19 70 c7 df 01 00 00
RDI=0x000001dfc713a080 points into unknown readable memory: 0x000001dfc713a000 | 00 a0 13 c7 df 01 00 00
R8 =0x000001dfda989610 points into unknown readable memory: 0x0000000000000000 | 00 00 00 00 00 00 00 00
R9 =0x0000007a1af6f000 points into unknown readable memory: 0x0000000000000000 | 00 00 00 00 00 00 00 00
R10=0x0 is NULL
R11=0x0000000000000246 is an unknown value
R12=0x000001dfda989510 points into unknown readable memory: 0x000001dfc77019a0 | a0 19 70 c7 df 01 00 00
R13=0x0 is NULL
R14=0x000001dfda989a58 points into unknown readable memory: 0x000001dfda987dd0 | d0 7d 98 da df 01 00 00
R15=0x000001dfda987dd0 points into unknown readable memory: 0x000001dfc77019a0 | a0 19 70 c7 df 01 00 00


Top of Stack: (sp=0x0000007a1bafdf80)
0x0000007a1bafdf80:   000001dfc76a3600 00007ffdf3440ab4
0x0000007a1bafdf90:   0000000000000000 000001dfc938a620
0x0000007a1bafdfa0:   0000001600000000 0000000000000000
0x0000007a1bafdfb0:   000001df00000000 000001dfc9386800
0x0000007a1bafdfc0:   000001dfc76a3600 000001dfc934a280
0x0000007a1bafdfd0:   000001dfcb92051c 000001dfcb5d5000
0x0000007a1bafdfe0:   02908ec3034d7c00 000001dfc938ac20
0x0000007a1bafdff0:   02c88ec502330ac5 00007000196fe000
0x0000007a1bafe000:   034d31c9036f88c8 02c41aca033fe8c9
0x0000007a1bafe010:   039f35ca00000000 027527cb037086ca
0x0000007a1bafe020:   024d47cb033837cb 005649cc0385f7cb
0x0000007a1bafe030:   039807cd037086cc 0283bacd036711cd
0x0000007a1bafe040:   01ba0ad00165f3cf 039189d0036f30d0
0x0000007a1bafe050:   0000000000000000 0000000000000000
0x0000007a1bafe060:   0364af0000000000 00007ffe8d905b54
0x0000007a1bafe070:   0000000000000000 0000000000000000
0x0000007a1bafe080:   0000007a1bafe220 00007ffe8b771259
0x0000007a1bafe090:   0000007a1bafe118 0000000000000000
0x0000007a1bafe0a0:   0000000000000054 0000000000000000
0x0000007a1bafe0b0:   0000000000000000 00007ffe8d905cc4
0x0000007a1bafe0c0:   000000007a000004 037086da0384edd8
0x0000007a1bafe0d0:   000065c158c977a0 001040007a000004
0x0000007a1bafe0e0:   000001dfc937eeb8 00000000000402c6
0x0000007a1bafe0f0:   0000000000000000 0000000000000016
0x0000007a1bafe100:   0000000000000000 0000000000000000
0x0000007a1bafe110:   0000007a1bafe220 00007ffdf36382ae
0x0000007a1bafe120:   000001dfc713a080 0000000000000000
0x0000007a1bafe130:   000001dfc713a080 000010027a000004
0x0000007a1bafe140:   0000007a00000a00 0000740400870000
0x0000007a1bafe150:   0000000000000000 034834ea02820cea
0x0000007a1bafe160:   0000000000000000 000010027a000004
0x0000007a1bafe170:   01df7feb037b38eb 0000000000000000 

Instructions: (pc=0x00007ffdf360b386)
0x00007ffdf360b286:   00 90 4c 8b bf 80 02 00 00 48 8b 05 9a 85 bd 00
0x00007ffdf360b296:   8b 80 c8 0a 00 00 89 44 24 24 c6 44 24 20 00 48
0x00007ffdf360b2a6:   c7 87 80 02 00 00 00 00 00 00 c7 87 88 02 00 00
0x00007ffdf360b2b6:   00 00 00 00 48 c7 87 a0 02 00 00 00 00 00 00 48
0x00007ffdf360b2c6:   c7 87 90 02 00 00 00 00 00 00 48 85 ed 75 3d 8b
0x00007ffdf360b2d6:   35 0d 77 cd 00 65 48 8b 04 25 58 00 00 00 b9 14
0x00007ffdf360b2e6:   00 00 00 48 8b 04 f0 40 38 2c 01 0f 84 c9 e7 75
0x00007ffdf360b2f6:   00 65 48 8b 04 25 58 00 00 00 bd 20 00 00 00 48
0x00007ffdf360b306:   8b 04 f0 48 8b 2c 28 48 89 6c 24 28 48 3b 2d 07
0x00007ffdf360b316:   9b cd 00 0f 84 9b 10 00 00 4d 85 ff 0f 84 3a 01
0x00007ffdf360b326:   00 00 0f 1f 84 00 00 00 00 00 49 8b f7 4d 8b e7
0x00007ffdf360b336:   4d 8d b7 48 05 00 00 4d 8b 3e 45 84 ed 0f 85 d9
0x00007ffdf360b346:   0e 00 00 8b 8f d0 01 00 00 48 8b 05 da 84 bd 00
0x00007ffdf360b356:   83 b8 64 03 00 00 02 75 34 4d 8d 84 24 00 01 00
0x00007ffdf360b366:   00 83 f9 10 0f 83 3a 01 00 00 8b c1 48 c1 e0 06
0x00007ffdf360b376:   49 03 c0 48 85 c0 0f 84 9b 01 00 00 48 8b 50 08
0x00007ffdf360b386:   48 3b 95 68 54 03 00 0f 87 b6 0e 00 00 48 83 be
0x00007ffdf360b396:   c0 05 00 00 00 0f 85 50 e7 75 00 44 8b 8f d0 01
0x00007ffdf360b3a6:   00 00 48 8b 87 e8 01 00 00 4c 8b 00 8b 8f d0 01
0x00007ffdf360b3b6:   00 00 48 8d 9e 00 01 00 00 83 f9 10 0f 83 1e 01
0x00007ffdf360b3c6:   00 00 8b c1 48 c1 e0 06 48 03 c3 48 85 c0 0f 84
0x00007ffdf360b3d6:   4a 01 00 00 4c 39 40 08 0f 86 40 01 00 00 48 8b
0x00007ffdf360b3e6:   87 80 02 00 00 49 89 06 48 89 b7 80 02 00 00 ff
0x00007ffdf360b3f6:   87 88 02 00 00 48 8b 4e 08 48 8b 01 ba 01 00 00
0x00007ffdf360b406:   00 48 8b 80 e0 02 00 00 ff 15 f4 c1 88 00 0f b7
0x00007ffdf360b416:   c8 48 2b c1 48 05 00 00 01 00 48 01 87 90 02 00
0x00007ffdf360b426:   00 48 8b 4e 08 48 8b 01 ba 01 00 00 00 48 8b 80
0x00007ffdf360b436:   e0 02 00 00 ff 15 c8 c1 88 00 48 01 87 a0 02 00
0x00007ffdf360b446:   00 0f b6 54 24 20 4d 85 ff 0f 85 db fe ff ff 84
0x00007ffdf360b456:   d2 0f 85 37 0f 00 00 48 8b 5c 24 40 48 8b cf 80
0x00007ffdf360b466:   7c 24 22 00 0f 85 40 0f 00 00 e8 3b f9 ff ff 90
0x00007ffdf360b476:   48 8b cb ff 15 99 bc 88 00 48 8b 8c 24 50 01 00 


Stack slot to memory mapping:
stack at sp + 0 slots: 0x000001dfc76a3600 points into unknown readable memory: 0xffffffffffffffff | ff ff ff ff ff ff ff ff
stack at sp + 1 slots: 0x00007ffdf3440ab4 igxelpicd64.dll
stack at sp + 2 slots: 0x0 is NULL
stack at sp + 3 slots: 0x000001dfc938a620 points into unknown readable memory: 0x00000000000011dc | dc 11 00 00 00 00 00 00
stack at sp + 4 slots: 0x0000001600000000 is an unknown value
stack at sp + 5 slots: 0x0 is NULL
stack at sp + 6 slots: 0x000001df00000000 is an unknown value
stack at sp + 7 slots: 0x000001dfc9386800 points into unknown readable memory: 0x000001dfc9386870 | 70 68 38 c9 df 01 00 00

VM_Operation (0x0000007a1dbfedb0): Exit, mode: safepoint, requested by thread 0x000001dfc74dc740


---------------  P R O C E S S  ---------------

Threads class SMR info:
_java_thread_list=0x000001dfd6e65c70, length=38, elements={
0x000001dfff701c00, 0x000001dfff7055f0, 0x000001dfff71bcb0, 0x000001dfff71c580,
0x000001dfff71ce50, 0x000001dfff720940, 0x000001dfff736080, 0x000001dfff7419c0,
0x000001dfff9c4ed0, 0x000001dfff9cc420, 0x000001dfff9d0f90, 0x000001dfc70bd860,
0x000001dfffbf2ca0, 0x000001dfc74dc740, 0x000001dfc8f9cf60, 0x000001dfc8f9e3a0,
0x000001dfc8f9d470, 0x000001dfc8f9f7e0, 0x000001dfc8f9fcf0, 0x000001dfc8f9d980,
0x000001dfc8f9f2d0, 0x000001dfc8f9de90, 0x000001dfc8f9e8b0, 0x000001dfc8f9c540,
0x000001dfc8f9ca50, 0x000001dfc8f9edc0, 0x000001dfd695fe30, 0x000001dfd695ef00,
0x000001dfd6960340, 0x000001dfd695e4e0, 0x000001dfd695e9f0, 0x000001dfd695dfd0,
0x000001dfd69621a0, 0x000001dfd69626b0, 0x000001dfd695f920, 0x000001dfd695f410,
0x000001dfd6964000, 0x000001dfd6961c90
}

Java Threads: ( => current thread )
  0x000001dfff701c00 JavaThread "Reference Handler" daemon [_thread_blocked, id=19088, stack(0x0000007a1bb00000,0x0000007a1bc00000)]
  0x000001dfff7055f0 JavaThread "Finalizer" daemon [_thread_blocked, id=12900, stack(0x0000007a1bc00000,0x0000007a1bd00000)]
  0x000001dfff71bcb0 JavaThread "Attach Listener" daemon [_thread_blocked, id=18796, stack(0x0000007a1be00000,0x0000007a1bf00000)]
  0x000001dfff71c580 JavaThread "Service Thread" daemon [_thread_blocked, id=17104, stack(0x0000007a1bf00000,0x0000007a1c000000)]
  0x000001dfff71ce50 JavaThread "Monitor Deflation Thread" daemon [_thread_blocked, id=12772, stack(0x0000007a1c000000,0x0000007a1c100000)]
  0x000001dfff720940 JavaThread "C2 CompilerThread0" daemon [_thread_blocked, id=3848, stack(0x0000007a1c100000,0x0000007a1c200000)]
  0x000001dfff736080 JavaThread "C1 CompilerThread0" daemon [_thread_blocked, id=12976, stack(0x0000007a1c200000,0x0000007a1c300000)]
  0x000001dfff7419c0 JavaThread "Sweeper thread" daemon [_thread_blocked, id=15104, stack(0x0000007a1c300000,0x0000007a1c400000)]
  0x000001dfff9c4ed0 JavaThread "JDWP Event Helper Thread" daemon [_thread_blocked, id=10372, stack(0x0000007a1c500000,0x0000007a1c600000)]
  0x000001dfff9cc420 JavaThread "Notification Thread" daemon [_thread_blocked, id=19180, stack(0x0000007a1c700000,0x0000007a1c800000)]
  0x000001dfff9d0f90 JavaThread "Common-Cleaner" daemon [_thread_blocked, id=3964, stack(0x0000007a1c900000,0x0000007a1ca00000)]
  0x000001dfc70bd860 JavaThread "Java2D Disposer" daemon [_thread_blocked, id=7948, stack(0x0000007a1ca00000,0x0000007a1cb00000)]
  0x000001dfffbf2ca0 JavaThread "HighResTimerThread" daemon [_thread_blocked, id=14936, stack(0x0000007a1d900000,0x0000007a1da00000)]
  0x000001dfc74dc740 JavaThread "main-FPSAWTAnimator#00-Timer0" [_thread_blocked, id=8400, stack(0x0000007a1db00000,0x0000007a1dc00000)]
  0x000001dfc8f9cf60 JavaThread "DestroyJavaVM" [_thread_blocked, id=15192, stack(0x0000007a1b400000,0x0000007a1b500000)]
  0x000001dfc8f9e3a0 JavaThread "Java Sound Event Dispatcher" daemon [_thread_blocked, id=7996, stack(0x0000007a1df00000,0x0000007a1e000000)]
  0x000001dfc8f9d470 JavaThread "Thread-5" [_thread_blocked, id=19208, stack(0x0000007a1e000000,0x0000007a1e100000)]
  0x000001dfc8f9f7e0 JavaThread "pool-1-thread-1" [_thread_blocked, id=10272, stack(0x0000007a1e900000,0x0000007a1ea00000)]
  0x000001dfc8f9fcf0 JavaThread "pool-1-thread-2" [_thread_blocked, id=12364, stack(0x0000007a1ea00000,0x0000007a1eb00000)]
  0x000001dfc8f9d980 JavaThread "pool-1-thread-3" [_thread_blocked, id=15836, stack(0x0000007a1eb00000,0x0000007a1ec00000)]
  0x000001dfc8f9f2d0 JavaThread "pool-1-thread-4" [_thread_blocked, id=15340, stack(0x0000007a1ec00000,0x0000007a1ed00000)]
  0x000001dfc8f9de90 JavaThread "pool-1-thread-5" [_thread_blocked, id=5276, stack(0x0000007a1ed00000,0x0000007a1ee00000)]
  0x000001dfc8f9e8b0 JavaThread "pool-1-thread-6" [_thread_blocked, id=10164, stack(0x0000007a1ee00000,0x0000007a1ef00000)]
  0x000001dfc8f9c540 JavaThread "pool-1-thread-7" [_thread_blocked, id=12776, stack(0x0000007a1ef00000,0x0000007a1f000000)]
  0x000001dfc8f9ca50 JavaThread "pool-1-thread-8" [_thread_blocked, id=5408, stack(0x0000007a1f000000,0x0000007a1f100000)]
  0x000001dfc8f9edc0 JavaThread "pool-1-thread-9" [_thread_blocked, id=18100, stack(0x0000007a1f100000,0x0000007a1f200000)]
  0x000001dfd695fe30 JavaThread "pool-1-thread-10" [_thread_blocked, id=18732, stack(0x0000007a1f200000,0x0000007a1f300000)]
  0x000001dfd695ef00 JavaThread "pool-1-thread-11" [_thread_blocked, id=1504, stack(0x0000007a1f300000,0x0000007a1f400000)]
  0x000001dfd6960340 JavaThread "pool-1-thread-12" [_thread_blocked, id=11804, stack(0x0000007a1f400000,0x0000007a1f500000)]
  0x000001dfd695e4e0 JavaThread "pool-1-thread-13" [_thread_blocked, id=18972, stack(0x0000007a1f500000,0x0000007a1f600000)]
  0x000001dfd695e9f0 JavaThread "pool-1-thread-14" [_thread_blocked, id=18352, stack(0x0000007a1f700000,0x0000007a1f800000)]
  0x000001dfd695dfd0 JavaThread "pool-1-thread-15" [_thread_blocked, id=15088, stack(0x0000007a1f800000,0x0000007a1f900000)]
  0x000001dfd69621a0 JavaThread "pool-1-thread-16" [_thread_blocked, id=16160, stack(0x0000007a1f900000,0x0000007a1fa00000)]
  0x000001dfd69626b0 JavaThread "pool-1-thread-17" [_thread_blocked, id=17164, stack(0x0000007a1fa00000,0x0000007a1fb00000)]
  0x000001dfd695f920 JavaThread "pool-1-thread-18" [_thread_blocked, id=9884, stack(0x0000007a1fb00000,0x0000007a1fc00000)]
  0x000001dfd695f410 JavaThread "pool-1-thread-19" [_thread_blocked, id=2808, stack(0x0000007a1fc00000,0x0000007a1fd00000)]
  0x000001dfd6964000 JavaThread "pool-1-thread-20" [_thread_blocked, id=4264, stack(0x0000007a1fd00000,0x0000007a1fe00000)]
  0x000001dfd6961c90 JavaThread "AWT-Shutdown" [_thread_blocked, id=17828, stack(0x0000007a20100000,0x0000007a20200000)]

Other Threads:
=>0x000001dfff6fdf90 VMThread "VM Thread" [stack: 0x0000007a1ba00000,0x0000007a1bb00000] [id=17512]
  0x000001dfe3bedb80 GCTaskThread "GC Thread#0" [stack: 0x0000007a1b500000,0x0000007a1b600000] [id=4488]
  0x000001dfc87ffb20 GCTaskThread "GC Thread#1" [stack: 0x0000007a1d200000,0x0000007a1d300000] [id=9464]
  0x000001dfc87ffde0 GCTaskThread "GC Thread#2" [stack: 0x0000007a1d300000,0x0000007a1d400000] [id=17396]
  0x000001dfc88000a0 GCTaskThread "GC Thread#3" [stack: 0x0000007a1d400000,0x0000007a1d500000] [id=10924]
  0x000001dfc8800360 GCTaskThread "GC Thread#4" [stack: 0x0000007a1d500000,0x0000007a1d600000] [id=16604]
  0x000001dfc8800620 GCTaskThread "GC Thread#5" [stack: 0x0000007a1d600000,0x0000007a1d700000] [id=11852]
  0x000001dfc8836770 GCTaskThread "GC Thread#6" [stack: 0x0000007a1d700000,0x0000007a1d800000] [id=12472]
  0x000001dfc8836a30 GCTaskThread "GC Thread#7" [stack: 0x0000007a1d800000,0x0000007a1d900000] [id=10000]
  0x000001dfe3bf79f0 ConcurrentGCThread "G1 Main Marker" terminated
  0x000001dfe3bf8320 ConcurrentGCThread "G1 Conc#0" [stack: 0x0000007a1b700000,0x0000007a1b800000] [id=18508]
  0x000001dfd6dc35d0 ConcurrentGCThread "G1 Conc#1" [stack: 0x0000007a1ff00000,0x0000007a20000000] [id=12844]
  0x000001dfff5bafc0 ConcurrentGCThread "G1 Refine#0" terminated
  0x000001dfff5bc7b0 ConcurrentGCThread "G1 Service" terminated

Threads with active compile tasks:

VM state: at safepoint (shutting down)

VM Mutex/Monitor currently owned by a thread:  ([mutex/lock_event])
[0x000001dfe3ba6f40] Threads_lock - owner thread: 0x000001dfff6fdf90
[0x000001dfe3ba7f00] Heap_lock - owner thread: 0x000001dfc74dc740

Heap address: 0x00000000c0000000, size: 1024 MB, Compressed Oops mode: 32-bit

CDS archive(s) mapped at: [0x000001df82000000-0x000001df82bb0000-0x000001df82bb0000), size 12255232, SharedBaseAddress: 0x000001df82000000, ArchiveRelocationMode: 1.
Compressed class space mapped at: 0x000001df83000000-0x000001dfc3000000, reserved size: 1073741824
Narrow klass base: 0x000001df82000000, Narrow klass shift: 0, Narrow klass range: 0x100000000

GC Precious Log:
 CPUs: 8 total, 8 available
 Memory: 7975M
 Large Page Support: Disabled
 NUMA Support: Disabled
 Compressed Oops: Enabled (32-bit)
 Heap Region Size: 1M
 Heap Min Capacity: 64M
 Heap Initial Capacity: 64M
 Heap Max Capacity: 1G
 Pre-touch: Disabled
 Parallel Workers: 8
 Concurrent Workers: 2
 Concurrent Refinement Workers: 8
 Periodic GC: Disabled

Heap:
 garbage-first heap   total 523264K, used 353248K [0x00000000c0000000, 0x0000000100000000)
  region size 1024K, 260 young (266240K), 5 survivors (5120K)
 Metaspace       used 14152K, committed 14336K, reserved 1114112K
  class space    used 1044K, committed 1152K, reserved 1048576K

Heap Regions: E=young(eden), S=young(survivor), O=old, HS=humongous(starts), HC=humongous(continues), CS=collection set, F=free, OA=open archive, CA=closed archive, TAMS=top-at-mark-start (previous, next)
|   0|0x00000000c0000000, 0x00000000c0100000, 0x00000000c0100000|100%| O|  |TAMS 0x00000000c0100000, 0x00000000c0000000| Untracked 
|   1|0x00000000c0100000, 0x00000000c0200000, 0x00000000c0200000|100%| O|  |TAMS 0x00000000c0200000, 0x00000000c0100000| Untracked 
|   2|0x00000000c0200000, 0x00000000c0300000, 0x00000000c0300000|100%| O|  |TAMS 0x00000000c0300000, 0x00000000c0200000| Untracked 
|   3|0x00000000c0300000, 0x00000000c0400000, 0x00000000c0400000|100%| O|  |TAMS 0x00000000c0400000, 0x00000000c0300000| Untracked 
|   4|0x00000000c0400000, 0x00000000c0500000, 0x00000000c0500000|100%| O|  |TAMS 0x00000000c0500000, 0x00000000c0400000| Untracked 
|   5|0x00000000c0500000, 0x00000000c0600000, 0x00000000c0600000|100%| O|  |TAMS 0x00000000c0600000, 0x00000000c0500000| Untracked 
|   6|0x00000000c0600000, 0x00000000c0700000, 0x00000000c0700000|100%| O|  |TAMS 0x00000000c0700000, 0x00000000c0600000| Untracked 
|   7|0x00000000c0700000, 0x00000000c0800000, 0x00000000c0800000|100%| O|  |TAMS 0x00000000c0800000, 0x00000000c0700000| Untracked 
|   8|0x00000000c0800000, 0x00000000c0900000, 0x00000000c0900000|100%| O|  |TAMS 0x00000000c0900000, 0x00000000c0800000| Untracked 
|   9|0x00000000c0900000, 0x00000000c0a00000, 0x00000000c0a00000|100%| O|  |TAMS 0x00000000c0a00000, 0x00000000c0900000| Untracked 
|  10|0x00000000c0a00000, 0x00000000c0b00000, 0x00000000c0b00000|100%| O|  |TAMS 0x00000000c0b00000, 0x00000000c0a00000| Untracked 
|  11|0x00000000c0b00000, 0x00000000c0c00000, 0x00000000c0c00000|100%| O|  |TAMS 0x00000000c0b00000, 0x00000000c0b00000| Untracked 
|  12|0x00000000c0c00000, 0x00000000c0d00000, 0x00000000c0d00000|100%|HS|  |TAMS 0x00000000c0d00000, 0x00000000c0c00000| Complete 
|  13|0x00000000c0d00000, 0x00000000c0e00000, 0x00000000c0e00000|100%|HC|  |TAMS 0x00000000c0e00000, 0x00000000c0d00000| Complete 
|  14|0x00000000c0e00000, 0x00000000c0f00000, 0x00000000c0f00000|100%|HC|  |TAMS 0x00000000c0f00000, 0x00000000c0e00000| Complete 
|  15|0x00000000c0f00000, 0x00000000c1000000, 0x00000000c1000000|100%|HC|  |TAMS 0x00000000c1000000, 0x00000000c0f00000| Complete 
|  16|0x00000000c1000000, 0x00000000c1100000, 0x00000000c1100000|100%|HC|  |TAMS 0x00000000c1100000, 0x00000000c1000000| Complete 
|  17|0x00000000c1100000, 0x00000000c1200000, 0x00000000c1200000|100%|HC|  |TAMS 0x00000000c1200000, 0x00000000c1100000| Complete 
|  18|0x00000000c1200000, 0x00000000c1300000, 0x00000000c1300000|100%|HC|  |TAMS 0x00000000c1300000, 0x00000000c1200000| Complete 
|  19|0x00000000c1300000, 0x00000000c1400000, 0x00000000c1400000|100%|HC|  |TAMS 0x00000000c1400000, 0x00000000c1300000| Complete 
|  20|0x00000000c1400000, 0x00000000c1500000, 0x00000000c1500000|100%|HC|  |TAMS 0x00000000c1500000, 0x00000000c1400000| Complete 
|  21|0x00000000c1500000, 0x00000000c1600000, 0x00000000c1600000|100%|HC|  |TAMS 0x00000000c1600000, 0x00000000c1500000| Complete 
|  22|0x00000000c1600000, 0x00000000c1700000, 0x00000000c1700000|100%|HC|  |TAMS 0x00000000c1700000, 0x00000000c1600000| Complete 
|  23|0x00000000c1700000, 0x00000000c1800000, 0x00000000c1800000|100%|HC|  |TAMS 0x00000000c1800000, 0x00000000c1700000| Complete 
|  24|0x00000000c1800000, 0x00000000c1900000, 0x00000000c1900000|100%|HC|  |TAMS 0x00000000c1900000, 0x00000000c1800000| Complete 
|  25|0x00000000c1900000, 0x00000000c1a00000, 0x00000000c1a00000|100%|HC|  |TAMS 0x00000000c1a00000, 0x00000000c1900000| Complete 
|  26|0x00000000c1a00000, 0x00000000c1b00000, 0x00000000c1b00000|100%|HC|  |TAMS 0x00000000c1b00000, 0x00000000c1a00000| Complete 
|  27|0x00000000c1b00000, 0x00000000c1c00000, 0x00000000c1c00000|100%|HC|  |TAMS 0x00000000c1c00000, 0x00000000c1b00000| Complete 
|  28|0x00000000c1c00000, 0x00000000c1d00000, 0x00000000c1d00000|100%|HC|  |TAMS 0x00000000c1d00000, 0x00000000c1c00000| Complete 
|  29|0x00000000c1d00000, 0x00000000c1e00000, 0x00000000c1e00000|100%| O|  |TAMS 0x00000000c1e00000, 0x00000000c1d00000| Untracked 
|  30|0x00000000c1e00000, 0x00000000c1f00000, 0x00000000c1f00000|100%| O|  |TAMS 0x00000000c1f00000, 0x00000000c1e00000| Untracked 
|  31|0x00000000c1f00000, 0x00000000c2000000, 0x00000000c2000000|100%|HS|  |TAMS 0x00000000c2000000, 0x00000000c1f00000| Complete 
|  32|0x00000000c2000000, 0x00000000c2100000, 0x00000000c2100000|100%|HC|  |TAMS 0x00000000c2100000, 0x00000000c2000000| Complete 
|  33|0x00000000c2100000, 0x00000000c2200000, 0x00000000c2200000|100%|HC|  |TAMS 0x00000000c2200000, 0x00000000c2100000| Complete 
|  34|0x00000000c2200000, 0x00000000c2300000, 0x00000000c2300000|100%|HC|  |TAMS 0x00000000c2300000, 0x00000000c2200000| Complete 
|  35|0x00000000c2300000, 0x00000000c2400000, 0x00000000c2400000|100%|HC|  |TAMS 0x00000000c2400000, 0x00000000c2300000| Complete 
|  36|0x00000000c2400000, 0x00000000c2500000, 0x00000000c2500000|100%|HS|  |TAMS 0x00000000c2500000, 0x00000000c2400000| Complete 
|  37|0x00000000c2500000, 0x00000000c2600000, 0x00000000c2600000|100%|HC|  |TAMS 0x00000000c2600000, 0x00000000c2500000| Complete 
|  38|0x00000000c2600000, 0x00000000c2700000, 0x00000000c2700000|100%|HC|  |TAMS 0x00000000c2700000, 0x00000000c2600000| Complete 
|  39|0x00000000c2700000, 0x00000000c2800000, 0x00000000c2800000|100%|HC|  |TAMS 0x00000000c2800000, 0x00000000c2700000| Complete 
|  40|0x00000000c2800000, 0x00000000c2900000, 0x00000000c2900000|100%|HC|  |TAMS 0x00000000c2900000, 0x00000000c2800000| Complete 
|  41|0x00000000c2900000, 0x00000000c2a00000, 0x00000000c2a00000|100%| O|  |TAMS 0x00000000c2a00000, 0x00000000c2900000| Untracked 
|  42|0x00000000c2a00000, 0x00000000c2b00000, 0x00000000c2b00000|100%|HS|  |TAMS 0x00000000c2b00000, 0x00000000c2a00000| Complete 
|  43|0x00000000c2b00000, 0x00000000c2c00000, 0x00000000c2c00000|100%|HC|  |TAMS 0x00000000c2c00000, 0x00000000c2b00000| Complete 
|  44|0x00000000c2c00000, 0x00000000c2d00000, 0x00000000c2d00000|100%|HC|  |TAMS 0x00000000c2d00000, 0x00000000c2c00000| Complete 
|  45|0x00000000c2d00000, 0x00000000c2e00000, 0x00000000c2e00000|100%|HC|  |TAMS 0x00000000c2e00000, 0x00000000c2d00000| Complete 
|  46|0x00000000c2e00000, 0x00000000c2f00000, 0x00000000c2f00000|100%|HC|  |TAMS 0x00000000c2f00000, 0x00000000c2e00000| Complete 
|  47|0x00000000c2f00000, 0x00000000c3000000, 0x00000000c3000000|100%|HC|  |TAMS 0x00000000c3000000, 0x00000000c2f00000| Complete 
|  48|0x00000000c3000000, 0x00000000c3100000, 0x00000000c3100000|100%|HC|  |TAMS 0x00000000c3100000, 0x00000000c3000000| Complete 
|  49|0x00000000c3100000, 0x00000000c3200000, 0x00000000c3200000|100%|HC|  |TAMS 0x00000000c3200000, 0x00000000c3100000| Complete 
|  50|0x00000000c3200000, 0x00000000c3300000, 0x00000000c3300000|100%|HC|  |TAMS 0x00000000c3300000, 0x00000000c3200000| Complete 
|  51|0x00000000c3300000, 0x00000000c3400000, 0x00000000c3400000|100%|HC|  |TAMS 0x00000000c3400000, 0x00000000c3300000| Complete 
|  52|0x00000000c3400000, 0x00000000c3500000, 0x00000000c3500000|100%|HC|  |TAMS 0x00000000c3500000, 0x00000000c3400000| Complete 
|  53|0x00000000c3500000, 0x00000000c3600000, 0x00000000c3600000|100%|HC|  |TAMS 0x00000000c3600000, 0x00000000c3500000| Complete 
|  54|0x00000000c3600000, 0x00000000c3700000, 0x00000000c3700000|100%|HC|  |TAMS 0x00000000c3700000, 0x00000000c3600000| Complete 
|  55|0x00000000c3700000, 0x00000000c3800000, 0x00000000c3800000|100%|HS|  |TAMS 0x00000000c3800000, 0x00000000c3700000| Complete 
|  56|0x00000000c3800000, 0x00000000c3900000, 0x00000000c3900000|100%|HC|  |TAMS 0x00000000c3900000, 0x00000000c3800000| Complete 
|  57|0x00000000c3900000, 0x00000000c3a00000, 0x00000000c3a00000|100%|HC|  |TAMS 0x00000000c3a00000, 0x00000000c3900000| Complete 
|  58|0x00000000c3a00000, 0x00000000c3b00000, 0x00000000c3b00000|100%|HC|  |TAMS 0x00000000c3b00000, 0x00000000c3a00000| Complete 
|  59|0x00000000c3b00000, 0x00000000c3c00000, 0x00000000c3c00000|100%|HC|  |TAMS 0x00000000c3c00000, 0x00000000c3b00000| Complete 
|  60|0x00000000c3c00000, 0x00000000c3d00000, 0x00000000c3d00000|100%| O|  |TAMS 0x00000000c3d00000, 0x00000000c3c00000| Untracked 
|  61|0x00000000c3d00000, 0x00000000c3d00000, 0x00000000c3e00000|  0%| F|  |TAMS 0x00000000c3d00000, 0x00000000c3d00000| Untracked 
|  62|0x00000000c3e00000, 0x00000000c3f00000, 0x00000000c3f00000|100%| O|  |TAMS 0x00000000c3e00000, 0x00000000c3e00000| Untracked 
|  63|0x00000000c3f00000, 0x00000000c3f71000, 0x00000000c4000000| 44%| O|  |TAMS 0x00000000c3f00000, 0x00000000c3f00000| Untracked 
|  64|0x00000000c4000000, 0x00000000c4100000, 0x00000000c4100000|100%|HS|  |TAMS 0x00000000c4100000, 0x00000000c4000000| Complete 
|  65|0x00000000c4100000, 0x00000000c4200000, 0x00000000c4200000|100%|HC|  |TAMS 0x00000000c4200000, 0x00000000c4100000| Complete 
|  66|0x00000000c4200000, 0x00000000c4300000, 0x00000000c4300000|100%|HC|  |TAMS 0x00000000c4300000, 0x00000000c4200000| Complete 
|  67|0x00000000c4300000, 0x00000000c4400000, 0x00000000c4400000|100%|HC|  |TAMS 0x00000000c4400000, 0x00000000c4300000| Complete 
|  68|0x00000000c4400000, 0x00000000c4500000, 0x00000000c4500000|100%|HC|  |TAMS 0x00000000c4500000, 0x00000000c4400000| Complete 
|  69|0x00000000c4500000, 0x00000000c4600000, 0x00000000c4600000|100%|HC|  |TAMS 0x00000000c4600000, 0x00000000c4500000| Complete 
|  70|0x00000000c4600000, 0x00000000c4700000, 0x00000000c4700000|100%|HC|  |TAMS 0x00000000c4700000, 0x00000000c4600000| Complete 
|  71|0x00000000c4700000, 0x00000000c4800000, 0x00000000c4800000|100%|HC|  |TAMS 0x00000000c4800000, 0x00000000c4700000| Complete 
|  72|0x00000000c4800000, 0x00000000c4900000, 0x00000000c4900000|100%|HC|  |TAMS 0x00000000c4900000, 0x00000000c4800000| Complete 
|  73|0x00000000c4900000, 0x00000000c4a00000, 0x00000000c4a00000|100%|HS|  |TAMS 0x00000000c4a00000, 0x00000000c4900000| Complete 
|  74|0x00000000c4a00000, 0x00000000c4b00000, 0x00000000c4b00000|100%|HC|  |TAMS 0x00000000c4b00000, 0x00000000c4a00000| Complete 
|  75|0x00000000c4b00000, 0x00000000c4c00000, 0x00000000c4c00000|100%|HC|  |TAMS 0x00000000c4c00000, 0x00000000c4b00000| Complete 
|  76|0x00000000c4c00000, 0x00000000c4d00000, 0x00000000c4d00000|100%|HC|  |TAMS 0x00000000c4d00000, 0x00000000c4c00000| Complete 
|  77|0x00000000c4d00000, 0x00000000c4e00000, 0x00000000c4e00000|100%|HC|  |TAMS 0x00000000c4e00000, 0x00000000c4d00000| Complete 
|  78|0x00000000c4e00000, 0x00000000c4f00000, 0x00000000c4f00000|100%|HS|  |TAMS 0x00000000c4f00000, 0x00000000c4e00000| Complete 
|  79|0x00000000c4f00000, 0x00000000c5000000, 0x00000000c5000000|100%|HC|  |TAMS 0x00000000c5000000, 0x00000000c4f00000| Complete 
|  80|0x00000000c5000000, 0x00000000c5100000, 0x00000000c5100000|100%|HC|  |TAMS 0x00000000c5100000, 0x00000000c5000000| Complete 
|  81|0x00000000c5100000, 0x00000000c5200000, 0x00000000c5200000|100%|HC|  |TAMS 0x00000000c5200000, 0x00000000c5100000| Complete 
|  82|0x00000000c5200000, 0x00000000c5300000, 0x00000000c5300000|100%|HC|  |TAMS 0x00000000c5300000, 0x00000000c5200000| Complete 
|  83|0x00000000c5300000, 0x00000000c5300000, 0x00000000c5400000|  0%| F|  |TAMS 0x00000000c5300000, 0x00000000c5300000| Untracked 
|  84|0x00000000c5400000, 0x00000000c5400000, 0x00000000c5500000|  0%| F|  |TAMS 0x00000000c5400000, 0x00000000c5400000| Untracked 
|  85|0x00000000c5500000, 0x00000000c5600000, 0x00000000c5600000|100%|HS|  |TAMS 0x00000000c5600000, 0x00000000c5500000| Complete 
|  86|0x00000000c5600000, 0x00000000c5700000, 0x00000000c5700000|100%|HC|  |TAMS 0x00000000c5700000, 0x00000000c5600000| Complete 
|  87|0x00000000c5700000, 0x00000000c5800000, 0x00000000c5800000|100%|HC|  |TAMS 0x00000000c5800000, 0x00000000c5700000| Complete 
|  88|0x00000000c5800000, 0x00000000c5900000, 0x00000000c5900000|100%|HC|  |TAMS 0x00000000c5900000, 0x00000000c5800000| Complete 
|  89|0x00000000c5900000, 0x00000000c5a00000, 0x00000000c5a00000|100%|HC|  |TAMS 0x00000000c5a00000, 0x00000000c5900000| Complete 
|  90|0x00000000c5a00000, 0x00000000c5a00000, 0x00000000c5b00000|  0%| F|  |TAMS 0x00000000c5a00000, 0x00000000c5a00000| Untracked 
|  91|0x00000000c5b00000, 0x00000000c5b00000, 0x00000000c5c00000|  0%| F|  |TAMS 0x00000000c5b00000, 0x00000000c5b00000| Untracked 
|  92|0x00000000c5c00000, 0x00000000c5c00000, 0x00000000c5d00000|  0%| F|  |TAMS 0x00000000c5c00000, 0x00000000c5c00000| Untracked 
|  93|0x00000000c5d00000, 0x00000000c5d00000, 0x00000000c5e00000|  0%| F|  |TAMS 0x00000000c5d00000, 0x00000000c5d00000| Untracked 
|  94|0x00000000c5e00000, 0x00000000c5e00000, 0x00000000c5f00000|  0%| F|  |TAMS 0x00000000c5e00000, 0x00000000c5e00000| Untracked 
|  95|0x00000000c5f00000, 0x00000000c5f00000, 0x00000000c6000000|  0%| F|  |TAMS 0x00000000c5f00000, 0x00000000c5f00000| Untracked 
|  96|0x00000000c6000000, 0x00000000c6000000, 0x00000000c6100000|  0%| F|  |TAMS 0x00000000c6000000, 0x00000000c6000000| Untracked 
|  97|0x00000000c6100000, 0x00000000c6100000, 0x00000000c6200000|  0%| F|  |TAMS 0x00000000c6100000, 0x00000000c6100000| Untracked 
|  98|0x00000000c6200000, 0x00000000c6200000, 0x00000000c6300000|  0%| F|  |TAMS 0x00000000c6200000, 0x00000000c6200000| Untracked 
|  99|0x00000000c6300000, 0x00000000c6300000, 0x00000000c6400000|  0%| F|  |TAMS 0x00000000c6300000, 0x00000000c6300000| Untracked 
| 100|0x00000000c6400000, 0x00000000c6400000, 0x00000000c6500000|  0%| F|  |TAMS 0x00000000c6400000, 0x00000000c6400000| Untracked 
| 101|0x00000000c6500000, 0x00000000c6500000, 0x00000000c6600000|  0%| F|  |TAMS 0x00000000c6500000, 0x00000000c6500000| Untracked 
| 102|0x00000000c6600000, 0x00000000c6600000, 0x00000000c6700000|  0%| F|  |TAMS 0x00000000c6600000, 0x00000000c6600000| Untracked 
| 103|0x00000000c6700000, 0x00000000c6700000, 0x00000000c6800000|  0%| F|  |TAMS 0x00000000c6700000, 0x00000000c6700000| Untracked 
| 104|0x00000000c6800000, 0x00000000c6800000, 0x00000000c6900000|  0%| F|  |TAMS 0x00000000c6800000, 0x00000000c6800000| Untracked 
| 105|0x00000000c6900000, 0x00000000c6900000, 0x00000000c6a00000|  0%| F|  |TAMS 0x00000000c6900000, 0x00000000c6900000| Untracked 
| 106|0x00000000c6a00000, 0x00000000c6a00000, 0x00000000c6b00000|  0%| F|  |TAMS 0x00000000c6a00000, 0x00000000c6a00000| Untracked 
| 107|0x00000000c6b00000, 0x00000000c6b00000, 0x00000000c6c00000|  0%| F|  |TAMS 0x00000000c6b00000, 0x00000000c6b00000| Untracked 
| 108|0x00000000c6c00000, 0x00000000c6c00000, 0x00000000c6d00000|  0%| F|  |TAMS 0x00000000c6c00000, 0x00000000c6c00000| Untracked 
| 109|0x00000000c6d00000, 0x00000000c6d00000, 0x00000000c6e00000|  0%| F|  |TAMS 0x00000000c6d00000, 0x00000000c6d00000| Untracked 
| 110|0x00000000c6e00000, 0x00000000c6e00000, 0x00000000c6f00000|  0%| F|  |TAMS 0x00000000c6e00000, 0x00000000c6e00000| Untracked 
| 111|0x00000000c6f00000, 0x00000000c6f00000, 0x00000000c7000000|  0%| F|  |TAMS 0x00000000c6f00000, 0x00000000c6f00000| Untracked 
| 112|0x00000000c7000000, 0x00000000c7000000, 0x00000000c7100000|  0%| F|  |TAMS 0x00000000c7000000, 0x00000000c7000000| Untracked 
| 113|0x00000000c7100000, 0x00000000c7100000, 0x00000000c7200000|  0%| F|  |TAMS 0x00000000c7100000, 0x00000000c7100000| Untracked 
| 114|0x00000000c7200000, 0x00000000c7200000, 0x00000000c7300000|  0%| F|  |TAMS 0x00000000c7200000, 0x00000000c7200000| Untracked 
| 115|0x00000000c7300000, 0x00000000c7300000, 0x00000000c7400000|  0%| F|  |TAMS 0x00000000c7300000, 0x00000000c7300000| Untracked 
| 116|0x00000000c7400000, 0x00000000c7400000, 0x00000000c7500000|  0%| F|  |TAMS 0x00000000c7400000, 0x00000000c7400000| Untracked 
| 117|0x00000000c7500000, 0x00000000c7500000, 0x00000000c7600000|  0%| F|  |TAMS 0x00000000c7500000, 0x00000000c7500000| Untracked 
| 118|0x00000000c7600000, 0x00000000c7600000, 0x00000000c7700000|  0%| F|  |TAMS 0x00000000c7600000, 0x00000000c7600000| Untracked 
| 119|0x00000000c7700000, 0x00000000c7700000, 0x00000000c7800000|  0%| F|  |TAMS 0x00000000c7700000, 0x00000000c7700000| Untracked 
| 120|0x00000000c7800000, 0x00000000c7800000, 0x00000000c7900000|  0%| F|  |TAMS 0x00000000c7800000, 0x00000000c7800000| Untracked 
| 121|0x00000000c7900000, 0x00000000c7900000, 0x00000000c7a00000|  0%| F|  |TAMS 0x00000000c7900000, 0x00000000c7900000| Untracked 
| 122|0x00000000c7a00000, 0x00000000c7a00000, 0x00000000c7b00000|  0%| F|  |TAMS 0x00000000c7a00000, 0x00000000c7a00000| Untracked 
| 123|0x00000000c7b00000, 0x00000000c7b00000, 0x00000000c7c00000|  0%| F|  |TAMS 0x00000000c7b00000, 0x00000000c7b00000| Untracked 
| 124|0x00000000c7c00000, 0x00000000c7c00000, 0x00000000c7d00000|  0%| F|  |TAMS 0x00000000c7c00000, 0x00000000c7c00000| Untracked 
| 125|0x00000000c7d00000, 0x00000000c7d00000, 0x00000000c7e00000|  0%| F|  |TAMS 0x00000000c7d00000, 0x00000000c7d00000| Untracked 
| 126|0x00000000c7e00000, 0x00000000c7e00000, 0x00000000c7f00000|  0%| F|  |TAMS 0x00000000c7e00000, 0x00000000c7e00000| Untracked 
| 127|0x00000000c7f00000, 0x00000000c7f00000, 0x00000000c8000000|  0%| F|  |TAMS 0x00000000c7f00000, 0x00000000c7f00000| Untracked 
| 128|0x00000000c8000000, 0x00000000c8000000, 0x00000000c8100000|  0%| F|  |TAMS 0x00000000c8000000, 0x00000000c8000000| Untracked 
| 129|0x00000000c8100000, 0x00000000c8100000, 0x00000000c8200000|  0%| F|  |TAMS 0x00000000c8100000, 0x00000000c8100000| Untracked 
| 130|0x00000000c8200000, 0x00000000c8200000, 0x00000000c8300000|  0%| F|  |TAMS 0x00000000c8200000, 0x00000000c8200000| Untracked 
| 131|0x00000000c8300000, 0x00000000c8300000, 0x00000000c8400000|  0%| F|  |TAMS 0x00000000c8300000, 0x00000000c8300000| Untracked 
| 132|0x00000000c8400000, 0x00000000c8400000, 0x00000000c8500000|  0%| F|  |TAMS 0x00000000c8400000, 0x00000000c8400000| Untracked 
| 133|0x00000000c8500000, 0x00000000c8500000, 0x00000000c8600000|  0%| F|  |TAMS 0x00000000c8500000, 0x00000000c8500000| Untracked 
| 134|0x00000000c8600000, 0x00000000c8600000, 0x00000000c8700000|  0%| F|  |TAMS 0x00000000c8600000, 0x00000000c8600000| Untracked 
| 135|0x00000000c8700000, 0x00000000c8700000, 0x00000000c8800000|  0%| F|  |TAMS 0x00000000c8700000, 0x00000000c8700000| Untracked 
| 136|0x00000000c8800000, 0x00000000c8800000, 0x00000000c8900000|  0%| F|  |TAMS 0x00000000c8800000, 0x00000000c8800000| Untracked 
| 137|0x00000000c8900000, 0x00000000c8900000, 0x00000000c8a00000|  0%| F|  |TAMS 0x00000000c8900000, 0x00000000c8900000| Untracked 
| 138|0x00000000c8a00000, 0x00000000c8a00000, 0x00000000c8b00000|  0%| F|  |TAMS 0x00000000c8a00000, 0x00000000c8a00000| Untracked 
| 139|0x00000000c8b00000, 0x00000000c8b00000, 0x00000000c8c00000|  0%| F|  |TAMS 0x00000000c8b00000, 0x00000000c8b00000| Untracked 
| 140|0x00000000c8c00000, 0x00000000c8c00000, 0x00000000c8d00000|  0%| F|  |TAMS 0x00000000c8c00000, 0x00000000c8c00000| Untracked 
| 141|0x00000000c8d00000, 0x00000000c8d00000, 0x00000000c8e00000|  0%| F|  |TAMS 0x00000000c8d00000, 0x00000000c8d00000| Untracked 
| 142|0x00000000c8e00000, 0x00000000c8e00000, 0x00000000c8f00000|  0%| F|  |TAMS 0x00000000c8e00000, 0x00000000c8e00000| Untracked 
| 143|0x00000000c8f00000, 0x00000000c8f00000, 0x00000000c9000000|  0%| F|  |TAMS 0x00000000c8f00000, 0x00000000c8f00000| Untracked 
| 144|0x00000000c9000000, 0x00000000c9000000, 0x00000000c9100000|  0%| F|  |TAMS 0x00000000c9000000, 0x00000000c9000000| Untracked 
| 145|0x00000000c9100000, 0x00000000c9100000, 0x00000000c9200000|  0%| F|  |TAMS 0x00000000c9100000, 0x00000000c9100000| Untracked 
| 146|0x00000000c9200000, 0x00000000c9200000, 0x00000000c9300000|  0%| F|  |TAMS 0x00000000c9200000, 0x00000000c9200000| Untracked 
| 147|0x00000000c9300000, 0x00000000c9300000, 0x00000000c9400000|  0%| F|  |TAMS 0x00000000c9300000, 0x00000000c9300000| Untracked 
| 148|0x00000000c9400000, 0x00000000c9400000, 0x00000000c9500000|  0%| F|  |TAMS 0x00000000c9400000, 0x00000000c9400000| Untracked 
| 149|0x00000000c9500000, 0x00000000c9500000, 0x00000000c9600000|  0%| F|  |TAMS 0x00000000c9500000, 0x00000000c9500000| Untracked 
| 150|0x00000000c9600000, 0x00000000c9600000, 0x00000000c9700000|  0%| F|  |TAMS 0x00000000c9600000, 0x00000000c9600000| Untracked 
| 151|0x00000000c9700000, 0x00000000c9700000, 0x00000000c9800000|  0%| F|  |TAMS 0x00000000c9700000, 0x00000000c9700000| Untracked 
| 152|0x00000000c9800000, 0x00000000c9800000, 0x00000000c9900000|  0%| F|  |TAMS 0x00000000c9800000, 0x00000000c9800000| Untracked 
| 153|0x00000000c9900000, 0x00000000c9900000, 0x00000000c9a00000|  0%| F|  |TAMS 0x00000000c9900000, 0x00000000c9900000| Untracked 
| 154|0x00000000c9a00000, 0x00000000c9a00000, 0x00000000c9b00000|  0%| F|  |TAMS 0x00000000c9a00000, 0x00000000c9a00000| Untracked 
| 155|0x00000000c9b00000, 0x00000000c9b00000, 0x00000000c9c00000|  0%| F|  |TAMS 0x00000000c9b00000, 0x00000000c9b00000| Untracked 
| 156|0x00000000c9c00000, 0x00000000c9c00000, 0x00000000c9d00000|  0%| F|  |TAMS 0x00000000c9c00000, 0x00000000c9c00000| Untracked 
| 157|0x00000000c9d00000, 0x00000000c9d00000, 0x00000000c9e00000|  0%| F|  |TAMS 0x00000000c9d00000, 0x00000000c9d00000| Untracked 
| 158|0x00000000c9e00000, 0x00000000c9e00000, 0x00000000c9f00000|  0%| F|  |TAMS 0x00000000c9e00000, 0x00000000c9e00000| Untracked 
| 159|0x00000000c9f00000, 0x00000000c9f00000, 0x00000000ca000000|  0%| F|  |TAMS 0x00000000c9f00000, 0x00000000c9f00000| Untracked 
| 160|0x00000000ca000000, 0x00000000ca000000, 0x00000000ca100000|  0%| F|  |TAMS 0x00000000ca000000, 0x00000000ca000000| Untracked 
| 161|0x00000000ca100000, 0x00000000ca100000, 0x00000000ca200000|  0%| F|  |TAMS 0x00000000ca100000, 0x00000000ca100000| Untracked 
| 162|0x00000000ca200000, 0x00000000ca200000, 0x00000000ca300000|  0%| F|  |TAMS 0x00000000ca200000, 0x00000000ca200000| Untracked 
| 163|0x00000000ca300000, 0x00000000ca300000, 0x00000000ca400000|  0%| F|  |TAMS 0x00000000ca300000, 0x00000000ca300000| Untracked 
| 164|0x00000000ca400000, 0x00000000ca400000, 0x00000000ca500000|  0%| F|  |TAMS 0x00000000ca400000, 0x00000000ca400000| Untracked 
| 165|0x00000000ca500000, 0x00000000ca500000, 0x00000000ca600000|  0%| F|  |TAMS 0x00000000ca500000, 0x00000000ca500000| Untracked 
| 166|0x00000000ca600000, 0x00000000ca600000, 0x00000000ca700000|  0%| F|  |TAMS 0x00000000ca600000, 0x00000000ca600000| Untracked 
| 167|0x00000000ca700000, 0x00000000ca700000, 0x00000000ca800000|  0%| F|  |TAMS 0x00000000ca700000, 0x00000000ca700000| Untracked 
| 168|0x00000000ca800000, 0x00000000ca800000, 0x00000000ca900000|  0%| F|  |TAMS 0x00000000ca800000, 0x00000000ca800000| Untracked 
| 169|0x00000000ca900000, 0x00000000ca900000, 0x00000000caa00000|  0%| F|  |TAMS 0x00000000ca900000, 0x00000000ca900000| Untracked 
| 170|0x00000000caa00000, 0x00000000caa00000, 0x00000000cab00000|  0%| F|  |TAMS 0x00000000caa00000, 0x00000000caa00000| Untracked 
| 171|0x00000000cab00000, 0x00000000cab00000, 0x00000000cac00000|  0%| F|  |TAMS 0x00000000cab00000, 0x00000000cab00000| Untracked 
| 172|0x00000000cac00000, 0x00000000cac00000, 0x00000000cad00000|  0%| F|  |TAMS 0x00000000cac00000, 0x00000000cac00000| Untracked 
| 173|0x00000000cad00000, 0x00000000cad00000, 0x00000000cae00000|  0%| F|  |TAMS 0x00000000cad00000, 0x00000000cad00000| Untracked 
| 174|0x00000000cae00000, 0x00000000cae00000, 0x00000000caf00000|  0%| F|  |TAMS 0x00000000cae00000, 0x00000000cae00000| Untracked 
| 175|0x00000000caf00000, 0x00000000caf00000, 0x00000000cb000000|  0%| F|  |TAMS 0x00000000caf00000, 0x00000000caf00000| Untracked 
| 176|0x00000000cb000000, 0x00000000cb000000, 0x00000000cb100000|  0%| F|  |TAMS 0x00000000cb000000, 0x00000000cb000000| Untracked 
| 177|0x00000000cb100000, 0x00000000cb100000, 0x00000000cb200000|  0%| F|  |TAMS 0x00000000cb100000, 0x00000000cb100000| Untracked 
| 178|0x00000000cb200000, 0x00000000cb200000, 0x00000000cb300000|  0%| F|  |TAMS 0x00000000cb200000, 0x00000000cb200000| Untracked 
| 179|0x00000000cb300000, 0x00000000cb300000, 0x00000000cb400000|  0%| F|  |TAMS 0x00000000cb300000, 0x00000000cb300000| Untracked 
| 180|0x00000000cb400000, 0x00000000cb400000, 0x00000000cb500000|  0%| F|  |TAMS 0x00000000cb400000, 0x00000000cb400000| Untracked 
| 181|0x00000000cb500000, 0x00000000cb500000, 0x00000000cb600000|  0%| F|  |TAMS 0x00000000cb500000, 0x00000000cb500000| Untracked 
| 182|0x00000000cb600000, 0x00000000cb600000, 0x00000000cb700000|  0%| F|  |TAMS 0x00000000cb600000, 0x00000000cb600000| Untracked 
| 183|0x00000000cb700000, 0x00000000cb700000, 0x00000000cb800000|  0%| F|  |TAMS 0x00000000cb700000, 0x00000000cb700000| Untracked 
| 184|0x00000000cb800000, 0x00000000cb800000, 0x00000000cb900000|  0%| F|  |TAMS 0x00000000cb800000, 0x00000000cb800000| Untracked 
| 185|0x00000000cb900000, 0x00000000cb900000, 0x00000000cba00000|  0%| F|  |TAMS 0x00000000cb900000, 0x00000000cb900000| Untracked 
| 186|0x00000000cba00000, 0x00000000cba00000, 0x00000000cbb00000|  0%| F|  |TAMS 0x00000000cba00000, 0x00000000cba00000| Untracked 
| 187|0x00000000cbb00000, 0x00000000cbb00000, 0x00000000cbc00000|  0%| F|  |TAMS 0x00000000cbb00000, 0x00000000cbb00000| Untracked 
| 188|0x00000000cbc00000, 0x00000000cbc00000, 0x00000000cbd00000|  0%| F|  |TAMS 0x00000000cbc00000, 0x00000000cbc00000| Untracked 
| 189|0x00000000cbd00000, 0x00000000cbd00000, 0x00000000cbe00000|  0%| F|  |TAMS 0x00000000cbd00000, 0x00000000cbd00000| Untracked 
| 190|0x00000000cbe00000, 0x00000000cbe00000, 0x00000000cbf00000|  0%| F|  |TAMS 0x00000000cbe00000, 0x00000000cbe00000| Untracked 
| 191|0x00000000cbf00000, 0x00000000cbf00000, 0x00000000cc000000|  0%| F|  |TAMS 0x00000000cbf00000, 0x00000000cbf00000| Untracked 
| 192|0x00000000cc000000, 0x00000000cc000000, 0x00000000cc100000|  0%| F|  |TAMS 0x00000000cc000000, 0x00000000cc000000| Untracked 
| 193|0x00000000cc100000, 0x00000000cc100000, 0x00000000cc200000|  0%| F|  |TAMS 0x00000000cc100000, 0x00000000cc100000| Untracked 
| 194|0x00000000cc200000, 0x00000000cc200000, 0x00000000cc300000|  0%| F|  |TAMS 0x00000000cc200000, 0x00000000cc200000| Untracked 
| 195|0x00000000cc300000, 0x00000000cc300000, 0x00000000cc400000|  0%| F|  |TAMS 0x00000000cc300000, 0x00000000cc300000| Untracked 
| 196|0x00000000cc400000, 0x00000000cc400000, 0x00000000cc500000|  0%| F|  |TAMS 0x00000000cc400000, 0x00000000cc400000| Untracked 
| 197|0x00000000cc500000, 0x00000000cc500000, 0x00000000cc600000|  0%| F|  |TAMS 0x00000000cc500000, 0x00000000cc500000| Untracked 
| 198|0x00000000cc600000, 0x00000000cc600000, 0x00000000cc700000|  0%| F|  |TAMS 0x00000000cc600000, 0x00000000cc600000| Untracked 
| 199|0x00000000cc700000, 0x00000000cc700000, 0x00000000cc800000|  0%| F|  |TAMS 0x00000000cc700000, 0x00000000cc700000| Untracked 
| 200|0x00000000cc800000, 0x00000000cc887280, 0x00000000cc900000| 52%| S|CS|TAMS 0x00000000cc800000, 0x00000000cc800000| Complete 
| 201|0x00000000cc900000, 0x00000000cca00000, 0x00000000cca00000|100%| S|CS|TAMS 0x00000000cc900000, 0x00000000cc900000| Complete 
| 202|0x00000000cca00000, 0x00000000cca00000, 0x00000000ccb00000|  0%| F|  |TAMS 0x00000000cca00000, 0x00000000cca00000| Untracked 
| 203|0x00000000ccb00000, 0x00000000ccb00000, 0x00000000ccc00000|  0%| F|  |TAMS 0x00000000ccb00000, 0x00000000ccb00000| Untracked 
| 204|0x00000000ccc00000, 0x00000000ccc00000, 0x00000000ccd00000|  0%| F|  |TAMS 0x00000000ccc00000, 0x00000000ccc00000| Untracked 
| 205|0x00000000ccd00000, 0x00000000cce00000, 0x00000000cce00000|100%| S|CS|TAMS 0x00000000ccd00000, 0x00000000ccd00000| Complete 
| 206|0x00000000cce00000, 0x00000000ccf00000, 0x00000000ccf00000|100%| S|CS|TAMS 0x00000000cce00000, 0x00000000cce00000| Complete 
| 207|0x00000000ccf00000, 0x00000000cd000000, 0x00000000cd000000|100%| S|CS|TAMS 0x00000000ccf00000, 0x00000000ccf00000| Complete 
| 208|0x00000000cd000000, 0x00000000cd000000, 0x00000000cd100000|  0%| F|  |TAMS 0x00000000cd000000, 0x00000000cd000000| Untracked 
| 209|0x00000000cd100000, 0x00000000cd100000, 0x00000000cd200000|  0%| F|  |TAMS 0x00000000cd100000, 0x00000000cd100000| Untracked 
| 210|0x00000000cd200000, 0x00000000cd200000, 0x00000000cd300000|  0%| F|  |TAMS 0x00000000cd200000, 0x00000000cd200000| Untracked 
| 211|0x00000000cd300000, 0x00000000cd300000, 0x00000000cd400000|  0%| F|  |TAMS 0x00000000cd300000, 0x00000000cd300000| Untracked 
| 212|0x00000000cd400000, 0x00000000cd400000, 0x00000000cd500000|  0%| F|  |TAMS 0x00000000cd400000, 0x00000000cd400000| Untracked 
| 213|0x00000000cd500000, 0x00000000cd500000, 0x00000000cd600000|  0%| F|  |TAMS 0x00000000cd500000, 0x00000000cd500000| Untracked 
| 214|0x00000000cd600000, 0x00000000cd600000, 0x00000000cd700000|  0%| F|  |TAMS 0x00000000cd600000, 0x00000000cd600000| Untracked 
| 215|0x00000000cd700000, 0x00000000cd700000, 0x00000000cd800000|  0%| F|  |TAMS 0x00000000cd700000, 0x00000000cd700000| Untracked 
| 216|0x00000000cd800000, 0x00000000cd800000, 0x00000000cd900000|  0%| F|  |TAMS 0x00000000cd800000, 0x00000000cd800000| Untracked 
| 217|0x00000000cd900000, 0x00000000cd900000, 0x00000000cda00000|  0%| F|  |TAMS 0x00000000cd900000, 0x00000000cd900000| Untracked 
| 218|0x00000000cda00000, 0x00000000cda00000, 0x00000000cdb00000|  0%| F|  |TAMS 0x00000000cda00000, 0x00000000cda00000| Untracked 
| 219|0x00000000cdb00000, 0x00000000cdb00000, 0x00000000cdc00000|  0%| F|  |TAMS 0x00000000cdb00000, 0x00000000cdb00000| Untracked 
| 220|0x00000000cdc00000, 0x00000000cdc00000, 0x00000000cdd00000|  0%| F|  |TAMS 0x00000000cdc00000, 0x00000000cdc00000| Untracked 
| 221|0x00000000cdd00000, 0x00000000cdd00000, 0x00000000cde00000|  0%| F|  |TAMS 0x00000000cdd00000, 0x00000000cdd00000| Untracked 
| 222|0x00000000cde00000, 0x00000000cde00000, 0x00000000cdf00000|  0%| F|  |TAMS 0x00000000cde00000, 0x00000000cde00000| Untracked 
| 223|0x00000000cdf00000, 0x00000000cdf00000, 0x00000000ce000000|  0%| F|  |TAMS 0x00000000cdf00000, 0x00000000cdf00000| Untracked 
| 224|0x00000000ce000000, 0x00000000ce000000, 0x00000000ce100000|  0%| F|  |TAMS 0x00000000ce000000, 0x00000000ce000000| Untracked 
| 225|0x00000000ce100000, 0x00000000ce100000, 0x00000000ce200000|  0%| F|  |TAMS 0x00000000ce100000, 0x00000000ce100000| Untracked 
| 226|0x00000000ce200000, 0x00000000ce200000, 0x00000000ce300000|  0%| F|  |TAMS 0x00000000ce200000, 0x00000000ce200000| Untracked 
| 227|0x00000000ce300000, 0x00000000ce300000, 0x00000000ce400000|  0%| F|  |TAMS 0x00000000ce300000, 0x00000000ce300000| Untracked 
| 228|0x00000000ce400000, 0x00000000ce400000, 0x00000000ce500000|  0%| F|  |TAMS 0x00000000ce400000, 0x00000000ce400000| Untracked 
| 229|0x00000000ce500000, 0x00000000ce500000, 0x00000000ce600000|  0%| F|  |TAMS 0x00000000ce500000, 0x00000000ce500000| Untracked 
| 230|0x00000000ce600000, 0x00000000ce600000, 0x00000000ce700000|  0%| F|  |TAMS 0x00000000ce600000, 0x00000000ce600000| Untracked 
| 231|0x00000000ce700000, 0x00000000ce700000, 0x00000000ce800000|  0%| F|  |TAMS 0x00000000ce700000, 0x00000000ce700000| Untracked 
| 232|0x00000000ce800000, 0x00000000ce800000, 0x00000000ce900000|  0%| F|  |TAMS 0x00000000ce800000, 0x00000000ce800000| Untracked 
| 233|0x00000000ce900000, 0x00000000ce900000, 0x00000000cea00000|  0%| F|  |TAMS 0x00000000ce900000, 0x00000000ce900000| Untracked 
| 234|0x00000000cea00000, 0x00000000cea00000, 0x00000000ceb00000|  0%| F|  |TAMS 0x00000000cea00000, 0x00000000cea00000| Untracked 
| 235|0x00000000ceb00000, 0x00000000ceb00000, 0x00000000cec00000|  0%| F|  |TAMS 0x00000000ceb00000, 0x00000000ceb00000| Untracked 
| 236|0x00000000cec00000, 0x00000000cec00000, 0x00000000ced00000|  0%| F|  |TAMS 0x00000000cec00000, 0x00000000cec00000| Untracked 
| 237|0x00000000ced00000, 0x00000000ced00000, 0x00000000cee00000|  0%| F|  |TAMS 0x00000000ced00000, 0x00000000ced00000| Untracked 
| 238|0x00000000cee00000, 0x00000000cee00000, 0x00000000cef00000|  0%| F|  |TAMS 0x00000000cee00000, 0x00000000cee00000| Untracked 
| 239|0x00000000cef00000, 0x00000000cef00000, 0x00000000cf000000|  0%| F|  |TAMS 0x00000000cef00000, 0x00000000cef00000| Untracked 
| 240|0x00000000cf000000, 0x00000000cf000000, 0x00000000cf100000|  0%| F|  |TAMS 0x00000000cf000000, 0x00000000cf000000| Untracked 
| 241|0x00000000cf100000, 0x00000000cf100000, 0x00000000cf200000|  0%| F|  |TAMS 0x00000000cf100000, 0x00000000cf100000| Untracked 
| 242|0x00000000cf200000, 0x00000000cf200000, 0x00000000cf300000|  0%| F|  |TAMS 0x00000000cf200000, 0x00000000cf200000| Untracked 
| 243|0x00000000cf300000, 0x00000000cf300000, 0x00000000cf400000|  0%| F|  |TAMS 0x00000000cf300000, 0x00000000cf300000| Untracked 
| 244|0x00000000cf400000, 0x00000000cf400000, 0x00000000cf500000|  0%| F|  |TAMS 0x00000000cf400000, 0x00000000cf400000| Untracked 
| 245|0x00000000cf500000, 0x00000000cf500000, 0x00000000cf600000|  0%| F|  |TAMS 0x00000000cf500000, 0x00000000cf500000| Untracked 
| 246|0x00000000cf600000, 0x00000000cf600000, 0x00000000cf700000|  0%| F|  |TAMS 0x00000000cf600000, 0x00000000cf600000| Untracked 
| 247|0x00000000cf700000, 0x00000000cf700000, 0x00000000cf800000|  0%| F|  |TAMS 0x00000000cf700000, 0x00000000cf700000| Untracked 
| 248|0x00000000cf800000, 0x00000000cf800000, 0x00000000cf900000|  0%| F|  |TAMS 0x00000000cf800000, 0x00000000cf800000| Untracked 
| 249|0x00000000cf900000, 0x00000000cf900000, 0x00000000cfa00000|  0%| F|  |TAMS 0x00000000cf900000, 0x00000000cf900000| Untracked 
| 250|0x00000000cfa00000, 0x00000000cfa00000, 0x00000000cfb00000|  0%| F|  |TAMS 0x00000000cfa00000, 0x00000000cfa00000| Untracked 
| 251|0x00000000cfb00000, 0x00000000cfb00000, 0x00000000cfc00000|  0%| F|  |TAMS 0x00000000cfb00000, 0x00000000cfb00000| Untracked 
| 252|0x00000000cfc00000, 0x00000000cfc00000, 0x00000000cfd00000|  0%| F|  |TAMS 0x00000000cfc00000, 0x00000000cfc00000| Untracked 
| 253|0x00000000cfd00000, 0x00000000cfd00000, 0x00000000cfe00000|  0%| F|  |TAMS 0x00000000cfd00000, 0x00000000cfd00000| Untracked 
| 254|0x00000000cfe00000, 0x00000000cfe00000, 0x00000000cff00000|  0%| F|  |TAMS 0x00000000cfe00000, 0x00000000cfe00000| Untracked 
| 255|0x00000000cff00000, 0x00000000cff00000, 0x00000000d0000000|  0%| F|  |TAMS 0x00000000cff00000, 0x00000000cff00000| Untracked 
| 256|0x00000000d0000000, 0x00000000d00c3028, 0x00000000d0100000| 76%| E|  |TAMS 0x00000000d0000000, 0x00000000d0000000| Complete 
| 257|0x00000000d0100000, 0x00000000d0200000, 0x00000000d0200000|100%| E|CS|TAMS 0x00000000d0100000, 0x00000000d0100000| Complete 
| 258|0x00000000d0200000, 0x00000000d0300000, 0x00000000d0300000|100%| E|CS|TAMS 0x00000000d0200000, 0x00000000d0200000| Complete 
| 259|0x00000000d0300000, 0x00000000d0400000, 0x00000000d0400000|100%| E|CS|TAMS 0x00000000d0300000, 0x00000000d0300000| Complete 
| 260|0x00000000d0400000, 0x00000000d0500000, 0x00000000d0500000|100%| E|CS|TAMS 0x00000000d0400000, 0x00000000d0400000| Complete 
| 261|0x00000000d0500000, 0x00000000d0600000, 0x00000000d0600000|100%| E|CS|TAMS 0x00000000d0500000, 0x00000000d0500000| Complete 
| 262|0x00000000d0600000, 0x00000000d0700000, 0x00000000d0700000|100%| E|CS|TAMS 0x00000000d0600000, 0x00000000d0600000| Complete 
| 263|0x00000000d0700000, 0x00000000d0800000, 0x00000000d0800000|100%| E|CS|TAMS 0x00000000d0700000, 0x00000000d0700000| Complete 
| 264|0x00000000d0800000, 0x00000000d0900000, 0x00000000d0900000|100%| E|CS|TAMS 0x00000000d0800000, 0x00000000d0800000| Complete 
| 265|0x00000000d0900000, 0x00000000d0a00000, 0x00000000d0a00000|100%| E|CS|TAMS 0x00000000d0900000, 0x00000000d0900000| Complete 
| 266|0x00000000d0a00000, 0x00000000d0b00000, 0x00000000d0b00000|100%| E|CS|TAMS 0x00000000d0a00000, 0x00000000d0a00000| Complete 
| 267|0x00000000d0b00000, 0x00000000d0c00000, 0x00000000d0c00000|100%| E|CS|TAMS 0x00000000d0b00000, 0x00000000d0b00000| Complete 
| 268|0x00000000d0c00000, 0x00000000d0d00000, 0x00000000d0d00000|100%| E|CS|TAMS 0x00000000d0c00000, 0x00000000d0c00000| Complete 
| 269|0x00000000d0d00000, 0x00000000d0e00000, 0x00000000d0e00000|100%| E|CS|TAMS 0x00000000d0d00000, 0x00000000d0d00000| Complete 
| 270|0x00000000d0e00000, 0x00000000d0f00000, 0x00000000d0f00000|100%| E|CS|TAMS 0x00000000d0e00000, 0x00000000d0e00000| Complete 
| 271|0x00000000d0f00000, 0x00000000d1000000, 0x00000000d1000000|100%| E|CS|TAMS 0x00000000d0f00000, 0x00000000d0f00000| Complete 
| 272|0x00000000d1000000, 0x00000000d1100000, 0x00000000d1100000|100%| E|CS|TAMS 0x00000000d1000000, 0x00000000d1000000| Complete 
| 273|0x00000000d1100000, 0x00000000d1200000, 0x00000000d1200000|100%| E|CS|TAMS 0x00000000d1100000, 0x00000000d1100000| Complete 
| 274|0x00000000d1200000, 0x00000000d1300000, 0x00000000d1300000|100%| E|CS|TAMS 0x00000000d1200000, 0x00000000d1200000| Complete 
| 275|0x00000000d1300000, 0x00000000d1400000, 0x00000000d1400000|100%| E|CS|TAMS 0x00000000d1300000, 0x00000000d1300000| Complete 
| 276|0x00000000d1400000, 0x00000000d1500000, 0x00000000d1500000|100%| E|CS|TAMS 0x00000000d1400000, 0x00000000d1400000| Complete 
| 277|0x00000000d1500000, 0x00000000d1600000, 0x00000000d1600000|100%| E|CS|TAMS 0x00000000d1500000, 0x00000000d1500000| Complete 
| 278|0x00000000d1600000, 0x00000000d1700000, 0x00000000d1700000|100%| E|CS|TAMS 0x00000000d1600000, 0x00000000d1600000| Complete 
| 279|0x00000000d1700000, 0x00000000d1800000, 0x00000000d1800000|100%| E|CS|TAMS 0x00000000d1700000, 0x00000000d1700000| Complete 
| 280|0x00000000d1800000, 0x00000000d1900000, 0x00000000d1900000|100%| E|CS|TAMS 0x00000000d1800000, 0x00000000d1800000| Complete 
| 281|0x00000000d1900000, 0x00000000d1a00000, 0x00000000d1a00000|100%| E|CS|TAMS 0x00000000d1900000, 0x00000000d1900000| Complete 
| 282|0x00000000d1a00000, 0x00000000d1b00000, 0x00000000d1b00000|100%| E|CS|TAMS 0x00000000d1a00000, 0x00000000d1a00000| Complete 
| 283|0x00000000d1b00000, 0x00000000d1c00000, 0x00000000d1c00000|100%| E|CS|TAMS 0x00000000d1b00000, 0x00000000d1b00000| Complete 
| 284|0x00000000d1c00000, 0x00000000d1d00000, 0x00000000d1d00000|100%| E|CS|TAMS 0x00000000d1c00000, 0x00000000d1c00000| Complete 
| 285|0x00000000d1d00000, 0x00000000d1e00000, 0x00000000d1e00000|100%| E|CS|TAMS 0x00000000d1d00000, 0x00000000d1d00000| Complete 
| 286|0x00000000d1e00000, 0x00000000d1f00000, 0x00000000d1f00000|100%| E|CS|TAMS 0x00000000d1e00000, 0x00000000d1e00000| Complete 
| 287|0x00000000d1f00000, 0x00000000d2000000, 0x00000000d2000000|100%| E|CS|TAMS 0x00000000d1f00000, 0x00000000d1f00000| Complete 
| 288|0x00000000d2000000, 0x00000000d2100000, 0x00000000d2100000|100%| E|CS|TAMS 0x00000000d2000000, 0x00000000d2000000| Complete 
| 289|0x00000000d2100000, 0x00000000d2200000, 0x00000000d2200000|100%| E|CS|TAMS 0x00000000d2100000, 0x00000000d2100000| Complete 
| 290|0x00000000d2200000, 0x00000000d2300000, 0x00000000d2300000|100%| E|CS|TAMS 0x00000000d2200000, 0x00000000d2200000| Complete 
| 291|0x00000000d2300000, 0x00000000d2400000, 0x00000000d2400000|100%| E|CS|TAMS 0x00000000d2300000, 0x00000000d2300000| Complete 
| 292|0x00000000d2400000, 0x00000000d2500000, 0x00000000d2500000|100%| E|CS|TAMS 0x00000000d2400000, 0x00000000d2400000| Complete 
| 293|0x00000000d2500000, 0x00000000d2600000, 0x00000000d2600000|100%| E|CS|TAMS 0x00000000d2500000, 0x00000000d2500000| Complete 
| 294|0x00000000d2600000, 0x00000000d2700000, 0x00000000d2700000|100%| E|CS|TAMS 0x00000000d2600000, 0x00000000d2600000| Complete 
| 295|0x00000000d2700000, 0x00000000d2800000, 0x00000000d2800000|100%| E|CS|TAMS 0x00000000d2700000, 0x00000000d2700000| Complete 
| 296|0x00000000d2800000, 0x00000000d2900000, 0x00000000d2900000|100%| E|CS|TAMS 0x00000000d2800000, 0x00000000d2800000| Complete 
| 297|0x00000000d2900000, 0x00000000d2a00000, 0x00000000d2a00000|100%| E|CS|TAMS 0x00000000d2900000, 0x00000000d2900000| Complete 
| 298|0x00000000d2a00000, 0x00000000d2b00000, 0x00000000d2b00000|100%| E|CS|TAMS 0x00000000d2a00000, 0x00000000d2a00000| Complete 
| 299|0x00000000d2b00000, 0x00000000d2c00000, 0x00000000d2c00000|100%| E|CS|TAMS 0x00000000d2b00000, 0x00000000d2b00000| Complete 
| 300|0x00000000d2c00000, 0x00000000d2d00000, 0x00000000d2d00000|100%| E|CS|TAMS 0x00000000d2c00000, 0x00000000d2c00000| Complete 
| 301|0x00000000d2d00000, 0x00000000d2e00000, 0x00000000d2e00000|100%| E|CS|TAMS 0x00000000d2d00000, 0x00000000d2d00000| Complete 
| 302|0x00000000d2e00000, 0x00000000d2f00000, 0x00000000d2f00000|100%| E|CS|TAMS 0x00000000d2e00000, 0x00000000d2e00000| Complete 
| 303|0x00000000d2f00000, 0x00000000d3000000, 0x00000000d3000000|100%| E|CS|TAMS 0x00000000d2f00000, 0x00000000d2f00000| Complete 
| 304|0x00000000d3000000, 0x00000000d3100000, 0x00000000d3100000|100%| E|CS|TAMS 0x00000000d3000000, 0x00000000d3000000| Complete 
| 305|0x00000000d3100000, 0x00000000d3200000, 0x00000000d3200000|100%| E|CS|TAMS 0x00000000d3100000, 0x00000000d3100000| Complete 
| 306|0x00000000d3200000, 0x00000000d3300000, 0x00000000d3300000|100%| E|CS|TAMS 0x00000000d3200000, 0x00000000d3200000| Complete 
| 307|0x00000000d3300000, 0x00000000d3400000, 0x00000000d3400000|100%| E|CS|TAMS 0x00000000d3300000, 0x00000000d3300000| Complete 
| 308|0x00000000d3400000, 0x00000000d3500000, 0x00000000d3500000|100%| E|CS|TAMS 0x00000000d3400000, 0x00000000d3400000| Complete 
| 309|0x00000000d3500000, 0x00000000d3600000, 0x00000000d3600000|100%| E|CS|TAMS 0x00000000d3500000, 0x00000000d3500000| Complete 
| 310|0x00000000d3600000, 0x00000000d3700000, 0x00000000d3700000|100%| E|CS|TAMS 0x00000000d3600000, 0x00000000d3600000| Complete 
| 311|0x00000000d3700000, 0x00000000d3800000, 0x00000000d3800000|100%| E|CS|TAMS 0x00000000d3700000, 0x00000000d3700000| Complete 
| 312|0x00000000d3800000, 0x00000000d3900000, 0x00000000d3900000|100%| E|CS|TAMS 0x00000000d3800000, 0x00000000d3800000| Complete 
| 313|0x00000000d3900000, 0x00000000d3a00000, 0x00000000d3a00000|100%| E|CS|TAMS 0x00000000d3900000, 0x00000000d3900000| Complete 
| 314|0x00000000d3a00000, 0x00000000d3b00000, 0x00000000d3b00000|100%| E|CS|TAMS 0x00000000d3a00000, 0x00000000d3a00000| Complete 
| 315|0x00000000d3b00000, 0x00000000d3c00000, 0x00000000d3c00000|100%| E|CS|TAMS 0x00000000d3b00000, 0x00000000d3b00000| Complete 
| 316|0x00000000d3c00000, 0x00000000d3d00000, 0x00000000d3d00000|100%| E|CS|TAMS 0x00000000d3c00000, 0x00000000d3c00000| Complete 
| 317|0x00000000d3d00000, 0x00000000d3e00000, 0x00000000d3e00000|100%| E|CS|TAMS 0x00000000d3d00000, 0x00000000d3d00000| Complete 
| 318|0x00000000d3e00000, 0x00000000d3f00000, 0x00000000d3f00000|100%| E|CS|TAMS 0x00000000d3e00000, 0x00000000d3e00000| Complete 
| 319|0x00000000d3f00000, 0x00000000d4000000, 0x00000000d4000000|100%| E|CS|TAMS 0x00000000d3f00000, 0x00000000d3f00000| Complete 
| 320|0x00000000d4000000, 0x00000000d4100000, 0x00000000d4100000|100%| E|CS|TAMS 0x00000000d4000000, 0x00000000d4000000| Complete 
| 321|0x00000000d4100000, 0x00000000d4200000, 0x00000000d4200000|100%| E|CS|TAMS 0x00000000d4100000, 0x00000000d4100000| Complete 
| 322|0x00000000d4200000, 0x00000000d4300000, 0x00000000d4300000|100%| E|CS|TAMS 0x00000000d4200000, 0x00000000d4200000| Complete 
| 323|0x00000000d4300000, 0x00000000d4400000, 0x00000000d4400000|100%| E|CS|TAMS 0x00000000d4300000, 0x00000000d4300000| Complete 
| 324|0x00000000d4400000, 0x00000000d4500000, 0x00000000d4500000|100%| E|CS|TAMS 0x00000000d4400000, 0x00000000d4400000| Complete 
| 325|0x00000000d4500000, 0x00000000d4600000, 0x00000000d4600000|100%| E|CS|TAMS 0x00000000d4500000, 0x00000000d4500000| Complete 
| 326|0x00000000d4600000, 0x00000000d4700000, 0x00000000d4700000|100%| E|CS|TAMS 0x00000000d4600000, 0x00000000d4600000| Complete 
| 327|0x00000000d4700000, 0x00000000d4800000, 0x00000000d4800000|100%| E|CS|TAMS 0x00000000d4700000, 0x00000000d4700000| Complete 
| 328|0x00000000d4800000, 0x00000000d4900000, 0x00000000d4900000|100%| E|CS|TAMS 0x00000000d4800000, 0x00000000d4800000| Complete 
| 329|0x00000000d4900000, 0x00000000d4a00000, 0x00000000d4a00000|100%| E|CS|TAMS 0x00000000d4900000, 0x00000000d4900000| Complete 
| 330|0x00000000d4a00000, 0x00000000d4b00000, 0x00000000d4b00000|100%| E|CS|TAMS 0x00000000d4a00000, 0x00000000d4a00000| Complete 
| 331|0x00000000d4b00000, 0x00000000d4c00000, 0x00000000d4c00000|100%| E|CS|TAMS 0x00000000d4b00000, 0x00000000d4b00000| Complete 
| 332|0x00000000d4c00000, 0x00000000d4d00000, 0x00000000d4d00000|100%| E|CS|TAMS 0x00000000d4c00000, 0x00000000d4c00000| Complete 
| 333|0x00000000d4d00000, 0x00000000d4e00000, 0x00000000d4e00000|100%| E|CS|TAMS 0x00000000d4d00000, 0x00000000d4d00000| Complete 
| 334|0x00000000d4e00000, 0x00000000d4f00000, 0x00000000d4f00000|100%| E|CS|TAMS 0x00000000d4e00000, 0x00000000d4e00000| Complete 
| 335|0x00000000d4f00000, 0x00000000d5000000, 0x00000000d5000000|100%| E|CS|TAMS 0x00000000d4f00000, 0x00000000d4f00000| Complete 
| 336|0x00000000d5000000, 0x00000000d5100000, 0x00000000d5100000|100%| E|CS|TAMS 0x00000000d5000000, 0x00000000d5000000| Complete 
| 337|0x00000000d5100000, 0x00000000d5200000, 0x00000000d5200000|100%| E|CS|TAMS 0x00000000d5100000, 0x00000000d5100000| Complete 
| 338|0x00000000d5200000, 0x00000000d5300000, 0x00000000d5300000|100%| E|CS|TAMS 0x00000000d5200000, 0x00000000d5200000| Complete 
| 339|0x00000000d5300000, 0x00000000d5400000, 0x00000000d5400000|100%| E|CS|TAMS 0x00000000d5300000, 0x00000000d5300000| Complete 
| 340|0x00000000d5400000, 0x00000000d5500000, 0x00000000d5500000|100%| E|CS|TAMS 0x00000000d5400000, 0x00000000d5400000| Complete 
| 341|0x00000000d5500000, 0x00000000d5600000, 0x00000000d5600000|100%| E|CS|TAMS 0x00000000d5500000, 0x00000000d5500000| Complete 
| 342|0x00000000d5600000, 0x00000000d5700000, 0x00000000d5700000|100%| E|CS|TAMS 0x00000000d5600000, 0x00000000d5600000| Complete 
| 343|0x00000000d5700000, 0x00000000d5800000, 0x00000000d5800000|100%| E|CS|TAMS 0x00000000d5700000, 0x00000000d5700000| Complete 
| 344|0x00000000d5800000, 0x00000000d5900000, 0x00000000d5900000|100%| E|CS|TAMS 0x00000000d5800000, 0x00000000d5800000| Complete 
| 345|0x00000000d5900000, 0x00000000d5a00000, 0x00000000d5a00000|100%| E|CS|TAMS 0x00000000d5900000, 0x00000000d5900000| Complete 
| 346|0x00000000d5a00000, 0x00000000d5b00000, 0x00000000d5b00000|100%| E|CS|TAMS 0x00000000d5a00000, 0x00000000d5a00000| Complete 
| 347|0x00000000d5b00000, 0x00000000d5c00000, 0x00000000d5c00000|100%| E|CS|TAMS 0x00000000d5b00000, 0x00000000d5b00000| Complete 
| 348|0x00000000d5c00000, 0x00000000d5d00000, 0x00000000d5d00000|100%| E|CS|TAMS 0x00000000d5c00000, 0x00000000d5c00000| Complete 
| 349|0x00000000d5d00000, 0x00000000d5e00000, 0x00000000d5e00000|100%| E|CS|TAMS 0x00000000d5d00000, 0x00000000d5d00000| Complete 
| 350|0x00000000d5e00000, 0x00000000d5f00000, 0x00000000d5f00000|100%| E|CS|TAMS 0x00000000d5e00000, 0x00000000d5e00000| Complete 
| 351|0x00000000d5f00000, 0x00000000d6000000, 0x00000000d6000000|100%| E|CS|TAMS 0x00000000d5f00000, 0x00000000d5f00000| Complete 
| 352|0x00000000d6000000, 0x00000000d6100000, 0x00000000d6100000|100%| E|CS|TAMS 0x00000000d6000000, 0x00000000d6000000| Complete 
| 353|0x00000000d6100000, 0x00000000d6200000, 0x00000000d6200000|100%| E|CS|TAMS 0x00000000d6100000, 0x00000000d6100000| Complete 
| 354|0x00000000d6200000, 0x00000000d6300000, 0x00000000d6300000|100%| E|CS|TAMS 0x00000000d6200000, 0x00000000d6200000| Complete 
| 355|0x00000000d6300000, 0x00000000d6400000, 0x00000000d6400000|100%| E|CS|TAMS 0x00000000d6300000, 0x00000000d6300000| Complete 
| 356|0x00000000d6400000, 0x00000000d6500000, 0x00000000d6500000|100%| E|CS|TAMS 0x00000000d6400000, 0x00000000d6400000| Complete 
| 357|0x00000000d6500000, 0x00000000d6600000, 0x00000000d6600000|100%| E|CS|TAMS 0x00000000d6500000, 0x00000000d6500000| Complete 
| 358|0x00000000d6600000, 0x00000000d6700000, 0x00000000d6700000|100%| E|CS|TAMS 0x00000000d6600000, 0x00000000d6600000| Complete 
| 359|0x00000000d6700000, 0x00000000d6800000, 0x00000000d6800000|100%| E|CS|TAMS 0x00000000d6700000, 0x00000000d6700000| Complete 
| 360|0x00000000d6800000, 0x00000000d6900000, 0x00000000d6900000|100%| E|CS|TAMS 0x00000000d6800000, 0x00000000d6800000| Complete 
| 361|0x00000000d6900000, 0x00000000d6a00000, 0x00000000d6a00000|100%| E|CS|TAMS 0x00000000d6900000, 0x00000000d6900000| Complete 
| 362|0x00000000d6a00000, 0x00000000d6b00000, 0x00000000d6b00000|100%| E|CS|TAMS 0x00000000d6a00000, 0x00000000d6a00000| Complete 
| 363|0x00000000d6b00000, 0x00000000d6c00000, 0x00000000d6c00000|100%| E|CS|TAMS 0x00000000d6b00000, 0x00000000d6b00000| Complete 
| 364|0x00000000d6c00000, 0x00000000d6d00000, 0x00000000d6d00000|100%| E|CS|TAMS 0x00000000d6c00000, 0x00000000d6c00000| Complete 
| 365|0x00000000d6d00000, 0x00000000d6e00000, 0x00000000d6e00000|100%| E|CS|TAMS 0x00000000d6d00000, 0x00000000d6d00000| Complete 
| 366|0x00000000d6e00000, 0x00000000d6f00000, 0x00000000d6f00000|100%| E|CS|TAMS 0x00000000d6e00000, 0x00000000d6e00000| Complete 
| 367|0x00000000d6f00000, 0x00000000d7000000, 0x00000000d7000000|100%| E|CS|TAMS 0x00000000d6f00000, 0x00000000d6f00000| Complete 
| 368|0x00000000d7000000, 0x00000000d7100000, 0x00000000d7100000|100%| E|CS|TAMS 0x00000000d7000000, 0x00000000d7000000| Complete 
| 369|0x00000000d7100000, 0x00000000d7200000, 0x00000000d7200000|100%| E|CS|TAMS 0x00000000d7100000, 0x00000000d7100000| Complete 
| 370|0x00000000d7200000, 0x00000000d7300000, 0x00000000d7300000|100%| E|CS|TAMS 0x00000000d7200000, 0x00000000d7200000| Complete 
| 371|0x00000000d7300000, 0x00000000d7400000, 0x00000000d7400000|100%| E|CS|TAMS 0x00000000d7300000, 0x00000000d7300000| Complete 
| 372|0x00000000d7400000, 0x00000000d7500000, 0x00000000d7500000|100%| E|CS|TAMS 0x00000000d7400000, 0x00000000d7400000| Complete 
| 373|0x00000000d7500000, 0x00000000d7600000, 0x00000000d7600000|100%| E|CS|TAMS 0x00000000d7500000, 0x00000000d7500000| Complete 
| 374|0x00000000d7600000, 0x00000000d7700000, 0x00000000d7700000|100%| E|CS|TAMS 0x00000000d7600000, 0x00000000d7600000| Complete 
| 375|0x00000000d7700000, 0x00000000d7800000, 0x00000000d7800000|100%| E|CS|TAMS 0x00000000d7700000, 0x00000000d7700000| Complete 
| 376|0x00000000d7800000, 0x00000000d7900000, 0x00000000d7900000|100%| E|CS|TAMS 0x00000000d7800000, 0x00000000d7800000| Complete 
| 377|0x00000000d7900000, 0x00000000d7a00000, 0x00000000d7a00000|100%| E|CS|TAMS 0x00000000d7900000, 0x00000000d7900000| Complete 
| 378|0x00000000d7a00000, 0x00000000d7b00000, 0x00000000d7b00000|100%| E|CS|TAMS 0x00000000d7a00000, 0x00000000d7a00000| Complete 
| 379|0x00000000d7b00000, 0x00000000d7c00000, 0x00000000d7c00000|100%| E|CS|TAMS 0x00000000d7b00000, 0x00000000d7b00000| Complete 
| 380|0x00000000d7c00000, 0x00000000d7d00000, 0x00000000d7d00000|100%| E|CS|TAMS 0x00000000d7c00000, 0x00000000d7c00000| Complete 
| 381|0x00000000d7d00000, 0x00000000d7e00000, 0x00000000d7e00000|100%| E|CS|TAMS 0x00000000d7d00000, 0x00000000d7d00000| Complete 
| 382|0x00000000d7e00000, 0x00000000d7f00000, 0x00000000d7f00000|100%| E|CS|TAMS 0x00000000d7e00000, 0x00000000d7e00000| Complete 
| 383|0x00000000d7f00000, 0x00000000d8000000, 0x00000000d8000000|100%| E|CS|TAMS 0x00000000d7f00000, 0x00000000d7f00000| Complete 
| 384|0x00000000d8000000, 0x00000000d8100000, 0x00000000d8100000|100%| E|CS|TAMS 0x00000000d8000000, 0x00000000d8000000| Complete 
| 385|0x00000000d8100000, 0x00000000d8200000, 0x00000000d8200000|100%| E|CS|TAMS 0x00000000d8100000, 0x00000000d8100000| Complete 
| 386|0x00000000d8200000, 0x00000000d8300000, 0x00000000d8300000|100%| E|CS|TAMS 0x00000000d8200000, 0x00000000d8200000| Complete 
| 387|0x00000000d8300000, 0x00000000d8400000, 0x00000000d8400000|100%| E|CS|TAMS 0x00000000d8300000, 0x00000000d8300000| Complete 
| 388|0x00000000d8400000, 0x00000000d8500000, 0x00000000d8500000|100%| E|CS|TAMS 0x00000000d8400000, 0x00000000d8400000| Complete 
| 389|0x00000000d8500000, 0x00000000d8600000, 0x00000000d8600000|100%| E|CS|TAMS 0x00000000d8500000, 0x00000000d8500000| Complete 
| 390|0x00000000d8600000, 0x00000000d8700000, 0x00000000d8700000|100%| E|CS|TAMS 0x00000000d8600000, 0x00000000d8600000| Complete 
| 391|0x00000000d8700000, 0x00000000d8800000, 0x00000000d8800000|100%| E|CS|TAMS 0x00000000d8700000, 0x00000000d8700000| Complete 
| 392|0x00000000d8800000, 0x00000000d8900000, 0x00000000d8900000|100%| E|CS|TAMS 0x00000000d8800000, 0x00000000d8800000| Complete 
| 393|0x00000000d8900000, 0x00000000d8a00000, 0x00000000d8a00000|100%| E|CS|TAMS 0x00000000d8900000, 0x00000000d8900000| Complete 
| 394|0x00000000d8a00000, 0x00000000d8b00000, 0x00000000d8b00000|100%| E|CS|TAMS 0x00000000d8a00000, 0x00000000d8a00000| Complete 
| 395|0x00000000d8b00000, 0x00000000d8c00000, 0x00000000d8c00000|100%| E|CS|TAMS 0x00000000d8b00000, 0x00000000d8b00000| Complete 
| 396|0x00000000d8c00000, 0x00000000d8d00000, 0x00000000d8d00000|100%| E|CS|TAMS 0x00000000d8c00000, 0x00000000d8c00000| Complete 
| 397|0x00000000d8d00000, 0x00000000d8e00000, 0x00000000d8e00000|100%| E|CS|TAMS 0x00000000d8d00000, 0x00000000d8d00000| Complete 
| 398|0x00000000d8e00000, 0x00000000d8f00000, 0x00000000d8f00000|100%| E|CS|TAMS 0x00000000d8e00000, 0x00000000d8e00000| Complete 
| 399|0x00000000d8f00000, 0x00000000d9000000, 0x00000000d9000000|100%| E|CS|TAMS 0x00000000d8f00000, 0x00000000d8f00000| Complete 
| 400|0x00000000d9000000, 0x00000000d9100000, 0x00000000d9100000|100%| E|CS|TAMS 0x00000000d9000000, 0x00000000d9000000| Complete 
| 401|0x00000000d9100000, 0x00000000d9200000, 0x00000000d9200000|100%| E|CS|TAMS 0x00000000d9100000, 0x00000000d9100000| Complete 
| 402|0x00000000d9200000, 0x00000000d9300000, 0x00000000d9300000|100%| E|CS|TAMS 0x00000000d9200000, 0x00000000d9200000| Complete 
| 403|0x00000000d9300000, 0x00000000d9400000, 0x00000000d9400000|100%| E|CS|TAMS 0x00000000d9300000, 0x00000000d9300000| Complete 
| 404|0x00000000d9400000, 0x00000000d9500000, 0x00000000d9500000|100%| E|CS|TAMS 0x00000000d9400000, 0x00000000d9400000| Complete 
| 405|0x00000000d9500000, 0x00000000d9600000, 0x00000000d9600000|100%| E|CS|TAMS 0x00000000d9500000, 0x00000000d9500000| Complete 
| 406|0x00000000d9600000, 0x00000000d9700000, 0x00000000d9700000|100%| E|CS|TAMS 0x00000000d9600000, 0x00000000d9600000| Complete 
| 407|0x00000000d9700000, 0x00000000d9800000, 0x00000000d9800000|100%| E|CS|TAMS 0x00000000d9700000, 0x00000000d9700000| Complete 
| 408|0x00000000d9800000, 0x00000000d9900000, 0x00000000d9900000|100%| E|CS|TAMS 0x00000000d9800000, 0x00000000d9800000| Complete 
| 409|0x00000000d9900000, 0x00000000d9a00000, 0x00000000d9a00000|100%| E|CS|TAMS 0x00000000d9900000, 0x00000000d9900000| Complete 
| 410|0x00000000d9a00000, 0x00000000d9b00000, 0x00000000d9b00000|100%| E|CS|TAMS 0x00000000d9a00000, 0x00000000d9a00000| Complete 
| 411|0x00000000d9b00000, 0x00000000d9c00000, 0x00000000d9c00000|100%| E|CS|TAMS 0x00000000d9b00000, 0x00000000d9b00000| Complete 
| 412|0x00000000d9c00000, 0x00000000d9d00000, 0x00000000d9d00000|100%| E|CS|TAMS 0x00000000d9c00000, 0x00000000d9c00000| Complete 
| 413|0x00000000d9d00000, 0x00000000d9e00000, 0x00000000d9e00000|100%| E|CS|TAMS 0x00000000d9d00000, 0x00000000d9d00000| Complete 
| 414|0x00000000d9e00000, 0x00000000d9f00000, 0x00000000d9f00000|100%| E|CS|TAMS 0x00000000d9e00000, 0x00000000d9e00000| Complete 
| 415|0x00000000d9f00000, 0x00000000da000000, 0x00000000da000000|100%| E|CS|TAMS 0x00000000d9f00000, 0x00000000d9f00000| Complete 
| 416|0x00000000da000000, 0x00000000da100000, 0x00000000da100000|100%| E|CS|TAMS 0x00000000da000000, 0x00000000da000000| Complete 
| 417|0x00000000da100000, 0x00000000da200000, 0x00000000da200000|100%| E|CS|TAMS 0x00000000da100000, 0x00000000da100000| Complete 
| 418|0x00000000da200000, 0x00000000da300000, 0x00000000da300000|100%| E|CS|TAMS 0x00000000da200000, 0x00000000da200000| Complete 
| 419|0x00000000da300000, 0x00000000da400000, 0x00000000da400000|100%| E|CS|TAMS 0x00000000da300000, 0x00000000da300000| Complete 
| 420|0x00000000da400000, 0x00000000da500000, 0x00000000da500000|100%| E|CS|TAMS 0x00000000da400000, 0x00000000da400000| Complete 
| 421|0x00000000da500000, 0x00000000da600000, 0x00000000da600000|100%| E|CS|TAMS 0x00000000da500000, 0x00000000da500000| Complete 
| 422|0x00000000da600000, 0x00000000da700000, 0x00000000da700000|100%| E|CS|TAMS 0x00000000da600000, 0x00000000da600000| Complete 
| 423|0x00000000da700000, 0x00000000da800000, 0x00000000da800000|100%| E|CS|TAMS 0x00000000da700000, 0x00000000da700000| Complete 
| 424|0x00000000da800000, 0x00000000da900000, 0x00000000da900000|100%| E|CS|TAMS 0x00000000da800000, 0x00000000da800000| Complete 
| 425|0x00000000da900000, 0x00000000daa00000, 0x00000000daa00000|100%| E|CS|TAMS 0x00000000da900000, 0x00000000da900000| Complete 
| 426|0x00000000daa00000, 0x00000000dab00000, 0x00000000dab00000|100%| E|CS|TAMS 0x00000000daa00000, 0x00000000daa00000| Complete 
| 427|0x00000000dab00000, 0x00000000dac00000, 0x00000000dac00000|100%| E|CS|TAMS 0x00000000dab00000, 0x00000000dab00000| Complete 
| 428|0x00000000dac00000, 0x00000000dad00000, 0x00000000dad00000|100%| E|CS|TAMS 0x00000000dac00000, 0x00000000dac00000| Complete 
| 429|0x00000000dad00000, 0x00000000dae00000, 0x00000000dae00000|100%| E|CS|TAMS 0x00000000dad00000, 0x00000000dad00000| Complete 
| 430|0x00000000dae00000, 0x00000000daf00000, 0x00000000daf00000|100%| E|CS|TAMS 0x00000000dae00000, 0x00000000dae00000| Complete 
| 431|0x00000000daf00000, 0x00000000db000000, 0x00000000db000000|100%| E|CS|TAMS 0x00000000daf00000, 0x00000000daf00000| Complete 
| 432|0x00000000db000000, 0x00000000db100000, 0x00000000db100000|100%| E|CS|TAMS 0x00000000db000000, 0x00000000db000000| Complete 
| 433|0x00000000db100000, 0x00000000db200000, 0x00000000db200000|100%| E|CS|TAMS 0x00000000db100000, 0x00000000db100000| Complete 
| 434|0x00000000db200000, 0x00000000db300000, 0x00000000db300000|100%| E|CS|TAMS 0x00000000db200000, 0x00000000db200000| Complete 
| 435|0x00000000db300000, 0x00000000db400000, 0x00000000db400000|100%| E|CS|TAMS 0x00000000db300000, 0x00000000db300000| Complete 
| 436|0x00000000db400000, 0x00000000db500000, 0x00000000db500000|100%| E|CS|TAMS 0x00000000db400000, 0x00000000db400000| Complete 
| 437|0x00000000db500000, 0x00000000db600000, 0x00000000db600000|100%| E|CS|TAMS 0x00000000db500000, 0x00000000db500000| Complete 
| 438|0x00000000db600000, 0x00000000db700000, 0x00000000db700000|100%| E|CS|TAMS 0x00000000db600000, 0x00000000db600000| Complete 
| 439|0x00000000db700000, 0x00000000db800000, 0x00000000db800000|100%| E|CS|TAMS 0x00000000db700000, 0x00000000db700000| Complete 
| 440|0x00000000db800000, 0x00000000db900000, 0x00000000db900000|100%| E|CS|TAMS 0x00000000db800000, 0x00000000db800000| Complete 
| 441|0x00000000db900000, 0x00000000dba00000, 0x00000000dba00000|100%| E|CS|TAMS 0x00000000db900000, 0x00000000db900000| Complete 
| 442|0x00000000dba00000, 0x00000000dbb00000, 0x00000000dbb00000|100%| E|CS|TAMS 0x00000000dba00000, 0x00000000dba00000| Complete 
| 443|0x00000000dbb00000, 0x00000000dbc00000, 0x00000000dbc00000|100%| E|CS|TAMS 0x00000000dbb00000, 0x00000000dbb00000| Complete 
| 444|0x00000000dbc00000, 0x00000000dbd00000, 0x00000000dbd00000|100%| E|CS|TAMS 0x00000000dbc00000, 0x00000000dbc00000| Complete 
| 445|0x00000000dbd00000, 0x00000000dbe00000, 0x00000000dbe00000|100%| E|CS|TAMS 0x00000000dbd00000, 0x00000000dbd00000| Complete 
| 446|0x00000000dbe00000, 0x00000000dbf00000, 0x00000000dbf00000|100%| E|CS|TAMS 0x00000000dbe00000, 0x00000000dbe00000| Complete 
| 447|0x00000000dbf00000, 0x00000000dc000000, 0x00000000dc000000|100%| E|CS|TAMS 0x00000000dbf00000, 0x00000000dbf00000| Complete 
| 448|0x00000000dc000000, 0x00000000dc100000, 0x00000000dc100000|100%| E|CS|TAMS 0x00000000dc000000, 0x00000000dc000000| Complete 
| 449|0x00000000dc100000, 0x00000000dc200000, 0x00000000dc200000|100%| E|CS|TAMS 0x00000000dc100000, 0x00000000dc100000| Complete 
| 450|0x00000000dc200000, 0x00000000dc300000, 0x00000000dc300000|100%| E|CS|TAMS 0x00000000dc200000, 0x00000000dc200000| Complete 
| 451|0x00000000dc300000, 0x00000000dc400000, 0x00000000dc400000|100%| E|CS|TAMS 0x00000000dc300000, 0x00000000dc300000| Complete 
| 452|0x00000000dc400000, 0x00000000dc500000, 0x00000000dc500000|100%| E|CS|TAMS 0x00000000dc400000, 0x00000000dc400000| Complete 
| 453|0x00000000dc500000, 0x00000000dc600000, 0x00000000dc600000|100%| E|CS|TAMS 0x00000000dc500000, 0x00000000dc500000| Complete 
| 454|0x00000000dc600000, 0x00000000dc700000, 0x00000000dc700000|100%| E|CS|TAMS 0x00000000dc600000, 0x00000000dc600000| Complete 
| 455|0x00000000dc700000, 0x00000000dc800000, 0x00000000dc800000|100%| E|CS|TAMS 0x00000000dc700000, 0x00000000dc700000| Complete 
| 456|0x00000000dc800000, 0x00000000dc900000, 0x00000000dc900000|100%| E|CS|TAMS 0x00000000dc800000, 0x00000000dc800000| Complete 
| 457|0x00000000dc900000, 0x00000000dca00000, 0x00000000dca00000|100%| E|CS|TAMS 0x00000000dc900000, 0x00000000dc900000| Complete 
| 458|0x00000000dca00000, 0x00000000dcb00000, 0x00000000dcb00000|100%| E|CS|TAMS 0x00000000dca00000, 0x00000000dca00000| Complete 
| 459|0x00000000dcb00000, 0x00000000dcc00000, 0x00000000dcc00000|100%| E|CS|TAMS 0x00000000dcb00000, 0x00000000dcb00000| Complete 
| 460|0x00000000dcc00000, 0x00000000dcd00000, 0x00000000dcd00000|100%| E|CS|TAMS 0x00000000dcc00000, 0x00000000dcc00000| Complete 
| 461|0x00000000dcd00000, 0x00000000dce00000, 0x00000000dce00000|100%| E|CS|TAMS 0x00000000dcd00000, 0x00000000dcd00000| Complete 
| 462|0x00000000dce00000, 0x00000000dcf00000, 0x00000000dcf00000|100%| E|CS|TAMS 0x00000000dce00000, 0x00000000dce00000| Complete 
| 463|0x00000000dcf00000, 0x00000000dd000000, 0x00000000dd000000|100%| E|CS|TAMS 0x00000000dcf00000, 0x00000000dcf00000| Complete 
| 464|0x00000000dd000000, 0x00000000dd100000, 0x00000000dd100000|100%| E|CS|TAMS 0x00000000dd000000, 0x00000000dd000000| Complete 
| 465|0x00000000dd100000, 0x00000000dd200000, 0x00000000dd200000|100%| E|CS|TAMS 0x00000000dd100000, 0x00000000dd100000| Complete 
| 466|0x00000000dd200000, 0x00000000dd300000, 0x00000000dd300000|100%| E|CS|TAMS 0x00000000dd200000, 0x00000000dd200000| Complete 
| 467|0x00000000dd300000, 0x00000000dd400000, 0x00000000dd400000|100%| E|CS|TAMS 0x00000000dd300000, 0x00000000dd300000| Complete 
| 468|0x00000000dd400000, 0x00000000dd500000, 0x00000000dd500000|100%| E|CS|TAMS 0x00000000dd400000, 0x00000000dd400000| Complete 
| 469|0x00000000dd500000, 0x00000000dd600000, 0x00000000dd600000|100%| E|CS|TAMS 0x00000000dd500000, 0x00000000dd500000| Complete 
| 470|0x00000000dd600000, 0x00000000dd700000, 0x00000000dd700000|100%| E|CS|TAMS 0x00000000dd600000, 0x00000000dd600000| Complete 
| 471|0x00000000dd700000, 0x00000000dd800000, 0x00000000dd800000|100%| E|CS|TAMS 0x00000000dd700000, 0x00000000dd700000| Complete 
| 472|0x00000000dd800000, 0x00000000dd900000, 0x00000000dd900000|100%| E|CS|TAMS 0x00000000dd800000, 0x00000000dd800000| Complete 
| 473|0x00000000dd900000, 0x00000000dda00000, 0x00000000dda00000|100%| E|CS|TAMS 0x00000000dd900000, 0x00000000dd900000| Complete 
| 474|0x00000000dda00000, 0x00000000ddb00000, 0x00000000ddb00000|100%| E|CS|TAMS 0x00000000dda00000, 0x00000000dda00000| Complete 
| 475|0x00000000ddb00000, 0x00000000ddc00000, 0x00000000ddc00000|100%| E|CS|TAMS 0x00000000ddb00000, 0x00000000ddb00000| Complete 
| 476|0x00000000ddc00000, 0x00000000ddd00000, 0x00000000ddd00000|100%| E|CS|TAMS 0x00000000ddc00000, 0x00000000ddc00000| Complete 
| 477|0x00000000ddd00000, 0x00000000dde00000, 0x00000000dde00000|100%| E|CS|TAMS 0x00000000ddd00000, 0x00000000ddd00000| Complete 
| 478|0x00000000dde00000, 0x00000000ddf00000, 0x00000000ddf00000|100%| E|CS|TAMS 0x00000000dde00000, 0x00000000dde00000| Complete 
| 479|0x00000000ddf00000, 0x00000000de000000, 0x00000000de000000|100%| E|CS|TAMS 0x00000000ddf00000, 0x00000000ddf00000| Complete 
| 480|0x00000000de000000, 0x00000000de100000, 0x00000000de100000|100%| E|CS|TAMS 0x00000000de000000, 0x00000000de000000| Complete 
| 481|0x00000000de100000, 0x00000000de200000, 0x00000000de200000|100%| E|CS|TAMS 0x00000000de100000, 0x00000000de100000| Complete 
| 482|0x00000000de200000, 0x00000000de300000, 0x00000000de300000|100%| E|CS|TAMS 0x00000000de200000, 0x00000000de200000| Complete 
| 483|0x00000000de300000, 0x00000000de400000, 0x00000000de400000|100%| E|CS|TAMS 0x00000000de300000, 0x00000000de300000| Complete 
| 484|0x00000000de400000, 0x00000000de500000, 0x00000000de500000|100%| E|CS|TAMS 0x00000000de400000, 0x00000000de400000| Complete 
| 485|0x00000000de500000, 0x00000000de600000, 0x00000000de600000|100%| E|CS|TAMS 0x00000000de500000, 0x00000000de500000| Complete 
| 486|0x00000000de600000, 0x00000000de700000, 0x00000000de700000|100%| E|CS|TAMS 0x00000000de600000, 0x00000000de600000| Complete 
| 487|0x00000000de700000, 0x00000000de800000, 0x00000000de800000|100%| E|CS|TAMS 0x00000000de700000, 0x00000000de700000| Complete 
| 488|0x00000000de800000, 0x00000000de900000, 0x00000000de900000|100%| E|CS|TAMS 0x00000000de800000, 0x00000000de800000| Complete 
| 489|0x00000000de900000, 0x00000000dea00000, 0x00000000dea00000|100%| E|CS|TAMS 0x00000000de900000, 0x00000000de900000| Complete 
| 490|0x00000000dea00000, 0x00000000deb00000, 0x00000000deb00000|100%| E|CS|TAMS 0x00000000dea00000, 0x00000000dea00000| Complete 
| 491|0x00000000deb00000, 0x00000000dec00000, 0x00000000dec00000|100%| E|CS|TAMS 0x00000000deb00000, 0x00000000deb00000| Complete 
| 492|0x00000000dec00000, 0x00000000ded00000, 0x00000000ded00000|100%| E|CS|TAMS 0x00000000dec00000, 0x00000000dec00000| Complete 
| 493|0x00000000ded00000, 0x00000000dee00000, 0x00000000dee00000|100%| E|CS|TAMS 0x00000000ded00000, 0x00000000ded00000| Complete 
| 494|0x00000000dee00000, 0x00000000def00000, 0x00000000def00000|100%| E|CS|TAMS 0x00000000dee00000, 0x00000000dee00000| Complete 
| 495|0x00000000def00000, 0x00000000df000000, 0x00000000df000000|100%| E|CS|TAMS 0x00000000def00000, 0x00000000def00000| Complete 
| 496|0x00000000df000000, 0x00000000df100000, 0x00000000df100000|100%| E|CS|TAMS 0x00000000df000000, 0x00000000df000000| Complete 
| 497|0x00000000df100000, 0x00000000df200000, 0x00000000df200000|100%| E|CS|TAMS 0x00000000df100000, 0x00000000df100000| Complete 
| 498|0x00000000df200000, 0x00000000df300000, 0x00000000df300000|100%| E|CS|TAMS 0x00000000df200000, 0x00000000df200000| Complete 
| 499|0x00000000df300000, 0x00000000df400000, 0x00000000df400000|100%| E|CS|TAMS 0x00000000df300000, 0x00000000df300000| Complete 
| 500|0x00000000df400000, 0x00000000df500000, 0x00000000df500000|100%| E|CS|TAMS 0x00000000df400000, 0x00000000df400000| Complete 
| 501|0x00000000df500000, 0x00000000df600000, 0x00000000df600000|100%| E|CS|TAMS 0x00000000df500000, 0x00000000df500000| Complete 
| 502|0x00000000df600000, 0x00000000df700000, 0x00000000df700000|100%| E|CS|TAMS 0x00000000df600000, 0x00000000df600000| Complete 
| 503|0x00000000df700000, 0x00000000df800000, 0x00000000df800000|100%| E|CS|TAMS 0x00000000df700000, 0x00000000df700000| Complete 
| 504|0x00000000df800000, 0x00000000df900000, 0x00000000df900000|100%| E|CS|TAMS 0x00000000df800000, 0x00000000df800000| Complete 
| 505|0x00000000df900000, 0x00000000dfa00000, 0x00000000dfa00000|100%| E|CS|TAMS 0x00000000df900000, 0x00000000df900000| Complete 
| 506|0x00000000dfa00000, 0x00000000dfb00000, 0x00000000dfb00000|100%| E|CS|TAMS 0x00000000dfa00000, 0x00000000dfa00000| Complete 
| 507|0x00000000dfb00000, 0x00000000dfc00000, 0x00000000dfc00000|100%| E|CS|TAMS 0x00000000dfb00000, 0x00000000dfb00000| Complete 
| 508|0x00000000dfc00000, 0x00000000dfd00000, 0x00000000dfd00000|100%| E|CS|TAMS 0x00000000dfc00000, 0x00000000dfc00000| Complete 
| 509|0x00000000dfd00000, 0x00000000dfe00000, 0x00000000dfe00000|100%| E|CS|TAMS 0x00000000dfd00000, 0x00000000dfd00000| Complete 
| 510|0x00000000dfe00000, 0x00000000dff00000, 0x00000000dff00000|100%| E|CS|TAMS 0x00000000dfe00000, 0x00000000dfe00000| Complete 

Card table byte_map: [0x000001dffc900000,0x000001dffcb00000] _byte_map_base: 0x000001dffc300000

Marking Bits (Prev, Next): (CMBitMap*) 0x000001dfe3bef100, (CMBitMap*) 0x000001dfe3bef0c0
 Prev Bits: [0x000001dffdd00000, 0x000001dffed00000)
 Next Bits: [0x000001dffcd00000, 0x000001dffdd00000)

Polling page: 0x000001dfe38b0000

Metaspace:

Usage:
  Non-class:     12.80 MB used.
      Class:      1.02 MB used.
       Both:     13.82 MB used.

Virtual space:
  Non-class space:       64.00 MB reserved,      12.88 MB ( 20%) committed,  1 nodes.
      Class space:        1.00 GB reserved,       1.12 MB ( <1%) committed,  1 nodes.
             Both:        1.06 GB reserved,      14.00 MB (  1%) committed. 

Chunk freelists:
   Non-Class:  2.45 MB
       Class:  14.87 MB
        Both:  17.32 MB

MaxMetaspaceSize: unlimited
CompressedClassSpaceSize: 1.00 GB
Initial GC threshold: 21.00 MB
Current GC threshold: 22.62 MB
CDS: on
MetaspaceReclaimPolicy: balanced
 - commit_granule_bytes: 65536.
 - commit_granule_words: 8192.
 - virtual_space_node_default_size: 8388608.
 - enlarge_chunks_in_place: 1.
 - new_chunks_are_fully_committed: 0.
 - uncommit_free_chunks: 1.
 - use_allocation_guard: 0.
 - handle_deallocations: 1.


Internal statistics:

num_allocs_failed_limit: 0.
num_arena_births: 114.
num_arena_deaths: 0.
num_vsnodes_births: 2.
num_vsnodes_deaths: 0.
num_space_committed: 220.
num_space_uncommitted: 0.
num_chunks_returned_to_freelist: 0.
num_chunks_taken_from_freelist: 423.
num_chunk_merges: 0.
num_chunk_splits: 324.
num_chunks_enlarged: 256.
num_inconsistent_stats: 0.

CodeHeap 'non-profiled nmethods': size=120000Kb used=1500Kb max_used=1500Kb free=118499Kb
 bounds [0x000001dff4770000, 0x000001dff49e0000, 0x000001dffbca0000]
CodeHeap 'profiled nmethods': size=120000Kb used=4059Kb max_used=4059Kb free=115940Kb
 bounds [0x000001dfecca0000, 0x000001dfed0a0000, 0x000001dff41d0000]
CodeHeap 'non-nmethods': size=5760Kb used=1626Kb max_used=1680Kb free=4134Kb
 bounds [0x000001dff41d0000, 0x000001dff4440000, 0x000001dff4770000]
 total_blobs=3127 nmethods=2173 adapters=867
 compilation: enabled
              stopped_count=0, restarted_count=0
 full_count=0

Compilation events (20 events):
Event: 23.803 Thread 0x000001dfff736080 2164       3       processing.opengl.PGraphicsOpenGL$TessGeometry::polyVertexCheck (103 bytes)
Event: 23.804 Thread 0x000001dfff736080 nmethod 2164 0x000001dfed093b10 code [0x000001dfed093d40, 0x000001dfed094268]
Event: 23.804 Thread 0x000001dfff736080 2165       3       processing.opengl.PGraphicsOpenGL$TessGeometry::polyIndexCheck (61 bytes)
Event: 23.804 Thread 0x000001dfff736080 nmethod 2165 0x000001dfed094490 code [0x000001dfed094640, 0x000001dfed094908]
Event: 23.804 Thread 0x000001dfff736080 2166       3       processing.opengl.PGraphicsOpenGL$IndexCache::getLast (28 bytes)
Event: 23.804 Thread 0x000001dfff736080 nmethod 2166 0x000001dfed094a90 code [0x000001dfed094c40, 0x000001dfed094df8]
Event: 23.854 Thread 0x000001dfff720940 2167   !   4       java.util.concurrent.locks.AbstractQueuedSynchronizer::acquire (407 bytes)
Event: 23.876 Thread 0x000001dfff720940 nmethod 2167 0x000001dff48e4190 code [0x000001dff48e4380, 0x000001dff48e5930]
Event: 23.925 Thread 0x000001dfff720940 2168       4       java.util.concurrent.CountDownLatch::countDown (10 bytes)
Event: 23.927 Thread 0x000001dfff720940 nmethod 2168 0x000001dff48e6290 code [0x000001dff48e6420, 0x000001dff48e6608]
Event: 25.027 Thread 0x000001dfff736080 2169       1       com.jogamp.newt.event.NEWTEvent::getEventType (5 bytes)
Event: 25.027 Thread 0x000001dfff736080 nmethod 2169 0x000001dff48e6890 code [0x000001dff48e6a20, 0x000001dff48e6af8]
Event: 25.069 Thread 0x000001dfff736080 2170       1       com.jogamp.newt.event.NEWTEvent::getWhen (5 bytes)
Event: 25.069 Thread 0x000001dfff736080 nmethod 2170 0x000001dff48e6b90 code [0x000001dff48e6d20, 0x000001dff48e6df8]
Event: 26.103 Thread 0x000001dfff736080 2172       3       java.lang.String::newStringUTF8NoRepl (272 bytes)
Event: 26.104 Thread 0x000001dfff736080 nmethod 2172 0x000001dfed094f10 code [0x000001dfed0951e0, 0x000001dfed0960a8]
Event: 26.105 Thread 0x000001dfff736080 2173       3       jdk.internal.misc.Unsafe::getAndAddLong (27 bytes)
Event: 26.105 Thread 0x000001dfff736080 nmethod 2173 0x000001dfed096610 code [0x000001dfed0967c0, 0x000001dfed096a08]
Event: 26.105 Thread 0x000001dfff736080 2174       3       jdk.internal.misc.Unsafe::weakCompareAndSetLong (11 bytes)
Event: 26.105 Thread 0x000001dfff736080 nmethod 2174 0x000001dfed096b10 code [0x000001dfed096ca0, 0x000001dfed096dd8]

GC Heap History (20 events):
Event: 20.739 GC heap before
{Heap before GC invocations=72 (full 0):
 garbage-first heap   total 523264K, used 401855K [0x00000000c0000000, 0x0000000100000000)
  region size 1024K, 306 young (313344K), 4 survivors (4096K)
 Metaspace       used 13946K, committed 14144K, reserved 1114112K
  class space    used 1039K, committed 1152K, reserved 1048576K
}
Event: 20.741 GC heap after
{Heap after GC invocations=73 (full 0):
 garbage-first heap   total 523264K, used 91257K [0x00000000c0000000, 0x0000000100000000)
  region size 1024K, 3 young (3072K), 3 survivors (3072K)
 Metaspace       used 13946K, committed 14144K, reserved 1114112K
  class space    used 1039K, committed 1152K, reserved 1048576K
}
Event: 21.060 GC heap before
{Heap before GC invocations=73 (full 0):
 garbage-first heap   total 523264K, used 401529K [0x00000000c0000000, 0x0000000100000000)
  region size 1024K, 306 young (313344K), 3 survivors (3072K)
 Metaspace       used 13952K, committed 14144K, reserved 1114112K
  class space    used 1039K, committed 1152K, reserved 1048576K
}
Event: 21.064 GC heap after
{Heap after GC invocations=74 (full 0):
 garbage-first heap   total 523264K, used 92679K [0x00000000c0000000, 0x0000000100000000)
  region size 1024K, 5 young (5120K), 5 survivors (5120K)
 Metaspace       used 13952K, committed 14144K, reserved 1114112K
  class space    used 1039K, committed 1152K, reserved 1048576K
}
Event: 21.394 GC heap before
{Heap before GC invocations=74 (full 0):
 garbage-first heap   total 523264K, used 400903K [0x00000000c0000000, 0x0000000100000000)
  region size 1024K, 306 young (313344K), 5 survivors (5120K)
 Metaspace       used 13952K, committed 14144K, reserved 1114112K
  class space    used 1039K, committed 1152K, reserved 1048576K
}
Event: 21.402 GC heap after
{Heap after GC invocations=75 (full 0):
 garbage-first heap   total 523264K, used 93914K [0x00000000c0000000, 0x0000000100000000)
  region size 1024K, 6 young (6144K), 6 survivors (6144K)
 Metaspace       used 13952K, committed 14144K, reserved 1114112K
  class space    used 1039K, committed 1152K, reserved 1048576K
}
Event: 21.714 GC heap before
{Heap before GC invocations=75 (full 0):
 garbage-first heap   total 523264K, used 401114K [0x00000000c0000000, 0x0000000100000000)
  region size 1024K, 306 young (313344K), 6 survivors (6144K)
 Metaspace       used 13953K, committed 14144K, reserved 1114112K
  class space    used 1039K, committed 1152K, reserved 1048576K
}
Event: 21.716 GC heap after
{Heap after GC invocations=76 (full 0):
 garbage-first heap   total 523264K, used 91500K [0x00000000c0000000, 0x0000000100000000)
  region size 1024K, 3 young (3072K), 3 survivors (3072K)
 Metaspace       used 13953K, committed 14144K, reserved 1114112K
  class space    used 1039K, committed 1152K, reserved 1048576K
}
Event: 22.089 GC heap before
{Heap before GC invocations=76 (full 0):
 garbage-first heap   total 523264K, used 401772K [0x00000000c0000000, 0x0000000100000000)
  region size 1024K, 306 young (313344K), 3 survivors (3072K)
 Metaspace       used 13953K, committed 14144K, reserved 1114112K
  class space    used 1039K, committed 1152K, reserved 1048576K
}
Event: 22.092 GC heap after
{Heap after GC invocations=77 (full 0):
 garbage-first heap   total 523264K, used 91444K [0x00000000c0000000, 0x0000000100000000)
  region size 1024K, 3 young (3072K), 3 survivors (3072K)
 Metaspace       used 13953K, committed 14144K, reserved 1114112K
  class space    used 1039K, committed 1152K, reserved 1048576K
}
Event: 22.420 GC heap before
{Heap before GC invocations=77 (full 0):
 garbage-first heap   total 523264K, used 401716K [0x00000000c0000000, 0x0000000100000000)
  region size 1024K, 306 young (313344K), 3 survivors (3072K)
 Metaspace       used 13955K, committed 14144K, reserved 1114112K
  class space    used 1039K, committed 1152K, reserved 1048576K
}
Event: 22.424 GC heap after
{Heap after GC invocations=78 (full 0):
 garbage-first heap   total 523264K, used 91873K [0x00000000c0000000, 0x0000000100000000)
  region size 1024K, 4 young (4096K), 4 survivors (4096K)
 Metaspace       used 13955K, committed 14144K, reserved 1114112K
  class space    used 1039K, committed 1152K, reserved 1048576K
}
Event: 22.753 GC heap before
{Heap before GC invocations=78 (full 0):
 garbage-first heap   total 523264K, used 401121K [0x00000000c0000000, 0x0000000100000000)
  region size 1024K, 306 young (313344K), 4 survivors (4096K)
 Metaspace       used 13959K, committed 14144K, reserved 1114112K
  class space    used 1039K, committed 1152K, reserved 1048576K
}
Event: 22.757 GC heap after
{Heap after GC invocations=79 (full 0):
 garbage-first heap   total 523264K, used 93314K [0x00000000c0000000, 0x0000000100000000)
  region size 1024K, 5 young (5120K), 5 survivors (5120K)
 Metaspace       used 13959K, committed 14144K, reserved 1114112K
  class space    used 1039K, committed 1152K, reserved 1048576K
}
Event: 23.068 GC heap before
{Heap before GC invocations=79 (full 0):
 garbage-first heap   total 523264K, used 401538K [0x00000000c0000000, 0x0000000100000000)
  region size 1024K, 306 young (313344K), 5 survivors (5120K)
 Metaspace       used 13964K, committed 14144K, reserved 1114112K
  class space    used 1039K, committed 1152K, reserved 1048576K
}
Event: 23.070 GC heap after
{Heap after GC invocations=80 (full 0):
 garbage-first heap   total 523264K, used 91796K [0x00000000c0000000, 0x0000000100000000)
  region size 1024K, 4 young (4096K), 4 survivors (4096K)
 Metaspace       used 13964K, committed 14144K, reserved 1114112K
  class space    used 1039K, committed 1152K, reserved 1048576K
}
Event: 23.449 GC heap before
{Heap before GC invocations=80 (full 0):
 garbage-first heap   total 523264K, used 401044K [0x00000000c0000000, 0x0000000100000000)
  region size 1024K, 306 young (313344K), 4 survivors (4096K)
 Metaspace       used 14016K, committed 14208K, reserved 1114112K
  class space    used 1039K, committed 1152K, reserved 1048576K
}
Event: 23.451 GC heap after
{Heap after GC invocations=81 (full 0):
 garbage-first heap   total 523264K, used 91417K [0x00000000c0000000, 0x0000000100000000)
  region size 1024K, 3 young (3072K), 3 survivors (3072K)
 Metaspace       used 14016K, committed 14208K, reserved 1114112K
  class space    used 1039K, committed 1152K, reserved 1048576K
}
Event: 23.790 GC heap before
{Heap before GC invocations=81 (full 0):
 garbage-first heap   total 523264K, used 401689K [0x00000000c0000000, 0x0000000100000000)
  region size 1024K, 306 young (313344K), 3 survivors (3072K)
 Metaspace       used 14099K, committed 14272K, reserved 1114112K
  class space    used 1039K, committed 1152K, reserved 1048576K
}
Event: 23.796 GC heap after
{Heap after GC invocations=82 (full 0):
 garbage-first heap   total 523264K, used 93152K [0x00000000c0000000, 0x0000000100000000)
  region size 1024K, 5 young (5120K), 5 survivors (5120K)
 Metaspace       used 14099K, committed 14272K, reserved 1114112K
  class space    used 1039K, committed 1152K, reserved 1048576K
}

Dll operation events (15 events):
Event: 0.007 Loaded shared library C:\Program Files\Processing\app\resources\jdk-17.0.14+7\bin\java.dll
Event: 0.020 Loaded shared library C:\Program Files\Processing\app\resources\jdk-17.0.14+7\bin\jsvml.dll
Event: 0.080 Loaded shared library C:\Program Files\Processing\app\resources\jdk-17.0.14+7\bin\net.dll
Event: 0.081 Loaded shared library C:\Program Files\Processing\app\resources\jdk-17.0.14+7\bin\nio.dll
Event: 0.084 Loaded shared library C:\Program Files\Processing\app\resources\jdk-17.0.14+7\bin\zip.dll
Event: 0.141 Loaded shared library C:\Program Files\Processing\app\resources\jdk-17.0.14+7\bin\jimage.dll
Event: 0.145 Loaded shared library C:\Program Files\Processing\app\resources\jdk-17.0.14+7\bin\awt.dll
Event: 0.579 Loaded shared library C:\Users\danil\AppData\Local\Temp\jogamp_0000\file_cache\jln4673167869520791596\jln9735276923345776796\natives\windows-amd64\gluegen_rt.dll
Event: 0.589 Loaded shared library C:\Program Files\Processing\app\resources\jdk-17.0.14+7\bin\jawt.dll
Event: 0.604 Loaded shared library C:\Users\danil\AppData\Local\Temp\jogamp_0000\file_cache\jln4673167869520791596\jln9735276923345776796\natives\windows-amd64\nativewindow_awt.dll
Event: 0.647 Loaded shared library C:\Users\danil\AppData\Local\Temp\jogamp_0000\file_cache\jln4673167869520791596\jln9735276923345776796\natives\windows-amd64\nativewindow_win32.dll
Event: 0.764 Loaded shared library C:\Users\danil\AppData\Local\Temp\jogamp_0000\file_cache\jln4673167869520791596\jln9735276923345776796\natives\windows-amd64\jogl_desktop.dll
Event: 1.023 Loaded shared library C:\Users\danil\AppData\Local\Temp\jogamp_0000\file_cache\jln4673167869520791596\jln9735276923345776796\natives\windows-amd64\jogl_mobile.dll
Event: 1.973 Loaded shared library C:\Users\danil\AppData\Local\Temp\jogamp_0000\file_cache\jln4673167869520791596\jln9735276923345776796\natives\windows-amd64\newt_head.dll
Event: 2.156 Loaded shared library C:\Program Files\Processing\app\resources\jdk-17.0.14+7\bin\jsound.dll

Deoptimization events (20 events):
Event: 23.978 Thread 0x000001dfc74dc740 DEOPT PACKING pc=0x000001dfed03c241 sp=0x0000007a1dbfefd0
Event: 23.978 Thread 0x000001dfc74dc740 DEOPT UNPACKING pc=0x000001dff422ace3 sp=0x0000007a1dbfe4c0 mode 1
Event: 23.978 Thread 0x000001dfc74dc740 DEOPT PACKING pc=0x000001dfed0299f4 sp=0x0000007a1dbff060
Event: 23.978 Thread 0x000001dfc74dc740 DEOPT UNPACKING pc=0x000001dff422ace3 sp=0x0000007a1dbfe518 mode 1
Event: 24.055 Thread 0x000001dfc8f9d470 DEOPT PACKING pc=0x000001dff48a3240 sp=0x0000007a1e0ff3c0
Event: 24.055 Thread 0x000001dfc8f9d470 DEOPT UNPACKING pc=0x000001dff422ace3 sp=0x0000007a1e0fe7d0 mode 1
Event: 26.055 Thread 0x000001dfc74dc740 Uncommon trap: trap_request=0xffffff45 fr.pc=0x000001dff48b47e8 relative=0x0000000000000068
Event: 26.055 Thread 0x000001dfc74dc740 Uncommon trap: reason=unstable_if action=reinterpret pc=0x000001dff48b47e8 method=java.util.ArrayList.clear()V @ 29 c2
Event: 26.056 Thread 0x000001dfc74dc740 DEOPT PACKING pc=0x000001dff48b47e8 sp=0x0000007a1dbfe4c0
Event: 26.056 Thread 0x000001dfc74dc740 DEOPT UNPACKING pc=0x000001dff422a1a3 sp=0x0000007a1dbfe440 mode 2
Event: 26.094 Thread 0x000001dfc77c7560 Uncommon trap: trap_request=0xffffff45 fr.pc=0x000001dff48cc870 relative=0x00000000000000f0
Event: 26.094 Thread 0x000001dfc77c7560 Uncommon trap: reason=unstable_if action=reinterpret pc=0x000001dff48cc870 method=com.jogamp.common.util.IntIntHashMap.put(II)I @ 21 c2
Event: 26.094 Thread 0x000001dfc77c7560 DEOPT PACKING pc=0x000001dff48cc870 sp=0x0000007a1cfff140
Event: 26.094 Thread 0x000001dfc77c7560 DEOPT UNPACKING pc=0x000001dff422a1a3 sp=0x0000007a1cfff0a8 mode 2
Event: 26.097 Thread 0x000001dfc77c7560 Uncommon trap: trap_request=0xffffff45 fr.pc=0x000001dff484ae80 relative=0x00000000000000e0
Event: 26.097 Thread 0x000001dfc77c7560 Uncommon trap: reason=unstable_if action=reinterpret pc=0x000001dff484ae80 method=java.lang.ThreadLocal$ThreadLocalMap.getEntry(Ljava/lang/ThreadLocal;)Ljava/lang/ThreadLocal$ThreadLocalMap$Entry; @ 21 c2
Event: 26.097 Thread 0x000001dfc77c7560 DEOPT PACKING pc=0x000001dff484ae80 sp=0x0000007a1cfff480
Event: 26.097 Thread 0x000001dfc77c7560 DEOPT UNPACKING pc=0x000001dff422a1a3 sp=0x0000007a1cfff420 mode 2
Event: 26.103 Thread 0x000001dfd6960d60 DEOPT PACKING pc=0x000001dfecdc8e17 sp=0x0000007a200faba0
Event: 26.103 Thread 0x000001dfd6960d60 DEOPT UNPACKING pc=0x000001dff422ace3 sp=0x0000007a200fa000 mode 0

Classes loaded (20 events):
Event: 2.564 Loading class java/util/LinkedHashMap$LinkedValueIterator
Event: 2.564 Loading class java/util/LinkedHashMap$LinkedValueIterator done
Event: 2.628 Loading class java/util/ArrayList$ListItr
Event: 2.628 Loading class java/util/ArrayList$ListItr done
Event: 2.724 Loading class sun/nio/cs/StreamDecoder
Event: 2.724 Loading class sun/nio/cs/StreamDecoder done
Event: 2.724 Loading class java/util/regex/Pattern$LookBehindEndNode
Event: 2.724 Loading class java/util/regex/Pattern$LookBehindEndNode done
Event: 2.724 Loading class java/util/regex/Pattern$NotBehind
Event: 2.725 Loading class java/util/regex/Pattern$NotBehind done
Event: 2.725 Loading class java/util/regex/Pattern$Neg
Event: 2.725 Loading class java/util/regex/Pattern$Neg done
Event: 2.725 Loading class java/util/regex/Pattern$Pos
Event: 2.725 Loading class java/util/regex/Pattern$Pos done
Event: 2.738 Loading class java/util/regex/Pattern$SliceS
Event: 2.738 Loading class java/util/regex/Pattern$SliceS done
Event: 24.054 Loading class java/util/concurrent/ConcurrentLinkedQueue$Itr
Event: 24.054 Loading class java/util/concurrent/ConcurrentLinkedQueue$Itr done
Event: 26.057 Loading class java/nio/channels/ClosedChannelException
Event: 26.057 Loading class java/nio/channels/ClosedChannelException done

Classes unloaded (0 events):
No events

Classes redefined (0 events):
No events

Internal exceptions (20 events):
Event: 0.156 Thread 0x000001dfe3baadf0 Exception <a 'java/io/FileNotFoundException'{0x00000000c3b6c888}> (0x00000000c3b6c888) 
thrown [s\src\hotspot\share\prims\jni.cpp, line 516]
Event: 0.163 Thread 0x000001dfe3baadf0 Exception <a 'java/io/FileNotFoundException'{0x00000000c3b99cd0}> (0x00000000c3b99cd0) 
thrown [s\src\hotspot\share\prims\jni.cpp, line 516]
Event: 0.213 Thread 0x000001dfe3baadf0 Exception <a 'java/lang/NoSuchMethodError'{0x00000000c3a7b2f0}: 'java.lang.Object java.lang.invoke.DirectMethodHandle$Holder.invokeStaticInit(java.lang.Object)'> (0x00000000c3a7b2f0) 
thrown [s\src\hotspot\share\interpreter\linkResolver.cpp, line 759]
Event: 0.333 Thread 0x000001dfe3baadf0 Exception <a 'java/lang/NoSuchMethodError'{0x00000000c3659c50}: 'java.lang.Object java.lang.invoke.DirectMethodHandle$Holder.invokeStaticInit(java.lang.Object, int, int, int, int)'> (0x00000000c3659c50) 
thrown [s\src\hotspot\share\interpreter\linkResolver.cpp, line 759]
Event: 0.380 Thread 0x000001dfe3baadf0 Exception <a 'java/lang/NoSuchMethodError'{0x00000000c35436a8}: 'java.lang.Object java.lang.invoke.DirectMethodHandle$Holder.invokeStaticInit(java.lang.Object, java.lang.Object, int, int, int, int)'> (0x00000000c35436a8) 
thrown [s\src\hotspot\share\interpreter\linkResolver.cpp, line 759]
Event: 0.435 Thread 0x000001dfe3baadf0 Exception <a 'java/lang/NoSuchMethodError'{0x00000000c354ee00}: 'void java.lang.invoke.DirectMethodHandle$Holder.invokeStatic(java.lang.Object, long)'> (0x00000000c354ee00) 
thrown [s\src\hotspot\share\interpreter\linkResolver.cpp, line 759]
Event: 0.436 Thread 0x000001dfe3baadf0 Exception <a 'java/lang/NoSuchMethodError'{0x00000000c35543e0}: 'java.lang.Object java.lang.invoke.DirectMethodHandle$Holder.newInvokeSpecial(java.lang.Object, long)'> (0x00000000c35543e0) 
thrown [s\src\hotspot\share\interpreter\linkResolver.cpp, line 759]
Event: 0.438 Thread 0x000001dfe3baadf0 Exception <a 'java/lang/NoSuchMethodError'{0x00000000c355ebf8}: 'java.lang.Object java.lang.invoke.DirectMethodHandle$Holder.invokeStaticInit(java.lang.Object, java.lang.Object, long, java.lang.Object)'> (0x00000000c355ebf8) 
thrown [s\src\hotspot\share\interpreter\linkResolver.cpp, line 759]
Event: 0.439 Thread 0x000001dfe3baadf0 Exception <a 'java/lang/NoSuchMethodError'{0x00000000c35651b8}: 'java.lang.Object java.lang.invoke.DirectMethodHandle$Holder.newInvokeSpecial(java.lang.Object, java.lang.Object, long)'> (0x00000000c35651b8) 
thrown [s\src\hotspot\share\interpreter\linkResolver.cpp, line 759]
Event: 0.439 Thread 0x000001dfe3baadf0 Exception <a 'java/lang/NoSuchMethodError'{0x00000000c3568d28}: 'java.lang.Object java.lang.invoke.Invokers$Holder.linkToTargetMethod(java.lang.Object, long, java.lang.Object)'> (0x00000000c3568d28) 
thrown [s\src\hotspot\share\interpreter\linkResolver.cpp, line 759]
Event: 0.618 Thread 0x000001dfe3baadf0 Exception <a 'java/lang/NoSuchMethodError'{0x00000000c3476df0}: 'java.lang.Object java.lang.invoke.DirectMethodHandle$Holder.invokeInterface(java.lang.Object, java.lang.Object)'> (0x00000000c3476df0) 
thrown [s\src\hotspot\share\interpreter\linkResolver.cpp, line 759]
Event: 0.618 Thread 0x000001dfe3baadf0 Exception <a 'java/lang/IncompatibleClassChangeError'{0x00000000c347ad40}: Found class java.lang.Object, but interface was expected> (0x00000000c347ad40) 
thrown [s\src\hotspot\share\interpreter\linkResolver.cpp, line 826]
Event: 2.072 Thread 0x000001dfe3baadf0 Exception <a 'java/lang/NoSuchMethodError'{0x00000000c33854e8}: 'void java.lang.invoke.DirectMethodHandle$Holder.invokeSpecial(java.lang.Object, java.lang.Object, java.lang.Object, java.lang.Object, java.lang.Object)'> (0x00000000c33854e8) 
thrown [s\src\hotspot\share\interpreter\linkResolver.cpp, line 759]
Event: 2.073 Thread 0x000001dfe3baadf0 Exception <a 'java/lang/NoSuchMethodError'{0x00000000c338e4a8}: 'void java.lang.invoke.DirectMethodHandle$Holder.invokeSpecial(java.lang.Object, java.lang.Object, java.lang.Object)'> (0x00000000c338e4a8) 
thrown [s\src\hotspot\share\interpreter\linkResolver.cpp, line 759]
Event: 2.074 Thread 0x000001dfe3baadf0 Exception <a 'java/lang/NoSuchMethodError'{0x00000000c33947d8}: 'void java.lang.invoke.DirectMethodHandle$Holder.invokeSpecial(java.lang.Object, java.lang.Object, int)'> (0x00000000c33947d8) 
thrown [s\src\hotspot\share\interpreter\linkResolver.cpp, line 759]
Event: 2.075 Thread 0x000001dfe3baadf0 Exception <a 'java/lang/NoSuchMethodError'{0x00000000c339a7f0}: 'java.lang.Object java.lang.invoke.DirectMethodHandle$Holder.newInvokeSpecial(java.lang.Object, java.lang.Object, int)'> (0x00000000c339a7f0) 
thrown [s\src\hotspot\share\interpreter\linkResolver.cpp, line 759]
Event: 24.054 Thread 0x000001dfc8f21be0 Exception <a 'java/lang/InterruptedException'{0x00000000d0280000}> (0x00000000d0280000) 
thrown [s\src\hotspot\share\runtime\objectMonitor.cpp, line 1658]
Event: 24.055 Thread 0x000001dfc8f9d470 Exception <a 'java/lang/InterruptedException'{0x00000000d02715e0}> (0x00000000d02715e0) 
thrown [s\src\hotspot\share\runtime\objectMonitor.cpp, line 1658]
Event: 26.094 Thread 0x000001dfc77c7560 Implicit null exception at 0x000001dff48cc7c4 to 0x000001dff48cc84c
Event: 26.097 Thread 0x000001dfc77c7560 Implicit null exception at 0x000001dff484adec to 0x000001dff484ae68

VM Operations (20 events):
Event: 20.741 Executing VM operation: G1CollectForAllocation done
Event: 21.060 Executing VM operation: G1CollectForAllocation
Event: 21.064 Executing VM operation: G1CollectForAllocation done
Event: 21.394 Executing VM operation: G1CollectForAllocation
Event: 21.402 Executing VM operation: G1CollectForAllocation done
Event: 21.714 Executing VM operation: G1CollectForAllocation
Event: 21.716 Executing VM operation: G1CollectForAllocation done
Event: 22.089 Executing VM operation: G1CollectForAllocation
Event: 22.092 Executing VM operation: G1CollectForAllocation done
Event: 22.420 Executing VM operation: G1CollectForAllocation
Event: 22.424 Executing VM operation: G1CollectForAllocation done
Event: 22.753 Executing VM operation: G1CollectForAllocation
Event: 22.757 Executing VM operation: G1CollectForAllocation done
Event: 23.068 Executing VM operation: G1CollectForAllocation
Event: 23.070 Executing VM operation: G1CollectForAllocation done
Event: 23.449 Executing VM operation: G1CollectForAllocation
Event: 23.451 Executing VM operation: G1CollectForAllocation done
Event: 23.790 Executing VM operation: G1CollectForAllocation
Event: 23.796 Executing VM operation: G1CollectForAllocation done
Event: 26.161 Executing VM operation: Exit

Memory protections (0 events):
No events

Nmethod flushes (0 events):
No events

Events (20 events):
Event: 10.720 Thread 0x000001dfd6963af0 Thread exited: 0x000001dfd6963af0
Event: 17.932 Thread 0x000001dfc70bee10 Thread added: 0x000001dfd6963af0
Event: 18.939 Thread 0x000001dfd6963af0 Thread exited: 0x000001dfd6963af0
Event: 24.055 Thread 0x000001dfc8f21be0 Thread exited: 0x000001dfc8f21be0
Event: 26.056 Thread 0x000001dfc74dc740 Thread added: 0x000001dfd6963af0
Event: 26.056 Thread 0x000001dfc74dc740 Thread added: 0x000001dfd6962bc0
Event: 26.056 Thread 0x000001dfc74dc740 Thread added: 0x000001dfd6961780
Event: 26.056 Thread 0x000001dfc74dc740 Thread added: 0x000001dfd6960d60
Event: 26.058 Thread 0x000001dfd6963af0 Thread exited: 0x000001dfd6963af0
Event: 26.058 Thread 0x000001dfc70bee10 Thread added: 0x000001dfd6961c90
Event: 26.058 Thread 0x000001dfd6961780 Thread exited: 0x000001dfd6961780
Event: 26.059 Thread 0x000001dfc8ec8060 Thread exited: 0x000001dfc8ec8060
Event: 26.061 Thread 0x000001dfc70bee10 Thread exited: 0x000001dfc70bee10
Event: 26.097 Thread 0x000001dfc77c7560 Thread exited: 0x000001dfc77c7560
Event: 26.104 Thread 0x000001dfd6960d60 Thread exited: 0x000001dfd6960d60
Event: 26.160 Thread 0x000001dfd6962bc0 Thread exited: 0x000001dfd6962bc0
Event: 26.160 Thread 0x000001dfc74dc740 Before exit entered
Event: 26.160 Thread 0x000001dfff9c9590 Thread exited: 0x000001dfff9c9590
Event: 26.161 Thread 0x000001dfff71b3e0 Thread exited: 0x000001dfff71b3e0
Event: 26.161 Thread 0x000001dfff99e090 Thread exited: 0x000001dfff99e090


Dynamic libraries:
0x00007ff705240000 - 0x00007ff70524e000 	C:\Program Files\Processing\app\resources\jdk-17.0.14+7\bin\java.exe
0x00007ffe8d7a0000 - 0x00007ffe8da07000 	C:\WINDOWS\SYSTEM32\ntdll.dll
0x00007ffe8bad0000 - 0x00007ffe8bb99000 	C:\WINDOWS\System32\KERNEL32.DLL
0x00007ffe8afe0000 - 0x00007ffe8b3d7000 	C:\WINDOWS\System32\KERNELBASE.dll
0x00007ffe8ac60000 - 0x00007ffe8adab000 	C:\WINDOWS\System32\ucrtbase.dll
0x00007ffe879c0000 - 0x00007ffe879d7000 	C:\Program Files\Processing\app\resources\jdk-17.0.14+7\bin\jli.dll
0x00007ffe878f0000 - 0x00007ffe8790e000 	C:\Program Files\Processing\app\resources\jdk-17.0.14+7\bin\VCRUNTIME140.dll
0x00007ffe8b720000 - 0x00007ffe8b8e6000 	C:\WINDOWS\System32\USER32.dll
0x00007ffe73250000 - 0x00007ffe734e2000 	C:\WINDOWS\WinSxS\amd64_microsoft.windows.common-controls_6595b64144ccf1df_6.0.26100.8457_none_3e0b2faee331e92d\COMCTL32.dll
0x00007ffe8a290000 - 0x00007ffe8a2b7000 	C:\WINDOWS\System32\win32u.dll
0x00007ffe8b960000 - 0x00007ffe8ba09000 	C:\WINDOWS\System32\msvcrt.dll
0x00007ffe8d080000 - 0x00007ffe8d0ab000 	C:\WINDOWS\System32\GDI32.dll
0x00007ffe8a2c0000 - 0x00007ffe8a3ec000 	C:\WINDOWS\System32\gdi32full.dll
0x00007ffe8b470000 - 0x00007ffe8b513000 	C:\WINDOWS\System32\msvcp_win.dll
0x00007ffe8d720000 - 0x00007ffe8d752000 	C:\WINDOWS\System32\IMM32.DLL
0x00007ffe85b30000 - 0x00007ffe85b3c000 	C:\Program Files\Processing\app\resources\jdk-17.0.14+7\bin\vcruntime140_1.dll
0x00007ffe5e010000 - 0x00007ffe5e09d000 	C:\Program Files\Processing\app\resources\jdk-17.0.14+7\bin\msvcp140.dll
0x00007ffdf50b0000 - 0x00007ffdf5d1b000 	C:\Program Files\Processing\app\resources\jdk-17.0.14+7\bin\server\jvm.dll
0x00007ffe8ba10000 - 0x00007ffe8bac6000 	C:\WINDOWS\System32\ADVAPI32.dll
0x00007ffe8d0f0000 - 0x00007ffe8d197000 	C:\WINDOWS\System32\sechost.dll
0x00007ffe8b520000 - 0x00007ffe8b638000 	C:\WINDOWS\System32\RPCRT4.dll
0x00007ffe8b640000 - 0x00007ffe8b6c0000 	C:\WINDOWS\System32\WS2_32.dll
0x00007ffe8a030000 - 0x00007ffe8a08e000 	C:\WINDOWS\SYSTEM32\POWRPROF.dll
0x00007ffe73640000 - 0x00007ffe73676000 	C:\WINDOWS\SYSTEM32\WINMM.dll
0x00007ffe810b0000 - 0x00007ffe810bb000 	C:\WINDOWS\SYSTEM32\VERSION.dll
0x00007ffe8a010000 - 0x00007ffe8a024000 	C:\WINDOWS\SYSTEM32\UMPDC.dll
0x00007ffe88f60000 - 0x00007ffe88f7b000 	C:\WINDOWS\SYSTEM32\kernel.appcore.dll
0x00007ffe85b20000 - 0x00007ffe85b2a000 	C:\Program Files\Processing\app\resources\jdk-17.0.14+7\bin\jimage.dll
0x00007ffe74060000 - 0x00007ffe742a2000 	C:\WINDOWS\SYSTEM32\DBGHELP.DLL
0x00007ffe8d390000 - 0x00007ffe8d713000 	C:\WINDOWS\System32\combase.dll
0x00007ffe8c8d0000 - 0x00007ffe8c9a9000 	C:\WINDOWS\System32\OLEAUT32.dll
0x00007ffe7b860000 - 0x00007ffe7b89b000 	C:\WINDOWS\SYSTEM32\dbgcore.DLL
0x00007ffe8adb0000 - 0x00007ffe8ae58000 	C:\WINDOWS\System32\bcryptPrimitives.dll
0x00007ffe85ae0000 - 0x00007ffe85b1b000 	C:\Program Files\Processing\app\resources\jdk-17.0.14+7\bin\jdwp.dll
0x00007ffe7c0a0000 - 0x00007ffe7c0c5000 	C:\Program Files\Processing\app\resources\jdk-17.0.14+7\bin\java.dll
0x00007ffe5df30000 - 0x00007ffe5e007000 	C:\Program Files\Processing\app\resources\jdk-17.0.14+7\bin\jsvml.dll
0x00007ffe8bca0000 - 0x00007ffe8c40e000 	C:\WINDOWS\System32\SHELL32.dll
0x00007ffe8a3f0000 - 0x00007ffe8ac5c000 	C:\WINDOWS\System32\windows.storage.dll
0x00007ffe8bba0000 - 0x00007ffe8bc96000 	C:\WINDOWS\System32\SHCORE.dll
0x00007ffe8b8f0000 - 0x00007ffe8b956000 	C:\WINDOWS\System32\shlwapi.dll
0x00007ffe8a0f0000 - 0x00007ffe8a119000 	C:\WINDOWS\SYSTEM32\profapi.dll
0x00007ffe85ad0000 - 0x00007ffe85adc000 	C:\Program Files\Processing\app\resources\jdk-17.0.14+7\bin\dt_socket.dll
0x00007ffe889a0000 - 0x00007ffe889d2000 	C:\WINDOWS\SYSTEM32\IPHLPAPI.DLL
0x00007ffe894d0000 - 0x00007ffe8953c000 	C:\WINDOWS\system32\mswsock.dll
0x00007ffe85a90000 - 0x00007ffe85aa9000 	C:\Program Files\Processing\app\resources\jdk-17.0.14+7\bin\net.dll
0x00007ffe843f0000 - 0x00007ffe84519000 	C:\WINDOWS\SYSTEM32\WINHTTP.dll
0x00007ffe85860000 - 0x00007ffe85876000 	C:\Program Files\Processing\app\resources\jdk-17.0.14+7\bin\nio.dll
0x00007ffe80870000 - 0x00007ffe80888000 	C:\Program Files\Processing\app\resources\jdk-17.0.14+7\bin\zip.dll
0x00007ffe5b4f0000 - 0x00007ffe5b680000 	C:\Program Files\Processing\app\resources\jdk-17.0.14+7\bin\awt.dll
0x00007ffe87a00000 - 0x00007ffe87aa0000 	C:\WINDOWS\SYSTEM32\apphelp.dll
0x00007ffe87d80000 - 0x00007ffe87e2a000 	C:\WINDOWS\system32\uxtheme.dll
0x00007ffe8d1a0000 - 0x00007ffe8d2fc000 	C:\WINDOWS\System32\MSCTF.dll
0x00007ffe8c430000 - 0x00007ffe8c5c7000 	C:\WINDOWS\System32\ole32.dll
0x00007ffe87f20000 - 0x00007ffe87f4f000 	C:\WINDOWS\system32\DWMAPI.DLL
0x00007ffe40100000 - 0x00007ffe4020f000 	C:\WINDOWS\system32\opengl32.dll
0x00007ffe429d0000 - 0x00007ffe429fd000 	C:\WINDOWS\SYSTEM32\GLU32.dll
0x00007ffe87eb0000 - 0x00007ffe87ef5000 	C:\WINDOWS\SYSTEM32\dxcore.dll
0x00007ffe897b0000 - 0x00007ffe897cb000 	C:\WINDOWS\SYSTEM32\CRYPTSP.dll
0x00007ffe88ec0000 - 0x00007ffe88ef9000 	C:\WINDOWS\system32\rsaenh.dll
0x00007ffe89580000 - 0x00007ffe895b3000 	C:\WINDOWS\SYSTEM32\USERENV.dll
0x00007ffe8a0c0000 - 0x00007ffe8a0ea000 	C:\WINDOWS\SYSTEM32\bcrypt.dll
0x00007ffe897d0000 - 0x00007ffe897dc000 	C:\WINDOWS\SYSTEM32\CRYPTBASE.dll
0x00007ffe8c8c0000 - 0x00007ffe8c8ca000 	C:\WINDOWS\System32\NSI.dll
0x00007ffe84550000 - 0x00007ffe8456d000 	C:\WINDOWS\SYSTEM32\dhcpcsvc6.DLL
0x00007ffe84520000 - 0x00007ffe84545000 	C:\WINDOWS\SYSTEM32\dhcpcsvc.DLL
0x00007ffe88a40000 - 0x00007ffe88b72000 	C:\WINDOWS\SYSTEM32\DNSAPI.dll
0x00007ffe7cf50000 - 0x00007ffe7cf63000 	C:\Users\danil\AppData\Local\Temp\jogamp_0000\file_cache\jln4673167869520791596\jln9735276923345776796\natives\windows-amd64\gluegen_rt.dll
0x00007ffe7c090000 - 0x00007ffe7c097000 	C:\Program Files\Processing\app\resources\jdk-17.0.14+7\bin\jawt.dll
0x00007ffe7bf70000 - 0x00007ffe7bf7d000 	C:\Users\danil\AppData\Local\Temp\jogamp_0000\file_cache\jln4673167869520791596\jln9735276923345776796\natives\windows-amd64\nativewindow_awt.dll
0x00007ffe7bf50000 - 0x00007ffe7bf65000 	C:\Users\danil\AppData\Local\Temp\jogamp_0000\file_cache\jln4673167869520791596\jln9735276923345776796\natives\windows-amd64\nativewindow_win32.dll
0x00007ffe5aff0000 - 0x00007ffe5b073000 	C:\Users\danil\AppData\Local\Temp\jogamp_0000\file_cache\jln4673167869520791596\jln9735276923345776796\natives\windows-amd64\jogl_desktop.dll
0x00007ffe7a300000 - 0x00007ffe7a352000 	C:\Users\danil\AppData\Local\Temp\jogamp_0000\file_cache\jln4673167869520791596\jln9735276923345776796\natives\windows-amd64\jogl_mobile.dll
0x00007ffe841f0000 - 0x00007ffe84251000 	C:\WINDOWS\SYSTEM32\directxdatabasehelper.dll
0x00007ffe7b700000 - 0x00007ffe7b71d000 	C:\WINDOWS\SYSTEM32\windows.staterepositorycore.dll
0x00007ffdf33d0000 - 0x00007ffdf43a3000 	C:\WINDOWS\System32\DriverStore\FileRepository\iigd_dch.inf_amd64_225f37aa3862fc3f\igxelpicd64.dll
0x00007ffe87bd0000 - 0x00007ffe87d0e000 	C:\WINDOWS\system32\dxgi.dll
0x00007ffe4c1a0000 - 0x00007ffe4c627000 	C:\WINDOWS\System32\DriverStore\FileRepository\iigd_dch.inf_amd64_225f37aa3862fc3f\igdml64.dll
0x00007ffe89d40000 - 0x00007ffe89d91000 	C:\WINDOWS\SYSTEM32\cfgmgr32.dll
0x00007ffe80b00000 - 0x00007ffe80ec1000 	C:\WINDOWS\System32\DriverStore\FileRepository\iigd_dch.inf_amd64_225f37aa3862fc3f\igdgmm64.dll
0x00007ffe7d5d0000 - 0x00007ffe807d6000 	C:\WINDOWS\System32\DriverStore\FileRepository\iigd_dch.inf_amd64_225f37aa3862fc3f\igc64.dll
0x00007ffe7bf30000 - 0x00007ffe7bf49000 	C:\Users\danil\AppData\Local\Temp\jogamp_0000\file_cache\jln4673167869520791596\jln9735276923345776796\natives\windows-amd64\newt_head.dll
0x00007ffe5e8e0000 - 0x00007ffe5e99f000 	C:\WINDOWS\SYSTEM32\mscms.dll
0x00007ffe1cd10000 - 0x00007ffe1cd59000 	C:\WINDOWS\SYSTEM32\icm32.dll
0x00007ffe8cbf0000 - 0x00007ffe8d077000 	C:\WINDOWS\System32\setupapi.dll
0x00007ffe89d10000 - 0x00007ffe89d3d000 	C:\WINDOWS\SYSTEM32\DEVOBJ.dll
0x00007ffe8b3e0000 - 0x00007ffe8b462000 	C:\WINDOWS\System32\WINTRUST.dll
0x00007ffe8ae60000 - 0x00007ffe8afd8000 	C:\WINDOWS\System32\CRYPT32.dll
0x00007ffe898e0000 - 0x00007ffe898f3000 	C:\WINDOWS\SYSTEM32\MSASN1.dll
0x00007ffe580f0000 - 0x00007ffe58236000 	C:\WINDOWS\SYSTEM32\textinputframework.dll
0x00007ffe87560000 - 0x00007ffe87687000 	C:\WINDOWS\SYSTEM32\CoreMessaging.dll
0x00007ffe83270000 - 0x00007ffe83552000 	C:\WINDOWS\SYSTEM32\CoreUIComponents.dll
0x00007ffe84e00000 - 0x00007ffe84f6a000 	C:\WINDOWS\SYSTEM32\wintypes.dll
0x00007ffe7b7e0000 - 0x00007ffe7b7f2000 	C:\Program Files\Processing\app\resources\jdk-17.0.14+7\bin\jsound.dll
0x00007ffe598a0000 - 0x00007ffe59934000 	C:\WINDOWS\SYSTEM32\DSOUND.dll
0x00007ffe6c190000 - 0x00007ffe6c1c7000 	C:\WINDOWS\SYSTEM32\winmmbase.dll
0x00007ffe597e0000 - 0x00007ffe59891000 	C:\WINDOWS\SYSTEM32\ResampleDmo.DLL
0x00007ffdcaae0000 - 0x00007ffdcaaee000 	C:\WINDOWS\SYSTEM32\msdmo.dll
0x00007ffe8c9b0000 - 0x00007ffe8ca5e000 	C:\WINDOWS\System32\clbcatq.dll
0x00007ffe80f70000 - 0x00007ffe81009000 	C:\WINDOWS\System32\MMDevApi.dll
0x00007ffe6b5b0000 - 0x00007ffe6b5f7000 	C:\WINDOWS\SYSTEM32\wdmaud.drv
0x00007ffe79240000 - 0x00007ffe79263000 	C:\WINDOWS\SYSTEM32\wdmaud2.drv
0x00007ffe83820000 - 0x00007ffe8382b000 	C:\WINDOWS\SYSTEM32\AVRT.dll
0x00007ffe68030000 - 0x00007ffe681e3000 	C:\WINDOWS\SYSTEM32\AUDIOSES.DLL
0x00007ffe7b7c0000 - 0x00007ffe7b7cf000 	C:\WINDOWS\SYSTEM32\msacm32.drv
0x00007ffe6c160000 - 0x00007ffe6c181000 	C:\WINDOWS\SYSTEM32\MSACM32.dll
0x00007ffe7be20000 - 0x00007ffe7be2c000 	C:\WINDOWS\SYSTEM32\midimap.dll
0x00007ffe882a0000 - 0x00007ffe882b4000 	C:\WINDOWS\SYSTEM32\resourcepolicyclient.dll
0x00007ffe582b0000 - 0x00007ffe5840a000 	C:\Windows\System32\Windows.UI.dll

dbghelp: loaded successfully - version: 4.0.5 - missing functions: none
symbol engine: initialized successfully - sym options: 0x614 - pdb path: .;C:\Program Files\Processing\app\resources\jdk-17.0.14+7\bin;C:\WINDOWS\SYSTEM32;C:\WINDOWS\WinSxS\amd64_microsoft.windows.common-controls_6595b64144ccf1df_6.0.26100.8457_none_3e0b2faee331e92d;C:\Program Files\Processing\app\resources\jdk-17.0.14+7\bin\server;C:\Users\danil\AppData\Local\Temp\jogamp_0000\file_cache\jln4673167869520791596\jln9735276923345776796\natives\windows-amd64;C:\WINDOWS\System32\DriverStore\FileRepository\iigd_dch.inf_amd64_225f37aa3862fc3f

VM Arguments:
jvm_args: -agentlib:jdwp=transport=dt_socket,address=8452,server=y,suspend=y,quiet=y -Xms64m -Xmx1024m -Djna.nosys=true -Djava.library.path=;C:\Program Files\Processing\app\resources\core\library;C:\Users\danil\OneDrive\Документы\Processing\libraries\sound\library\windows-amd64;C:\Program Files\Processing;C:\WINDOWS\system32;C:\WINDOWS;C:\Program Files\PlasticSCM5\server;C:\Program Files\PlasticSCM5\client;C:\Program Files\Common Files\Oracle\Java\javapath;C:\Program Files (x86)\Common Files\Oracle\Java\javapath;C:\Windows\System32\HWAudioDriverLibs;C:\Windows\system32;C:\Windows;C:\Windows\System32\Wbem;C:\Windows\System32\WindowsPowerShell\v1.0;C:\Windows\System32\OpenSSH;C:\Program Files\Microsoft SQL Server\150\Tools\Binn;C:\Program Files\Microsoft SQL Server\Client SDK\ODBC\170\Tools\Binn;C:\Program Files\dotnet;D:\Windows Kits\10\Windows Performance Toolkit;C:\Program Files\Java\jdk-23\bin;C:\WINDOWS\system32;C:\WINDOWS;C:\WINDOWS\System32\Wbem;C:\WINDOWS\System32\WindowsPowerShell\v1.0;C:\WINDOWS\System32\OpenSSH;C:\Program Files\nodejs;C:\Program Files\Docker\Docker\resources\bin;C:\Program Files\TortoiseGit\bin;C:\Program Files\Git\cmd;C:\Users\danil\AppData\Local\Programs\Python\Python312\Scripts;C:\Users\danil\AppData\Local\Programs\Python\Python312;C:\Users\danil\AppData\Local\Microsoft\WindowsApps;C:\Users\danil\AppData\Local\Programs\Microsoft VS Code\bin;C:\Users\danil\AppData\Roaming\npm;D:\DataBase\18\bin;C:\Program Files\Processing\app;. -ea 
java_command: processing.core.PApplet --editor-location=-7,-7 --external --display=1 --sketch-path=C:\Users\danil\Desktop\Gravity_simul Gravity_simul
java_class_path (initial): C:\Users\danil\AppData\Local\Temp\processing\Gravity_simul7116992584768674993temp;C:\Program Files\Processing\app\resources\core\library\annotations-13.0.jar;C:\Program Files\Processing\app\resources\core\library\antlr-2.7.7.jar;C:\Program Files\Processing\app\resources\core\library\core-4.4.1.jar;C:\Program Files\Processing\app\resources\core\library\gluegen-rt-2.5.0-natives-android-aarch64.jar;C:\Program Files\Processing\app\resources\core\library\gluegen-rt-2.5.0-natives-linux-aarch64.jar;C:\Program Files\Processing\app\resources\core\library\gluegen-rt-2.5.0-natives-linux-amd64.jar;C:\Program Files\Processing\app\resources\core\library\gluegen-rt-2.5.0-natives-linux-armv6hf.jar;C:\Program Files\Processing\app\resources\core\library\gluegen-rt-2.5.0-natives-macosx-universal.jar;C:\Program Files\Processing\app\resources\core\library\gluegen-rt-2.5.0-natives-windows-amd64.jar;C:\Program Files\Processing\app\resources\core\library\gluegen-rt-2.5.0.jar;C:\Program Files\Processing\app\resources\core\library\gluegen-rt-main-2.5.0.jar;C:\Program Files\Processing\app\resources\core\library\jogl-all-2.5.0-natives-android-aarch64.jar;C:\Program Files\Processing\app\resources\core\library\jogl-all-2.5.0-natives-linux-aarch64.jar;C:\Program Files\Processing\app\resources\core\library\jogl-all-2.5.0-natives-linux-amd64.jar;C:\Program Files\Processing\app\resources\core\library\jogl-all-2.5.0-natives-linux-armv6hf.jar;C:\Program Files\Processing\app\resources\core\library\jogl-all-2.5.0-natives-macosx-universal.jar;C:\Program Files\Processing\app\resources\core\library\jogl-all-2.5.0-natives-windows-amd64.jar;C:\Program Files\Processing\app\resources\core\library\jogl-all-2.5.0.jar;C:\Program Files\Processing\app\resources\core\library\jogl-all-main-2.5.0.jar;C:\Program Files\Processing\app\resources\core\library\kotlin-stdlib-2.0.20.jar;C:\Users\danil\OneDrive\Документы\Processing\libraries\sound\library\jlayer-1.0.1.4.jar;C:\Users\danil\OneDrive\
Launcher Type: SUN_STANDARD

[Global flags]
     intx CICompilerCount                          = 4                                         {product} {ergonomic}
     uint ConcGCThreads                            = 2                                         {product} {ergonomic}
     uint G1ConcRefinementThreads                  = 8                                         {product} {ergonomic}
   size_t G1HeapRegionSize                         = 1048576                                   {product} {ergonomic}
    uintx GCDrainStackTargetSize                   = 64                                        {product} {ergonomic}
   size_t InitialHeapSize                          = 67108864                                  {product} {command line}
   size_t MarkStackSize                            = 4194304                                   {product} {ergonomic}
   size_t MaxHeapSize                              = 1073741824                                {product} {command line}
   size_t MaxNewSize                               = 643825664                                 {product} {ergonomic}
   size_t MinHeapDeltaBytes                        = 1048576                                   {product} {ergonomic}
   size_t MinHeapSize                              = 67108864                                  {product} {command line}
    uintx NonNMethodCodeHeapSize                   = 5839372                                {pd product} {ergonomic}
    uintx NonProfiledCodeHeapSize                  = 122909434                              {pd product} {ergonomic}
    uintx ProfiledCodeHeapSize                     = 122909434                              {pd product} {ergonomic}
    uintx ReservedCodeCacheSize                    = 251658240                              {pd product} {ergonomic}
     bool SegmentedCodeCache                       = true                                      {product} {ergonomic}
   size_t SoftMaxHeapSize                          = 1073741824                             {manageable} {ergonomic}
     bool UseCompressedClassPointers               = true                           {product lp64_product} {ergonomic}
     bool UseCompressedOops                        = true                           {product lp64_product} {ergonomic}
     bool UseG1GC                                  = true                                      {product} {ergonomic}
     bool UseLargePagesIndividualAllocation        = false                                  {pd product} {ergonomic}

Logging:
Log output configuration:
 #0: stdout all=off uptime,level,tags
 #1: stderr all=off uptime,level,tags

Environment Variables:
JAVA_HOME=C:\Program Files\Java\jdk-23
PATH=C:\Program Files\PlasticSCM5\server;C:\Program Files\PlasticSCM5\client;C:\Program Files\Common Files\Oracle\Java\javapath;C:\Program Files (x86)\Common Files\Oracle\Java\javapath;C:\Windows\System32\HWAudioDriverLibs;C:\Windows\system32;C:\Windows;C:\Windows\System32\Wbem;C:\Windows\System32\WindowsPowerShell\v1.0\;C:\Windows\System32\OpenSSH\;C:\Users\Administrator\AppData\Local\Microsoft\WindowsApps;C:\Program Files\Microsoft SQL Server\150\Tools\Binn\;C:\Program Files\Microsoft SQL Server\Client SDK\ODBC\170\Tools\Binn\;C:\Program Files\dotnet\;D:\Windows Kits\10\Windows Performance Toolkit\;C:\Program Files\Java\jdk-23\bin;C:\WINDOWS\system32;C:\WINDOWS;C:\WINDOWS\System32\Wbem;C:\WINDOWS\System32\WindowsPowerShell\v1.0\;C:\WINDOWS\System32\OpenSSH\;C:\Program Files\nodejs\;C:\Program Files\Docker\Docker\resources\bin;C:\Program Files\TortoiseGit\bin;C:\Program Files\Git\cmd;C:\Users\danil\AppData\Local\Programs\Python\Python312\Scripts\;C:\Users\danil\AppData\Local\Programs\Python\Python312\;C:\Users\danil\AppData\Local\Microsoft\WindowsApps;C:\Users\danil\.dotnet\tools;C:\Users\danil\AppData\Local\Programs\Microsoft VS Code\bin;C:\Users\danil\AppData\Roaming\npm;D:\DataBase\18\bin;C:\Program Files\Processing\app
USERNAME=danil
OS=Windows_NT
PROCESSOR_IDENTIFIER=Intel64 Family 6 Model 140 Stepping 2, GenuineIntel
TMP=C:\Users\danil\AppData\Local\Temp
TEMP=C:\Users\danil\AppData\Local\Temp



Periodic native trim disabled


---------------  S Y S T E M  ---------------

OS:
 Windows 11 , 64 bit Build 26100 (10.0.26100.8328)
OS uptime: 0 days 1:23 hours
Hyper-V role detected

CPU: total 8 (initial active 8) (4 cores per cpu, 2 threads per core) family 6 model 140 stepping 2 microcode 0x16, cx8, cmov, fxsr, ht, mmx, 3dnowpref, sse, sse2, sse3, ssse3, sse4.1, sse4.2, popcnt, lzcnt, tsc, tscinvbit, avx, avx2, aes, erms, clmul, bmi1, bmi2, adx, avx512f, avx512dq, avx512cd, avx512bw, avx512vl, sha, fma, vzeroupper, avx512_vpopcntdq, avx512_vpclmulqdq, avx512_vaes, avx512_vnni, clflush, clflushopt, clwb, avx512_vbmi2, avx512_vbmi, hv
Processor Information for processor 0
  Max Mhz: 2496, Current Mhz: 2496, Mhz Limit: 2496
Processor Information for processor 1
  Max Mhz: 2496, Current Mhz: 2496, Mhz Limit: 2496
Processor Information for processor 2
  Max Mhz: 2496, Current Mhz: 2496, Mhz Limit: 2496
Processor Information for processor 3
  Max Mhz: 2496, Current Mhz: 2496, Mhz Limit: 2496
Processor Information for processor 4
  Max Mhz: 2496, Current Mhz: 2496, Mhz Limit: 2496
Processor Information for processor 5
  Max Mhz: 2496, Current Mhz: 998, Mhz Limit: 2496
Processor Information for processor 6
  Max Mhz: 2496, Current Mhz: 2496, Mhz Limit: 2496
Processor Information for processor 7
  Max Mhz: 2496, Current Mhz: 2496, Mhz Limit: 2496

Memory: 4k page, system-wide physical 7975M (1325M free)
TotalPageFile size 17703M (AvailPageFile size 8060M)
current process WorkingSet (physical memory assigned to process): 872M, peak: 898M
current process commit charge ("private bytes"): 898M, peak: 938M

vm_info: OpenJDK 64-Bit Server VM (17.0.14+7) for windows-amd64 JRE (17.0.14+7), built on Jan 21 2025 23:40:15 by "admin" with MS VC++ 17.7 (VS2022)

END.
