#
# A fatal error has been detected by the Java Runtime Environment:
#
#  EXCEPTION_ACCESS_VIOLATION (0xc0000005) at pc=0x00007ffdd8d0b386, pid=344, tid=800
#
# JRE version: OpenJDK Runtime Environment Temurin-17.0.14+7 (17.0.14+7) (build 17.0.14+7)
# Java VM: OpenJDK 64-Bit Server VM Temurin-17.0.14+7 (17.0.14+7, mixed mode, sharing, tiered, compressed oops, compressed class ptrs, g1 gc, windows-amd64)
# Problematic frame:
# C  [igxelpicd64.dll+0x23b386]
#
# No core dump will be written. Minidumps are not enabled by default on client versions of Windows
#
# If you would like to submit a bug report, please visit:
#   https://github.com/adoptium/adoptium-support/issues
#

---------------  S U M M A R Y ------------

Command Line: -agentlib:jdwp=transport=dt_socket,address=8377,server=y,suspend=y,quiet=y -Xms64m -Xmx1024m -Djna.nosys=true -Djava.library.path=;C:\Program Files\Processing\app\resources\core\library;C:\Program Files\Processing;C:\WINDOWS\system32;C:\WINDOWS;C:\Program Files\PlasticSCM5\server;C:\Program Files\PlasticSCM5\client;C:\Program Files\Common Files\Oracle\Java\javapath;C:\Program Files (x86)\Common Files\Oracle\Java\javapath;C:\Windows\System32\HWAudioDriverLibs;C:\Windows\system32;C:\Windows;C:\Windows\System32\Wbem;C:\Windows\System32\WindowsPowerShell\v1.0;C:\Windows\System32\OpenSSH;C:\Program Files\Microsoft SQL Server\150\Tools\Binn;C:\Program Files\Microsoft SQL Server\Client SDK\ODBC\170\Tools\Binn;C:\Program Files\dotnet;D:\Windows Kits\10\Windows Performance Toolkit;C:\Program Files\Java\jdk-23\bin;C:\WINDOWS\system32;C:\WINDOWS;C:\WINDOWS\System32\Wbem;C:\WINDOWS\System32\WindowsPowerShell\v1.0;C:\WINDOWS\System32\OpenSSH;C:\Program Files\nodejs;C:\Program Files\Docker\Docker\resources\bin;C:\Program Files\TortoiseGit\bin;C:\Program Files\Git\cmd;C:\Users\danil\AppData\Local\Programs\Python\Python312\Scripts;C:\Users\danil\AppData\Local\Programs\Python\Python312;C:\Users\danil\AppData\Local\Microsoft\WindowsApps;C:\Users\danil\AppData\Local\Programs\Microsoft VS Code\bin;C:\Users\danil\AppData\Roaming\npm;D:\DataBase\18\bin;C:\Program Files\Processing\app;. -ea processing.core.PApplet --editor-location=-7,-7 --external --display=1 --sketch-path=C:\Users\danil\Desktop\Gravity_simul Gravity_simul

Host: 11th Gen Intel(R) Core(TM) i5-1155G7 @ 2.50GHz, 8 cores, 7G,  Windows 11 , 64 bit Build 26100 (10.0.26100.8328)
Time: Sun Jun 28 13:24:04 2026 RTZ 3 (s 11 , 64 bit Build 26100 (10.0.26100.8328) elapsed time: 7.407621 seconds (0d 0h 0m 7s)

---------------  T H R E A D  ---------------

Current thread (0x000001adf760e280):  VMThread "VM Thread" [stack: 0x000000a22ac00000,0x000000a22ad00000] [id=800]

Stack: [0x000000a22ac00000,0x000000a22ad00000],  sp=0x000000a22acfe480,  free space=1017k
Native frames: (J=compiled Java code, j=interpreted, Vv=VM code, C=native code)
C  [igxelpicd64.dll+0x23b386]


siginfo: EXCEPTION_ACCESS_VIOLATION (0xc0000005), reading address 0x0000000000035468


Registers:
RAX=0x000001adfe269f80, RBX=0x000001adfc5f1f30, RCX=0x0000000000000004, RDX=0x0000000000000000
RSP=0x000000a22acfe480, RBP=0x0000000000000000, RSI=0x000001adfe269d80, RDI=0x000001adfc0cf9f0
R8 =0x000001adfe269e80, R9 =0x000000a22a1a7000, R10=0x0000000000000000, R11=0x0000000000000246
R12=0x000001adfe269d80, R13=0x0000000000000000, R14=0x000001adfe26a2c8, R15=0x000001adfe2691e0
RIP=0x00007ffdd8d0b386, EFLAGS=0x0000000000010202


Register to memory mapping:

RIP=0x00007ffdd8d0b386 igxelpicd64.dll
RAX=0x000001adfe269f80 points into unknown readable memory: 0x0000000000001574 | 74 15 00 00 00 00 00 00
RBX=0x000001adfc5f1f30 points into unknown readable memory: 0xffffffffffffffff | ff ff ff ff ff ff ff ff
RCX=0x0000000000000004 is an unknown value
RDX=0x0 is NULL
RSP=0x000000a22acfe480 points into unknown readable memory: 0x000001adfc5f1f30 | 30 1f 5f fc ad 01 00 00
RBP=0x0 is NULL
RSI=0x000001adfe269d80 points into unknown readable memory: 0x000001adfc772630 | 30 26 77 fc ad 01 00 00
RDI=0x000001adfc0cf9f0 points into unknown readable memory: 0x00007ffe8b601500 | 00 15 60 8b fe 7f 00 00
R8 =0x000001adfe269e80 points into unknown readable memory: 0x0000000000000000 | 00 00 00 00 00 00 00 00
R9 =0x000000a22a1a7000 points into unknown readable memory: 0x0000000000000000 | 00 00 00 00 00 00 00 00
R10=0x0 is NULL
R11=0x0000000000000246 is an unknown value
R12=0x000001adfe269d80 points into unknown readable memory: 0x000001adfc772630 | 30 26 77 fc ad 01 00 00
R13=0x0 is NULL
R14=0x000001adfe26a2c8 points into unknown readable memory: 0x000001adfe2691e0 | e0 91 26 fe ad 01 00 00
R15=0x000001adfe2691e0 points into unknown readable memory: 0x000001adfc772630 | 30 26 77 fc ad 01 00 00


Top of Stack: (sp=0x000000a22acfe480)
0x000000a22acfe480:   000001adfc5f1f30 01e4f6d0036ac6d0
0x000000a22acfe490:   0347fdd1037086d1 0364afd2038d2bd2
0x000000a22acfe4a0:   0000001603000000 0000000000000000
0x000000a22acfe4b0:   026672d4032a08d4 034f3dd50374a3d4
0x000000a22acfe4c0:   000001adfc5f1f30 0357b2d5031484d5
0x000000a22acfe4d0:   039eb8d6031902d6 0391c5d70258efd6
0x000000a22acfe4e0:   0398f2d70375dad7 038067d80366fdd7
0x000000a22acfe4f0:   019ce7d8037086d8 037086da0384edd8
0x000000a22acfe500:   038f3edd0378b6dc 037086df03925ade
0x000000a22acfe510:   02fd6ce0028f19e0 01996de1037086e0
0x000000a22acfe520:   0376e8e101b093e1 03963de200561be2
0x000000a22acfe530:   0383ede3036352e2 0379e0e4037087e4
0x000000a22acfe540:   03659ce502bc24e5 02e52ee6029acee5
0x000000a22acfe550:   033c73e6038f48e6 03975fe702ec1be7
0x000000a22acfe560:   038065e7037864e7 00007ffe8d905b54
0x000000a22acfe570:   0000000000000000 0000000000000000
0x000000a22acfe580:   000000a22acfe720 00007ffe8b771259
0x000000a22acfe590:   000000a22acfe618 0000000000000000
0x000000a22acfe5a0:   0000000000000054 0000000000000000
0x000000a22acfe5b0:   02718eef03a116ee 00007ffe8d905cc4
0x000000a22acfe5c0:   039c40f002742af0 02aa0af100b6e0f0
0x000000a22acfe5d0:   00003260b00937a8 038ecbf103799cf1
0x000000a22acfe5e0:   000001adfe0ec878 00000000000015e4
0x000000a22acfe5f0:   0000000000000000 0000000000000016
0x000000a22acfe600:   0000000000000000 0000000000000000
0x000000a22acfe610:   000000a22acfe720 00007ffdd8d382ae
0x000000a22acfe620:   000001adfc0cf9f0 0000000000000000
0x000000a22acfe630:   000001adfc0cf9f0 02cee3ff0380a2fe
0x000000a22acfe640:   000000a200001494 0000740400840000
0x000000a22acfe650:   0000000000000000 ed080214ba08039b
0x000000a22acfe660:   370903910409032f 890a038b690a0393
0x000000a22acfe670:   6d0d03908e0b0389 b20e0348820e021e 

Instructions: (pc=0x00007ffdd8d0b386)
0x00007ffdd8d0b286:   00 90 4c 8b bf 80 02 00 00 48 8b 05 9a 85 bd 00
0x00007ffdd8d0b296:   8b 80 c8 0a 00 00 89 44 24 24 c6 44 24 20 00 48
0x00007ffdd8d0b2a6:   c7 87 80 02 00 00 00 00 00 00 c7 87 88 02 00 00
0x00007ffdd8d0b2b6:   00 00 00 00 48 c7 87 a0 02 00 00 00 00 00 00 48
0x00007ffdd8d0b2c6:   c7 87 90 02 00 00 00 00 00 00 48 85 ed 75 3d 8b
0x00007ffdd8d0b2d6:   35 0d 77 cd 00 65 48 8b 04 25 58 00 00 00 b9 14
0x00007ffdd8d0b2e6:   00 00 00 48 8b 04 f0 40 38 2c 01 0f 84 c9 e7 75
0x00007ffdd8d0b2f6:   00 65 48 8b 04 25 58 00 00 00 bd 20 00 00 00 48
0x00007ffdd8d0b306:   8b 04 f0 48 8b 2c 28 48 89 6c 24 28 48 3b 2d 07
0x00007ffdd8d0b316:   9b cd 00 0f 84 9b 10 00 00 4d 85 ff 0f 84 3a 01
0x00007ffdd8d0b326:   00 00 0f 1f 84 00 00 00 00 00 49 8b f7 4d 8b e7
0x00007ffdd8d0b336:   4d 8d b7 48 05 00 00 4d 8b 3e 45 84 ed 0f 85 d9
0x00007ffdd8d0b346:   0e 00 00 8b 8f d0 01 00 00 48 8b 05 da 84 bd 00
0x00007ffdd8d0b356:   83 b8 64 03 00 00 02 75 34 4d 8d 84 24 00 01 00
0x00007ffdd8d0b366:   00 83 f9 10 0f 83 3a 01 00 00 8b c1 48 c1 e0 06
0x00007ffdd8d0b376:   49 03 c0 48 85 c0 0f 84 9b 01 00 00 48 8b 50 08
0x00007ffdd8d0b386:   48 3b 95 68 54 03 00 0f 87 b6 0e 00 00 48 83 be
0x00007ffdd8d0b396:   c0 05 00 00 00 0f 85 50 e7 75 00 44 8b 8f d0 01
0x00007ffdd8d0b3a6:   00 00 48 8b 87 e8 01 00 00 4c 8b 00 8b 8f d0 01
0x00007ffdd8d0b3b6:   00 00 48 8d 9e 00 01 00 00 83 f9 10 0f 83 1e 01
0x00007ffdd8d0b3c6:   00 00 8b c1 48 c1 e0 06 48 03 c3 48 85 c0 0f 84
0x00007ffdd8d0b3d6:   4a 01 00 00 4c 39 40 08 0f 86 40 01 00 00 48 8b
0x00007ffdd8d0b3e6:   87 80 02 00 00 49 89 06 48 89 b7 80 02 00 00 ff
0x00007ffdd8d0b3f6:   87 88 02 00 00 48 8b 4e 08 48 8b 01 ba 01 00 00
0x00007ffdd8d0b406:   00 48 8b 80 e0 02 00 00 ff 15 f4 c1 88 00 0f b7
0x00007ffdd8d0b416:   c8 48 2b c1 48 05 00 00 01 00 48 01 87 90 02 00
0x00007ffdd8d0b426:   00 48 8b 4e 08 48 8b 01 ba 01 00 00 00 48 8b 80
0x00007ffdd8d0b436:   e0 02 00 00 ff 15 c8 c1 88 00 48 01 87 a0 02 00
0x00007ffdd8d0b446:   00 0f b6 54 24 20 4d 85 ff 0f 85 db fe ff ff 84
0x00007ffdd8d0b456:   d2 0f 85 37 0f 00 00 48 8b 5c 24 40 48 8b cf 80
0x00007ffdd8d0b466:   7c 24 22 00 0f 85 40 0f 00 00 e8 3b f9 ff ff 90
0x00007ffdd8d0b476:   48 8b cb ff 15 99 bc 88 00 48 8b 8c 24 50 01 00 


Stack slot to memory mapping:
stack at sp + 0 slots: 0x000001adfc5f1f30 points into unknown readable memory: 0xffffffffffffffff | ff ff ff ff ff ff ff ff
stack at sp + 1 slots: 0x01e4f6d0036ac6d0 is an unknown value
stack at sp + 2 slots: 0x0347fdd1037086d1 is an unknown value
stack at sp + 3 slots: 0x0364afd2038d2bd2 is an unknown value
stack at sp + 4 slots: 0x0000001603000000 is an unknown value
stack at sp + 5 slots: 0x0 is NULL
stack at sp + 6 slots: 0x026672d4032a08d4 is an unknown value
stack at sp + 7 slots: 0x034f3dd50374a3d4 is an unknown value

VM_Operation (0x000000a22cefe850): Exit, mode: safepoint, requested by thread 0x000001adfda668a0


---------------  P R O C E S S  ---------------

Threads class SMR info:
_java_thread_list=0x000001adfd617af0, length=38, elements={
0x000001adf7615650, 0x000001adf7616c90, 0x000001adf7632ee0, 0x000001adf7634320,
0x000001adf7637b70, 0x000001adf763be60, 0x000001adf76462b0, 0x000001adf7647730,
0x000001adf78f3f60, 0x000001adf7906470, 0x000001adf7908b70, 0x000001adf790b380,
0x000001adf7910110, 0x000001adf7bfdf60, 0x000001adfde2a3e0, 0x000001adfda668a0,
0x000001ade887b2f0, 0x000001ade087c820, 0x000001adfd5f7a60, 0x000001adfd5f8480,
0x000001adfd5f5c00, 0x000001adfd5f8990, 0x000001adfd5f8ea0, 0x000001adfd5f7f70,
0x000001adfd5f93b0, 0x000001adfd5f6110, 0x000001adfd5f6620, 0x000001adfd5f6b30,
0x000001adfd5f7040, 0x000001ade06ef980, 0x000001ade06eea50, 0x000001ade06efe90,
0x000001ade06f03a0, 0x000001ade06ee030, 0x000001ade06ecbf0, 0x000001ade06eef60,
0x000001ade06f08b0, 0x000001ade06f12d0
}

Java Threads: ( => current thread )
  0x000001adf7615650 JavaThread "Reference Handler" daemon [_thread_blocked, id=12772, stack(0x000000a22ad00000,0x000000a22ae00000)]
  0x000001adf7616c90 JavaThread "Finalizer" daemon [_thread_blocked, id=5816, stack(0x000000a22ae00000,0x000000a22af00000)]
  0x000001adf7632ee0 JavaThread "Attach Listener" daemon [_thread_blocked, id=16400, stack(0x000000a22b000000,0x000000a22b100000)]
  0x000001adf7634320 JavaThread "Service Thread" daemon [_thread_blocked, id=5804, stack(0x000000a22b100000,0x000000a22b200000)]
  0x000001adf7637b70 JavaThread "Monitor Deflation Thread" daemon [_thread_blocked, id=1908, stack(0x000000a22b200000,0x000000a22b300000)]
  0x000001adf763be60 JavaThread "C2 CompilerThread0" daemon [_thread_blocked, id=12788, stack(0x000000a22b300000,0x000000a22b400000)]
  0x000001adf76462b0 JavaThread "C1 CompilerThread0" daemon [_thread_blocked, id=12804, stack(0x000000a22b400000,0x000000a22b500000)]
  0x000001adf7647730 JavaThread "Sweeper thread" daemon [_thread_blocked, id=612, stack(0x000000a22b500000,0x000000a22b600000)]
  0x000001adf78f3f60 JavaThread "JDWP Transport Listener: dt_socket" daemon [_thread_blocked, id=740, stack(0x000000a22b600000,0x000000a22b700000)]
  0x000001adf7906470 JavaThread "JDWP Event Helper Thread" daemon [_thread_blocked, id=4220, stack(0x000000a22b700000,0x000000a22b800000)]
  0x000001adf7908b70 JavaThread "JDWP Command Reader" daemon [_thread_blocked, id=7008, stack(0x000000a22b800000,0x000000a22b900000)]
  0x000001adf790b380 JavaThread "Notification Thread" daemon [_thread_blocked, id=1904, stack(0x000000a22b900000,0x000000a22ba00000)]
  0x000001adf7910110 JavaThread "Common-Cleaner" daemon [_thread_blocked, id=100, stack(0x000000a22bb00000,0x000000a22bc00000)]
  0x000001adf7bfdf60 JavaThread "Java2D Disposer" daemon [_thread_blocked, id=16496, stack(0x000000a22bc00000,0x000000a22bd00000)]
  0x000001adfde2a3e0 JavaThread "HighResTimerThread" daemon [_thread_blocked, id=18516, stack(0x000000a22cc00000,0x000000a22cd00000)]
  0x000001adfda668a0 JavaThread "main-FPSAWTAnimator#00-Timer0" [_thread_blocked, id=3792, stack(0x000000a22ce00000,0x000000a22cf00000)]
  0x000001ade887b2f0 JavaThread "DestroyJavaVM" [_thread_blocked, id=6624, stack(0x000000a22a600000,0x000000a22a700000)]
  0x000001ade087c820 JavaThread "pool-1-thread-1" [_thread_blocked, id=12872, stack(0x000000a22d000000,0x000000a22d100000)]
  0x000001adfd5f7a60 JavaThread "pool-1-thread-2" [_thread_blocked, id=19448, stack(0x000000a22d100000,0x000000a22d200000)]
  0x000001adfd5f8480 JavaThread "pool-1-thread-3" [_thread_blocked, id=17524, stack(0x000000a22d200000,0x000000a22d300000)]
  0x000001adfd5f5c00 JavaThread "pool-1-thread-4" [_thread_blocked, id=4432, stack(0x000000a22d300000,0x000000a22d400000)]
  0x000001adfd5f8990 JavaThread "pool-1-thread-5" [_thread_blocked, id=19036, stack(0x000000a22d400000,0x000000a22d500000)]
  0x000001adfd5f8ea0 JavaThread "pool-1-thread-6" [_thread_blocked, id=2396, stack(0x000000a22d500000,0x000000a22d600000)]
  0x000001adfd5f7f70 JavaThread "pool-1-thread-7" [_thread_blocked, id=12384, stack(0x000000a22d600000,0x000000a22d700000)]
  0x000001adfd5f93b0 JavaThread "pool-1-thread-8" [_thread_blocked, id=11276, stack(0x000000a22d700000,0x000000a22d800000)]
  0x000001adfd5f6110 JavaThread "pool-1-thread-9" [_thread_blocked, id=19376, stack(0x000000a22d800000,0x000000a22d900000)]
  0x000001adfd5f6620 JavaThread "pool-1-thread-10" [_thread_blocked, id=19428, stack(0x000000a22d900000,0x000000a22da00000)]
  0x000001adfd5f6b30 JavaThread "pool-1-thread-11" [_thread_blocked, id=17604, stack(0x000000a22da00000,0x000000a22db00000)]
  0x000001adfd5f7040 JavaThread "pool-1-thread-12" [_thread_blocked, id=14748, stack(0x000000a22db00000,0x000000a22dc00000)]
  0x000001ade06ef980 JavaThread "pool-1-thread-13" [_thread_blocked, id=18544, stack(0x000000a22dc00000,0x000000a22dd00000)]
  0x000001ade06eea50 JavaThread "pool-1-thread-14" [_thread_blocked, id=9856, stack(0x000000a22dd00000,0x000000a22de00000)]
  0x000001ade06efe90 JavaThread "pool-1-thread-15" [_thread_blocked, id=9292, stack(0x000000a22de00000,0x000000a22df00000)]
  0x000001ade06f03a0 JavaThread "pool-1-thread-16" [_thread_blocked, id=4840, stack(0x000000a22df00000,0x000000a22e000000)]
  0x000001ade06ee030 JavaThread "pool-1-thread-17" [_thread_blocked, id=3568, stack(0x000000a22e000000,0x000000a22e100000)]
  0x000001ade06ecbf0 JavaThread "pool-1-thread-18" [_thread_blocked, id=10156, stack(0x000000a22e100000,0x000000a22e200000)]
  0x000001ade06eef60 JavaThread "pool-1-thread-19" [_thread_blocked, id=3528, stack(0x000000a22e200000,0x000000a22e300000)]
  0x000001ade06f08b0 JavaThread "pool-1-thread-20" [_thread_blocked, id=8664, stack(0x000000a22e300000,0x000000a22e400000)]
  0x000001ade06f12d0 JavaThread "AWT-Shutdown" [_thread_blocked, id=7540, stack(0x000000a22cd00000,0x000000a22ce00000)]

Other Threads:
=>0x000001adf760e280 VMThread "VM Thread" [stack: 0x000000a22ac00000,0x000000a22ad00000] [id=800]
  0x000001ade88bd500 GCTaskThread "GC Thread#0" [stack: 0x000000a22a700000,0x000000a22a800000] [id=348]
  0x000001adfc671a70 GCTaskThread "GC Thread#1" [stack: 0x000000a22c400000,0x000000a22c500000] [id=18344]
  0x000001adfc671d30 GCTaskThread "GC Thread#2" [stack: 0x000000a22c500000,0x000000a22c600000] [id=17584]
  0x000001adfd76e450 GCTaskThread "GC Thread#3" [stack: 0x000000a22c600000,0x000000a22c700000] [id=13272]
  0x000001adfd76eb20 GCTaskThread "GC Thread#4" [stack: 0x000000a22c700000,0x000000a22c800000] [id=11028]
  0x000001adfd76f5f0 GCTaskThread "GC Thread#5" [stack: 0x000000a22c800000,0x000000a22c900000] [id=19120]
  0x000001adfd7ac160 GCTaskThread "GC Thread#6" [stack: 0x000000a22c900000,0x000000a22ca00000] [id=17948]
  0x000001adfd7ac420 GCTaskThread "GC Thread#7" [stack: 0x000000a22ca00000,0x000000a22cb00000] [id=19208]
  0x000001ade88c8040 ConcurrentGCThread "G1 Main Marker" terminated
  0x000001ade88c8970 ConcurrentGCThread "G1 Conc#0" [stack: 0x000000a22a900000,0x000000a22aa00000] [id=5252]
  0x000001ade020f290 ConcurrentGCThread "G1 Conc#1" [stack: 0x000000a22e500000,0x000000a22e600000] [id=6568]
  0x000001ade8920d70 ConcurrentGCThread "G1 Refine#0" terminated
  0x000001ade89216b0 ConcurrentGCThread "G1 Service" terminated

Threads with active compile tasks:

VM state: at safepoint (shutting down)

VM Mutex/Monitor currently owned by a thread:  ([mutex/lock_event])
[0x000001ade865cc00] Threads_lock - owner thread: 0x000001adf760e280
[0x000001ade865c420] Heap_lock - owner thread: 0x000001adfda668a0

Heap address: 0x00000000c0000000, size: 1024 MB, Compressed Oops mode: 32-bit

CDS archive(s) mapped at: [0x000001ad8f000000-0x000001ad8fbb0000-0x000001ad8fbb0000), size 12255232, SharedBaseAddress: 0x000001ad8f000000, ArchiveRelocationMode: 1.
Compressed class space mapped at: 0x000001ad90000000-0x000001add0000000, reserved size: 1073741824
Narrow klass base: 0x000001ad8f000000, Narrow klass shift: 0, Narrow klass range: 0x100000000

GC Precious Log:
 CPUs: 8 total, 8 available
 Memory: 7975M
 Large Page Support: Disabled
 NUMA Support: Disabled
 Compressed Oops: Enabled (32-bit)
 Heap Region Size: 1M
 Heap Min Capacity: 64M
 Heap Initial Capacity: 64M
 Heap Max Capacity: 1G
 Pre-touch: Disabled
 Parallel Workers: 8
 Concurrent Workers: 2
 Concurrent Refinement Workers: 8
 Periodic GC: Disabled

Heap:
 garbage-first heap   total 306176K, used 185296K [0x00000000c0000000, 0x0000000100000000)
  region size 1024K, 12 young (12288K), 2 survivors (2048K)
 Metaspace       used 12819K, committed 13056K, reserved 1114112K
  class space    used 918K, committed 1024K, reserved 1048576K

Heap Regions: E=young(eden), S=young(survivor), O=old, HS=humongous(starts), HC=humongous(continues), CS=collection set, F=free, OA=open archive, CA=closed archive, TAMS=top-at-mark-start (previous, next)
|   0|0x00000000c0000000, 0x00000000c0000000, 0x00000000c0100000|  0%| F|  |TAMS 0x00000000c0000000, 0x00000000c0000000| Untracked 
|   1|0x00000000c0100000, 0x00000000c0200000, 0x00000000c0200000|100%| O|  |TAMS 0x00000000c0200000, 0x00000000c0100000| Complete 
|   2|0x00000000c0200000, 0x00000000c0300000, 0x00000000c0300000|100%| O|  |TAMS 0x00000000c0300000, 0x00000000c0200000| Untracked 
|   3|0x00000000c0300000, 0x00000000c0400000, 0x00000000c0400000|100%| O|  |TAMS 0x00000000c0400000, 0x00000000c0300000| Untracked 
|   4|0x00000000c0400000, 0x00000000c0500000, 0x00000000c0500000|100%| O|  |TAMS 0x00000000c0500000, 0x00000000c0400000| Untracked 
|   5|0x00000000c0500000, 0x00000000c0600000, 0x00000000c0600000|100%| O|  |TAMS 0x00000000c0600000, 0x00000000c0500000| Untracked 
|   6|0x00000000c0600000, 0x00000000c0700000, 0x00000000c0700000|100%| O|  |TAMS 0x00000000c0700000, 0x00000000c0600000| Untracked 
|   7|0x00000000c0700000, 0x00000000c0800000, 0x00000000c0800000|100%| O|  |TAMS 0x00000000c0800000, 0x00000000c0700000| Untracked 
|   8|0x00000000c0800000, 0x00000000c0900000, 0x00000000c0900000|100%| O|  |TAMS 0x00000000c0900000, 0x00000000c0800000| Untracked 
|   9|0x00000000c0900000, 0x00000000c0a00000, 0x00000000c0a00000|100%| O|  |TAMS 0x00000000c0a00000, 0x00000000c0900000| Untracked 
|  10|0x00000000c0a00000, 0x00000000c0b00000, 0x00000000c0b00000|100%| O|  |TAMS 0x00000000c0b00000, 0x00000000c0a00000| Untracked 
|  11|0x00000000c0b00000, 0x00000000c0c00000, 0x00000000c0c00000|100%| O|  |TAMS 0x00000000c0c00000, 0x00000000c0b00000| Untracked 
|  12|0x00000000c0c00000, 0x00000000c0d00000, 0x00000000c0d00000|100%|HS|  |TAMS 0x00000000c0d00000, 0x00000000c0c00000| Complete 
|  13|0x00000000c0d00000, 0x00000000c0e00000, 0x00000000c0e00000|100%|HC|  |TAMS 0x00000000c0e00000, 0x00000000c0d00000| Complete 
|  14|0x00000000c0e00000, 0x00000000c0f00000, 0x00000000c0f00000|100%|HS|  |TAMS 0x00000000c0f00000, 0x00000000c0e00000| Complete 
|  15|0x00000000c0f00000, 0x00000000c1000000, 0x00000000c1000000|100%|HS|  |TAMS 0x00000000c1000000, 0x00000000c0f00000| Complete 
|  16|0x00000000c1000000, 0x00000000c1100000, 0x00000000c1100000|100%|HC|  |TAMS 0x00000000c1100000, 0x00000000c1000000| Complete 
|  17|0x00000000c1100000, 0x00000000c1200000, 0x00000000c1200000|100%|HS|  |TAMS 0x00000000c1200000, 0x00000000c1100000| Complete 
|  18|0x00000000c1200000, 0x00000000c1300000, 0x00000000c1300000|100%|HC|  |TAMS 0x00000000c1300000, 0x00000000c1200000| Complete 
|  19|0x00000000c1300000, 0x00000000c1400000, 0x00000000c1400000|100%|HS|  |TAMS 0x00000000c1400000, 0x00000000c1300000| Complete 
|  20|0x00000000c1400000, 0x00000000c1500000, 0x00000000c1500000|100%|HS|  |TAMS 0x00000000c1500000, 0x00000000c1400000| Complete 
|  21|0x00000000c1500000, 0x00000000c1600000, 0x00000000c1600000|100%|HS|  |TAMS 0x00000000c1600000, 0x00000000c1500000| Complete 
|  22|0x00000000c1600000, 0x00000000c1700000, 0x00000000c1700000|100%|HS|  |TAMS 0x00000000c1700000, 0x00000000c1600000| Complete 
|  23|0x00000000c1700000, 0x00000000c1800000, 0x00000000c1800000|100%|HS|  |TAMS 0x00000000c1800000, 0x00000000c1700000| Complete 
|  24|0x00000000c1800000, 0x00000000c1900000, 0x00000000c1900000|100%|HS|  |TAMS 0x00000000c1900000, 0x00000000c1800000| Complete 
|  25|0x00000000c1900000, 0x00000000c1a00000, 0x00000000c1a00000|100%| O|  |TAMS 0x00000000c1a00000, 0x00000000c1900000| Untracked 
|  26|0x00000000c1a00000, 0x00000000c1b00000, 0x00000000c1b00000|100%| O|  |TAMS 0x00000000c1b00000, 0x00000000c1a00000| Untracked 
|  27|0x00000000c1b00000, 0x00000000c1c00000, 0x00000000c1c00000|100%| O|  |TAMS 0x00000000c1c00000, 0x00000000c1b00000| Untracked 
|  28|0x00000000c1c00000, 0x00000000c1d00000, 0x00000000c1d00000|100%| O|  |TAMS 0x00000000c1d00000, 0x00000000c1c00000| Untracked 
|  29|0x00000000c1d00000, 0x00000000c1d00000, 0x00000000c1e00000|  0%| F|  |TAMS 0x00000000c1d00000, 0x00000000c1d00000| Untracked 
|  30|0x00000000c1e00000, 0x00000000c1e00000, 0x00000000c1f00000|  0%| F|  |TAMS 0x00000000c1e00000, 0x00000000c1e00000| Untracked 
|  31|0x00000000c1f00000, 0x00000000c1f00000, 0x00000000c2000000|  0%| F|  |TAMS 0x00000000c1f00000, 0x00000000c1f00000| Untracked 
|  32|0x00000000c2000000, 0x00000000c2000000, 0x00000000c2100000|  0%| F|  |TAMS 0x00000000c2000000, 0x00000000c2000000| Untracked 
|  33|0x00000000c2100000, 0x00000000c2200000, 0x00000000c2200000|100%| O|  |TAMS 0x00000000c2200000, 0x00000000c2100000| Untracked 
|  34|0x00000000c2200000, 0x00000000c2300000, 0x00000000c2300000|100%| O|  |TAMS 0x00000000c2300000, 0x00000000c2200000| Untracked 
|  35|0x00000000c2300000, 0x00000000c2400000, 0x00000000c2400000|100%| O|  |TAMS 0x00000000c2400000, 0x00000000c2300000| Untracked 
|  36|0x00000000c2400000, 0x00000000c2500000, 0x00000000c2500000|100%| O|  |TAMS 0x00000000c2500000, 0x00000000c2400000| Untracked 
|  37|0x00000000c2500000, 0x00000000c2600000, 0x00000000c2600000|100%| O|  |TAMS 0x00000000c2600000, 0x00000000c2500000| Untracked 
|  38|0x00000000c2600000, 0x00000000c2600000, 0x00000000c2700000|  0%| F|  |TAMS 0x00000000c2600000, 0x00000000c2600000| Untracked 
|  39|0x00000000c2700000, 0x00000000c2700000, 0x00000000c2800000|  0%| F|  |TAMS 0x00000000c2700000, 0x00000000c2700000| Untracked 
|  40|0x00000000c2800000, 0x00000000c2800000, 0x00000000c2900000|  0%| F|  |TAMS 0x00000000c2800000, 0x00000000c2800000| Untracked 
|  41|0x00000000c2900000, 0x00000000c2900000, 0x00000000c2a00000|  0%| F|  |TAMS 0x00000000c2900000, 0x00000000c2900000| Untracked 
|  42|0x00000000c2a00000, 0x00000000c2a00000, 0x00000000c2b00000|  0%| F|  |TAMS 0x00000000c2a00000, 0x00000000c2a00000| Untracked 
|  43|0x00000000c2b00000, 0x00000000c2c00000, 0x00000000c2c00000|100%|HS|  |TAMS 0x00000000c2c00000, 0x00000000c2b00000| Complete 
|  44|0x00000000c2c00000, 0x00000000c2d00000, 0x00000000c2d00000|100%|HC|  |TAMS 0x00000000c2d00000, 0x00000000c2c00000| Complete 
|  45|0x00000000c2d00000, 0x00000000c2e00000, 0x00000000c2e00000|100%|HC|  |TAMS 0x00000000c2e00000, 0x00000000c2d00000| Complete 
|  46|0x00000000c2e00000, 0x00000000c2f00000, 0x00000000c2f00000|100%|HC|  |TAMS 0x00000000c2f00000, 0x00000000c2e00000| Complete 
|  47|0x00000000c2f00000, 0x00000000c3000000, 0x00000000c3000000|100%|HC|  |TAMS 0x00000000c3000000, 0x00000000c2f00000| Complete 
|  48|0x00000000c3000000, 0x00000000c3100000, 0x00000000c3100000|100%|HC|  |TAMS 0x00000000c3100000, 0x00000000c3000000| Complete 
|  49|0x00000000c3100000, 0x00000000c3200000, 0x00000000c3200000|100%|HC|  |TAMS 0x00000000c3200000, 0x00000000c3100000| Complete 
|  50|0x00000000c3200000, 0x00000000c3300000, 0x00000000c3300000|100%|HC|  |TAMS 0x00000000c3300000, 0x00000000c3200000| Complete 
|  51|0x00000000c3300000, 0x00000000c3400000, 0x00000000c3400000|100%|HC|  |TAMS 0x00000000c3400000, 0x00000000c3300000| Complete 
|  52|0x00000000c3400000, 0x00000000c3500000, 0x00000000c3500000|100%|HC|  |TAMS 0x00000000c3500000, 0x00000000c3400000| Complete 
|  53|0x00000000c3500000, 0x00000000c3600000, 0x00000000c3600000|100%|HC|  |TAMS 0x00000000c3600000, 0x00000000c3500000| Complete 
|  54|0x00000000c3600000, 0x00000000c3700000, 0x00000000c3700000|100%|HC|  |TAMS 0x00000000c3700000, 0x00000000c3600000| Complete 
|  55|0x00000000c3700000, 0x00000000c3800000, 0x00000000c3800000|100%|HC|  |TAMS 0x00000000c3800000, 0x00000000c3700000| Complete 
|  56|0x00000000c3800000, 0x00000000c3900000, 0x00000000c3900000|100%|HC|  |TAMS 0x00000000c3900000, 0x00000000c3800000| Complete 
|  57|0x00000000c3900000, 0x00000000c3a00000, 0x00000000c3a00000|100%|HC|  |TAMS 0x00000000c3a00000, 0x00000000c3900000| Complete 
|  58|0x00000000c3a00000, 0x00000000c3b00000, 0x00000000c3b00000|100%|HC|  |TAMS 0x00000000c3b00000, 0x00000000c3a00000| Complete 
|  59|0x00000000c3b00000, 0x00000000c3c00000, 0x00000000c3c00000|100%|HC|  |TAMS 0x00000000c3c00000, 0x00000000c3b00000| Complete 
|  60|0x00000000c3c00000, 0x00000000c3d00000, 0x00000000c3d00000|100%|HC|  |TAMS 0x00000000c3d00000, 0x00000000c3c00000| Complete 
|  61|0x00000000c3d00000, 0x00000000c3e00000, 0x00000000c3e00000|100%|HC|  |TAMS 0x00000000c3e00000, 0x00000000c3d00000| Complete 
|  62|0x00000000c3e00000, 0x00000000c3f00000, 0x00000000c3f00000|100%|HC|  |TAMS 0x00000000c3f00000, 0x00000000c3e00000| Complete 
|  63|0x00000000c3f00000, 0x00000000c4000000, 0x00000000c4000000|100%|HC|  |TAMS 0x00000000c4000000, 0x00000000c3f00000| Complete 
|  64|0x00000000c4000000, 0x00000000c4100000, 0x00000000c4100000|100%|HC|  |TAMS 0x00000000c4100000, 0x00000000c4000000| Complete 
|  65|0x00000000c4100000, 0x00000000c4200000, 0x00000000c4200000|100%|HC|  |TAMS 0x00000000c4200000, 0x00000000c4100000| Complete 
|  66|0x00000000c4200000, 0x00000000c4300000, 0x00000000c4300000|100%|HC|  |TAMS 0x00000000c4300000, 0x00000000c4200000| Complete 
|  67|0x00000000c4300000, 0x00000000c4400000, 0x00000000c4400000|100%|HC|  |TAMS 0x00000000c4400000, 0x00000000c4300000| Complete 
|  68|0x00000000c4400000, 0x00000000c4500000, 0x00000000c4500000|100%|HC|  |TAMS 0x00000000c4500000, 0x00000000c4400000| Complete 
|  69|0x00000000c4500000, 0x00000000c4600000, 0x00000000c4600000|100%|HC|  |TAMS 0x00000000c4600000, 0x00000000c4500000| Complete 
|  70|0x00000000c4600000, 0x00000000c4700000, 0x00000000c4700000|100%|HC|  |TAMS 0x00000000c4700000, 0x00000000c4600000| Complete 
|  71|0x00000000c4700000, 0x00000000c4800000, 0x00000000c4800000|100%|HC|  |TAMS 0x00000000c4800000, 0x00000000c4700000| Complete 
|  72|0x00000000c4800000, 0x00000000c4900000, 0x00000000c4900000|100%|HC|  |TAMS 0x00000000c4900000, 0x00000000c4800000| Complete 
|  73|0x00000000c4900000, 0x00000000c4a00000, 0x00000000c4a00000|100%|HC|  |TAMS 0x00000000c4a00000, 0x00000000c4900000| Complete 
|  74|0x00000000c4a00000, 0x00000000c4b00000, 0x00000000c4b00000|100%|HC|  |TAMS 0x00000000c4b00000, 0x00000000c4a00000| Complete 
|  75|0x00000000c4b00000, 0x00000000c4c00000, 0x00000000c4c00000|100%|HC|  |TAMS 0x00000000c4c00000, 0x00000000c4b00000| Complete 
|  76|0x00000000c4c00000, 0x00000000c4d00000, 0x00000000c4d00000|100%|HS|  |TAMS 0x00000000c4d00000, 0x00000000c4c00000| Complete 
|  77|0x00000000c4d00000, 0x00000000c4e00000, 0x00000000c4e00000|100%|HC|  |TAMS 0x00000000c4e00000, 0x00000000c4d00000| Complete 
|  78|0x00000000c4e00000, 0x00000000c4f00000, 0x00000000c4f00000|100%|HC|  |TAMS 0x00000000c4f00000, 0x00000000c4e00000| Complete 
|  79|0x00000000c4f00000, 0x00000000c5000000, 0x00000000c5000000|100%|HC|  |TAMS 0x00000000c5000000, 0x00000000c4f00000| Complete 
|  80|0x00000000c5000000, 0x00000000c5100000, 0x00000000c5100000|100%|HC|  |TAMS 0x00000000c5100000, 0x00000000c5000000| Complete 
|  81|0x00000000c5100000, 0x00000000c5200000, 0x00000000c5200000|100%|HC|  |TAMS 0x00000000c5200000, 0x00000000c5100000| Complete 
|  82|0x00000000c5200000, 0x00000000c5300000, 0x00000000c5300000|100%|HC|  |TAMS 0x00000000c5300000, 0x00000000c5200000| Complete 
|  83|0x00000000c5300000, 0x00000000c5400000, 0x00000000c5400000|100%|HC|  |TAMS 0x00000000c5400000, 0x00000000c5300000| Complete 
|  84|0x00000000c5400000, 0x00000000c5500000, 0x00000000c5500000|100%|HC|  |TAMS 0x00000000c5500000, 0x00000000c5400000| Complete 
|  85|0x00000000c5500000, 0x00000000c5600000, 0x00000000c5600000|100%|HS|  |TAMS 0x00000000c5600000, 0x00000000c5500000| Complete 
|  86|0x00000000c5600000, 0x00000000c5700000, 0x00000000c5700000|100%|HC|  |TAMS 0x00000000c5700000, 0x00000000c5600000| Complete 
|  87|0x00000000c5700000, 0x00000000c5800000, 0x00000000c5800000|100%|HC|  |TAMS 0x00000000c5800000, 0x00000000c5700000| Complete 
|  88|0x00000000c5800000, 0x00000000c5900000, 0x00000000c5900000|100%|HC|  |TAMS 0x00000000c5900000, 0x00000000c5800000| Complete 
|  89|0x00000000c5900000, 0x00000000c5a00000, 0x00000000c5a00000|100%|HC|  |TAMS 0x00000000c5a00000, 0x00000000c5900000| Complete 
|  90|0x00000000c5a00000, 0x00000000c5b00000, 0x00000000c5b00000|100%|HC|  |TAMS 0x00000000c5b00000, 0x00000000c5a00000| Complete 
|  91|0x00000000c5b00000, 0x00000000c5c00000, 0x00000000c5c00000|100%|HC|  |TAMS 0x00000000c5c00000, 0x00000000c5b00000| Complete 
|  92|0x00000000c5c00000, 0x00000000c5d00000, 0x00000000c5d00000|100%|HC|  |TAMS 0x00000000c5d00000, 0x00000000c5c00000| Complete 
|  93|0x00000000c5d00000, 0x00000000c5e00000, 0x00000000c5e00000|100%|HC|  |TAMS 0x00000000c5e00000, 0x00000000c5d00000| Complete 
|  94|0x00000000c5e00000, 0x00000000c5f00000, 0x00000000c5f00000|100%|HC|  |TAMS 0x00000000c5f00000, 0x00000000c5e00000| Complete 
|  95|0x00000000c5f00000, 0x00000000c6000000, 0x00000000c6000000|100%|HC|  |TAMS 0x00000000c6000000, 0x00000000c5f00000| Complete 
|  96|0x00000000c6000000, 0x00000000c6100000, 0x00000000c6100000|100%|HC|  |TAMS 0x00000000c6100000, 0x00000000c6000000| Complete 
|  97|0x00000000c6100000, 0x00000000c6200000, 0x00000000c6200000|100%|HC|  |TAMS 0x00000000c6200000, 0x00000000c6100000| Complete 
|  98|0x00000000c6200000, 0x00000000c6300000, 0x00000000c6300000|100%|HC|  |TAMS 0x00000000c6300000, 0x00000000c6200000| Complete 
|  99|0x00000000c6300000, 0x00000000c6400000, 0x00000000c6400000|100%|HC|  |TAMS 0x00000000c6400000, 0x00000000c6300000| Complete 
| 100|0x00000000c6400000, 0x00000000c6500000, 0x00000000c6500000|100%|HC|  |TAMS 0x00000000c6500000, 0x00000000c6400000| Complete 
| 101|0x00000000c6500000, 0x00000000c6600000, 0x00000000c6600000|100%|HC|  |TAMS 0x00000000c6600000, 0x00000000c6500000| Complete 
| 102|0x00000000c6600000, 0x00000000c6700000, 0x00000000c6700000|100%|HC|  |TAMS 0x00000000c6700000, 0x00000000c6600000| Complete 
| 103|0x00000000c6700000, 0x00000000c6800000, 0x00000000c6800000|100%|HC|  |TAMS 0x00000000c6800000, 0x00000000c6700000| Complete 
| 104|0x00000000c6800000, 0x00000000c6900000, 0x00000000c6900000|100%|HC|  |TAMS 0x00000000c6900000, 0x00000000c6800000| Complete 
| 105|0x00000000c6900000, 0x00000000c6a00000, 0x00000000c6a00000|100%|HC|  |TAMS 0x00000000c6a00000, 0x00000000c6900000| Complete 
| 106|0x00000000c6a00000, 0x00000000c6b00000, 0x00000000c6b00000|100%|HC|  |TAMS 0x00000000c6b00000, 0x00000000c6a00000| Complete 
| 107|0x00000000c6b00000, 0x00000000c6c00000, 0x00000000c6c00000|100%|HC|  |TAMS 0x00000000c6c00000, 0x00000000c6b00000| Complete 
| 108|0x00000000c6c00000, 0x00000000c6d00000, 0x00000000c6d00000|100%|HC|  |TAMS 0x00000000c6d00000, 0x00000000c6c00000| Complete 
| 109|0x00000000c6d00000, 0x00000000c6e00000, 0x00000000c6e00000|100%|HC|  |TAMS 0x00000000c6e00000, 0x00000000c6d00000| Complete 
| 110|0x00000000c6e00000, 0x00000000c6e00000, 0x00000000c6f00000|  0%| F|  |TAMS 0x00000000c6e00000, 0x00000000c6e00000| Untracked 
| 111|0x00000000c6f00000, 0x00000000c6f00000, 0x00000000c7000000|  0%| F|  |TAMS 0x00000000c6f00000, 0x00000000c6f00000| Untracked 
| 112|0x00000000c7000000, 0x00000000c7000000, 0x00000000c7100000|  0%| F|  |TAMS 0x00000000c7000000, 0x00000000c7000000| Untracked 
| 113|0x00000000c7100000, 0x00000000c7100000, 0x00000000c7200000|  0%| F|  |TAMS 0x00000000c7100000, 0x00000000c7100000| Untracked 
| 114|0x00000000c7200000, 0x00000000c7200000, 0x00000000c7300000|  0%| F|  |TAMS 0x00000000c7200000, 0x00000000c7200000| Untracked 
| 115|0x00000000c7300000, 0x00000000c7400000, 0x00000000c7400000|100%|HS|  |TAMS 0x00000000c7400000, 0x00000000c7300000| Complete 
| 116|0x00000000c7400000, 0x00000000c7500000, 0x00000000c7500000|100%|HC|  |TAMS 0x00000000c7500000, 0x00000000c7400000| Complete 
| 117|0x00000000c7500000, 0x00000000c7600000, 0x00000000c7600000|100%|HC|  |TAMS 0x00000000c7600000, 0x00000000c7500000| Complete 
| 118|0x00000000c7600000, 0x00000000c7700000, 0x00000000c7700000|100%|HC|  |TAMS 0x00000000c7700000, 0x00000000c7600000| Complete 
| 119|0x00000000c7700000, 0x00000000c7800000, 0x00000000c7800000|100%|HC|  |TAMS 0x00000000c7800000, 0x00000000c7700000| Complete 
| 120|0x00000000c7800000, 0x00000000c7900000, 0x00000000c7900000|100%|HC|  |TAMS 0x00000000c7900000, 0x00000000c7800000| Complete 
| 121|0x00000000c7900000, 0x00000000c7a00000, 0x00000000c7a00000|100%|HC|  |TAMS 0x00000000c7a00000, 0x00000000c7900000| Complete 
| 122|0x00000000c7a00000, 0x00000000c7b00000, 0x00000000c7b00000|100%|HC|  |TAMS 0x00000000c7b00000, 0x00000000c7a00000| Complete 
| 123|0x00000000c7b00000, 0x00000000c7c00000, 0x00000000c7c00000|100%|HC|  |TAMS 0x00000000c7c00000, 0x00000000c7b00000| Complete 
| 124|0x00000000c7c00000, 0x00000000c7d00000, 0x00000000c7d00000|100%|HC|  |TAMS 0x00000000c7d00000, 0x00000000c7c00000| Complete 
| 125|0x00000000c7d00000, 0x00000000c7e00000, 0x00000000c7e00000|100%|HC|  |TAMS 0x00000000c7e00000, 0x00000000c7d00000| Complete 
| 126|0x00000000c7e00000, 0x00000000c7f00000, 0x00000000c7f00000|100%|HC|  |TAMS 0x00000000c7f00000, 0x00000000c7e00000| Complete 
| 127|0x00000000c7f00000, 0x00000000c8000000, 0x00000000c8000000|100%|HC|  |TAMS 0x00000000c8000000, 0x00000000c7f00000| Complete 
| 128|0x00000000c8000000, 0x00000000c8100000, 0x00000000c8100000|100%|HC|  |TAMS 0x00000000c8100000, 0x00000000c8000000| Complete 
| 129|0x00000000c8100000, 0x00000000c8200000, 0x00000000c8200000|100%|HC|  |TAMS 0x00000000c8200000, 0x00000000c8100000| Complete 
| 130|0x00000000c8200000, 0x00000000c8300000, 0x00000000c8300000|100%|HC|  |TAMS 0x00000000c8300000, 0x00000000c8200000| Complete 
| 131|0x00000000c8300000, 0x00000000c8400000, 0x00000000c8400000|100%|HC|  |TAMS 0x00000000c8400000, 0x00000000c8300000| Complete 
| 132|0x00000000c8400000, 0x00000000c8500000, 0x00000000c8500000|100%|HS|  |TAMS 0x00000000c8500000, 0x00000000c8400000| Complete 
| 133|0x00000000c8500000, 0x00000000c8600000, 0x00000000c8600000|100%|HC|  |TAMS 0x00000000c8600000, 0x00000000c8500000| Complete 
| 134|0x00000000c8600000, 0x00000000c8700000, 0x00000000c8700000|100%|HC|  |TAMS 0x00000000c8700000, 0x00000000c8600000| Complete 
| 135|0x00000000c8700000, 0x00000000c8800000, 0x00000000c8800000|100%|HC|  |TAMS 0x00000000c8800000, 0x00000000c8700000| Complete 
| 136|0x00000000c8800000, 0x00000000c8900000, 0x00000000c8900000|100%|HC|  |TAMS 0x00000000c8900000, 0x00000000c8800000| Complete 
| 137|0x00000000c8900000, 0x00000000c8a00000, 0x00000000c8a00000|100%|HC|  |TAMS 0x00000000c8a00000, 0x00000000c8900000| Complete 
| 138|0x00000000c8a00000, 0x00000000c8b00000, 0x00000000c8b00000|100%|HC|  |TAMS 0x00000000c8b00000, 0x00000000c8a00000| Complete 
| 139|0x00000000c8b00000, 0x00000000c8c00000, 0x00000000c8c00000|100%|HC|  |TAMS 0x00000000c8c00000, 0x00000000c8b00000| Complete 
| 140|0x00000000c8c00000, 0x00000000c8d00000, 0x00000000c8d00000|100%|HC|  |TAMS 0x00000000c8d00000, 0x00000000c8c00000| Complete 
| 141|0x00000000c8d00000, 0x00000000c8e00000, 0x00000000c8e00000|100%|HS|  |TAMS 0x00000000c8e00000, 0x00000000c8d00000| Complete 
| 142|0x00000000c8e00000, 0x00000000c8f00000, 0x00000000c8f00000|100%|HC|  |TAMS 0x00000000c8f00000, 0x00000000c8e00000| Complete 
| 143|0x00000000c8f00000, 0x00000000c9000000, 0x00000000c9000000|100%|HC|  |TAMS 0x00000000c9000000, 0x00000000c8f00000| Complete 
| 144|0x00000000c9000000, 0x00000000c9100000, 0x00000000c9100000|100%|HC|  |TAMS 0x00000000c9100000, 0x00000000c9000000| Complete 
| 145|0x00000000c9100000, 0x00000000c9200000, 0x00000000c9200000|100%|HC|  |TAMS 0x00000000c9200000, 0x00000000c9100000| Complete 
| 146|0x00000000c9200000, 0x00000000c9300000, 0x00000000c9300000|100%|HC|  |TAMS 0x00000000c9300000, 0x00000000c9200000| Complete 
| 147|0x00000000c9300000, 0x00000000c9400000, 0x00000000c9400000|100%|HC|  |TAMS 0x00000000c9400000, 0x00000000c9300000| Complete 
| 148|0x00000000c9400000, 0x00000000c9500000, 0x00000000c9500000|100%|HC|  |TAMS 0x00000000c9500000, 0x00000000c9400000| Complete 
| 149|0x00000000c9500000, 0x00000000c9600000, 0x00000000c9600000|100%|HC|  |TAMS 0x00000000c9600000, 0x00000000c9500000| Complete 
| 150|0x00000000c9600000, 0x00000000c9700000, 0x00000000c9700000|100%|HS|  |TAMS 0x00000000c9700000, 0x00000000c9600000| Complete 
| 151|0x00000000c9700000, 0x00000000c9800000, 0x00000000c9800000|100%|HC|  |TAMS 0x00000000c9800000, 0x00000000c9700000| Complete 
| 152|0x00000000c9800000, 0x00000000c9900000, 0x00000000c9900000|100%|HC|  |TAMS 0x00000000c9900000, 0x00000000c9800000| Complete 
| 153|0x00000000c9900000, 0x00000000c9a00000, 0x00000000c9a00000|100%|HC|  |TAMS 0x00000000c9a00000, 0x00000000c9900000| Complete 
| 154|0x00000000c9a00000, 0x00000000c9b00000, 0x00000000c9b00000|100%|HC|  |TAMS 0x00000000c9b00000, 0x00000000c9a00000| Complete 
| 155|0x00000000c9b00000, 0x00000000c9c00000, 0x00000000c9c00000|100%|HC|  |TAMS 0x00000000c9c00000, 0x00000000c9b00000| Complete 
| 156|0x00000000c9c00000, 0x00000000c9d00000, 0x00000000c9d00000|100%|HC|  |TAMS 0x00000000c9d00000, 0x00000000c9c00000| Complete 
| 157|0x00000000c9d00000, 0x00000000c9e00000, 0x00000000c9e00000|100%|HC|  |TAMS 0x00000000c9e00000, 0x00000000c9d00000| Complete 
| 158|0x00000000c9e00000, 0x00000000c9f00000, 0x00000000c9f00000|100%|HC|  |TAMS 0x00000000c9f00000, 0x00000000c9e00000| Complete 
| 159|0x00000000c9f00000, 0x00000000ca000000, 0x00000000ca000000|100%|HS|  |TAMS 0x00000000ca000000, 0x00000000c9f00000| Complete 
| 160|0x00000000ca000000, 0x00000000ca100000, 0x00000000ca100000|100%|HC|  |TAMS 0x00000000ca100000, 0x00000000ca000000| Complete 
| 161|0x00000000ca100000, 0x00000000ca200000, 0x00000000ca200000|100%|HC|  |TAMS 0x00000000ca200000, 0x00000000ca100000| Complete 
| 162|0x00000000ca200000, 0x00000000ca300000, 0x00000000ca300000|100%|HC|  |TAMS 0x00000000ca300000, 0x00000000ca200000| Complete 
| 163|0x00000000ca300000, 0x00000000ca400000, 0x00000000ca400000|100%|HC|  |TAMS 0x00000000ca400000, 0x00000000ca300000| Complete 
| 164|0x00000000ca400000, 0x00000000ca500000, 0x00000000ca500000|100%|HC|  |TAMS 0x00000000ca500000, 0x00000000ca400000| Complete 
| 165|0x00000000ca500000, 0x00000000ca600000, 0x00000000ca600000|100%|HC|  |TAMS 0x00000000ca600000, 0x00000000ca500000| Complete 
| 166|0x00000000ca600000, 0x00000000ca700000, 0x00000000ca700000|100%|HC|  |TAMS 0x00000000ca700000, 0x00000000ca600000| Complete 
| 167|0x00000000ca700000, 0x00000000ca800000, 0x00000000ca800000|100%|HC|  |TAMS 0x00000000ca800000, 0x00000000ca700000| Complete 
| 168|0x00000000ca800000, 0x00000000ca800000, 0x00000000ca900000|  0%| F|  |TAMS 0x00000000ca800000, 0x00000000ca800000| Untracked 
| 169|0x00000000ca900000, 0x00000000ca900000, 0x00000000caa00000|  0%| F|  |TAMS 0x00000000ca900000, 0x00000000ca900000| Untracked 
| 170|0x00000000caa00000, 0x00000000caa00000, 0x00000000cab00000|  0%| F|  |TAMS 0x00000000caa00000, 0x00000000caa00000| Untracked 
| 171|0x00000000cab00000, 0x00000000cab00000, 0x00000000cac00000|  0%| F|  |TAMS 0x00000000cab00000, 0x00000000cab00000| Untracked 
| 172|0x00000000cac00000, 0x00000000cad00000, 0x00000000cad00000|100%|HS|  |TAMS 0x00000000cad00000, 0x00000000cac00000| Complete 
| 173|0x00000000cad00000, 0x00000000cae00000, 0x00000000cae00000|100%|HC|  |TAMS 0x00000000cae00000, 0x00000000cad00000| Complete 
| 174|0x00000000cae00000, 0x00000000caf00000, 0x00000000caf00000|100%|HC|  |TAMS 0x00000000caf00000, 0x00000000cae00000| Complete 
| 175|0x00000000caf00000, 0x00000000cb000000, 0x00000000cb000000|100%|HC|  |TAMS 0x00000000cb000000, 0x00000000caf00000| Complete 
| 176|0x00000000cb000000, 0x00000000cb100000, 0x00000000cb100000|100%|HC|  |TAMS 0x00000000cb100000, 0x00000000cb000000| Complete 
| 177|0x00000000cb100000, 0x00000000cb200000, 0x00000000cb200000|100%|HC|  |TAMS 0x00000000cb200000, 0x00000000cb100000| Complete 
| 178|0x00000000cb200000, 0x00000000cb300000, 0x00000000cb300000|100%|HC|  |TAMS 0x00000000cb300000, 0x00000000cb200000| Complete 
| 179|0x00000000cb300000, 0x00000000cb400000, 0x00000000cb400000|100%|HC|  |TAMS 0x00000000cb400000, 0x00000000cb300000| Complete 
| 180|0x00000000cb400000, 0x00000000cb500000, 0x00000000cb500000|100%|HC|  |TAMS 0x00000000cb500000, 0x00000000cb400000| Complete 
| 181|0x00000000cb500000, 0x00000000cb600000, 0x00000000cb600000|100%|HC|  |TAMS 0x00000000cb600000, 0x00000000cb500000| Complete 
| 182|0x00000000cb600000, 0x00000000cb700000, 0x00000000cb700000|100%|HC|  |TAMS 0x00000000cb700000, 0x00000000cb600000| Complete 
| 183|0x00000000cb700000, 0x00000000cb800000, 0x00000000cb800000|100%|HC|  |TAMS 0x00000000cb800000, 0x00000000cb700000| Complete 
| 184|0x00000000cb800000, 0x00000000cb900000, 0x00000000cb900000|100%|HC|  |TAMS 0x00000000cb900000, 0x00000000cb800000| Complete 
| 185|0x00000000cb900000, 0x00000000cba00000, 0x00000000cba00000|100%|HC|  |TAMS 0x00000000cba00000, 0x00000000cb900000| Complete 
| 186|0x00000000cba00000, 0x00000000cbb00000, 0x00000000cbb00000|100%|HC|  |TAMS 0x00000000cbb00000, 0x00000000cba00000| Complete 
| 187|0x00000000cbb00000, 0x00000000cbc00000, 0x00000000cbc00000|100%|HC|  |TAMS 0x00000000cbc00000, 0x00000000cbb00000| Complete 
| 188|0x00000000cbc00000, 0x00000000cbd00000, 0x00000000cbd00000|100%|HC|  |TAMS 0x00000000cbd00000, 0x00000000cbc00000| Complete 
| 189|0x00000000cbd00000, 0x00000000cbd00000, 0x00000000cbe00000|  0%| F|  |TAMS 0x00000000cbd00000, 0x00000000cbd00000| Untracked 
| 190|0x00000000cbe00000, 0x00000000cbe00000, 0x00000000cbf00000|  0%| F|  |TAMS 0x00000000cbe00000, 0x00000000cbe00000| Untracked 
| 191|0x00000000cbf00000, 0x00000000cbf00000, 0x00000000cc000000|  0%| F|  |TAMS 0x00000000cbf00000, 0x00000000cbf00000| Untracked 
| 192|0x00000000cc000000, 0x00000000cc000000, 0x00000000cc100000|  0%| F|  |TAMS 0x00000000cc000000, 0x00000000cc000000| Untracked 
| 193|0x00000000cc100000, 0x00000000cc100000, 0x00000000cc200000|  0%| F|  |TAMS 0x00000000cc100000, 0x00000000cc100000| Untracked 
| 194|0x00000000cc200000, 0x00000000cc200000, 0x00000000cc300000|  0%| F|  |TAMS 0x00000000cc200000, 0x00000000cc200000| Untracked 
| 195|0x00000000cc300000, 0x00000000cc300000, 0x00000000cc400000|  0%| F|  |TAMS 0x00000000cc300000, 0x00000000cc300000| Untracked 
| 196|0x00000000cc400000, 0x00000000cc400000, 0x00000000cc500000|  0%| F|  |TAMS 0x00000000cc400000, 0x00000000cc400000| Untracked 
| 197|0x00000000cc500000, 0x00000000cc500000, 0x00000000cc600000|  0%| F|  |TAMS 0x00000000cc500000, 0x00000000cc500000| Untracked 
| 198|0x00000000cc600000, 0x00000000cc600000, 0x00000000cc700000|  0%| F|  |TAMS 0x00000000cc600000, 0x00000000cc600000| Untracked 
| 199|0x00000000cc700000, 0x00000000cc700000, 0x00000000cc800000|  0%| F|  |TAMS 0x00000000cc700000, 0x00000000cc700000| Untracked 
| 200|0x00000000cc800000, 0x00000000cc800000, 0x00000000cc900000|  0%| F|  |TAMS 0x00000000cc800000, 0x00000000cc800000| Untracked 
| 201|0x00000000cc900000, 0x00000000cc900000, 0x00000000cca00000|  0%| F|  |TAMS 0x00000000cc900000, 0x00000000cc900000| Untracked 
| 202|0x00000000cca00000, 0x00000000cca00000, 0x00000000ccb00000|  0%| F|  |TAMS 0x00000000cca00000, 0x00000000cca00000| Untracked 
| 203|0x00000000ccb00000, 0x00000000ccb00000, 0x00000000ccc00000|  0%| F|  |TAMS 0x00000000ccb00000, 0x00000000ccb00000| Untracked 
| 204|0x00000000ccc00000, 0x00000000ccc00000, 0x00000000ccd00000|  0%| F|  |TAMS 0x00000000ccc00000, 0x00000000ccc00000| Untracked 
| 205|0x00000000ccd00000, 0x00000000ccd00000, 0x00000000cce00000|  0%| F|  |TAMS 0x00000000ccd00000, 0x00000000ccd00000| Untracked 
| 206|0x00000000cce00000, 0x00000000cce00000, 0x00000000ccf00000|  0%| F|  |TAMS 0x00000000cce00000, 0x00000000cce00000| Untracked 
| 207|0x00000000ccf00000, 0x00000000ccf00000, 0x00000000cd000000|  0%| F|  |TAMS 0x00000000ccf00000, 0x00000000ccf00000| Untracked 
| 208|0x00000000cd000000, 0x00000000cd000000, 0x00000000cd100000|  0%| F|  |TAMS 0x00000000cd000000, 0x00000000cd000000| Untracked 
| 209|0x00000000cd100000, 0x00000000cd100000, 0x00000000cd200000|  0%| F|  |TAMS 0x00000000cd100000, 0x00000000cd100000| Untracked 
| 210|0x00000000cd200000, 0x00000000cd200000, 0x00000000cd300000|  0%| F|  |TAMS 0x00000000cd200000, 0x00000000cd200000| Untracked 
| 211|0x00000000cd300000, 0x00000000cd300000, 0x00000000cd400000|  0%| F|  |TAMS 0x00000000cd300000, 0x00000000cd300000| Untracked 
| 212|0x00000000cd400000, 0x00000000cd400000, 0x00000000cd500000|  0%| F|  |TAMS 0x00000000cd400000, 0x00000000cd400000| Untracked 
| 213|0x00000000cd500000, 0x00000000cd500000, 0x00000000cd600000|  0%| F|  |TAMS 0x00000000cd500000, 0x00000000cd500000| Untracked 
| 214|0x00000000cd600000, 0x00000000cd600000, 0x00000000cd700000|  0%| F|  |TAMS 0x00000000cd600000, 0x00000000cd600000| Untracked 
| 215|0x00000000cd700000, 0x00000000cd700000, 0x00000000cd800000|  0%| F|  |TAMS 0x00000000cd700000, 0x00000000cd700000| Untracked 
| 216|0x00000000cd800000, 0x00000000cd800000, 0x00000000cd900000|  0%| F|  |TAMS 0x00000000cd800000, 0x00000000cd800000| Untracked 
| 217|0x00000000cd900000, 0x00000000cd900000, 0x00000000cda00000|  0%| F|  |TAMS 0x00000000cd900000, 0x00000000cd900000| Untracked 
| 218|0x00000000cda00000, 0x00000000cda00000, 0x00000000cdb00000|  0%| F|  |TAMS 0x00000000cda00000, 0x00000000cda00000| Untracked 
| 219|0x00000000cdb00000, 0x00000000cdb00000, 0x00000000cdc00000|  0%| F|  |TAMS 0x00000000cdb00000, 0x00000000cdb00000| Untracked 
| 220|0x00000000cdc00000, 0x00000000cdc00000, 0x00000000cdd00000|  0%| F|  |TAMS 0x00000000cdc00000, 0x00000000cdc00000| Untracked 
| 221|0x00000000cdd00000, 0x00000000cdd00000, 0x00000000cde00000|  0%| F|  |TAMS 0x00000000cdd00000, 0x00000000cdd00000| Untracked 
| 222|0x00000000cde00000, 0x00000000cde00000, 0x00000000cdf00000|  0%| F|  |TAMS 0x00000000cde00000, 0x00000000cde00000| Untracked 
| 223|0x00000000cdf00000, 0x00000000cdf00000, 0x00000000ce000000|  0%| F|  |TAMS 0x00000000cdf00000, 0x00000000cdf00000| Untracked 
| 224|0x00000000ce000000, 0x00000000ce000000, 0x00000000ce100000|  0%| F|  |TAMS 0x00000000ce000000, 0x00000000ce000000| Untracked 
| 225|0x00000000ce100000, 0x00000000ce100000, 0x00000000ce200000|  0%| F|  |TAMS 0x00000000ce100000, 0x00000000ce100000| Untracked 
| 226|0x00000000ce200000, 0x00000000ce200000, 0x00000000ce300000|  0%| F|  |TAMS 0x00000000ce200000, 0x00000000ce200000| Untracked 
| 227|0x00000000ce300000, 0x00000000ce300000, 0x00000000ce400000|  0%| F|  |TAMS 0x00000000ce300000, 0x00000000ce300000| Untracked 
| 228|0x00000000ce400000, 0x00000000ce400000, 0x00000000ce500000|  0%| F|  |TAMS 0x00000000ce400000, 0x00000000ce400000| Untracked 
| 229|0x00000000ce500000, 0x00000000ce500000, 0x00000000ce600000|  0%| F|  |TAMS 0x00000000ce500000, 0x00000000ce500000| Untracked 
| 230|0x00000000ce600000, 0x00000000ce600000, 0x00000000ce700000|  0%| F|  |TAMS 0x00000000ce600000, 0x00000000ce600000| Untracked 
| 231|0x00000000ce700000, 0x00000000ce700000, 0x00000000ce800000|  0%| F|  |TAMS 0x00000000ce700000, 0x00000000ce700000| Untracked 
| 232|0x00000000ce800000, 0x00000000ce800000, 0x00000000ce900000|  0%| F|  |TAMS 0x00000000ce800000, 0x00000000ce800000| Untracked 
| 233|0x00000000ce900000, 0x00000000ce900000, 0x00000000cea00000|  0%| F|  |TAMS 0x00000000ce900000, 0x00000000ce900000| Untracked 
| 234|0x00000000cea00000, 0x00000000ceaf41a0, 0x00000000ceb00000| 95%| S|CS|TAMS 0x00000000cea00000, 0x00000000cea00000| Complete 
| 235|0x00000000ceb00000, 0x00000000cec00000, 0x00000000cec00000|100%| S|CS|TAMS 0x00000000ceb00000, 0x00000000ceb00000| Complete 
| 236|0x00000000cec00000, 0x00000000cec00000, 0x00000000ced00000|  0%| F|  |TAMS 0x00000000cec00000, 0x00000000cec00000| Untracked 
| 237|0x00000000ced00000, 0x00000000ced00000, 0x00000000cee00000|  0%| F|  |TAMS 0x00000000ced00000, 0x00000000ced00000| Untracked 
| 238|0x00000000cee00000, 0x00000000cee00000, 0x00000000cef00000|  0%| F|  |TAMS 0x00000000cee00000, 0x00000000cee00000| Untracked 
| 239|0x00000000cef00000, 0x00000000cef00000, 0x00000000cf000000|  0%| F|  |TAMS 0x00000000cef00000, 0x00000000cef00000| Untracked 
| 240|0x00000000cf000000, 0x00000000cf000000, 0x00000000cf100000|  0%| F|  |TAMS 0x00000000cf000000, 0x00000000cf000000| Untracked 
| 241|0x00000000cf100000, 0x00000000cf100000, 0x00000000cf200000|  0%| F|  |TAMS 0x00000000cf100000, 0x00000000cf100000| Untracked 
| 242|0x00000000cf200000, 0x00000000cf200000, 0x00000000cf300000|  0%| F|  |TAMS 0x00000000cf200000, 0x00000000cf200000| Untracked 
| 243|0x00000000cf300000, 0x00000000cf300000, 0x00000000cf400000|  0%| F|  |TAMS 0x00000000cf300000, 0x00000000cf300000| Untracked 
| 244|0x00000000cf400000, 0x00000000cf400000, 0x00000000cf500000|  0%| F|  |TAMS 0x00000000cf400000, 0x00000000cf400000| Untracked 
| 245|0x00000000cf500000, 0x00000000cf500000, 0x00000000cf600000|  0%| F|  |TAMS 0x00000000cf500000, 0x00000000cf500000| Untracked 
| 246|0x00000000cf600000, 0x00000000cf600000, 0x00000000cf700000|  0%| F|  |TAMS 0x00000000cf600000, 0x00000000cf600000| Untracked 
| 247|0x00000000cf700000, 0x00000000cf700000, 0x00000000cf800000|  0%| F|  |TAMS 0x00000000cf700000, 0x00000000cf700000| Untracked 
| 248|0x00000000cf800000, 0x00000000cf800000, 0x00000000cf900000|  0%| F|  |TAMS 0x00000000cf800000, 0x00000000cf800000| Untracked 
| 249|0x00000000cf900000, 0x00000000cf900000, 0x00000000cfa00000|  0%| F|  |TAMS 0x00000000cf900000, 0x00000000cf900000| Untracked 
| 250|0x00000000cfa00000, 0x00000000cfa00000, 0x00000000cfb00000|  0%| F|  |TAMS 0x00000000cfa00000, 0x00000000cfa00000| Untracked 
| 251|0x00000000cfb00000, 0x00000000cfb00000, 0x00000000cfc00000|  0%| F|  |TAMS 0x00000000cfb00000, 0x00000000cfb00000| Untracked 
| 252|0x00000000cfc00000, 0x00000000cfc00000, 0x00000000cfd00000|  0%| F|  |TAMS 0x00000000cfc00000, 0x00000000cfc00000| Untracked 
| 253|0x00000000cfd00000, 0x00000000cfd00000, 0x00000000cfe00000|  0%| F|  |TAMS 0x00000000cfd00000, 0x00000000cfd00000| Untracked 
| 254|0x00000000cfe00000, 0x00000000cfe00000, 0x00000000cff00000|  0%| F|  |TAMS 0x00000000cfe00000, 0x00000000cfe00000| Untracked 
| 255|0x00000000cff00000, 0x00000000cff00000, 0x00000000d0000000|  0%| F|  |TAMS 0x00000000cff00000, 0x00000000cff00000| Untracked 
| 256|0x00000000d0000000, 0x00000000d0000000, 0x00000000d0100000|  0%| F|  |TAMS 0x00000000d0000000, 0x00000000d0000000| Untracked 
| 257|0x00000000d0100000, 0x00000000d0100000, 0x00000000d0200000|  0%| F|  |TAMS 0x00000000d0100000, 0x00000000d0100000| Untracked 
| 258|0x00000000d0200000, 0x00000000d0200000, 0x00000000d0300000|  0%| F|  |TAMS 0x00000000d0200000, 0x00000000d0200000| Untracked 
| 259|0x00000000d0300000, 0x00000000d0300000, 0x00000000d0400000|  0%| F|  |TAMS 0x00000000d0300000, 0x00000000d0300000| Untracked 
| 260|0x00000000d0400000, 0x00000000d0400000, 0x00000000d0500000|  0%| F|  |TAMS 0x00000000d0400000, 0x00000000d0400000| Untracked 
| 261|0x00000000d0500000, 0x00000000d0500000, 0x00000000d0600000|  0%| F|  |TAMS 0x00000000d0500000, 0x00000000d0500000| Untracked 
| 262|0x00000000d0600000, 0x00000000d0600000, 0x00000000d0700000|  0%| F|  |TAMS 0x00000000d0600000, 0x00000000d0600000| Untracked 
| 263|0x00000000d0700000, 0x00000000d0700000, 0x00000000d0800000|  0%| F|  |TAMS 0x00000000d0700000, 0x00000000d0700000| Untracked 
| 264|0x00000000d0800000, 0x00000000d0800000, 0x00000000d0900000|  0%| F|  |TAMS 0x00000000d0800000, 0x00000000d0800000| Untracked 
| 265|0x00000000d0900000, 0x00000000d0900000, 0x00000000d0a00000|  0%| F|  |TAMS 0x00000000d0900000, 0x00000000d0900000| Untracked 
| 266|0x00000000d0a00000, 0x00000000d0a00000, 0x00000000d0b00000|  0%| F|  |TAMS 0x00000000d0a00000, 0x00000000d0a00000| Untracked 
| 267|0x00000000d0b00000, 0x00000000d0b00000, 0x00000000d0c00000|  0%| F|  |TAMS 0x00000000d0b00000, 0x00000000d0b00000| Untracked 
| 268|0x00000000d0c00000, 0x00000000d0c00000, 0x00000000d0d00000|  0%| F|  |TAMS 0x00000000d0c00000, 0x00000000d0c00000| Untracked 
| 269|0x00000000d0d00000, 0x00000000d0d00000, 0x00000000d0e00000|  0%| F|  |TAMS 0x00000000d0d00000, 0x00000000d0d00000| Untracked 
| 270|0x00000000d0e00000, 0x00000000d0e00000, 0x00000000d0f00000|  0%| F|  |TAMS 0x00000000d0e00000, 0x00000000d0e00000| Untracked 
| 271|0x00000000d0f00000, 0x00000000d0f00000, 0x00000000d1000000|  0%| F|  |TAMS 0x00000000d0f00000, 0x00000000d0f00000| Untracked 
| 272|0x00000000d1000000, 0x00000000d1000000, 0x00000000d1100000|  0%| F|  |TAMS 0x00000000d1000000, 0x00000000d1000000| Untracked 
| 273|0x00000000d1100000, 0x00000000d1100000, 0x00000000d1200000|  0%| F|  |TAMS 0x00000000d1100000, 0x00000000d1100000| Untracked 
| 274|0x00000000d1200000, 0x00000000d1200000, 0x00000000d1300000|  0%| F|  |TAMS 0x00000000d1200000, 0x00000000d1200000| Untracked 
| 275|0x00000000d1300000, 0x00000000d1300000, 0x00000000d1400000|  0%| F|  |TAMS 0x00000000d1300000, 0x00000000d1300000| Untracked 
| 276|0x00000000d1400000, 0x00000000d1400000, 0x00000000d1500000|  0%| F|  |TAMS 0x00000000d1400000, 0x00000000d1400000| Untracked 
| 277|0x00000000d1500000, 0x00000000d1500000, 0x00000000d1600000|  0%| F|  |TAMS 0x00000000d1500000, 0x00000000d1500000| Untracked 
| 278|0x00000000d1600000, 0x00000000d1600000, 0x00000000d1700000|  0%| F|  |TAMS 0x00000000d1600000, 0x00000000d1600000| Untracked 
| 279|0x00000000d1700000, 0x00000000d1700000, 0x00000000d1800000|  0%| F|  |TAMS 0x00000000d1700000, 0x00000000d1700000| Untracked 
| 280|0x00000000d1800000, 0x00000000d1800000, 0x00000000d1900000|  0%| F|  |TAMS 0x00000000d1800000, 0x00000000d1800000| Untracked 
| 281|0x00000000d1900000, 0x00000000d1900000, 0x00000000d1a00000|  0%| F|  |TAMS 0x00000000d1900000, 0x00000000d1900000| Untracked 
| 282|0x00000000d1a00000, 0x00000000d1a00000, 0x00000000d1b00000|  0%| F|  |TAMS 0x00000000d1a00000, 0x00000000d1a00000| Untracked 
| 283|0x00000000d1b00000, 0x00000000d1b00000, 0x00000000d1c00000|  0%| F|  |TAMS 0x00000000d1b00000, 0x00000000d1b00000| Untracked 
| 284|0x00000000d1c00000, 0x00000000d1c00000, 0x00000000d1d00000|  0%| F|  |TAMS 0x00000000d1c00000, 0x00000000d1c00000| Untracked 
| 285|0x00000000d1d00000, 0x00000000d1d00000, 0x00000000d1e00000|  0%| F|  |TAMS 0x00000000d1d00000, 0x00000000d1d00000| Untracked 
| 286|0x00000000d1e00000, 0x00000000d1e00000, 0x00000000d1f00000|  0%| F|  |TAMS 0x00000000d1e00000, 0x00000000d1e00000| Untracked 
| 287|0x00000000d1f00000, 0x00000000d1f00000, 0x00000000d2000000|  0%| F|  |TAMS 0x00000000d1f00000, 0x00000000d1f00000| Untracked 
| 288|0x00000000d2000000, 0x00000000d2000000, 0x00000000d2100000|  0%| F|  |TAMS 0x00000000d2000000, 0x00000000d2000000| Untracked 
| 289|0x00000000d2100000, 0x00000000d2117248, 0x00000000d2200000|  9%| E|  |TAMS 0x00000000d2100000, 0x00000000d2100000| Complete 
| 290|0x00000000d2200000, 0x00000000d2300000, 0x00000000d2300000|100%| E|CS|TAMS 0x00000000d2200000, 0x00000000d2200000| Complete 
| 291|0x00000000d2300000, 0x00000000d2400000, 0x00000000d2400000|100%| E|CS|TAMS 0x00000000d2300000, 0x00000000d2300000| Complete 
| 292|0x00000000d2400000, 0x00000000d2500000, 0x00000000d2500000|100%| E|CS|TAMS 0x00000000d2400000, 0x00000000d2400000| Complete 
| 293|0x00000000d2500000, 0x00000000d2600000, 0x00000000d2600000|100%| E|CS|TAMS 0x00000000d2500000, 0x00000000d2500000| Complete 
| 294|0x00000000d2600000, 0x00000000d2700000, 0x00000000d2700000|100%| E|CS|TAMS 0x00000000d2600000, 0x00000000d2600000| Complete 
| 295|0x00000000d2700000, 0x00000000d2800000, 0x00000000d2800000|100%| E|CS|TAMS 0x00000000d2700000, 0x00000000d2700000| Complete 
| 296|0x00000000d2800000, 0x00000000d2900000, 0x00000000d2900000|100%| E|CS|TAMS 0x00000000d2800000, 0x00000000d2800000| Complete 
| 297|0x00000000d2900000, 0x00000000d2a00000, 0x00000000d2a00000|100%| E|CS|TAMS 0x00000000d2900000, 0x00000000d2900000| Complete 
| 298|0x00000000d2a00000, 0x00000000d2b00000, 0x00000000d2b00000|100%| E|CS|TAMS 0x00000000d2a00000, 0x00000000d2a00000| Complete 

Card table byte_map: [0x000001adf2800000,0x000001adf2a00000] _byte_map_base: 0x000001adf2200000

Marking Bits (Prev, Next): (CMBitMap*) 0x000001ade88bea80, (CMBitMap*) 0x000001ade88bea40
 Prev Bits: [0x000001adf3c00000, 0x000001adf4c00000)
 Next Bits: [0x000001adf2c00000, 0x000001adf3c00000)

Polling page: 0x000001ade8930000

Metaspace:

Usage:
  Non-class:     11.62 MB used.
      Class:    918.72 KB used.
       Both:     12.52 MB used.

Virtual space:
  Non-class space:       64.00 MB reserved,      11.75 MB ( 18%) committed,  1 nodes.
      Class space:        1.00 GB reserved,       1.00 MB ( <1%) committed,  1 nodes.
             Both:        1.06 GB reserved,      12.75 MB (  1%) committed. 

Chunk freelists:
   Non-Class:  4.11 MB
       Class:  14.91 MB
        Both:  19.02 MB

MaxMetaspaceSize: unlimited
CompressedClassSpaceSize: 1.00 GB
Initial GC threshold: 21.00 MB
Current GC threshold: 21.00 MB
CDS: on
MetaspaceReclaimPolicy: balanced
 - commit_granule_bytes: 65536.
 - commit_granule_words: 8192.
 - virtual_space_node_default_size: 8388608.
 - enlarge_chunks_in_place: 1.
 - new_chunks_are_fully_committed: 0.
 - uncommit_free_chunks: 1.
 - use_allocation_guard: 0.
 - handle_deallocations: 1.


Internal statistics:

num_allocs_failed_limit: 0.
num_arena_births: 106.
num_arena_deaths: 0.
num_vsnodes_births: 2.
num_vsnodes_deaths: 0.
num_space_committed: 200.
num_space_uncommitted: 0.
num_chunks_returned_to_freelist: 0.
num_chunks_taken_from_freelist: 382.
num_chunk_merges: 0.
num_chunk_splits: 299.
num_chunks_enlarged: 237.
num_inconsistent_stats: 0.

CodeHeap 'non-profiled nmethods': size=120000Kb used=721Kb max_used=721Kb free=119278Kb
 bounds [0x000001ad87ad0000, 0x000001ad87d40000, 0x000001ad8f000000]
CodeHeap 'profiled nmethods': size=120000Kb used=2688Kb max_used=2688Kb free=117311Kb
 bounds [0x000001ad80000000, 0x000001ad802b0000, 0x000001ad87530000]
CodeHeap 'non-nmethods': size=5760Kb used=1613Kb max_used=1646Kb free=4146Kb
 bounds [0x000001ad87530000, 0x000001ad877a0000, 0x000001ad87ad0000]
 total_blobs=2343 nmethods=1405 adapters=851
 compilation: enabled
              stopped_count=0, restarted_count=0
 full_count=0

Compilation events (20 events):
Event: 6.409 Thread 0x000001adf76462b0 1396       3       java.util.concurrent.locks.LockSupport::park (9 bytes)
Event: 6.409 Thread 0x000001adf76462b0 nmethod 1396 0x000001ad8029bf90 code [0x000001ad8029c120, 0x000001ad8029c248]
Event: 6.480 Thread 0x000001adf76462b0 1397       3       processing.opengl.PGraphicsOpenGL$IndexCache::clear (6 bytes)
Event: 6.480 Thread 0x000001adf76462b0 nmethod 1397 0x000001ad8029c310 code [0x000001ad8029c4a0, 0x000001ad8029c5b8]
Event: 6.481 Thread 0x000001adf76462b0 1398       1       jogamp.opengl.ExtensionAvailabilityCache::isInitialized (5 bytes)
Event: 6.481 Thread 0x000001adf76462b0 nmethod 1398 0x000001ad87b83e90 code [0x000001ad87b84020, 0x000001ad87b840f8]
Event: 6.631 Thread 0x000001adf76462b0 1399       3       java.util.Arrays::fill (28 bytes)
Event: 6.632 Thread 0x000001adf76462b0 nmethod 1399 0x000001ad8029c690 code [0x000001ad8029c840, 0x000001ad8029cbe8]
Event: 6.793 Thread 0x000001adf76462b0 1400       3       java.util.Arrays::rangeCheck (74 bytes)
Event: 6.793 Thread 0x000001adf76462b0 nmethod 1400 0x000001ad8029cd90 code [0x000001ad8029d040, 0x000001ad8029daa8]
Event: 6.961 Thread 0x000001adf76462b0 1401       3       jogamp.opengl.gl4.GL4bcImpl::glGetError (43 bytes)
Event: 6.962 Thread 0x000001adf76462b0 nmethod 1401 0x000001ad8029df10 code [0x000001ad8029e1a0, 0x000001ad8029ed48]
Event: 7.122 Thread 0x000001adf76462b0 1402       1       jogamp.newt.driver.windows.WindowDriver::getSurfaceHandle (5 bytes)
Event: 7.123 Thread 0x000001adf76462b0 nmethod 1402 0x000001ad87b84190 code [0x000001ad87b84320, 0x000001ad87b843f8]
Event: 7.288 Thread 0x000001adf76462b0 1403       3       java.lang.AbstractStringBuilder::append (55 bytes)
Event: 7.288 Thread 0x000001adf76462b0 nmethod 1403 0x000001ad8029f190 code [0x000001ad8029f360, 0x000001ad8029f698]
Event: 7.330 Thread 0x000001adf76462b0 1404       3       jdk.internal.misc.Unsafe::getAndAddLong (27 bytes)
Event: 7.330 Thread 0x000001adf76462b0 nmethod 1404 0x000001ad8029f810 code [0x000001ad8029f9c0, 0x000001ad8029fc08]
Event: 7.330 Thread 0x000001adf76462b0 1405       3       jdk.internal.misc.Unsafe::weakCompareAndSetLong (11 bytes)
Event: 7.330 Thread 0x000001adf76462b0 nmethod 1405 0x000001ad8029fd10 code [0x000001ad8029fea0, 0x000001ad8029ffd8]

GC Heap History (20 events):
Event: 2.644 GC heap before
{Heap before GC invocations=1 (full 0):
 garbage-first heap   total 65536K, used 32586K [0x00000000c0000000, 0x0000000100000000)
  region size 1024K, 31 young (31744K), 3 survivors (3072K)
 Metaspace       used 12446K, committed 12672K, reserved 1114112K
  class space    used 899K, committed 1024K, reserved 1048576K
}
Event: 2.652 GC heap after
{Heap after GC invocations=2 (full 0):
 garbage-first heap   total 65536K, used 13183K [0x00000000c0000000, 0x0000000100000000)
  region size 1024K, 4 young (4096K), 4 survivors (4096K)
 Metaspace       used 12446K, committed 12672K, reserved 1114112K
  class space    used 899K, committed 1024K, reserved 1048576K
}
Event: 2.874 GC heap before
{Heap before GC invocations=2 (full 0):
 garbage-first heap   total 65536K, used 49023K [0x00000000c0000000, 0x0000000100000000)
  region size 1024K, 25 young (25600K), 4 survivors (4096K)
 Metaspace       used 12527K, committed 12736K, reserved 1114112K
  class space    used 905K, committed 1024K, reserved 1048576K
}
Event: 2.887 GC heap after
{Heap after GC invocations=3 (full 0):
 garbage-first heap   total 65536K, used 35444K [0x00000000c0000000, 0x0000000100000000)
  region size 1024K, 4 young (4096K), 4 survivors (4096K)
 Metaspace       used 12527K, committed 12736K, reserved 1114112K
  class space    used 905K, committed 1024K, reserved 1048576K
}
Event: 2.917 GC heap before
{Heap before GC invocations=4 (full 0):
 garbage-first heap   total 117760K, used 78452K [0x00000000c0000000, 0x0000000100000000)
  region size 1024K, 5 young (5120K), 4 survivors (4096K)
 Metaspace       used 12528K, committed 12736K, reserved 1114112K
  class space    used 905K, committed 1024K, reserved 1048576K
}
Event: 2.919 GC heap after
{Heap after GC invocations=5 (full 0):
 garbage-first heap   total 117760K, used 79037K [0x00000000c0000000, 0x0000000100000000)
  region size 1024K, 1 young (1024K), 1 survivors (1024K)
 Metaspace       used 12528K, committed 12736K, reserved 1114112K
  class space    used 905K, committed 1024K, reserved 1048576K
}
Event: 2.956 GC heap before
{Heap before GC invocations=6 (full 0):
 garbage-first heap   total 178176K, used 131261K [0x00000000c0000000, 0x0000000100000000)
  region size 1024K, 2 young (2048K), 1 survivors (1024K)
 Metaspace       used 12528K, committed 12736K, reserved 1114112K
  class space    used 905K, committed 1024K, reserved 1048576K
}
Event: 2.957 GC heap after
{Heap after GC invocations=7 (full 0):
 garbage-first heap   total 178176K, used 131214K [0x00000000c0000000, 0x0000000100000000)
  region size 1024K, 1 young (1024K), 1 survivors (1024K)
 Metaspace       used 12528K, committed 12736K, reserved 1114112K
  class space    used 905K, committed 1024K, reserved 1048576K
}
Event: 2.975 GC heap before
{Heap before GC invocations=7 (full 0):
 garbage-first heap   total 178176K, used 158862K [0x00000000c0000000, 0x0000000100000000)
  region size 1024K, 2 young (2048K), 1 survivors (1024K)
 Metaspace       used 12528K, committed 12736K, reserved 1114112K
  class space    used 905K, committed 1024K, reserved 1048576K
}
Event: 2.976 GC heap after
{Heap after GC invocations=8 (full 0):
 garbage-first heap   total 178176K, used 158749K [0x00000000c0000000, 0x0000000100000000)
  region size 1024K, 1 young (1024K), 1 survivors (1024K)
 Metaspace       used 12528K, committed 12736K, reserved 1114112K
  class space    used 905K, committed 1024K, reserved 1048576K
}
Event: 3.230 GC heap before
{Heap before GC invocations=9 (full 0):
 garbage-first heap   total 296960K, used 183325K [0x00000000c0000000, 0x0000000100000000)
  region size 1024K, 8 young (8192K), 1 survivors (1024K)
 Metaspace       used 12679K, committed 12928K, reserved 1114112K
  class space    used 913K, committed 1024K, reserved 1048576K
}
Event: 3.234 GC heap after
{Heap after GC invocations=10 (full 0):
 garbage-first heap   total 296960K, used 180899K [0x00000000c0000000, 0x0000000100000000)
  region size 1024K, 1 young (1024K), 1 survivors (1024K)
 Metaspace       used 12679K, committed 12928K, reserved 1114112K
  class space    used 913K, committed 1024K, reserved 1048576K
}
Event: 4.537 GC heap before
{Heap before GC invocations=10 (full 0):
 garbage-first heap   total 296960K, used 239267K [0x00000000c0000000, 0x0000000100000000)
  region size 1024K, 58 young (59392K), 1 survivors (1024K)
 Metaspace       used 12716K, committed 12928K, reserved 1114112K
  class space    used 913K, committed 1024K, reserved 1048576K
}
Event: 4.542 GC heap after
{Heap after GC invocations=11 (full 0):
 garbage-first heap   total 296960K, used 185687K [0x00000000c0000000, 0x0000000100000000)
  region size 1024K, 6 young (6144K), 6 survivors (6144K)
 Metaspace       used 12716K, committed 12928K, reserved 1114112K
  class space    used 913K, committed 1024K, reserved 1048576K
}
Event: 5.723 GC heap before
{Heap before GC invocations=12 (full 0):
 garbage-first heap   total 306176K, used 237235K [0x00000000c0000000, 0x0000000100000000)
  region size 1024K, 62 young (63488K), 6 survivors (6144K)
 Metaspace       used 12749K, committed 12928K, reserved 1114112K
  class space    used 914K, committed 1024K, reserved 1048576K
}
Event: 5.726 GC heap after
{Heap after GC invocations=13 (full 0):
 garbage-first heap   total 306176K, used 176850K [0x00000000c0000000, 0x0000000100000000)
  region size 1024K, 1 young (1024K), 1 survivors (1024K)
 Metaspace       used 12749K, committed 12928K, reserved 1114112K
  class space    used 914K, committed 1024K, reserved 1048576K
}
Event: 5.908 GC heap before
{Heap before GC invocations=13 (full 0):
 garbage-first heap   total 306176K, used 190162K [0x00000000c0000000, 0x0000000100000000)
  region size 1024K, 14 young (14336K), 1 survivors (1024K)
 Metaspace       used 12749K, committed 12928K, reserved 1114112K
  class space    used 914K, committed 1024K, reserved 1048576K
}
Event: 5.912 GC heap after
{Heap after GC invocations=14 (full 0):
 garbage-first heap   total 306176K, used 180048K [0x00000000c0000000, 0x0000000100000000)
  region size 1024K, 2 young (2048K), 2 survivors (2048K)
 Metaspace       used 12749K, committed 12928K, reserved 1114112K
  class space    used 914K, committed 1024K, reserved 1048576K
}
Event: 7.128 GC heap before
{Heap before GC invocations=14 (full 0):
 garbage-first heap   total 306176K, used 242512K [0x00000000c0000000, 0x0000000100000000)
  region size 1024K, 63 young (64512K), 2 survivors (2048K)
 Metaspace       used 12773K, committed 12992K, reserved 1114112K
  class space    used 914K, committed 1024K, reserved 1048576K
}
Event: 7.130 GC heap after
{Heap after GC invocations=15 (full 0):
 garbage-first heap   total 306176K, used 180000K [0x00000000c0000000, 0x0000000100000000)
  region size 1024K, 2 young (2048K), 2 survivors (2048K)
 Metaspace       used 12773K, committed 12992K, reserved 1114112K
  class space    used 914K, committed 1024K, reserved 1048576K
}

Dll operation events (14 events):
Event: 0.011 Loaded shared library C:\Program Files\Processing\app\resources\jdk-17.0.14+7\bin\java.dll
Event: 0.028 Loaded shared library C:\Program Files\Processing\app\resources\jdk-17.0.14+7\bin\jsvml.dll
Event: 0.210 Loaded shared library C:\Program Files\Processing\app\resources\jdk-17.0.14+7\bin\net.dll
Event: 0.211 Loaded shared library C:\Program Files\Processing\app\resources\jdk-17.0.14+7\bin\nio.dll
Event: 0.216 Loaded shared library C:\Program Files\Processing\app\resources\jdk-17.0.14+7\bin\zip.dll
Event: 0.283 Loaded shared library C:\Program Files\Processing\app\resources\jdk-17.0.14+7\bin\jimage.dll
Event: 0.287 Loaded shared library C:\Program Files\Processing\app\resources\jdk-17.0.14+7\bin\awt.dll
Event: 0.792 Loaded shared library C:\Users\danil\AppData\Local\Temp\jogamp_0000\file_cache\jln2505930379083574802\jln14627571821502436996\natives\windows-amd64\gluegen_rt.dll
Event: 0.801 Loaded shared library C:\Program Files\Processing\app\resources\jdk-17.0.14+7\bin\jawt.dll
Event: 0.816 Loaded shared library C:\Users\danil\AppData\Local\Temp\jogamp_0000\file_cache\jln2505930379083574802\jln14627571821502436996\natives\windows-amd64\nativewindow_awt.dll
Event: 0.877 Loaded shared library C:\Users\danil\AppData\Local\Temp\jogamp_0000\file_cache\jln2505930379083574802\jln14627571821502436996\natives\windows-amd64\nativewindow_win32.dll
Event: 0.999 Loaded shared library C:\Users\danil\AppData\Local\Temp\jogamp_0000\file_cache\jln2505930379083574802\jln14627571821502436996\natives\windows-amd64\jogl_desktop.dll
Event: 1.229 Loaded shared library C:\Users\danil\AppData\Local\Temp\jogamp_0000\file_cache\jln2505930379083574802\jln14627571821502436996\natives\windows-amd64\jogl_mobile.dll
Event: 2.367 Loaded shared library C:\Users\danil\AppData\Local\Temp\jogamp_0000\file_cache\jln2505930379083574802\jln14627571821502436996\natives\windows-amd64\newt_head.dll

Deoptimization events (20 events):
Event: 3.302 Thread 0x000001adfd5f6b30 DEOPT PACKING pc=0x000001ad80214ed2 sp=0x000000a22dafef60
Event: 3.303 Thread 0x000001adfd5f6b30 DEOPT UNPACKING pc=0x000001ad8758ace3 sp=0x000000a22dafe470 mode 0
Event: 3.358 Thread 0x000001adfda668a0 Uncommon trap: trap_request=0xffffff45 fr.pc=0x000001ad87b63884 relative=0x0000000000000f64
Event: 3.358 Thread 0x000001adfda668a0 Uncommon trap: reason=unstable_if action=reinterpret pc=0x000001ad87b63884 method=processing.opengl.PGraphicsOpenGL$Tessellator.tessellateRoundPoints2D(III)V @ 106 c2
Event: 3.358 Thread 0x000001adfda668a0 DEOPT PACKING pc=0x000001ad87b63884 sp=0x000000a22cefe720
Event: 3.358 Thread 0x000001adfda668a0 DEOPT UNPACKING pc=0x000001ad8758a1a3 sp=0x000000a22cefe6e0 mode 2
Event: 3.526 Thread 0x000001adfda668a0 DEOPT PACKING pc=0x000001ad8025f744 sp=0x000000a22cefe6f0
Event: 3.526 Thread 0x000001adfda668a0 DEOPT UNPACKING pc=0x000001ad8758ace3 sp=0x000000a22cefdbe0 mode 0
Event: 3.545 Thread 0x000001adfda668a0 DEOPT PACKING pc=0x000001ad80265b33 sp=0x000000a22cefe660
Event: 3.545 Thread 0x000001adfda668a0 DEOPT UNPACKING pc=0x000001ad8758ace3 sp=0x000000a22cefdbe0 mode 0
Event: 3.695 Thread 0x000001adfda668a0 DEOPT PACKING pc=0x000001ad8025f690 sp=0x000000a22cefe6f0
Event: 3.695 Thread 0x000001adfda668a0 DEOPT UNPACKING pc=0x000001ad8758ace3 sp=0x000000a22cefdbe0 mode 0
Event: 4.962 Thread 0x000001ade06ee540 Uncommon trap: trap_request=0xffffff45 fr.pc=0x000001ad87b4b400 relative=0x00000000000000e0
Event: 4.962 Thread 0x000001ade06ee540 Uncommon trap: reason=unstable_if action=reinterpret pc=0x000001ad87b4b400 method=java.util.HashMap$HashIterator.<init>(Ljava/util/HashMap;)V @ 38 c2
Event: 4.962 Thread 0x000001ade06ee540 DEOPT PACKING pc=0x000001ad87b4b400 sp=0x000000a22bffeff0
Event: 4.962 Thread 0x000001ade06ee540 DEOPT UNPACKING pc=0x000001ad8758a1a3 sp=0x000000a22bffeed0 mode 2
Event: 7.311 Thread 0x000001adfc78d000 Uncommon trap: trap_request=0xffffff45 fr.pc=0x000001ad87b4b8e8 relative=0x00000000000001e8
Event: 7.312 Thread 0x000001adfc78d000 Uncommon trap: reason=unstable_if action=reinterpret pc=0x000001ad87b4b8e8 method=java.util.HashMap$HashIterator.<init>(Ljava/util/HashMap;)V @ 38 c2
Event: 7.312 Thread 0x000001adfc78d000 DEOPT PACKING pc=0x000001ad87b4b8e8 sp=0x000000a22c0ff290
Event: 7.312 Thread 0x000001adfc78d000 DEOPT UNPACKING pc=0x000001ad8758a1a3 sp=0x000000a22c0ff238 mode 2

Classes loaded (20 events):
Event: 2.759 Loading class java/util/concurrent/Callable done
Event: 2.759 Loading class java/util/concurrent/Executors$RunnableAdapter done
Event: 2.759 Loading class java/util/concurrent/ThreadPoolExecutor$Worker
Event: 2.759 Loading class java/util/concurrent/ThreadPoolExecutor$Worker done
Event: 2.761 Loading class java/util/concurrent/locks/AbstractQueuedSynchronizer$SharedNode
Event: 2.761 Loading class java/util/concurrent/locks/AbstractQueuedSynchronizer$SharedNode done
Event: 3.107 Loading class sun/nio/cs/StreamDecoder
Event: 3.114 Loading class sun/nio/cs/StreamDecoder done
Event: 3.115 Loading class java/util/regex/Pattern$LookBehindEndNode
Event: 3.115 Loading class java/util/regex/Pattern$LookBehindEndNode done
Event: 3.115 Loading class java/util/regex/Pattern$NotBehind
Event: 3.115 Loading class java/util/regex/Pattern$NotBehind done
Event: 3.115 Loading class java/util/regex/Pattern$Neg
Event: 3.116 Loading class java/util/regex/Pattern$Neg done
Event: 3.116 Loading class java/util/regex/Pattern$Pos
Event: 3.116 Loading class java/util/regex/Pattern$Pos done
Event: 3.124 Loading class java/util/regex/Pattern$SliceS
Event: 3.124 Loading class java/util/regex/Pattern$SliceS done
Event: 7.286 Loading class java/nio/channels/ClosedChannelException
Event: 7.292 Loading class java/nio/channels/ClosedChannelException done

Classes unloaded (0 events):
No events

Classes redefined (0 events):
No events

Internal exceptions (19 events):
Event: 0.259 Thread 0x000001ade887b2f0 Exception <a 'java/lang/NoSuchMethodError'{0x00000000c3ce8358}: 'void java.lang.invoke.DirectMethodHandle$Holder.invokeStatic(java.lang.Object, java.lang.Object, java.lang.Object)'> (0x00000000c3ce8358) 
thrown [s\src\hotspot\share\interpreter\linkResolver.cpp, line 759]
Event: 0.275 Thread 0x000001ade887b2f0 Exception <a 'java/lang/ClassNotFoundException'{0x00000000c3b106d8}: sun/awt/resources/spi/awtProvider> (0x00000000c3b106d8) 
thrown [s\src\hotspot\share\classfile\systemDictionary.cpp, line 256]
Event: 0.298 Thread 0x000001ade887b2f0 Exception <a 'java/io/FileNotFoundException'{0x00000000c3b66018}> (0x00000000c3b66018) 
thrown [s\src\hotspot\share\prims\jni.cpp, line 516]
Event: 0.304 Thread 0x000001ade887b2f0 Exception <a 'java/io/FileNotFoundException'{0x00000000c3b93748}> (0x00000000c3b93748) 
thrown [s\src\hotspot\share\prims\jni.cpp, line 516]
Event: 0.353 Thread 0x000001ade887b2f0 Exception <a 'java/lang/NoSuchMethodError'{0x00000000c3a40798}: 'java.lang.Object java.lang.invoke.DirectMethodHandle$Holder.invokeStaticInit(java.lang.Object)'> (0x00000000c3a40798) 
thrown [s\src\hotspot\share\interpreter\linkResolver.cpp, line 759]
Event: 0.489 Thread 0x000001ade887b2f0 Exception <a 'java/lang/NoSuchMethodError'{0x00000000c364c5d8}: 'java.lang.Object java.lang.invoke.DirectMethodHandle$Holder.invokeStaticInit(java.lang.Object, int, int, int, int)'> (0x00000000c364c5d8) 
thrown [s\src\hotspot\share\interpreter\linkResolver.cpp, line 759]
Event: 0.539 Thread 0x000001ade887b2f0 Exception <a 'java/lang/NoSuchMethodError'{0x00000000c35352c0}: 'java.lang.Object java.lang.invoke.DirectMethodHandle$Holder.invokeStaticInit(java.lang.Object, java.lang.Object, int, int, int, int)'> (0x00000000c35352c0) 
thrown [s\src\hotspot\share\interpreter\linkResolver.cpp, line 759]
Event: 0.598 Thread 0x000001ade887b2f0 Exception <a 'java/lang/NoSuchMethodError'{0x00000000c3540960}: 'void java.lang.invoke.DirectMethodHandle$Holder.invokeStatic(java.lang.Object, long)'> (0x00000000c3540960) 
thrown [s\src\hotspot\share\interpreter\linkResolver.cpp, line 759]
Event: 0.599 Thread 0x000001ade887b2f0 Exception <a 'java/lang/NoSuchMethodError'{0x00000000c3545f40}: 'java.lang.Object java.lang.invoke.DirectMethodHandle$Holder.newInvokeSpecial(java.lang.Object, long)'> (0x00000000c3545f40) 
thrown [s\src\hotspot\share\interpreter\linkResolver.cpp, line 759]
Event: 0.602 Thread 0x000001ade887b2f0 Exception <a 'java/lang/NoSuchMethodError'{0x00000000c3550758}: 'java.lang.Object java.lang.invoke.DirectMethodHandle$Holder.invokeStaticInit(java.lang.Object, java.lang.Object, long, java.lang.Object)'> (0x00000000c3550758) 
thrown [s\src\hotspot\share\interpreter\linkResolver.cpp, line 759]
Event: 0.604 Thread 0x000001ade887b2f0 Exception <a 'java/lang/NoSuchMethodError'{0x00000000c3556d18}: 'java.lang.Object java.lang.invoke.DirectMethodHandle$Holder.newInvokeSpecial(java.lang.Object, java.lang.Object, long)'> (0x00000000c3556d18) 
thrown [s\src\hotspot\share\interpreter\linkResolver.cpp, line 759]
Event: 0.604 Thread 0x000001ade887b2f0 Exception <a 'java/lang/NoSuchMethodError'{0x00000000c355a888}: 'java.lang.Object java.lang.invoke.Invokers$Holder.linkToTargetMethod(java.lang.Object, long, java.lang.Object)'> (0x00000000c355a888) 
thrown [s\src\hotspot\share\interpreter\linkResolver.cpp, line 759]
Event: 0.829 Thread 0x000001ade887b2f0 Exception <a 'java/lang/NoSuchMethodError'{0x00000000c34c9f88}: 'java.lang.Object java.lang.invoke.DirectMethodHandle$Holder.invokeInterface(java.lang.Object, java.lang.Object)'> (0x00000000c34c9f88) 
thrown [s\src\hotspot\share\interpreter\linkResolver.cpp, line 759]
Event: 0.829 Thread 0x000001ade887b2f0 Exception <a 'java/lang/IncompatibleClassChangeError'{0x00000000c34cd8a8}: Found class java.lang.Object, but interface was expected> (0x00000000c34cd8a8) 
thrown [s\src\hotspot\share\interpreter\linkResolver.cpp, line 826]
Event: 2.496 Thread 0x000001ade887b2f0 Exception <a 'java/lang/NoSuchMethodError'{0x00000000c33f27c0}: 'void java.lang.invoke.DirectMethodHandle$Holder.invokeSpecial(java.lang.Object, java.lang.Object, java.lang.Object, java.lang.Object, java.lang.Object)'> (0x00000000c33f27c0) 
thrown [s\src\hotspot\share\interpreter\linkResolver.cpp, line 759]
Event: 2.497 Thread 0x000001ade887b2f0 Exception <a 'java/lang/NoSuchMethodError'{0x00000000c33fb780}: 'void java.lang.invoke.DirectMethodHandle$Holder.invokeSpecial(java.lang.Object, java.lang.Object, java.lang.Object)'> (0x00000000c33fb780) 
thrown [s\src\hotspot\share\interpreter\linkResolver.cpp, line 759]
Event: 2.498 Thread 0x000001ade887b2f0 Exception <a 'java/lang/NoSuchMethodError'{0x00000000c3201d50}: 'void java.lang.invoke.DirectMethodHandle$Holder.invokeSpecial(java.lang.Object, java.lang.Object, int)'> (0x00000000c3201d50) 
thrown [s\src\hotspot\share\interpreter\linkResolver.cpp, line 759]
Event: 2.499 Thread 0x000001ade887b2f0 Exception <a 'java/lang/NoSuchMethodError'{0x00000000c3207d68}: 'java.lang.Object java.lang.invoke.DirectMethodHandle$Holder.newInvokeSpecial(java.lang.Object, java.lang.Object, int)'> (0x00000000c3207d68) 
thrown [s\src\hotspot\share\interpreter\linkResolver.cpp, line 759]
Event: 7.285 Thread 0x000001adfd5dfff0 Exception <a 'java/lang/InterruptedException'{0x00000000d239c128}> (0x00000000d239c128) 
thrown [s\src\hotspot\share\runtime\objectMonitor.cpp, line 1658]

VM Operations (20 events):
Event: 4.542 Executing VM operation: G1CollectForAllocation done
Event: 4.560 Executing VM operation: G1PauseRemark
Event: 4.561 Executing VM operation: G1PauseRemark done
Event: 4.567 Executing VM operation: G1PauseCleanup
Event: 4.567 Executing VM operation: G1PauseCleanup done
Event: 5.567 Executing VM operation: Cleanup
Event: 5.567 Executing VM operation: Cleanup done
Event: 5.723 Executing VM operation: G1CollectForAllocation
Event: 5.726 Executing VM operation: G1CollectForAllocation done
Event: 5.908 Executing VM operation: G1CollectForAllocation
Event: 5.912 Executing VM operation: G1CollectForAllocation done
Event: 6.912 Executing VM operation: Cleanup
Event: 6.912 Executing VM operation: Cleanup done
Event: 7.128 Executing VM operation: G1CollectForAllocation
Event: 7.131 Executing VM operation: G1CollectForAllocation done
Event: 7.143 Executing VM operation: G1PauseRemark
Event: 7.144 Executing VM operation: G1PauseRemark done
Event: 7.148 Executing VM operation: G1PauseCleanup
Event: 7.148 Executing VM operation: G1PauseCleanup done
Event: 7.388 Executing VM operation: Exit

Memory protections (0 events):
No events

Nmethod flushes (0 events):
No events

Events (20 events):
Event: 3.114 Thread 0x000001adfe375420 Thread exited: 0x000001adfe375420
Event: 3.130 Thread 0x000001adf76462b0 Thread added: 0x000001adfda658d0
Event: 3.130 Thread 0x000001adf76462b0 Thread added: 0x000001ade0024f30
Event: 3.273 Thread 0x000001ade0024f30 Thread exited: 0x000001ade0024f30
Event: 3.408 Thread 0x000001adfda658d0 Thread exited: 0x000001adfda658d0
Event: 3.941 Thread 0x000001adfc069660 Thread added: 0x000001ade06ee540
Event: 4.962 Thread 0x000001ade06ee540 Thread exited: 0x000001ade06ee540
Event: 7.285 Thread 0x000001adfda668a0 Thread added: 0x000001ade06f0dc0
Event: 7.285 Thread 0x000001adfda668a0 Thread added: 0x000001ade06ed610
Event: 7.285 Thread 0x000001adfda668a0 Thread added: 0x000001ade06ef470
Event: 7.285 Thread 0x000001adfd5dfff0 Thread exited: 0x000001adfd5dfff0
Event: 7.286 Thread 0x000001adfc069660 Thread added: 0x000001ade06f12d0
Event: 7.288 Thread 0x000001adfdde3580 Thread exited: 0x000001adfdde3580
Event: 7.292 Thread 0x000001ade06ef470 Thread exited: 0x000001ade06ef470
Event: 7.298 Thread 0x000001adfc069660 Thread exited: 0x000001adfc069660
Event: 7.324 Thread 0x000001adfc78d000 Thread exited: 0x000001adfc78d000
Event: 7.331 Thread 0x000001ade06f0dc0 Thread exited: 0x000001ade06f0dc0
Event: 7.388 Thread 0x000001ade06ed610 Thread exited: 0x000001ade06ed610
Event: 7.388 Thread 0x000001adfda668a0 Before exit entered
Event: 7.388 Thread 0x000001adf7632610 Thread exited: 0x000001adf7632610


Dynamic libraries:
0x00007ff705240000 - 0x00007ff70524e000 	C:\Program Files\Processing\app\resources\jdk-17.0.14+7\bin\java.exe
0x00007ffe8d7a0000 - 0x00007ffe8da07000 	C:\WINDOWS\SYSTEM32\ntdll.dll
0x00007ffe8bad0000 - 0x00007ffe8bb99000 	C:\WINDOWS\System32\KERNEL32.DLL
0x00007ffe8afe0000 - 0x00007ffe8b3d7000 	C:\WINDOWS\System32\KERNELBASE.dll
0x00007ffe8ac60000 - 0x00007ffe8adab000 	C:\WINDOWS\System32\ucrtbase.dll
0x00007ffe85a90000 - 0x00007ffe85aa7000 	C:\Program Files\Processing\app\resources\jdk-17.0.14+7\bin\jli.dll
0x00007ffe5b2d0000 - 0x00007ffe5b2ee000 	C:\Program Files\Processing\app\resources\jdk-17.0.14+7\bin\VCRUNTIME140.dll
0x00007ffe8b720000 - 0x00007ffe8b8e6000 	C:\WINDOWS\System32\USER32.dll
0x00007ffe8a290000 - 0x00007ffe8a2b7000 	C:\WINDOWS\System32\win32u.dll
0x00007ffe8d080000 - 0x00007ffe8d0ab000 	C:\WINDOWS\System32\GDI32.dll
0x00007ffe73250000 - 0x00007ffe734e2000 	C:\WINDOWS\WinSxS\amd64_microsoft.windows.common-controls_6595b64144ccf1df_6.0.26100.8457_none_3e0b2faee331e92d\COMCTL32.dll
0x00007ffe8a2c0000 - 0x00007ffe8a3ec000 	C:\WINDOWS\System32\gdi32full.dll
0x00007ffe8b960000 - 0x00007ffe8ba09000 	C:\WINDOWS\System32\msvcrt.dll
0x00007ffe8b470000 - 0x00007ffe8b513000 	C:\WINDOWS\System32\msvcp_win.dll
0x00007ffe8d720000 - 0x00007ffe8d752000 	C:\WINDOWS\System32\IMM32.DLL
0x00007ffe79240000 - 0x00007ffe7924c000 	C:\Program Files\Processing\app\resources\jdk-17.0.14+7\bin\vcruntime140_1.dll
0x00007ffdf7980000 - 0x00007ffdf7a0d000 	C:\Program Files\Processing\app\resources\jdk-17.0.14+7\bin\msvcp140.dll
0x00007ffdf50b0000 - 0x00007ffdf5d1b000 	C:\Program Files\Processing\app\resources\jdk-17.0.14+7\bin\server\jvm.dll
0x00007ffe8ba10000 - 0x00007ffe8bac6000 	C:\WINDOWS\System32\ADVAPI32.dll
0x00007ffe8d0f0000 - 0x00007ffe8d197000 	C:\WINDOWS\System32\sechost.dll
0x00007ffe8b520000 - 0x00007ffe8b638000 	C:\WINDOWS\System32\RPCRT4.dll
0x00007ffe8b640000 - 0x00007ffe8b6c0000 	C:\WINDOWS\System32\WS2_32.dll
0x00007ffe810b0000 - 0x00007ffe810bb000 	C:\WINDOWS\SYSTEM32\VERSION.dll
0x00007ffe8a030000 - 0x00007ffe8a08e000 	C:\WINDOWS\SYSTEM32\POWRPROF.dll
0x00007ffe73640000 - 0x00007ffe73676000 	C:\WINDOWS\SYSTEM32\WINMM.dll
0x00007ffe8a010000 - 0x00007ffe8a024000 	C:\WINDOWS\SYSTEM32\UMPDC.dll
0x00007ffe88f60000 - 0x00007ffe88f7b000 	C:\WINDOWS\SYSTEM32\kernel.appcore.dll
0x00007ffe6b5b0000 - 0x00007ffe6b5ba000 	C:\Program Files\Processing\app\resources\jdk-17.0.14+7\bin\jimage.dll
0x00007ffe74060000 - 0x00007ffe742a2000 	C:\WINDOWS\SYSTEM32\DBGHELP.DLL
0x00007ffe8d390000 - 0x00007ffe8d713000 	C:\WINDOWS\System32\combase.dll
0x00007ffe8c8d0000 - 0x00007ffe8c9a9000 	C:\WINDOWS\System32\OLEAUT32.dll
0x00007ffe7b860000 - 0x00007ffe7b89b000 	C:\WINDOWS\SYSTEM32\dbgcore.DLL
0x00007ffe8adb0000 - 0x00007ffe8ae58000 	C:\WINDOWS\System32\bcryptPrimitives.dll
0x00007ffe59a60000 - 0x00007ffe59a9b000 	C:\Program Files\Processing\app\resources\jdk-17.0.14+7\bin\jdwp.dll
0x00007ffe4d220000 - 0x00007ffe4d245000 	C:\Program Files\Processing\app\resources\jdk-17.0.14+7\bin\java.dll
0x00007ffdf5e60000 - 0x00007ffdf5f37000 	C:\Program Files\Processing\app\resources\jdk-17.0.14+7\bin\jsvml.dll
0x00007ffe8bca0000 - 0x00007ffe8c40e000 	C:\WINDOWS\System32\SHELL32.dll
0x00007ffe8a3f0000 - 0x00007ffe8ac5c000 	C:\WINDOWS\System32\windows.storage.dll
0x00007ffe8bba0000 - 0x00007ffe8bc96000 	C:\WINDOWS\System32\SHCORE.dll
0x00007ffe8b8f0000 - 0x00007ffe8b956000 	C:\WINDOWS\System32\shlwapi.dll
0x00007ffe8a0f0000 - 0x00007ffe8a119000 	C:\WINDOWS\SYSTEM32\profapi.dll
0x00007ffe675d0000 - 0x00007ffe675dc000 	C:\Program Files\Processing\app\resources\jdk-17.0.14+7\bin\dt_socket.dll
0x00007ffe889a0000 - 0x00007ffe889d2000 	C:\WINDOWS\SYSTEM32\IPHLPAPI.DLL
0x00007ffe894d0000 - 0x00007ffe8953c000 	C:\WINDOWS\system32\mswsock.dll
0x00007ffe4cfb0000 - 0x00007ffe4cfc9000 	C:\Program Files\Processing\app\resources\jdk-17.0.14+7\bin\net.dll
0x00007ffe843f0000 - 0x00007ffe84519000 	C:\WINDOWS\SYSTEM32\WINHTTP.dll
0x00007ffe4bc60000 - 0x00007ffe4bc76000 	C:\Program Files\Processing\app\resources\jdk-17.0.14+7\bin\nio.dll
0x00007ffe4bc40000 - 0x00007ffe4bc58000 	C:\Program Files\Processing\app\resources\jdk-17.0.14+7\bin\zip.dll
0x00007ffdf4f20000 - 0x00007ffdf50b0000 	C:\Program Files\Processing\app\resources\jdk-17.0.14+7\bin\awt.dll
0x00007ffe87a00000 - 0x00007ffe87aa0000 	C:\WINDOWS\SYSTEM32\apphelp.dll
0x00007ffe87d80000 - 0x00007ffe87e2a000 	C:\WINDOWS\system32\uxtheme.dll
0x00007ffe8d1a0000 - 0x00007ffe8d2fc000 	C:\WINDOWS\System32\MSCTF.dll
0x00007ffe8c430000 - 0x00007ffe8c5c7000 	C:\WINDOWS\System32\ole32.dll
0x00007ffe87f20000 - 0x00007ffe87f4f000 	C:\WINDOWS\system32\DWMAPI.DLL
0x00007ffe40100000 - 0x00007ffe4020f000 	C:\WINDOWS\system32\opengl32.dll
0x00007ffe429d0000 - 0x00007ffe429fd000 	C:\WINDOWS\SYSTEM32\GLU32.dll
0x00007ffe87eb0000 - 0x00007ffe87ef5000 	C:\WINDOWS\SYSTEM32\dxcore.dll
0x00007ffe897b0000 - 0x00007ffe897cb000 	C:\WINDOWS\SYSTEM32\CRYPTSP.dll
0x00007ffe88ec0000 - 0x00007ffe88ef9000 	C:\WINDOWS\system32\rsaenh.dll
0x00007ffe89580000 - 0x00007ffe895b3000 	C:\WINDOWS\SYSTEM32\USERENV.dll
0x00007ffe8a0c0000 - 0x00007ffe8a0ea000 	C:\WINDOWS\SYSTEM32\bcrypt.dll
0x00007ffe897d0000 - 0x00007ffe897dc000 	C:\WINDOWS\SYSTEM32\CRYPTBASE.dll
0x00007ffe8c8c0000 - 0x00007ffe8c8ca000 	C:\WINDOWS\System32\NSI.dll
0x00007ffe84550000 - 0x00007ffe8456d000 	C:\WINDOWS\SYSTEM32\dhcpcsvc6.DLL
0x00007ffe84520000 - 0x00007ffe84545000 	C:\WINDOWS\SYSTEM32\dhcpcsvc.DLL
0x00007ffe88a40000 - 0x00007ffe88b72000 	C:\WINDOWS\SYSTEM32\DNSAPI.dll
0x00007ffe3db50000 - 0x00007ffe3db63000 	C:\Users\danil\AppData\Local\Temp\jogamp_0000\file_cache\jln2505930379083574802\jln14627571821502436996\natives\windows-amd64\gluegen_rt.dll
0x00007ffe60e60000 - 0x00007ffe60e67000 	C:\Program Files\Processing\app\resources\jdk-17.0.14+7\bin\jawt.dll
0x00007ffe60e00000 - 0x00007ffe60e0d000 	C:\Users\danil\AppData\Local\Temp\jogamp_0000\file_cache\jln2505930379083574802\jln14627571821502436996\natives\windows-amd64\nativewindow_awt.dll
0x00007ffe3d8d0000 - 0x00007ffe3d8e5000 	C:\Users\danil\AppData\Local\Temp\jogamp_0000\file_cache\jln2505930379083574802\jln14627571821502436996\natives\windows-amd64\nativewindow_win32.dll
0x00007ffdf5dd0000 - 0x00007ffdf5e53000 	C:\Users\danil\AppData\Local\Temp\jogamp_0000\file_cache\jln2505930379083574802\jln14627571821502436996\natives\windows-amd64\jogl_desktop.dll
0x00007ffdf7e40000 - 0x00007ffdf7e92000 	C:\Users\danil\AppData\Local\Temp\jogamp_0000\file_cache\jln2505930379083574802\jln14627571821502436996\natives\windows-amd64\jogl_mobile.dll
0x00007ffe841f0000 - 0x00007ffe84251000 	C:\WINDOWS\SYSTEM32\directxdatabasehelper.dll
0x00007ffe7b700000 - 0x00007ffe7b71d000 	C:\WINDOWS\SYSTEM32\windows.staterepositorycore.dll
0x00007ffdd8ad0000 - 0x00007ffdd9aa3000 	C:\WINDOWS\System32\DriverStore\FileRepository\iigd_dch.inf_amd64_225f37aa3862fc3f\igxelpicd64.dll
0x00007ffe87bd0000 - 0x00007ffe87d0e000 	C:\WINDOWS\system32\dxgi.dll
0x00007ffdf3960000 - 0x00007ffdf3de7000 	C:\WINDOWS\System32\DriverStore\FileRepository\iigd_dch.inf_amd64_225f37aa3862fc3f\igdml64.dll
0x00007ffe89d40000 - 0x00007ffe89d91000 	C:\WINDOWS\SYSTEM32\cfgmgr32.dll
0x00007ffe80b00000 - 0x00007ffe80ec1000 	C:\WINDOWS\System32\DriverStore\FileRepository\iigd_dch.inf_amd64_225f37aa3862fc3f\igdgmm64.dll
0x00007ffe7d5d0000 - 0x00007ffe807d6000 	C:\WINDOWS\System32\DriverStore\FileRepository\iigd_dch.inf_amd64_225f37aa3862fc3f\igc64.dll
0x00007ffe3d500000 - 0x00007ffe3d519000 	C:\Users\danil\AppData\Local\Temp\jogamp_0000\file_cache\jln2505930379083574802\jln14627571821502436996\natives\windows-amd64\newt_head.dll
0x00007ffe5e8e0000 - 0x00007ffe5e99f000 	C:\WINDOWS\SYSTEM32\mscms.dll
0x00007ffe1cd10000 - 0x00007ffe1cd59000 	C:\WINDOWS\SYSTEM32\icm32.dll
0x00007ffe8cbf0000 - 0x00007ffe8d077000 	C:\WINDOWS\System32\setupapi.dll
0x00007ffe89d10000 - 0x00007ffe89d3d000 	C:\WINDOWS\SYSTEM32\DEVOBJ.dll
0x00007ffe8b3e0000 - 0x00007ffe8b462000 	C:\WINDOWS\System32\WINTRUST.dll
0x00007ffe8ae60000 - 0x00007ffe8afd8000 	C:\WINDOWS\System32\CRYPT32.dll
0x00007ffe898e0000 - 0x00007ffe898f3000 	C:\WINDOWS\SYSTEM32\MSASN1.dll
0x00007ffe580f0000 - 0x00007ffe58236000 	C:\WINDOWS\SYSTEM32\textinputframework.dll
0x00007ffe87560000 - 0x00007ffe87687000 	C:\WINDOWS\SYSTEM32\CoreMessaging.dll
0x00007ffe83270000 - 0x00007ffe83552000 	C:\WINDOWS\SYSTEM32\CoreUIComponents.dll
0x00007ffe84e00000 - 0x00007ffe84f6a000 	C:\WINDOWS\SYSTEM32\wintypes.dll

dbghelp: loaded successfully - version: 4.0.5 - missing functions: none
symbol engine: initialized successfully - sym options: 0x614 - pdb path: .;C:\Program Files\Processing\app\resources\jdk-17.0.14+7\bin;C:\WINDOWS\SYSTEM32;C:\WINDOWS\WinSxS\amd64_microsoft.windows.common-controls_6595b64144ccf1df_6.0.26100.8457_none_3e0b2faee331e92d;C:\Program Files\Processing\app\resources\jdk-17.0.14+7\bin\server;C:\Users\danil\AppData\Local\Temp\jogamp_0000\file_cache\jln2505930379083574802\jln14627571821502436996\natives\windows-amd64;C:\WINDOWS\System32\DriverStore\FileRepository\iigd_dch.inf_amd64_225f37aa3862fc3f

VM Arguments:
jvm_args: -agentlib:jdwp=transport=dt_socket,address=8377,server=y,suspend=y,quiet=y -Xms64m -Xmx1024m -Djna.nosys=true -Djava.library.path=;C:\Program Files\Processing\app\resources\core\library;C:\Program Files\Processing;C:\WINDOWS\system32;C:\WINDOWS;C:\Program Files\PlasticSCM5\server;C:\Program Files\PlasticSCM5\client;C:\Program Files\Common Files\Oracle\Java\javapath;C:\Program Files (x86)\Common Files\Oracle\Java\javapath;C:\Windows\System32\HWAudioDriverLibs;C:\Windows\system32;C:\Windows;C:\Windows\System32\Wbem;C:\Windows\System32\WindowsPowerShell\v1.0;C:\Windows\System32\OpenSSH;C:\Program Files\Microsoft SQL Server\150\Tools\Binn;C:\Program Files\Microsoft SQL Server\Client SDK\ODBC\170\Tools\Binn;C:\Program Files\dotnet;D:\Windows Kits\10\Windows Performance Toolkit;C:\Program Files\Java\jdk-23\bin;C:\WINDOWS\system32;C:\WINDOWS;C:\WINDOWS\System32\Wbem;C:\WINDOWS\System32\WindowsPowerShell\v1.0;C:\WINDOWS\System32\OpenSSH;C:\Program Files\nodejs;C:\Program Files\Docker\Docker\resources\bin;C:\Program Files\TortoiseGit\bin;C:\Program Files\Git\cmd;C:\Users\danil\AppData\Local\Programs\Python\Python312\Scripts;C:\Users\danil\AppData\Local\Programs\Python\Python312;C:\Users\danil\AppData\Local\Microsoft\WindowsApps;C:\Users\danil\AppData\Local\Programs\Microsoft VS Code\bin;C:\Users\danil\AppData\Roaming\npm;D:\DataBase\18\bin;C:\Program Files\Processing\app;. -ea 
java_command: processing.core.PApplet --editor-location=-7,-7 --external --display=1 --sketch-path=C:\Users\danil\Desktop\Gravity_simul Gravity_simul
java_class_path (initial): C:\Users\danil\AppData\Local\Temp\processing\Gravity_simul6856595875777793552temp;C:\Program Files\Processing\app\resources\core\library\annotations-13.0.jar;C:\Program Files\Processing\app\resources\core\library\antlr-2.7.7.jar;C:\Program Files\Processing\app\resources\core\library\core-4.4.1.jar;C:\Program Files\Processing\app\resources\core\library\gluegen-rt-2.5.0-natives-android-aarch64.jar;C:\Program Files\Processing\app\resources\core\library\gluegen-rt-2.5.0-natives-linux-aarch64.jar;C:\Program Files\Processing\app\resources\core\library\gluegen-rt-2.5.0-natives-linux-amd64.jar;C:\Program Files\Processing\app\resources\core\library\gluegen-rt-2.5.0-natives-linux-armv6hf.jar;C:\Program Files\Processing\app\resources\core\library\gluegen-rt-2.5.0-natives-macosx-universal.jar;C:\Program Files\Processing\app\resources\core\library\gluegen-rt-2.5.0-natives-windows-amd64.jar;C:\Program Files\Processing\app\resources\core\library\gluegen-rt-2.5.0.jar;C:\Program Files\Processing\app\resources\core\library\gluegen-rt-main-2.5.0.jar;C:\Program Files\Processing\app\resources\core\library\jogl-all-2.5.0-natives-android-aarch64.jar;C:\Program Files\Processing\app\resources\core\library\jogl-all-2.5.0-natives-linux-aarch64.jar;C:\Program Files\Processing\app\resources\core\library\jogl-all-2.5.0-natives-linux-amd64.jar;C:\Program Files\Processing\app\resources\core\library\jogl-all-2.5.0-natives-linux-armv6hf.jar;C:\Program Files\Processing\app\resources\core\library\jogl-all-2.5.0-natives-macosx-universal.jar;C:\Program Files\Processing\app\resources\core\library\jogl-all-2.5.0-natives-windows-amd64.jar;C:\Program Files\Processing\app\resources\core\library\jogl-all-2.5.0.jar;C:\Program Files\Processing\app\resources\core\library\jogl-all-main-2.5.0.jar;C:\Program Files\Processing\app\resources\core\library\kotlin-stdlib-2.0.20.jar
Launcher Type: SUN_STANDARD

[Global flags]
     intx CICompilerCount                          = 4                                         {product} {ergonomic}
     uint ConcGCThreads                            = 2                                         {product} {ergonomic}
     uint G1ConcRefinementThreads                  = 8                                         {product} {ergonomic}
   size_t G1HeapRegionSize                         = 1048576                                   {product} {ergonomic}
    uintx GCDrainStackTargetSize                   = 64                                        {product} {ergonomic}
   size_t InitialHeapSize                          = 67108864                                  {product} {command line}
   size_t MarkStackSize                            = 4194304                                   {product} {ergonomic}
   size_t MaxHeapSize                              = 1073741824                                {product} {command line}
   size_t MaxNewSize                               = 643825664                                 {product} {ergonomic}
   size_t MinHeapDeltaBytes                        = 1048576                                   {product} {ergonomic}
   size_t MinHeapSize                              = 67108864                                  {product} {command line}
    uintx NonNMethodCodeHeapSize                   = 5839372                                {pd product} {ergonomic}
    uintx NonProfiledCodeHeapSize                  = 122909434                              {pd product} {ergonomic}
    uintx ProfiledCodeHeapSize                     = 122909434                              {pd product} {ergonomic}
    uintx ReservedCodeCacheSize                    = 251658240                              {pd product} {ergonomic}
     bool SegmentedCodeCache                       = true                                      {product} {ergonomic}
   size_t SoftMaxHeapSize                          = 1073741824                             {manageable} {ergonomic}
     bool UseCompressedClassPointers               = true                           {product lp64_product} {ergonomic}
     bool UseCompressedOops                        = true                           {product lp64_product} {ergonomic}
     bool UseG1GC                                  = true                                      {product} {ergonomic}
     bool UseLargePagesIndividualAllocation        = false                                  {pd product} {ergonomic}

Logging:
Log output configuration:
 #0: stdout all=off uptime,level,tags
 #1: stderr all=off uptime,level,tags

Environment Variables:
JAVA_HOME=C:\Program Files\Java\jdk-23
PATH=C:\Program Files\PlasticSCM5\server;C:\Program Files\PlasticSCM5\client;C:\Program Files\Common Files\Oracle\Java\javapath;C:\Program Files (x86)\Common Files\Oracle\Java\javapath;C:\Windows\System32\HWAudioDriverLibs;C:\Windows\system32;C:\Windows;C:\Windows\System32\Wbem;C:\Windows\System32\WindowsPowerShell\v1.0\;C:\Windows\System32\OpenSSH\;C:\Users\Administrator\AppData\Local\Microsoft\WindowsApps;C:\Program Files\Microsoft SQL Server\150\Tools\Binn\;C:\Program Files\Microsoft SQL Server\Client SDK\ODBC\170\Tools\Binn\;C:\Program Files\dotnet\;D:\Windows Kits\10\Windows Performance Toolkit\;C:\Program Files\Java\jdk-23\bin;C:\WINDOWS\system32;C:\WINDOWS;C:\WINDOWS\System32\Wbem;C:\WINDOWS\System32\WindowsPowerShell\v1.0\;C:\WINDOWS\System32\OpenSSH\;C:\Program Files\nodejs\;C:\Program Files\Docker\Docker\resources\bin;C:\Program Files\TortoiseGit\bin;C:\Program Files\Git\cmd;C:\Users\danil\AppData\Local\Programs\Python\Python312\Scripts\;C:\Users\danil\AppData\Local\Programs\Python\Python312\;C:\Users\danil\AppData\Local\Microsoft\WindowsApps;C:\Users\danil\.dotnet\tools;C:\Users\danil\AppData\Local\Programs\Microsoft VS Code\bin;C:\Users\danil\AppData\Roaming\npm;D:\DataBase\18\bin;C:\Program Files\Processing\app
USERNAME=danil
OS=Windows_NT
PROCESSOR_IDENTIFIER=Intel64 Family 6 Model 140 Stepping 2, GenuineIntel
TMP=C:\Users\danil\AppData\Local\Temp
TEMP=C:\Users\danil\AppData\Local\Temp



Periodic native trim disabled


---------------  S Y S T E M  ---------------

OS:
 Windows 11 , 64 bit Build 26100 (10.0.26100.8328)
OS uptime: 0 days 0:13 hours
Hyper-V role detected

CPU: total 8 (initial active 8) (4 cores per cpu, 2 threads per core) family 6 model 140 stepping 2 microcode 0x16, cx8, cmov, fxsr, ht, mmx, 3dnowpref, sse, sse2, sse3, ssse3, sse4.1, sse4.2, popcnt, lzcnt, tsc, tscinvbit, avx, avx2, aes, erms, clmul, bmi1, bmi2, adx, avx512f, avx512dq, avx512cd, avx512bw, avx512vl, sha, fma, vzeroupper, avx512_vpopcntdq, avx512_vpclmulqdq, avx512_vaes, avx512_vnni, clflush, clflushopt, clwb, avx512_vbmi2, avx512_vbmi, hv
Processor Information for processor 0
  Max Mhz: 2496, Current Mhz: 2496, Mhz Limit: 2496
Processor Information for processor 1
  Max Mhz: 2496, Current Mhz: 2496, Mhz Limit: 2496
Processor Information for processor 2
  Max Mhz: 2496, Current Mhz: 2496, Mhz Limit: 2496
Processor Information for processor 3
  Max Mhz: 2496, Current Mhz: 2496, Mhz Limit: 2496
Processor Information for processor 4
  Max Mhz: 2496, Current Mhz: 2496, Mhz Limit: 2496
Processor Information for processor 5
  Max Mhz: 2496, Current Mhz: 998, Mhz Limit: 2496
Processor Information for processor 6
  Max Mhz: 2496, Current Mhz: 998, Mhz Limit: 2496
Processor Information for processor 7
  Max Mhz: 2496, Current Mhz: 2496, Mhz Limit: 2496

Memory: 4k page, system-wide physical 7975M (1174M free)
TotalPageFile size 17703M (AvailPageFile size 8355M)
current process WorkingSet (physical memory assigned to process): 758M, peak: 769M
current process commit charge ("private bytes"): 792M, peak: 815M

vm_info: OpenJDK 64-Bit Server VM (17.0.14+7) for windows-amd64 JRE (17.0.14+7), built on Jan 21 2025 23:40:15 by "admin" with MS VC++ 17.7 (VS2022)

END.
