#
# A fatal error has been detected by the Java Runtime Environment:
#
#  EXCEPTION_ACCESS_VIOLATION (0xc0000005) at pc=0x00007ff9b069b386, pid=25364, tid=38724
#
# JRE version: OpenJDK Runtime Environment Temurin-17.0.14+7 (17.0.14+7) (build 17.0.14+7)
# Java VM: OpenJDK 64-Bit Server VM Temurin-17.0.14+7 (17.0.14+7, mixed mode, sharing, tiered, compressed oops, compressed class ptrs, g1 gc, windows-amd64)
# Problematic frame:
# C  [igxelpicd64.dll+0x23b386]
#
# No core dump will be written. Minidumps are not enabled by default on client versions of Windows
#
# If you would like to submit a bug report, please visit:
#   https://github.com/adoptium/adoptium-support/issues
#

---------------  S U M M A R Y ------------

Command Line: -agentlib:jdwp=transport=dt_socket,address=8864,server=y,suspend=y,quiet=y -Xms64m -Xmx1024m -Djna.nosys=true -Djava.library.path=;C:\Program Files\Processing\app\resources\core\library;C:\Program Files\Processing;C:\WINDOWS\system32;C:\WINDOWS;C:\Program Files\PlasticSCM5\server;C:\Program Files\PlasticSCM5\client;C:\Program Files\Common Files\Oracle\Java\javapath;C:\Program Files (x86)\Common Files\Oracle\Java\javapath;C:\Windows\System32\HWAudioDriverLibs;C:\Windows\system32;C:\Windows;C:\Windows\System32\Wbem;C:\Windows\System32\WindowsPowerShell\v1.0;C:\Windows\System32\OpenSSH;C:\Program Files\Microsoft SQL Server\150\Tools\Binn;C:\Program Files\Microsoft SQL Server\Client SDK\ODBC\170\Tools\Binn;C:\Program Files\dotnet;D:\Windows Kits\10\Windows Performance Toolkit;C:\Program Files\Java\jdk-23\bin;C:\WINDOWS\system32;C:\WINDOWS;C:\WINDOWS\System32\Wbem;C:\WINDOWS\System32\WindowsPowerShell\v1.0;C:\WINDOWS\System32\OpenSSH;C:\Program Files\nodejs;C:\Program Files\Docker\Docker\resources\bin;C:\Program Files\TortoiseGit\bin;C:\Program Files\Git\cmd;C:\Users\danil\AppData\Local\Programs\Python\Python312\Scripts;C:\Users\danil\AppData\Local\Programs\Python\Python312;C:\Users\danil\AppData\Local\Microsoft\WindowsApps;C:\Users\danil\AppData\Local\Programs\Microsoft VS Code\bin;C:\Users\danil\AppData\Roaming\npm;D:\DataBase\18\bin;C:\Program Files\Processing\app;. -ea processing.core.PApplet --editor-location=-7,-7 --external --display=1 --sketch-path=C:\Users\danil\Desktop\Gravity_simul Gravity_simul

Host: 11th Gen Intel(R) Core(TM) i5-1155G7 @ 2.50GHz, 8 cores, 7G,  Windows 11 , 64 bit Build 26100 (10.0.26100.8328)
Time: Sat Jun 27 23:26:53 2026 RTZ 3 (s 11 , 64 bit Build 26100 (10.0.26100.8328) elapsed time: 75.321254 seconds (0d 0h 1m 15s)

---------------  T H R E A D  ---------------

Current thread (0x000002742dd21910):  VMThread "VM Thread" [stack: 0x000000ccc7100000,0x000000ccc7200000] [id=38724]

Stack: [0x000000ccc7100000,0x000000ccc7200000],  sp=0x000000ccc71fe4b0,  free space=1017k
Native frames: (J=compiled Java code, j=interpreted, Vv=VM code, C=native code)
C  [igxelpicd64.dll+0x23b386]


siginfo: EXCEPTION_ACCESS_VIOLATION (0xc0000005), reading address 0x0000000000035468


Registers:
RAX=0x0000027476239140, RBX=0x0000027473b6f4f0, RCX=0x0000000000000004, RDX=0x0000000000000000
RSP=0x000000ccc71fe4b0, RBP=0x0000000000000000, RSI=0x0000027476238f40, RDI=0x00000274735f9e50
R8 =0x0000027476239040, R9 =0x000000ccc66ab000, R10=0x0000000000000000, R11=0x0000000000000246
R12=0x0000027476238f40, R13=0x0000000000000000, R14=0x0000027476239488, R15=0x00000274762360c0
RIP=0x00007ff9b069b386, EFLAGS=0x0000000000010202


Register to memory mapping:

RIP=0x00007ff9b069b386 igxelpicd64.dll
RAX=0x0000027476239140 points into unknown readable memory: 0x000000000002c566 | 66 c5 02 00 00 00 00 00
RBX=0x0000027473b6f4f0 points into unknown readable memory: 0xffffffffffffffff | ff ff ff ff ff ff ff ff
RCX=0x0000000000000004 is an unknown value
RDX=0x0 is NULL
RSP=0x000000ccc71fe4b0 points into unknown readable memory: 0x0000027473b6f4f0 | f0 f4 b6 73 74 02 00 00
RBP=0x0 is NULL
RSI=0x0000027476238f40 points into unknown readable memory: 0x0000027473bd0b70 | 70 0b bd 73 74 02 00 00
RDI=0x00000274735f9e50 points into unknown readable memory: 0xc5009601c3009500 | 00 95 00 c3 01 96 00 c5
R8 =0x0000027476239040 points into unknown readable memory: 0x0000000000000000 | 00 00 00 00 00 00 00 00
R9 =0x000000ccc66ab000 points into unknown readable memory: 0x0000000000000000 | 00 00 00 00 00 00 00 00
R10=0x0 is NULL
R11=0x0000000000000246 is an unknown value
R12=0x0000027476238f40 points into unknown readable memory: 0x0000027473bd0b70 | 70 0b bd 73 74 02 00 00
R13=0x0 is NULL
R14=0x0000027476239488 points into unknown readable memory: 0x00000274762360c0 | c0 60 23 76 74 02 00 00
R15=0x00000274762360c0 points into unknown readable memory: 0x0000027473bd0b70 | 70 0b bd 73 74 02 00 00


Top of Stack: (sp=0x000000ccc71fe4b0)
0x000000ccc71fe4b0:   0000027473b6f4f0 0255429d03862e9d
0x000000ccc71fe4c0:   0391939f00929d9d 0250f39f03309c9f
0x000000ccc71fe4d0:   0000001603000000 0000000000000000
0x000000ccc71fe4e0:   032b66a303b02aa3 0365e2a3036987a3
0x000000ccc71fe4f0:   0000027473b6f4f0 031d81a403732ea4
0x000000ccc71fe500:   032a3ea502743ca5 02de81a503725aa5
0x000000ccc71fe510:   02db39a602a81ca6 0353bba603a49ca6
0x000000ccc71fe520:   00b3e9a603a7cba6 039039a700a836a7
0x000000ccc71fe530:   0326f4a70133c2a7 031e5ea90399e2a8
0x000000ccc71fe540:   036a28aa035e61a9 035b9aaa02fe53aa
0x000000ccc71fe550:   022dceaa02eccdaa 02fe53ab02bf12ab
0x000000ccc71fe560:   02b97dab02e266ab 036fedab021f82ab
0x000000ccc71fe570:   03990eac01e702ac 02c01eac039d16ac
0x000000ccc71fe580:   01d979ac034833ac 02db8cac03a986ac
0x000000ccc71fe590:   036602ad03a4d0ac 00007ffa7dbc5b54
0x000000ccc71fe5a0:   0000000000000000 0000000000000000
0x000000ccc71fe5b0:   000000ccc71fe750 00007ffa7be21259
0x000000ccc71fe5c0:   000000ccc71fe648 0000000000000000
0x000000ccc71fe5d0:   0000000000000054 0000000000000000
0x000000ccc71fe5e0:   032eb8b1029d98b1 00007ffa7dbc5cc4
0x000000ccc71fe5f0:   039650b302c0ccb2 005273b3035461b3
0x000000ccc71fe600:   00000655a8575407 036c27b5039305b5
0x000000ccc71fe610:   0000027475de20f8 000000000002c5b6
0x000000ccc71fe620:   0000000000000000 0000000000000016
0x000000ccc71fe630:   0000000000000000 0000000000000000
0x000000ccc71fe640:   000000ccc71fe750 00007ff9b06c82ae
0x000000ccc71fe650:   00000274735f9e50 0000000000000000
0x000000ccc71fe660:   00000274735f9e50 0329a6bb033875bb
0x000000ccc71fe670:   000000cc00001094 0000740400680000
0x000000ccc71fe680:   0000000000000000 033838be036430be
0x000000ccc71fe690:   02aa5abe029d43be 03a6fcbe02eec1be
0x000000ccc71fe6a0:   038ec2bf02f831bf 00ad46c00276c4bf 

Instructions: (pc=0x00007ff9b069b386)
0x00007ff9b069b286:   00 90 4c 8b bf 80 02 00 00 48 8b 05 9a 85 bd 00
0x00007ff9b069b296:   8b 80 c8 0a 00 00 89 44 24 24 c6 44 24 20 00 48
0x00007ff9b069b2a6:   c7 87 80 02 00 00 00 00 00 00 c7 87 88 02 00 00
0x00007ff9b069b2b6:   00 00 00 00 48 c7 87 a0 02 00 00 00 00 00 00 48
0x00007ff9b069b2c6:   c7 87 90 02 00 00 00 00 00 00 48 85 ed 75 3d 8b
0x00007ff9b069b2d6:   35 0d 77 cd 00 65 48 8b 04 25 58 00 00 00 b9 14
0x00007ff9b069b2e6:   00 00 00 48 8b 04 f0 40 38 2c 01 0f 84 c9 e7 75
0x00007ff9b069b2f6:   00 65 48 8b 04 25 58 00 00 00 bd 20 00 00 00 48
0x00007ff9b069b306:   8b 04 f0 48 8b 2c 28 48 89 6c 24 28 48 3b 2d 07
0x00007ff9b069b316:   9b cd 00 0f 84 9b 10 00 00 4d 85 ff 0f 84 3a 01
0x00007ff9b069b326:   00 00 0f 1f 84 00 00 00 00 00 49 8b f7 4d 8b e7
0x00007ff9b069b336:   4d 8d b7 48 05 00 00 4d 8b 3e 45 84 ed 0f 85 d9
0x00007ff9b069b346:   0e 00 00 8b 8f d0 01 00 00 48 8b 05 da 84 bd 00
0x00007ff9b069b356:   83 b8 64 03 00 00 02 75 34 4d 8d 84 24 00 01 00
0x00007ff9b069b366:   00 83 f9 10 0f 83 3a 01 00 00 8b c1 48 c1 e0 06
0x00007ff9b069b376:   49 03 c0 48 85 c0 0f 84 9b 01 00 00 48 8b 50 08
0x00007ff9b069b386:   48 3b 95 68 54 03 00 0f 87 b6 0e 00 00 48 83 be
0x00007ff9b069b396:   c0 05 00 00 00 0f 85 50 e7 75 00 44 8b 8f d0 01
0x00007ff9b069b3a6:   00 00 48 8b 87 e8 01 00 00 4c 8b 00 8b 8f d0 01
0x00007ff9b069b3b6:   00 00 48 8d 9e 00 01 00 00 83 f9 10 0f 83 1e 01
0x00007ff9b069b3c6:   00 00 8b c1 48 c1 e0 06 48 03 c3 48 85 c0 0f 84
0x00007ff9b069b3d6:   4a 01 00 00 4c 39 40 08 0f 86 40 01 00 00 48 8b
0x00007ff9b069b3e6:   87 80 02 00 00 49 89 06 48 89 b7 80 02 00 00 ff
0x00007ff9b069b3f6:   87 88 02 00 00 48 8b 4e 08 48 8b 01 ba 01 00 00
0x00007ff9b069b406:   00 48 8b 80 e0 02 00 00 ff 15 f4 c1 88 00 0f b7
0x00007ff9b069b416:   c8 48 2b c1 48 05 00 00 01 00 48 01 87 90 02 00
0x00007ff9b069b426:   00 48 8b 4e 08 48 8b 01 ba 01 00 00 00 48 8b 80
0x00007ff9b069b436:   e0 02 00 00 ff 15 c8 c1 88 00 48 01 87 a0 02 00
0x00007ff9b069b446:   00 0f b6 54 24 20 4d 85 ff 0f 85 db fe ff ff 84
0x00007ff9b069b456:   d2 0f 85 37 0f 00 00 48 8b 5c 24 40 48 8b cf 80
0x00007ff9b069b466:   7c 24 22 00 0f 85 40 0f 00 00 e8 3b f9 ff ff 90
0x00007ff9b069b476:   48 8b cb ff 15 99 bc 88 00 48 8b 8c 24 50 01 00 


Stack slot to memory mapping:
stack at sp + 0 slots: 0x0000027473b6f4f0 points into unknown readable memory: 0xffffffffffffffff | ff ff ff ff ff ff ff ff
stack at sp + 1 slots: 0x0255429d03862e9d is an unknown value
stack at sp + 2 slots: 0x0391939f00929d9d is an unknown value
stack at sp + 3 slots: 0x0250f39f03309c9f is an unknown value
stack at sp + 4 slots: 0x0000001603000000 is an unknown value
stack at sp + 5 slots: 0x0 is NULL
stack at sp + 6 slots: 0x032b66a303b02aa3 is an unknown value
stack at sp + 7 slots: 0x0365e2a3036987a3 is an unknown value

VM_Operation (0x000000ccc95fe8c0): Exit, mode: safepoint, requested by thread 0x0000027475e455b0


---------------  P R O C E S S  ---------------

Threads class SMR info:
_java_thread_list=0x0000027473b06100, length=219, elements={
0x000002742dd29010, 0x000002742dd2a450, 0x000002742dd3ee60, 0x000002742dd3f730,
0x000002742dd40b70, 0x000002742dd41fb0, 0x000002742dd43720, 0x000002742dd50f80,
0x000002742dd5fd90, 0x00000274730d7950, 0x00000274730ebb80, 0x00000274730ec480,
0x00000274730eff40, 0x00000274730fad40, 0x00000274733fe630, 0x0000027475e1faf0,
0x0000027475e455b0, 0x0000027475e469f0, 0x0000027475e45fd0, 0x0000027475e47410,
0x0000027475e464e0, 0x0000027475e46f00, 0x0000027475e44170, 0x0000027475e43c60,
0x0000027475e44680, 0x0000027475e44b90, 0x0000027475e450a0, 0x0000027476273ec0,
0x0000027476272a80, 0x00000274762739b0, 0x0000027476276230, 0x00000274762743d0,
0x0000027476275810, 0x00000274762748e0, 0x0000027476276740, 0x0000027476274df0,
0x0000027476275300, 0x0000027476275d20, 0x0000027476272f90, 0x0000027476276c50,
0x00000274762734a0, 0x000002747627a400, 0x00000274762799e0, 0x0000027476278ab0,
0x0000027476278090, 0x0000027476278fc0, 0x00000274762785a0, 0x00000274762794d0,
0x0000027476279ef0, 0x0000027476277160, 0x0000027476277670, 0x0000027476277b80,
0x00000274064b0a30, 0x00000274064b32b0, 0x00000274064b0520, 0x00000274064b2da0,
0x00000274064b37c0, 0x00000274064b0010, 0x00000274064b2380, 0x00000274064b41e0,
0x00000274064b3cd0, 0x00000274064b46f0, 0x00000274064b0f40, 0x00000274064b1450,
0x00000274064b1e70, 0x00000274064b4c00, 0x00000274064b5110, 0x00000274064b1960,
0x00000274064b2890, 0x00000274064b5620, 0x00000274064b7990, 0x00000274064b6a60,
0x00000274064b5b30, 0x00000274064b6040, 0x00000274064b6550, 0x00000274064b6f70,
0x00000274064b7480, 0x0000027406c1b0c0, 0x0000027406c1b5d0, 0x0000027406c1bae0,
0x0000027406c19c80, 0x0000027406c18330, 0x0000027406c19260, 0x0000027406c1abb0,
0x0000027406c18d50, 0x0000027406c19770, 0x0000027406c1bff0, 0x0000027406c1a190,
0x0000027406c18840, 0x0000027406c1cf20, 0x0000027406c1c500, 0x0000027406c1ca10,
0x0000027406c1d430, 0x0000027406c1d940, 0x0000027406c1de50, 0x0000027406c1a6a0,
0x0000027406c1e360, 0x0000027406c1e870, 0x0000027406c1ed80, 0x0000027406c1f290,
0x0000027406c1f7a0, 0x0000027406c1fcb0, 0x0000027406628940, 0x0000027406629360,
0x0000027406629870, 0x0000027406628e50, 0x0000027406629d80, 0x000002740662a7a0,
0x000002740662acb0, 0x000002740662bbe0, 0x000002740662a290, 0x0000027406628430,
0x000002740662e970, 0x000002740662df50, 0x000002740662c0f0, 0x000002740662b1c0,
0x000002740662c600, 0x000002740662e460, 0x000002740662ee80, 0x000002740662cb10,
0x000002740662b6d0, 0x000002740662f390, 0x000002740662f8a0, 0x000002740662fdb0,
0x000002740662d020, 0x000002740662d530, 0x000002740662da40, 0x0000027473d338d0,
0x0000027473d33de0, 0x0000027473d34800, 0x0000027473d342f0, 0x0000027473d329a0,
0x0000027473d34d10, 0x0000027473d31f80, 0x0000027473d35220, 0x0000027473d35730,
0x0000027473d32490, 0x0000027473d333c0, 0x0000027473d32eb0, 0x0000027406aab080,
0x0000027406aabfb0, 0x0000027406aabaa0, 0x0000027406aa8800, 0x0000027406aa8d10,
0x0000027406aaa150, 0x0000027406aaa660, 0x0000027406aac9d0, 0x0000027406aaab70,
0x0000027406aac4c0, 0x0000027406aacee0, 0x0000027406aa9220, 0x0000027406aab590,
0x0000027406aa9730, 0x0000027406aa9c40, 0x0000027406aade10, 0x0000027406aad900,
0x0000027406aaf760, 0x0000027406aaed40, 0x0000027406aad3f0, 0x0000027406aae320,
0x0000027406aaf250, 0x0000027406aae830, 0x0000027406aafc70, 0x0000027406ab0180,
0x0000027406b9b460, 0x0000027406b9c390, 0x0000027406b9af50, 0x0000027406b9b970,
0x0000027406b9cdb0, 0x0000027406b9dce0, 0x0000027406b9d7d0, 0x0000027406b9d2c0,
0x0000027406b9e1f0, 0x0000027406b9c8a0, 0x0000027406b9e700, 0x0000027406b9be80,
0x0000027406ba0f80, 0x0000027406ba1eb0, 0x0000027406b9f120, 0x0000027406ba23c0,
0x0000027406b9f630, 0x0000027406ba0050, 0x0000027406ba1490, 0x0000027406b9ec10,
0x0000027406ba19a0, 0x0000027406ba28d0, 0x0000027406b9fb40, 0x0000027406ba0560,
0x0000027406ba0a70, 0x0000027406c9f970, 0x0000027406ca08a0, 0x0000027406c9e530,
0x0000027406c9ea40, 0x0000027406ca0db0, 0x0000027406ca12c0, 0x0000027406c9ef50,
0x0000027406c9f460, 0x0000027406c9fe80, 0x0000027406ca0390, 0x0000027406c9e020,
0x0000027406ca3630, 0x0000027406ca4560, 0x0000027406ca4a70, 0x0000027406ca21f0,
0x0000027406ca3b40, 0x0000027406ca2c10, 0x0000027406ca3120, 0x0000027406ca4050,
0x0000027406ca4f80, 0x0000027406ca17d0, 0x0000027406ca5490, 0x0000027406ca2700,
0x0000027406ca1ce0, 0x0000027406ca59a0, 0x0000027406cf4a20, 0x0000027406cf4f30,
0x0000027406cf3af0, 0x0000027406cf5440, 0x0000027406cf5950
}

Java Threads: ( => current thread )
  0x000002742dd29010 JavaThread "Reference Handler" daemon [_thread_blocked, id=21096, stack(0x000000ccc7200000,0x000000ccc7300000)]
  0x000002742dd2a450 JavaThread "Finalizer" daemon [_thread_blocked, id=11356, stack(0x000000ccc7300000,0x000000ccc7400000)]
  0x000002742dd3ee60 JavaThread "Signal Dispatcher" daemon [_thread_blocked, id=20072, stack(0x000000ccc7400000,0x000000ccc7500000)]
  0x000002742dd3f730 JavaThread "Attach Listener" daemon [_thread_blocked, id=5956, stack(0x000000ccc7500000,0x000000ccc7600000)]
  0x000002742dd40b70 JavaThread "Service Thread" daemon [_thread_blocked, id=8812, stack(0x000000ccc7600000,0x000000ccc7700000)]
  0x000002742dd41fb0 JavaThread "Monitor Deflation Thread" daemon [_thread_blocked, id=45036, stack(0x000000ccc7700000,0x000000ccc7800000)]
  0x000002742dd43720 JavaThread "C2 CompilerThread0" daemon [_thread_blocked, id=25548, stack(0x000000ccc7800000,0x000000ccc7900000)]
  0x000002742dd50f80 JavaThread "C1 CompilerThread0" daemon [_thread_blocked, id=7684, stack(0x000000ccc7900000,0x000000ccc7a00000)]
  0x000002742dd5fd90 JavaThread "Sweeper thread" daemon [_thread_blocked, id=19596, stack(0x000000ccc7a00000,0x000000ccc7b00000)]
  0x00000274730d7950 JavaThread "JDWP Transport Listener: dt_socket" daemon [_thread_blocked, id=46224, stack(0x000000ccc7b00000,0x000000ccc7c00000)]
  0x00000274730ebb80 JavaThread "JDWP Event Helper Thread" daemon [_thread_blocked, id=45004, stack(0x000000ccc7c00000,0x000000ccc7d00000)]
  0x00000274730ec480 JavaThread "JDWP Command Reader" daemon [_thread_blocked, id=24056, stack(0x000000ccc7d00000,0x000000ccc7e00000)]
  0x00000274730eff40 JavaThread "Notification Thread" daemon [_thread_blocked, id=25560, stack(0x000000ccc7e00000,0x000000ccc7f00000)]
  0x00000274730fad40 JavaThread "Common-Cleaner" daemon [_thread_blocked, id=25516, stack(0x000000ccc8000000,0x000000ccc8100000)]
  0x00000274733fe630 JavaThread "Java2D Disposer" daemon [_thread_blocked, id=25508, stack(0x000000ccc8100000,0x000000ccc8200000)]
  0x0000027475e1faf0 JavaThread "HighResTimerThread" daemon [_thread_blocked, id=25900, stack(0x000000ccc9300000,0x000000ccc9400000)]
  0x0000027475e455b0 JavaThread "main-FPSAWTAnimator#00-Timer0" [_thread_blocked, id=25884, stack(0x000000ccc9500000,0x000000ccc9600000)]
  0x0000027475e469f0 JavaThread "DestroyJavaVM" [_thread_blocked, id=43192, stack(0x000000ccc6b00000,0x000000ccc6c00000)]
  0x0000027475e45fd0 JavaThread "pool-1-thread-1" [_thread_blocked, id=25904, stack(0x000000ccc8500000,0x000000ccc8600000)]
  0x0000027475e47410 JavaThread "pool-1-thread-2" [_thread_blocked, id=25960, stack(0x000000ccc9600000,0x000000ccc9700000)]
  0x0000027475e464e0 JavaThread "pool-1-thread-3" [_thread_blocked, id=25944, stack(0x000000ccc9700000,0x000000ccc9800000)]
  0x0000027475e46f00 JavaThread "pool-1-thread-4" [_thread_blocked, id=25864, stack(0x000000ccc9800000,0x000000ccc9900000)]
  0x0000027475e44170 JavaThread "pool-1-thread-5" [_thread_blocked, id=25852, stack(0x000000ccc9900000,0x000000ccc9a00000)]
  0x0000027475e43c60 JavaThread "pool-1-thread-6" [_thread_blocked, id=25856, stack(0x000000ccc9a00000,0x000000ccc9b00000)]
  0x0000027475e44680 JavaThread "pool-1-thread-7" [_thread_blocked, id=25956, stack(0x000000ccc9b00000,0x000000ccc9c00000)]
  0x0000027475e44b90 JavaThread "pool-1-thread-8" [_thread_blocked, id=25948, stack(0x000000ccc9c00000,0x000000ccc9d00000)]
  0x0000027475e450a0 JavaThread "pool-1-thread-9" [_thread_blocked, id=25920, stack(0x000000ccc9d00000,0x000000ccc9e00000)]
  0x0000027476273ec0 JavaThread "pool-1-thread-10" [_thread_blocked, id=25940, stack(0x000000ccc9e00000,0x000000ccc9f00000)]
  0x0000027476272a80 JavaThread "pool-1-thread-11" [_thread_blocked, id=25928, stack(0x000000ccc9f00000,0x000000ccca000000)]
  0x00000274762739b0 JavaThread "pool-1-thread-12" [_thread_blocked, id=25936, stack(0x000000ccca000000,0x000000ccca100000)]
  0x0000027476276230 JavaThread "pool-1-thread-13" [_thread_blocked, id=25820, stack(0x000000ccca100000,0x000000ccca200000)]
  0x00000274762743d0 JavaThread "pool-1-thread-14" [_thread_blocked, id=25804, stack(0x000000ccca200000,0x000000ccca300000)]
  0x0000027476275810 JavaThread "pool-1-thread-15" [_thread_blocked, id=13328, stack(0x000000ccca300000,0x000000ccca400000)]
  0x00000274762748e0 JavaThread "pool-1-thread-16" [_thread_blocked, id=12992, stack(0x000000ccca400000,0x000000ccca500000)]
  0x0000027476276740 JavaThread "pool-1-thread-17" [_thread_blocked, id=13684, stack(0x000000ccca500000,0x000000ccca600000)]
  0x0000027476274df0 JavaThread "pool-1-thread-18" [_thread_blocked, id=22796, stack(0x000000ccca600000,0x000000ccca700000)]
  0x0000027476275300 JavaThread "pool-1-thread-19" [_thread_blocked, id=6668, stack(0x000000ccca700000,0x000000ccca800000)]
  0x0000027476275d20 JavaThread "pool-1-thread-20" [_thread_blocked, id=48820, stack(0x000000ccca800000,0x000000ccca900000)]
  0x0000027476272f90 JavaThread "pool-1-thread-21" [_thread_blocked, id=21000, stack(0x000000ccca900000,0x000000cccaa00000)]
  0x0000027476276c50 JavaThread "pool-1-thread-22" [_thread_blocked, id=21064, stack(0x000000cccaa00000,0x000000cccab00000)]
  0x00000274762734a0 JavaThread "pool-1-thread-23" [_thread_blocked, id=21012, stack(0x000000cccab00000,0x000000cccac00000)]
  0x000002747627a400 JavaThread "pool-1-thread-24" [_thread_blocked, id=21060, stack(0x000000cccac00000,0x000000cccad00000)]
  0x00000274762799e0 JavaThread "pool-1-thread-25" [_thread_blocked, id=25808, stack(0x000000cccad00000,0x000000cccae00000)]
  0x0000027476278ab0 JavaThread "pool-1-thread-26" [_thread_blocked, id=25844, stack(0x000000cccae00000,0x000000cccaf00000)]
  0x0000027476278090 JavaThread "pool-1-thread-27" [_thread_blocked, id=25912, stack(0x000000cccaf00000,0x000000cccb000000)]
  0x0000027476278fc0 JavaThread "pool-1-thread-28" [_thread_blocked, id=22356, stack(0x000000cccb000000,0x000000cccb100000)]
  0x00000274762785a0 JavaThread "pool-1-thread-29" [_thread_blocked, id=25840, stack(0x000000cccb100000,0x000000cccb200000)]
  0x00000274762794d0 JavaThread "pool-1-thread-30" [_thread_blocked, id=43648, stack(0x000000cccb200000,0x000000cccb300000)]
  0x0000027476279ef0 JavaThread "pool-1-thread-31" [_thread_blocked, id=27116, stack(0x000000cccb300000,0x000000cccb400000)]
  0x0000027476277160 JavaThread "pool-1-thread-32" [_thread_blocked, id=25664, stack(0x000000cccb400000,0x000000cccb500000)]
  0x0000027476277670 JavaThread "pool-1-thread-33" [_thread_blocked, id=25880, stack(0x000000cccb500000,0x000000cccb600000)]
  0x0000027476277b80 JavaThread "pool-1-thread-34" [_thread_blocked, id=26536, stack(0x000000cccb600000,0x000000cccb700000)]
  0x00000274064b0a30 JavaThread "pool-1-thread-35" [_thread_blocked, id=1756, stack(0x000000cccb700000,0x000000cccb800000)]
  0x00000274064b32b0 JavaThread "pool-1-thread-36" [_thread_blocked, id=3172, stack(0x000000cccb800000,0x000000cccb900000)]
  0x00000274064b0520 JavaThread "pool-1-thread-37" [_thread_blocked, id=26500, stack(0x000000cccb900000,0x000000cccba00000)]
  0x00000274064b2da0 JavaThread "pool-1-thread-38" [_thread_blocked, id=26476, stack(0x000000cccba00000,0x000000cccbb00000)]
  0x00000274064b37c0 JavaThread "pool-1-thread-39" [_thread_blocked, id=26668, stack(0x000000cccbb00000,0x000000cccbc00000)]
  0x00000274064b0010 JavaThread "pool-1-thread-40" [_thread_blocked, id=6304, stack(0x000000cccbc00000,0x000000cccbd00000)]
  0x00000274064b2380 JavaThread "pool-1-thread-41" [_thread_blocked, id=26352, stack(0x000000cccbd00000,0x000000cccbe00000)]
  0x00000274064b41e0 JavaThread "pool-1-thread-42" [_thread_blocked, id=25632, stack(0x000000cccbe00000,0x000000cccbf00000)]
  0x00000274064b3cd0 JavaThread "pool-1-thread-43" [_thread_blocked, id=25816, stack(0x000000cccbf00000,0x000000cccc000000)]
  0x00000274064b46f0 JavaThread "pool-1-thread-44" [_thread_blocked, id=26576, stack(0x000000cccc000000,0x000000cccc100000)]
  0x00000274064b0f40 JavaThread "pool-1-thread-45" [_thread_blocked, id=11416, stack(0x000000cccc100000,0x000000cccc200000)]
  0x00000274064b1450 JavaThread "pool-1-thread-46" [_thread_blocked, id=26528, stack(0x000000cccc200000,0x000000cccc300000)]
  0x00000274064b1e70 JavaThread "pool-1-thread-47" [_thread_blocked, id=22152, stack(0x000000cccc300000,0x000000cccc400000)]
  0x00000274064b4c00 JavaThread "pool-1-thread-48" [_thread_blocked, id=12980, stack(0x000000cccc400000,0x000000cccc500000)]
  0x00000274064b5110 JavaThread "pool-1-thread-49" [_thread_blocked, id=22632, stack(0x000000cccc500000,0x000000cccc600000)]
  0x00000274064b1960 JavaThread "pool-1-thread-50" [_thread_blocked, id=25736, stack(0x000000cccc600000,0x000000cccc700000)]
  0x00000274064b2890 JavaThread "pool-1-thread-51" [_thread_blocked, id=25744, stack(0x000000cccc700000,0x000000cccc800000)]
  0x00000274064b5620 JavaThread "pool-1-thread-52" [_thread_blocked, id=25752, stack(0x000000cccc800000,0x000000cccc900000)]
  0x00000274064b7990 JavaThread "pool-1-thread-53" [_thread_blocked, id=25756, stack(0x000000cccc900000,0x000000cccca00000)]
  0x00000274064b6a60 JavaThread "pool-1-thread-54" [_thread_blocked, id=25764, stack(0x000000cccca00000,0x000000ccccb00000)]
  0x00000274064b5b30 JavaThread "pool-1-thread-55" [_thread_blocked, id=25772, stack(0x000000ccccb00000,0x000000ccccc00000)]
  0x00000274064b6040 JavaThread "pool-1-thread-56" [_thread_blocked, id=25748, stack(0x000000ccccc00000,0x000000ccccd00000)]
  0x00000274064b6550 JavaThread "pool-1-thread-57" [_thread_blocked, id=25740, stack(0x000000ccccd00000,0x000000cccce00000)]
  0x00000274064b6f70 JavaThread "pool-1-thread-58" [_thread_blocked, id=25760, stack(0x000000cccce00000,0x000000ccccf00000)]
  0x00000274064b7480 JavaThread "pool-1-thread-59" [_thread_blocked, id=25768, stack(0x000000ccccf00000,0x000000cccd000000)]
  0x0000027406c1b0c0 JavaThread "pool-1-thread-60" [_thread_blocked, id=25724, stack(0x000000cccd000000,0x000000cccd100000)]
  0x0000027406c1b5d0 JavaThread "pool-1-thread-61" [_thread_blocked, id=25716, stack(0x000000cccd100000,0x000000cccd200000)]
  0x0000027406c1bae0 JavaThread "pool-1-thread-62" [_thread_blocked, id=25708, stack(0x000000cccd200000,0x000000cccd300000)]
  0x0000027406c19c80 JavaThread "pool-1-thread-63" [_thread_blocked, id=25704, stack(0x000000cccd300000,0x000000cccd400000)]
  0x0000027406c18330 JavaThread "pool-1-thread-64" [_thread_blocked, id=25692, stack(0x000000cccd400000,0x000000cccd500000)]
  0x0000027406c19260 JavaThread "pool-1-thread-65" [_thread_blocked, id=25720, stack(0x000000cccd500000,0x000000cccd600000)]
  0x0000027406c1abb0 JavaThread "pool-1-thread-66" [_thread_blocked, id=25628, stack(0x000000cccd600000,0x000000cccd700000)]
  0x0000027406c18d50 JavaThread "pool-1-thread-67" [_thread_blocked, id=25700, stack(0x000000cccd700000,0x000000cccd800000)]
  0x0000027406c19770 JavaThread "pool-1-thread-68" [_thread_blocked, id=25696, stack(0x000000cccd800000,0x000000cccd900000)]
  0x0000027406c1bff0 JavaThread "pool-1-thread-69" [_thread_blocked, id=25680, stack(0x000000cccd900000,0x000000cccda00000)]
  0x0000027406c1a190 JavaThread "pool-1-thread-70" [_thread_blocked, id=25672, stack(0x000000cccda00000,0x000000cccdb00000)]
  0x0000027406c18840 JavaThread "pool-1-thread-71" [_thread_blocked, id=25668, stack(0x000000cccdb00000,0x000000cccdc00000)]
  0x0000027406c1cf20 JavaThread "pool-1-thread-72" [_thread_blocked, id=25676, stack(0x000000cccdc00000,0x000000cccdd00000)]
  0x0000027406c1c500 JavaThread "pool-1-thread-73" [_thread_blocked, id=25640, stack(0x000000cccdd00000,0x000000cccde00000)]
  0x0000027406c1ca10 JavaThread "pool-1-thread-74" [_thread_blocked, id=26484, stack(0x000000cccde00000,0x000000cccdf00000)]
  0x0000027406c1d430 JavaThread "pool-1-thread-75" [_thread_blocked, id=25728, stack(0x000000cccdf00000,0x000000ccce000000)]
  0x0000027406c1d940 JavaThread "pool-1-thread-76" [_thread_blocked, id=25812, stack(0x000000ccce000000,0x000000ccce100000)]
  0x0000027406c1de50 JavaThread "pool-1-thread-77" [_thread_blocked, id=25872, stack(0x000000ccce100000,0x000000ccce200000)]
  0x0000027406c1a6a0 JavaThread "pool-1-thread-78" [_thread_blocked, id=25644, stack(0x000000ccce200000,0x000000ccce300000)]
  0x0000027406c1e360 JavaThread "pool-1-thread-79" [_thread_blocked, id=25656, stack(0x000000ccce300000,0x000000ccce400000)]
  0x0000027406c1e870 JavaThread "pool-1-thread-80" [_thread_blocked, id=25868, stack(0x000000ccce400000,0x000000ccce500000)]
  0x0000027406c1ed80 JavaThread "pool-1-thread-81" [_thread_blocked, id=22352, stack(0x000000ccce500000,0x000000ccce600000)]
  0x0000027406c1f290 JavaThread "pool-1-thread-82" [_thread_blocked, id=25860, stack(0x000000ccce600000,0x000000ccce700000)]
  0x0000027406c1f7a0 JavaThread "pool-1-thread-83" [_thread_blocked, id=25828, stack(0x000000ccce700000,0x000000ccce800000)]
  0x0000027406c1fcb0 JavaThread "pool-1-thread-84" [_thread_blocked, id=22360, stack(0x000000ccce800000,0x000000ccce900000)]
  0x0000027406628940 JavaThread "pool-1-thread-85" [_thread_blocked, id=20100, stack(0x000000ccce900000,0x000000cccea00000)]
  0x0000027406629360 JavaThread "pool-1-thread-86" [_thread_blocked, id=24760, stack(0x000000cccea00000,0x000000ccceb00000)]
  0x0000027406629870 JavaThread "pool-1-thread-87" [_thread_blocked, id=22336, stack(0x000000ccceb00000,0x000000cccec00000)]
  0x0000027406628e50 JavaThread "pool-1-thread-88" [_thread_blocked, id=22348, stack(0x000000cccec00000,0x000000ccced00000)]
  0x0000027406629d80 JavaThread "pool-1-thread-89" [_thread_blocked, id=26544, stack(0x000000ccced00000,0x000000cccee00000)]
  0x000002740662a7a0 JavaThread "pool-1-thread-90" [_thread_blocked, id=26628, stack(0x000000cccee00000,0x000000cccef00000)]
  0x000002740662acb0 JavaThread "pool-1-thread-91" [_thread_blocked, id=26744, stack(0x000000cccef00000,0x000000cccf000000)]
  0x000002740662bbe0 JavaThread "pool-1-thread-92" [_thread_blocked, id=26468, stack(0x000000cccf000000,0x000000cccf100000)]
  0x000002740662a290 JavaThread "pool-1-thread-93" [_thread_blocked, id=26464, stack(0x000000cccf100000,0x000000cccf200000)]
  0x0000027406628430 JavaThread "pool-1-thread-94" [_thread_blocked, id=26496, stack(0x000000cccf200000,0x000000cccf300000)]
  0x000002740662e970 JavaThread "pool-1-thread-95" [_thread_blocked, id=26492, stack(0x000000cccf300000,0x000000cccf400000)]
  0x000002740662df50 JavaThread "pool-1-thread-96" [_thread_blocked, id=26488, stack(0x000000cccf400000,0x000000cccf500000)]
  0x000002740662c0f0 JavaThread "pool-1-thread-97" [_thread_blocked, id=26472, stack(0x000000cccf500000,0x000000cccf600000)]
  0x000002740662b1c0 JavaThread "pool-1-thread-98" [_thread_blocked, id=26648, stack(0x000000cccf600000,0x000000cccf700000)]
  0x000002740662c600 JavaThread "pool-1-thread-99" [_thread_blocked, id=26644, stack(0x000000cccf700000,0x000000cccf800000)]
  0x000002740662e460 JavaThread "pool-1-thread-100" [_thread_blocked, id=26640, stack(0x000000cccf800000,0x000000cccf900000)]
  0x000002740662ee80 JavaThread "pool-1-thread-101" [_thread_blocked, id=26636, stack(0x000000cccf900000,0x000000cccfa00000)]
  0x000002740662cb10 JavaThread "pool-1-thread-102" [_thread_blocked, id=26652, stack(0x000000cccfa00000,0x000000cccfb00000)]
  0x000002740662b6d0 JavaThread "pool-1-thread-103" [_thread_blocked, id=26656, stack(0x000000cccfb00000,0x000000cccfc00000)]
  0x000002740662f390 JavaThread "pool-1-thread-104" [_thread_blocked, id=26620, stack(0x000000cccfc00000,0x000000cccfd00000)]
  0x000002740662f8a0 JavaThread "pool-1-thread-105" [_thread_blocked, id=26608, stack(0x000000cccfd00000,0x000000cccfe00000)]
  0x000002740662fdb0 JavaThread "pool-1-thread-106" [_thread_blocked, id=26604, stack(0x000000cccfe00000,0x000000cccff00000)]
  0x000002740662d020 JavaThread "pool-1-thread-107" [_thread_blocked, id=26596, stack(0x000000cccff00000,0x000000ccd0000000)]
  0x000002740662d530 JavaThread "pool-1-thread-108" [_thread_blocked, id=26616, stack(0x000000ccd0000000,0x000000ccd0100000)]
  0x000002740662da40 JavaThread "pool-1-thread-109" [_thread_blocked, id=26524, stack(0x000000ccd0100000,0x000000ccd0200000)]
  0x0000027473d338d0 JavaThread "pool-1-thread-110" [_thread_blocked, id=26520, stack(0x000000ccd0200000,0x000000ccd0300000)]
  0x0000027473d33de0 JavaThread "pool-1-thread-111" [_thread_blocked, id=26588, stack(0x000000ccd0300000,0x000000ccd0400000)]
  0x0000027473d34800 JavaThread "pool-1-thread-112" [_thread_blocked, id=26592, stack(0x000000ccd0400000,0x000000ccd0500000)]
  0x0000027473d342f0 JavaThread "pool-1-thread-113" [_thread_blocked, id=25624, stack(0x000000ccd0500000,0x000000ccd0600000)]
  0x0000027473d329a0 JavaThread "pool-1-thread-114" [_thread_blocked, id=25712, stack(0x000000ccd0600000,0x000000ccd0700000)]
  0x0000027473d34d10 JavaThread "pool-1-thread-115" [_thread_blocked, id=25684, stack(0x000000ccd0700000,0x000000ccd0800000)]
  0x0000027473d31f80 JavaThread "pool-1-thread-116" [_thread_blocked, id=25660, stack(0x000000ccd0800000,0x000000ccd0900000)]
  0x0000027473d35220 JavaThread "pool-1-thread-117" [_thread_blocked, id=11300, stack(0x000000ccd0900000,0x000000ccd0a00000)]
  0x0000027473d35730 JavaThread "pool-1-thread-118" [_thread_blocked, id=25732, stack(0x000000ccd0a00000,0x000000ccd0b00000)]
  0x0000027473d32490 JavaThread "pool-1-thread-119" [_thread_blocked, id=25616, stack(0x000000ccd0b00000,0x000000ccd0c00000)]
  0x0000027473d333c0 JavaThread "pool-1-thread-120" [_thread_blocked, id=25620, stack(0x000000ccd0c00000,0x000000ccd0d00000)]
  0x0000027473d32eb0 JavaThread "pool-1-thread-121" [_thread_blocked, id=16052, stack(0x000000ccd0d00000,0x000000ccd0e00000)]
  0x0000027406aab080 JavaThread "pool-1-thread-122" [_thread_blocked, id=4952, stack(0x000000ccd0e00000,0x000000ccd0f00000)]
  0x0000027406aabfb0 JavaThread "pool-1-thread-123" [_thread_blocked, id=22864, stack(0x000000ccd0f00000,0x000000ccd1000000)]
  0x0000027406aabaa0 JavaThread "pool-1-thread-124" [_thread_blocked, id=22868, stack(0x000000ccd1000000,0x000000ccd1100000)]
  0x0000027406aa8800 JavaThread "pool-1-thread-125" [_thread_blocked, id=22848, stack(0x000000ccd1100000,0x000000ccd1200000)]
  0x0000027406aa8d10 JavaThread "pool-1-thread-126" [_thread_blocked, id=22888, stack(0x000000ccd1200000,0x000000ccd1300000)]
  0x0000027406aaa150 JavaThread "pool-1-thread-127" [_thread_blocked, id=22876, stack(0x000000ccd1300000,0x000000ccd1400000)]
  0x0000027406aaa660 JavaThread "pool-1-thread-128" [_thread_blocked, id=22856, stack(0x000000ccd1400000,0x000000ccd1500000)]
  0x0000027406aac9d0 JavaThread "pool-1-thread-129" [_thread_blocked, id=27076, stack(0x000000ccd1500000,0x000000ccd1600000)]
  0x0000027406aaab70 JavaThread "pool-1-thread-130" [_thread_blocked, id=27056, stack(0x000000ccd1600000,0x000000ccd1700000)]
  0x0000027406aac4c0 JavaThread "pool-1-thread-131" [_thread_blocked, id=26980, stack(0x000000ccd1700000,0x000000ccd1800000)]
  0x0000027406aacee0 JavaThread "pool-1-thread-132" [_thread_blocked, id=26956, stack(0x000000ccd1800000,0x000000ccd1900000)]
  0x0000027406aa9220 JavaThread "pool-1-thread-133" [_thread_blocked, id=26964, stack(0x000000ccd1900000,0x000000ccd1a00000)]
  0x0000027406aab590 JavaThread "pool-1-thread-134" [_thread_blocked, id=26984, stack(0x000000ccd1a00000,0x000000ccd1b00000)]
  0x0000027406aa9730 JavaThread "pool-1-thread-135" [_thread_blocked, id=26976, stack(0x000000ccd1b00000,0x000000ccd1c00000)]
  0x0000027406aa9c40 JavaThread "pool-1-thread-136" [_thread_blocked, id=26968, stack(0x000000ccd1c00000,0x000000ccd1d00000)]
  0x0000027406aade10 JavaThread "pool-1-thread-137" [_thread_blocked, id=27088, stack(0x000000ccd1d00000,0x000000ccd1e00000)]
  0x0000027406aad900 JavaThread "pool-1-thread-138" [_thread_blocked, id=27068, stack(0x000000ccd1e00000,0x000000ccd1f00000)]
  0x0000027406aaf760 JavaThread "pool-1-thread-139" [_thread_blocked, id=27052, stack(0x000000ccd1f00000,0x000000ccd2000000)]
  0x0000027406aaed40 JavaThread "pool-1-thread-140" [_thread_blocked, id=27080, stack(0x000000ccd2000000,0x000000ccd2100000)]
  0x0000027406aad3f0 JavaThread "pool-1-thread-141" [_thread_blocked, id=21204, stack(0x000000ccd2100000,0x000000ccd2200000)]
  0x0000027406aae320 JavaThread "pool-1-thread-142" [_thread_blocked, id=26972, stack(0x000000ccd2200000,0x000000ccd2300000)]
  0x0000027406aaf250 JavaThread "pool-1-thread-143" [_thread_blocked, id=22904, stack(0x000000ccd2300000,0x000000ccd2400000)]
  0x0000027406aae830 JavaThread "pool-1-thread-144" [_thread_blocked, id=23924, stack(0x000000ccd2400000,0x000000ccd2500000)]
  0x0000027406aafc70 JavaThread "pool-1-thread-145" [_thread_blocked, id=22908, stack(0x000000ccd2500000,0x000000ccd2600000)]
  0x0000027406ab0180 JavaThread "pool-1-thread-146" [_thread_blocked, id=22920, stack(0x000000ccd2600000,0x000000ccd2700000)]
  0x0000027406b9b460 JavaThread "pool-1-thread-147" [_thread_blocked, id=22916, stack(0x000000ccd2700000,0x000000ccd2800000)]
  0x0000027406b9c390 JavaThread "pool-1-thread-148" [_thread_blocked, id=22912, stack(0x000000ccd2800000,0x000000ccd2900000)]
  0x0000027406b9af50 JavaThread "pool-1-thread-149" [_thread_blocked, id=22840, stack(0x000000ccd2900000,0x000000ccd2a00000)]
  0x0000027406b9b970 JavaThread "pool-1-thread-150" [_thread_blocked, id=22932, stack(0x000000ccd2a00000,0x000000ccd2b00000)]
  0x0000027406b9cdb0 JavaThread "pool-1-thread-151" [_thread_blocked, id=26772, stack(0x000000ccd2b00000,0x000000ccd2c00000)]
  0x0000027406b9dce0 JavaThread "pool-1-thread-152" [_thread_blocked, id=22836, stack(0x000000ccd2c00000,0x000000ccd2d00000)]
  0x0000027406b9d7d0 JavaThread "pool-1-thread-153" [_thread_blocked, id=22860, stack(0x000000ccd2d00000,0x000000ccd2e00000)]
  0x0000027406b9d2c0 JavaThread "pool-1-thread-154" [_thread_blocked, id=22880, stack(0x000000ccd2e00000,0x000000ccd2f00000)]
  0x0000027406b9e1f0 JavaThread "pool-1-thread-155" [_thread_blocked, id=22896, stack(0x000000ccd2f00000,0x000000ccd3000000)]
  0x0000027406b9c8a0 JavaThread "pool-1-thread-156" [_thread_blocked, id=22832, stack(0x000000ccd3000000,0x000000ccd3100000)]
  0x0000027406b9e700 JavaThread "pool-1-thread-157" [_thread_blocked, id=22900, stack(0x000000ccd3100000,0x000000ccd3200000)]
  0x0000027406b9be80 JavaThread "pool-1-thread-158" [_thread_blocked, id=22872, stack(0x000000ccd3200000,0x000000ccd3300000)]
  0x0000027406ba0f80 JavaThread "pool-1-thread-159" [_thread_blocked, id=22892, stack(0x000000ccd3300000,0x000000ccd3400000)]
  0x0000027406ba1eb0 JavaThread "pool-1-thread-160" [_thread_blocked, id=22852, stack(0x000000ccd3400000,0x000000ccd3500000)]
  0x0000027406b9f120 JavaThread "pool-1-thread-161" [_thread_blocked, id=22884, stack(0x000000ccd3500000,0x000000ccd3600000)]
  0x0000027406ba23c0 JavaThread "pool-1-thread-162" [_thread_blocked, id=22844, stack(0x000000ccd3600000,0x000000ccd3700000)]
  0x0000027406b9f630 JavaThread "pool-1-thread-163" [_thread_blocked, id=46032, stack(0x000000ccd3700000,0x000000ccd3800000)]
  0x0000027406ba0050 JavaThread "pool-1-thread-164" [_thread_blocked, id=22828, stack(0x000000ccd3800000,0x000000ccd3900000)]
  0x0000027406ba1490 JavaThread "pool-1-thread-165" [_thread_blocked, id=3596, stack(0x000000ccd3900000,0x000000ccd3a00000)]
  0x0000027406b9ec10 JavaThread "pool-1-thread-166" [_thread_blocked, id=22148, stack(0x000000ccd3a00000,0x000000ccd3b00000)]
  0x0000027406ba19a0 JavaThread "pool-1-thread-167" [_thread_blocked, id=27064, stack(0x000000ccd3b00000,0x000000ccd3c00000)]
  0x0000027406ba28d0 JavaThread "pool-1-thread-168" [_thread_blocked, id=27016, stack(0x000000ccd3c00000,0x000000ccd3d00000)]
  0x0000027406b9fb40 JavaThread "pool-1-thread-169" [_thread_blocked, id=27028, stack(0x000000ccd3d00000,0x000000ccd3e00000)]
  0x0000027406ba0560 JavaThread "pool-1-thread-170" [_thread_blocked, id=27032, stack(0x000000ccd3e00000,0x000000ccd3f00000)]
  0x0000027406ba0a70 JavaThread "pool-1-thread-171" [_thread_blocked, id=27272, stack(0x000000ccd3f00000,0x000000ccd4000000)]
  0x0000027406c9f970 JavaThread "pool-1-thread-172" [_thread_blocked, id=27244, stack(0x000000ccd4000000,0x000000ccd4100000)]
  0x0000027406ca08a0 JavaThread "pool-1-thread-173" [_thread_blocked, id=27284, stack(0x000000ccd4100000,0x000000ccd4200000)]
  0x0000027406c9e530 JavaThread "pool-1-thread-174" [_thread_blocked, id=27232, stack(0x000000ccd4200000,0x000000ccd4300000)]
  0x0000027406c9ea40 JavaThread "pool-1-thread-175" [_thread_blocked, id=27236, stack(0x000000ccd4300000,0x000000ccd4400000)]
  0x0000027406ca0db0 JavaThread "pool-1-thread-176" [_thread_blocked, id=27296, stack(0x000000ccd4400000,0x000000ccd4500000)]
  0x0000027406ca12c0 JavaThread "pool-1-thread-177" [_thread_blocked, id=27292, stack(0x000000ccd4500000,0x000000ccd4600000)]
  0x0000027406c9ef50 JavaThread "pool-1-thread-178" [_thread_blocked, id=27288, stack(0x000000ccd4600000,0x000000ccd4700000)]
  0x0000027406c9f460 JavaThread "pool-1-thread-179" [_thread_blocked, id=27260, stack(0x000000ccd4700000,0x000000ccd4800000)]
  0x0000027406c9fe80 JavaThread "pool-1-thread-180" [_thread_blocked, id=27264, stack(0x000000ccd4800000,0x000000ccd4900000)]
  0x0000027406ca0390 JavaThread "pool-1-thread-181" [_thread_blocked, id=27300, stack(0x000000ccd4900000,0x000000ccd4a00000)]
  0x0000027406c9e020 JavaThread "pool-1-thread-182" [_thread_blocked, id=27208, stack(0x000000ccd4a00000,0x000000ccd4b00000)]
  0x0000027406ca3630 JavaThread "pool-1-thread-183" [_thread_blocked, id=27140, stack(0x000000ccd4b00000,0x000000ccd4c00000)]
  0x0000027406ca4560 JavaThread "pool-1-thread-184" [_thread_blocked, id=27144, stack(0x000000ccd4c00000,0x000000ccd4d00000)]
  0x0000027406ca4a70 JavaThread "pool-1-thread-185" [_thread_blocked, id=27156, stack(0x000000ccd4d00000,0x000000ccd4e00000)]
  0x0000027406ca21f0 JavaThread "pool-1-thread-186" [_thread_blocked, id=27192, stack(0x000000ccd4e00000,0x000000ccd4f00000)]
  0x0000027406ca3b40 JavaThread "pool-1-thread-187" [_thread_blocked, id=27220, stack(0x000000ccd4f00000,0x000000ccd5000000)]
  0x0000027406ca2c10 JavaThread "pool-1-thread-188" [_thread_blocked, id=27240, stack(0x000000ccd5000000,0x000000ccd5100000)]
  0x0000027406ca3120 JavaThread "pool-1-thread-189" [_thread_blocked, id=27224, stack(0x000000ccd5100000,0x000000ccd5200000)]
  0x0000027406ca4050 JavaThread "pool-1-thread-190" [_thread_blocked, id=27228, stack(0x000000ccd5200000,0x000000ccd5300000)]
  0x0000027406ca4f80 JavaThread "pool-1-thread-191" [_thread_blocked, id=27200, stack(0x000000ccd5300000,0x000000ccd5400000)]
  0x0000027406ca17d0 JavaThread "pool-1-thread-192" [_thread_blocked, id=27252, stack(0x000000ccd5400000,0x000000ccd5500000)]
  0x0000027406ca5490 JavaThread "pool-1-thread-193" [_thread_blocked, id=2228, stack(0x000000ccd5500000,0x000000ccd5600000)]
  0x0000027406ca2700 JavaThread "pool-1-thread-194" [_thread_blocked, id=46028, stack(0x000000ccd5600000,0x000000ccd5700000)]
  0x0000027406ca1ce0 JavaThread "pool-1-thread-195" [_thread_blocked, id=21108, stack(0x000000ccd5700000,0x000000ccd5800000)]
  0x0000027406ca59a0 JavaThread "pool-1-thread-196" [_thread_blocked, id=21104, stack(0x000000ccd5800000,0x000000ccd5900000)]
  0x0000027406cf4a20 JavaThread "pool-1-thread-197" [_thread_blocked, id=27216, stack(0x000000ccd5900000,0x000000ccd5a00000)]
  0x0000027406cf4f30 JavaThread "pool-1-thread-198" [_thread_blocked, id=27256, stack(0x000000ccd5a00000,0x000000ccd5b00000)]
  0x0000027406cf3af0 JavaThread "pool-1-thread-199" [_thread_blocked, id=11044, stack(0x000000ccd5b00000,0x000000ccd5c00000)]
  0x0000027406cf5440 JavaThread "pool-1-thread-200" [_thread_blocked, id=19428, stack(0x000000ccd5c00000,0x000000ccd5d00000)]
  0x0000027406cf5950 JavaThread "AWT-Shutdown" [_thread_blocked, id=28588, stack(0x000000ccc9400000,0x000000ccc9500000)]

Other Threads:
=>0x000002742dd21910 VMThread "VM Thread" [stack: 0x000000ccc7100000,0x000000ccc7200000] [id=38724]
  0x0000027411f2f7a0 GCTaskThread "GC Thread#0" [stack: 0x000000ccc6c00000,0x000000ccc6d00000] [id=17604]
  0x000002747568c9d0 GCTaskThread "GC Thread#1" [stack: 0x000000ccc8900000,0x000000ccc8a00000] [id=25504]
  0x000002747568cc90 GCTaskThread "GC Thread#2" [stack: 0x000000ccc8a00000,0x000000ccc8b00000] [id=25536]
  0x000002747568d360 GCTaskThread "GC Thread#3" [stack: 0x000000ccc8b00000,0x000000ccc8c00000] [id=14808]
  0x000002747568d620 GCTaskThread "GC Thread#4" [stack: 0x000000ccc8c00000,0x000000ccc8d00000] [id=23016]
  0x000002747568e0f0 GCTaskThread "GC Thread#5" [stack: 0x000000ccc8d00000,0x000000ccc8e00000] [id=23020]
  0x00000274756c8a10 GCTaskThread "GC Thread#6" [stack: 0x000000ccc8e00000,0x000000ccc8f00000] [id=22144]
  0x00000274756c8cd0 GCTaskThread "GC Thread#7" [stack: 0x000000ccc8f00000,0x000000ccc9000000] [id=25648]
  0x0000027411f38600 ConcurrentGCThread "G1 Main Marker" terminated
  0x0000027411f38f30 ConcurrentGCThread "G1 Conc#0" [stack: 0x000000ccc6e00000,0x000000ccc6f00000] [id=44940]
  0x0000027406626e20 ConcurrentGCThread "G1 Conc#1" [stack: 0x000000ccd5e00000,0x000000ccd5f00000] [id=7748]
  0x0000027411f8fe90 ConcurrentGCThread "G1 Refine#0" terminated
  0x0000027411f93590 ConcurrentGCThread "G1 Service" terminated

Threads with active compile tasks:

VM state: at safepoint (shutting down)

VM Mutex/Monitor currently owned by a thread:  ([mutex/lock_event])
[0x000002740fc15980] Threads_lock - owner thread: 0x000002742dd21910
[0x000002740fc7ca90] Heap_lock - owner thread: 0x0000027475e455b0

Heap address: 0x00000000c0000000, size: 1024 MB, Compressed Oops mode: 32-bit

CDS archive(s) mapped at: [0x000002742e000000-0x000002742ebb0000-0x000002742ebb0000), size 12255232, SharedBaseAddress: 0x000002742e000000, ArchiveRelocationMode: 1.
Compressed class space mapped at: 0x000002742f000000-0x000002746f000000, reserved size: 1073741824
Narrow klass base: 0x000002742e000000, Narrow klass shift: 0, Narrow klass range: 0x100000000

GC Precious Log:
 CPUs: 8 total, 8 available
 Memory: 7975M
 Large Page Support: Disabled
 NUMA Support: Disabled
 Compressed Oops: Enabled (32-bit)
 Heap Region Size: 1M
 Heap Min Capacity: 64M
 Heap Initial Capacity: 64M
 Heap Max Capacity: 1G
 Pre-touch: Disabled
 Parallel Workers: 8
 Concurrent Workers: 2
 Concurrent Refinement Workers: 8
 Periodic GC: Disabled

Heap:
 garbage-first heap   total 265216K, used 185219K [0x00000000c0000000, 0x0000000100000000)
  region size 1024K, 36 young (36864K), 3 survivors (3072K)
 Metaspace       used 13266K, committed 13504K, reserved 1114112K
  class space    used 918K, committed 1024K, reserved 1048576K

Heap Regions: E=young(eden), S=young(survivor), O=old, HS=humongous(starts), HC=humongous(continues), CS=collection set, F=free, OA=open archive, CA=closed archive, TAMS=top-at-mark-start (previous, next)
|   0|0x00000000c0000000, 0x00000000c0100000, 0x00000000c0100000|100%| O|  |TAMS 0x00000000c0100000, 0x00000000c0000000| Untracked 
|   1|0x00000000c0100000, 0x00000000c0200000, 0x00000000c0200000|100%| O|  |TAMS 0x00000000c0200000, 0x00000000c0100000| Untracked 
|   2|0x00000000c0200000, 0x00000000c0300000, 0x00000000c0300000|100%| O|  |TAMS 0x00000000c0300000, 0x00000000c0200000| Untracked 
|   3|0x00000000c0300000, 0x00000000c0400000, 0x00000000c0400000|100%| O|  |TAMS 0x00000000c0400000, 0x00000000c0300000| Untracked 
|   4|0x00000000c0400000, 0x00000000c0500000, 0x00000000c0500000|100%| O|  |TAMS 0x00000000c0500000, 0x00000000c0400000| Untracked 
|   5|0x00000000c0500000, 0x00000000c0600000, 0x00000000c0600000|100%| O|  |TAMS 0x00000000c0600000, 0x00000000c0500000| Untracked 
|   6|0x00000000c0600000, 0x00000000c0700000, 0x00000000c0700000|100%| O|  |TAMS 0x00000000c0700000, 0x00000000c0600000| Untracked 
|   7|0x00000000c0700000, 0x00000000c0800000, 0x00000000c0800000|100%| O|  |TAMS 0x00000000c0800000, 0x00000000c0700000| Untracked 
|   8|0x00000000c0800000, 0x00000000c0900000, 0x00000000c0900000|100%| O|  |TAMS 0x00000000c0900000, 0x00000000c0800000| Untracked 
|   9|0x00000000c0900000, 0x00000000c0a00000, 0x00000000c0a00000|100%| O|  |TAMS 0x00000000c0a00000, 0x00000000c0900000| Untracked 
|  10|0x00000000c0a00000, 0x00000000c0a00000, 0x00000000c0b00000|  0%| F|  |TAMS 0x00000000c0a00000, 0x00000000c0a00000| Untracked 
|  11|0x00000000c0b00000, 0x00000000c0c00000, 0x00000000c0c00000|100%| O|  |TAMS 0x00000000c0c00000, 0x00000000c0b00000| Untracked 
|  12|0x00000000c0c00000, 0x00000000c0cc4e00, 0x00000000c0d00000| 76%| O|  |TAMS 0x00000000c0cc4e00, 0x00000000c0c00000| Untracked 
|  13|0x00000000c0d00000, 0x00000000c0e00000, 0x00000000c0e00000|100%| O|  |TAMS 0x00000000c0e00000, 0x00000000c0d00000| Untracked 
|  14|0x00000000c0e00000, 0x00000000c0e00000, 0x00000000c0f00000|  0%| F|  |TAMS 0x00000000c0e00000, 0x00000000c0e00000| Untracked 
|  15|0x00000000c0f00000, 0x00000000c0f00000, 0x00000000c1000000|  0%| F|  |TAMS 0x00000000c0f00000, 0x00000000c0f00000| Untracked 
|  16|0x00000000c1000000, 0x00000000c1100000, 0x00000000c1100000|100%|HS|  |TAMS 0x00000000c1100000, 0x00000000c1000000| Complete 
|  17|0x00000000c1100000, 0x00000000c1200000, 0x00000000c1200000|100%|HS|  |TAMS 0x00000000c1200000, 0x00000000c1100000| Complete 
|  18|0x00000000c1200000, 0x00000000c1300000, 0x00000000c1300000|100%|HS|  |TAMS 0x00000000c1300000, 0x00000000c1200000| Complete 
|  19|0x00000000c1300000, 0x00000000c1400000, 0x00000000c1400000|100%|HS|  |TAMS 0x00000000c1400000, 0x00000000c1300000| Complete 
|  20|0x00000000c1400000, 0x00000000c1500000, 0x00000000c1500000|100%|HC|  |TAMS 0x00000000c1500000, 0x00000000c1400000| Complete 
|  21|0x00000000c1500000, 0x00000000c1600000, 0x00000000c1600000|100%|HC|  |TAMS 0x00000000c1600000, 0x00000000c1500000| Complete 
|  22|0x00000000c1600000, 0x00000000c1700000, 0x00000000c1700000|100%|HC|  |TAMS 0x00000000c1700000, 0x00000000c1600000| Complete 
|  23|0x00000000c1700000, 0x00000000c1800000, 0x00000000c1800000|100%|HC|  |TAMS 0x00000000c1800000, 0x00000000c1700000| Complete 
|  24|0x00000000c1800000, 0x00000000c1900000, 0x00000000c1900000|100%|HC|  |TAMS 0x00000000c1900000, 0x00000000c1800000| Complete 
|  25|0x00000000c1900000, 0x00000000c1a00000, 0x00000000c1a00000|100%|HC|  |TAMS 0x00000000c1a00000, 0x00000000c1900000| Complete 
|  26|0x00000000c1a00000, 0x00000000c1b00000, 0x00000000c1b00000|100%|HC|  |TAMS 0x00000000c1b00000, 0x00000000c1a00000| Complete 
|  27|0x00000000c1b00000, 0x00000000c1c00000, 0x00000000c1c00000|100%|HC|  |TAMS 0x00000000c1c00000, 0x00000000c1b00000| Complete 
|  28|0x00000000c1c00000, 0x00000000c1d00000, 0x00000000c1d00000|100%|HC|  |TAMS 0x00000000c1d00000, 0x00000000c1c00000| Complete 
|  29|0x00000000c1d00000, 0x00000000c1e00000, 0x00000000c1e00000|100%|HC|  |TAMS 0x00000000c1e00000, 0x00000000c1d00000| Complete 
|  30|0x00000000c1e00000, 0x00000000c1f00000, 0x00000000c1f00000|100%|HC|  |TAMS 0x00000000c1f00000, 0x00000000c1e00000| Complete 
|  31|0x00000000c1f00000, 0x00000000c2000000, 0x00000000c2000000|100%|HC|  |TAMS 0x00000000c2000000, 0x00000000c1f00000| Complete 
|  32|0x00000000c2000000, 0x00000000c2100000, 0x00000000c2100000|100%|HC|  |TAMS 0x00000000c2100000, 0x00000000c2000000| Complete 
|  33|0x00000000c2100000, 0x00000000c2200000, 0x00000000c2200000|100%|HC|  |TAMS 0x00000000c2200000, 0x00000000c2100000| Complete 
|  34|0x00000000c2200000, 0x00000000c2300000, 0x00000000c2300000|100%|HC|  |TAMS 0x00000000c2300000, 0x00000000c2200000| Complete 
|  35|0x00000000c2300000, 0x00000000c2400000, 0x00000000c2400000|100%|HC|  |TAMS 0x00000000c2400000, 0x00000000c2300000| Complete 
|  36|0x00000000c2400000, 0x00000000c2500000, 0x00000000c2500000|100%|HC|  |TAMS 0x00000000c2500000, 0x00000000c2400000| Complete 
|  37|0x00000000c2500000, 0x00000000c2600000, 0x00000000c2600000|100%|HC|  |TAMS 0x00000000c2600000, 0x00000000c2500000| Complete 
|  38|0x00000000c2600000, 0x00000000c2700000, 0x00000000c2700000|100%|HC|  |TAMS 0x00000000c2700000, 0x00000000c2600000| Complete 
|  39|0x00000000c2700000, 0x00000000c2800000, 0x00000000c2800000|100%|HC|  |TAMS 0x00000000c2800000, 0x00000000c2700000| Complete 
|  40|0x00000000c2800000, 0x00000000c2900000, 0x00000000c2900000|100%|HC|  |TAMS 0x00000000c2900000, 0x00000000c2800000| Complete 
|  41|0x00000000c2900000, 0x00000000c2a00000, 0x00000000c2a00000|100%|HC|  |TAMS 0x00000000c2a00000, 0x00000000c2900000| Complete 
|  42|0x00000000c2a00000, 0x00000000c2b00000, 0x00000000c2b00000|100%|HC|  |TAMS 0x00000000c2b00000, 0x00000000c2a00000| Complete 
|  43|0x00000000c2b00000, 0x00000000c2c00000, 0x00000000c2c00000|100%|HC|  |TAMS 0x00000000c2c00000, 0x00000000c2b00000| Complete 
|  44|0x00000000c2c00000, 0x00000000c2d00000, 0x00000000c2d00000|100%|HC|  |TAMS 0x00000000c2d00000, 0x00000000c2c00000| Complete 
|  45|0x00000000c2d00000, 0x00000000c2e00000, 0x00000000c2e00000|100%|HC|  |TAMS 0x00000000c2e00000, 0x00000000c2d00000| Complete 
|  46|0x00000000c2e00000, 0x00000000c2f00000, 0x00000000c2f00000|100%|HC|  |TAMS 0x00000000c2f00000, 0x00000000c2e00000| Complete 
|  47|0x00000000c2f00000, 0x00000000c3000000, 0x00000000c3000000|100%|HC|  |TAMS 0x00000000c3000000, 0x00000000c2f00000| Complete 
|  48|0x00000000c3000000, 0x00000000c3100000, 0x00000000c3100000|100%|HC|  |TAMS 0x00000000c3100000, 0x00000000c3000000| Complete 
|  49|0x00000000c3100000, 0x00000000c3200000, 0x00000000c3200000|100%|HC|  |TAMS 0x00000000c3200000, 0x00000000c3100000| Complete 
|  50|0x00000000c3200000, 0x00000000c3300000, 0x00000000c3300000|100%|HC|  |TAMS 0x00000000c3300000, 0x00000000c3200000| Complete 
|  51|0x00000000c3300000, 0x00000000c3400000, 0x00000000c3400000|100%|HC|  |TAMS 0x00000000c3400000, 0x00000000c3300000| Complete 
|  52|0x00000000c3400000, 0x00000000c3400000, 0x00000000c3500000|  0%| F|  |TAMS 0x00000000c3400000, 0x00000000c3400000| Untracked 
|  53|0x00000000c3500000, 0x00000000c3500000, 0x00000000c3600000|  0%| F|  |TAMS 0x00000000c3500000, 0x00000000c3500000| Untracked 
|  54|0x00000000c3600000, 0x00000000c3600000, 0x00000000c3700000|  0%| F|  |TAMS 0x00000000c3600000, 0x00000000c3600000| Untracked 
|  55|0x00000000c3700000, 0x00000000c3800000, 0x00000000c3800000|100%| O|  |TAMS 0x00000000c3800000, 0x00000000c3700000| Untracked 
|  56|0x00000000c3800000, 0x00000000c3900000, 0x00000000c3900000|100%| O|  |TAMS 0x00000000c3900000, 0x00000000c3800000| Untracked 
|  57|0x00000000c3900000, 0x00000000c3900000, 0x00000000c3a00000|  0%| F|  |TAMS 0x00000000c3900000, 0x00000000c3900000| Untracked 
|  58|0x00000000c3a00000, 0x00000000c3a00000, 0x00000000c3b00000|  0%| F|  |TAMS 0x00000000c3a00000, 0x00000000c3a00000| Untracked 
|  59|0x00000000c3b00000, 0x00000000c3b00000, 0x00000000c3c00000|  0%| F|  |TAMS 0x00000000c3b00000, 0x00000000c3b00000| Untracked 
|  60|0x00000000c3c00000, 0x00000000c3c00000, 0x00000000c3d00000|  0%| F|  |TAMS 0x00000000c3c00000, 0x00000000c3c00000| Untracked 
|  61|0x00000000c3d00000, 0x00000000c3d00000, 0x00000000c3e00000|  0%| F|  |TAMS 0x00000000c3d00000, 0x00000000c3d00000| Untracked 
|  62|0x00000000c3e00000, 0x00000000c3e00000, 0x00000000c3f00000|  0%| F|  |TAMS 0x00000000c3e00000, 0x00000000c3e00000| Untracked 
|  63|0x00000000c3f00000, 0x00000000c4000000, 0x00000000c4000000|100%|HS|  |TAMS 0x00000000c4000000, 0x00000000c3f00000| Complete 
|  64|0x00000000c4000000, 0x00000000c4100000, 0x00000000c4100000|100%|HC|  |TAMS 0x00000000c4100000, 0x00000000c4000000| Complete 
|  65|0x00000000c4100000, 0x00000000c4200000, 0x00000000c4200000|100%|HC|  |TAMS 0x00000000c4200000, 0x00000000c4100000| Complete 
|  66|0x00000000c4200000, 0x00000000c4300000, 0x00000000c4300000|100%|HC|  |TAMS 0x00000000c4300000, 0x00000000c4200000| Complete 
|  67|0x00000000c4300000, 0x00000000c4400000, 0x00000000c4400000|100%|HC|  |TAMS 0x00000000c4400000, 0x00000000c4300000| Complete 
|  68|0x00000000c4400000, 0x00000000c4500000, 0x00000000c4500000|100%|HC|  |TAMS 0x00000000c4500000, 0x00000000c4400000| Complete 
|  69|0x00000000c4500000, 0x00000000c4600000, 0x00000000c4600000|100%|HC|  |TAMS 0x00000000c4600000, 0x00000000c4500000| Complete 
|  70|0x00000000c4600000, 0x00000000c4700000, 0x00000000c4700000|100%|HC|  |TAMS 0x00000000c4700000, 0x00000000c4600000| Complete 
|  71|0x00000000c4700000, 0x00000000c4800000, 0x00000000c4800000|100%|HC|  |TAMS 0x00000000c4800000, 0x00000000c4700000| Complete 
|  72|0x00000000c4800000, 0x00000000c4900000, 0x00000000c4900000|100%|HS|  |TAMS 0x00000000c4900000, 0x00000000c4800000| Complete 
|  73|0x00000000c4900000, 0x00000000c4a00000, 0x00000000c4a00000|100%|HC|  |TAMS 0x00000000c4a00000, 0x00000000c4900000| Complete 
|  74|0x00000000c4a00000, 0x00000000c4b00000, 0x00000000c4b00000|100%|HC|  |TAMS 0x00000000c4b00000, 0x00000000c4a00000| Complete 
|  75|0x00000000c4b00000, 0x00000000c4c00000, 0x00000000c4c00000|100%|HC|  |TAMS 0x00000000c4c00000, 0x00000000c4b00000| Complete 
|  76|0x00000000c4c00000, 0x00000000c4d00000, 0x00000000c4d00000|100%|HC|  |TAMS 0x00000000c4d00000, 0x00000000c4c00000| Complete 
|  77|0x00000000c4d00000, 0x00000000c4e00000, 0x00000000c4e00000|100%|HC|  |TAMS 0x00000000c4e00000, 0x00000000c4d00000| Complete 
|  78|0x00000000c4e00000, 0x00000000c4f00000, 0x00000000c4f00000|100%|HC|  |TAMS 0x00000000c4f00000, 0x00000000c4e00000| Complete 
|  79|0x00000000c4f00000, 0x00000000c5000000, 0x00000000c5000000|100%|HC|  |TAMS 0x00000000c5000000, 0x00000000c4f00000| Complete 
|  80|0x00000000c5000000, 0x00000000c5100000, 0x00000000c5100000|100%|HC|  |TAMS 0x00000000c5100000, 0x00000000c5000000| Complete 
|  81|0x00000000c5100000, 0x00000000c5200000, 0x00000000c5200000|100%|HC|  |TAMS 0x00000000c5200000, 0x00000000c5100000| Complete 
|  82|0x00000000c5200000, 0x00000000c5300000, 0x00000000c5300000|100%|HC|  |TAMS 0x00000000c5300000, 0x00000000c5200000| Complete 
|  83|0x00000000c5300000, 0x00000000c5400000, 0x00000000c5400000|100%|HC|  |TAMS 0x00000000c5400000, 0x00000000c5300000| Complete 
|  84|0x00000000c5400000, 0x00000000c5500000, 0x00000000c5500000|100%|HC|  |TAMS 0x00000000c5500000, 0x00000000c5400000| Complete 
|  85|0x00000000c5500000, 0x00000000c5600000, 0x00000000c5600000|100%|HC|  |TAMS 0x00000000c5600000, 0x00000000c5500000| Complete 
|  86|0x00000000c5600000, 0x00000000c5700000, 0x00000000c5700000|100%|HC|  |TAMS 0x00000000c5700000, 0x00000000c5600000| Complete 
|  87|0x00000000c5700000, 0x00000000c5800000, 0x00000000c5800000|100%|HC|  |TAMS 0x00000000c5800000, 0x00000000c5700000| Complete 
|  88|0x00000000c5800000, 0x00000000c5900000, 0x00000000c5900000|100%|HC|  |TAMS 0x00000000c5900000, 0x00000000c5800000| Complete 
|  89|0x00000000c5900000, 0x00000000c5a00000, 0x00000000c5a00000|100%|HC|  |TAMS 0x00000000c5a00000, 0x00000000c5900000| Complete 
|  90|0x00000000c5a00000, 0x00000000c5b00000, 0x00000000c5b00000|100%|HC|  |TAMS 0x00000000c5b00000, 0x00000000c5a00000| Complete 
|  91|0x00000000c5b00000, 0x00000000c5c00000, 0x00000000c5c00000|100%|HC|  |TAMS 0x00000000c5c00000, 0x00000000c5b00000| Complete 
|  92|0x00000000c5c00000, 0x00000000c5d00000, 0x00000000c5d00000|100%|HC|  |TAMS 0x00000000c5d00000, 0x00000000c5c00000| Complete 
|  93|0x00000000c5d00000, 0x00000000c5e00000, 0x00000000c5e00000|100%|HC|  |TAMS 0x00000000c5e00000, 0x00000000c5d00000| Complete 
|  94|0x00000000c5e00000, 0x00000000c5f00000, 0x00000000c5f00000|100%|HC|  |TAMS 0x00000000c5f00000, 0x00000000c5e00000| Complete 
|  95|0x00000000c5f00000, 0x00000000c6000000, 0x00000000c6000000|100%|HC|  |TAMS 0x00000000c6000000, 0x00000000c5f00000| Complete 
|  96|0x00000000c6000000, 0x00000000c6100000, 0x00000000c6100000|100%|HC|  |TAMS 0x00000000c6100000, 0x00000000c6000000| Complete 
|  97|0x00000000c6100000, 0x00000000c6200000, 0x00000000c6200000|100%|HS|  |TAMS 0x00000000c6200000, 0x00000000c6100000| Complete 
|  98|0x00000000c6200000, 0x00000000c6300000, 0x00000000c6300000|100%|HC|  |TAMS 0x00000000c6300000, 0x00000000c6200000| Complete 
|  99|0x00000000c6300000, 0x00000000c6400000, 0x00000000c6400000|100%|HC|  |TAMS 0x00000000c6400000, 0x00000000c6300000| Complete 
| 100|0x00000000c6400000, 0x00000000c6500000, 0x00000000c6500000|100%|HC|  |TAMS 0x00000000c6500000, 0x00000000c6400000| Complete 
| 101|0x00000000c6500000, 0x00000000c6600000, 0x00000000c6600000|100%|HC|  |TAMS 0x00000000c6600000, 0x00000000c6500000| Complete 
| 102|0x00000000c6600000, 0x00000000c6700000, 0x00000000c6700000|100%|HC|  |TAMS 0x00000000c6700000, 0x00000000c6600000| Complete 
| 103|0x00000000c6700000, 0x00000000c6800000, 0x00000000c6800000|100%|HC|  |TAMS 0x00000000c6800000, 0x00000000c6700000| Complete 
| 104|0x00000000c6800000, 0x00000000c6900000, 0x00000000c6900000|100%|HC|  |TAMS 0x00000000c6900000, 0x00000000c6800000| Complete 
| 105|0x00000000c6900000, 0x00000000c6a00000, 0x00000000c6a00000|100%|HC|  |TAMS 0x00000000c6a00000, 0x00000000c6900000| Complete 
| 106|0x00000000c6a00000, 0x00000000c6b00000, 0x00000000c6b00000|100%|HC|  |TAMS 0x00000000c6b00000, 0x00000000c6a00000| Complete 
| 107|0x00000000c6b00000, 0x00000000c6c00000, 0x00000000c6c00000|100%|HC|  |TAMS 0x00000000c6c00000, 0x00000000c6b00000| Complete 
| 108|0x00000000c6c00000, 0x00000000c6d00000, 0x00000000c6d00000|100%|HC|  |TAMS 0x00000000c6d00000, 0x00000000c6c00000| Complete 
| 109|0x00000000c6d00000, 0x00000000c6e00000, 0x00000000c6e00000|100%|HC|  |TAMS 0x00000000c6e00000, 0x00000000c6d00000| Complete 
| 110|0x00000000c6e00000, 0x00000000c6f00000, 0x00000000c6f00000|100%|HC|  |TAMS 0x00000000c6f00000, 0x00000000c6e00000| Complete 
| 111|0x00000000c6f00000, 0x00000000c7000000, 0x00000000c7000000|100%|HC|  |TAMS 0x00000000c7000000, 0x00000000c6f00000| Complete 
| 112|0x00000000c7000000, 0x00000000c7100000, 0x00000000c7100000|100%|HC|  |TAMS 0x00000000c7100000, 0x00000000c7000000| Complete 
| 113|0x00000000c7100000, 0x00000000c7200000, 0x00000000c7200000|100%|HC|  |TAMS 0x00000000c7200000, 0x00000000c7100000| Complete 
| 114|0x00000000c7200000, 0x00000000c7300000, 0x00000000c7300000|100%|HS|  |TAMS 0x00000000c7300000, 0x00000000c7200000| Complete 
| 115|0x00000000c7300000, 0x00000000c7400000, 0x00000000c7400000|100%|HC|  |TAMS 0x00000000c7400000, 0x00000000c7300000| Complete 
| 116|0x00000000c7400000, 0x00000000c7500000, 0x00000000c7500000|100%|HC|  |TAMS 0x00000000c7500000, 0x00000000c7400000| Complete 
| 117|0x00000000c7500000, 0x00000000c7600000, 0x00000000c7600000|100%|HC|  |TAMS 0x00000000c7600000, 0x00000000c7500000| Complete 
| 118|0x00000000c7600000, 0x00000000c7700000, 0x00000000c7700000|100%|HC|  |TAMS 0x00000000c7700000, 0x00000000c7600000| Complete 
| 119|0x00000000c7700000, 0x00000000c7800000, 0x00000000c7800000|100%|HC|  |TAMS 0x00000000c7800000, 0x00000000c7700000| Complete 
| 120|0x00000000c7800000, 0x00000000c7900000, 0x00000000c7900000|100%|HC|  |TAMS 0x00000000c7900000, 0x00000000c7800000| Complete 
| 121|0x00000000c7900000, 0x00000000c7a00000, 0x00000000c7a00000|100%|HC|  |TAMS 0x00000000c7a00000, 0x00000000c7900000| Complete 
| 122|0x00000000c7a00000, 0x00000000c7b00000, 0x00000000c7b00000|100%|HC|  |TAMS 0x00000000c7b00000, 0x00000000c7a00000| Complete 
| 123|0x00000000c7b00000, 0x00000000c7c00000, 0x00000000c7c00000|100%|HS|  |TAMS 0x00000000c7c00000, 0x00000000c7b00000| Complete 
| 124|0x00000000c7c00000, 0x00000000c7d00000, 0x00000000c7d00000|100%|HC|  |TAMS 0x00000000c7d00000, 0x00000000c7c00000| Complete 
| 125|0x00000000c7d00000, 0x00000000c7e00000, 0x00000000c7e00000|100%|HC|  |TAMS 0x00000000c7e00000, 0x00000000c7d00000| Complete 
| 126|0x00000000c7e00000, 0x00000000c7f00000, 0x00000000c7f00000|100%|HC|  |TAMS 0x00000000c7f00000, 0x00000000c7e00000| Complete 
| 127|0x00000000c7f00000, 0x00000000c8000000, 0x00000000c8000000|100%|HC|  |TAMS 0x00000000c8000000, 0x00000000c7f00000| Complete 
| 128|0x00000000c8000000, 0x00000000c8100000, 0x00000000c8100000|100%|HC|  |TAMS 0x00000000c8100000, 0x00000000c8000000| Complete 
| 129|0x00000000c8100000, 0x00000000c8200000, 0x00000000c8200000|100%|HC|  |TAMS 0x00000000c8200000, 0x00000000c8100000| Complete 
| 130|0x00000000c8200000, 0x00000000c8300000, 0x00000000c8300000|100%|HC|  |TAMS 0x00000000c8300000, 0x00000000c8200000| Complete 
| 131|0x00000000c8300000, 0x00000000c8400000, 0x00000000c8400000|100%|HC|  |TAMS 0x00000000c8400000, 0x00000000c8300000| Complete 
| 132|0x00000000c8400000, 0x00000000c8500000, 0x00000000c8500000|100%|HS|  |TAMS 0x00000000c8500000, 0x00000000c8400000| Complete 
| 133|0x00000000c8500000, 0x00000000c8600000, 0x00000000c8600000|100%|HC|  |TAMS 0x00000000c8600000, 0x00000000c8500000| Complete 
| 134|0x00000000c8600000, 0x00000000c8700000, 0x00000000c8700000|100%|HC|  |TAMS 0x00000000c8700000, 0x00000000c8600000| Complete 
| 135|0x00000000c8700000, 0x00000000c8800000, 0x00000000c8800000|100%|HC|  |TAMS 0x00000000c8800000, 0x00000000c8700000| Complete 
| 136|0x00000000c8800000, 0x00000000c8900000, 0x00000000c8900000|100%|HC|  |TAMS 0x00000000c8900000, 0x00000000c8800000| Complete 
| 137|0x00000000c8900000, 0x00000000c8a00000, 0x00000000c8a00000|100%|HC|  |TAMS 0x00000000c8a00000, 0x00000000c8900000| Complete 
| 138|0x00000000c8a00000, 0x00000000c8b00000, 0x00000000c8b00000|100%|HC|  |TAMS 0x00000000c8b00000, 0x00000000c8a00000| Complete 
| 139|0x00000000c8b00000, 0x00000000c8c00000, 0x00000000c8c00000|100%|HC|  |TAMS 0x00000000c8c00000, 0x00000000c8b00000| Complete 
| 140|0x00000000c8c00000, 0x00000000c8d00000, 0x00000000c8d00000|100%|HC|  |TAMS 0x00000000c8d00000, 0x00000000c8c00000| Complete 
| 141|0x00000000c8d00000, 0x00000000c8e00000, 0x00000000c8e00000|100%|HS|  |TAMS 0x00000000c8e00000, 0x00000000c8d00000| Complete 
| 142|0x00000000c8e00000, 0x00000000c8f00000, 0x00000000c8f00000|100%|HC|  |TAMS 0x00000000c8f00000, 0x00000000c8e00000| Complete 
| 143|0x00000000c8f00000, 0x00000000c9000000, 0x00000000c9000000|100%|HC|  |TAMS 0x00000000c9000000, 0x00000000c8f00000| Complete 
| 144|0x00000000c9000000, 0x00000000c9100000, 0x00000000c9100000|100%|HC|  |TAMS 0x00000000c9100000, 0x00000000c9000000| Complete 
| 145|0x00000000c9100000, 0x00000000c9200000, 0x00000000c9200000|100%|HC|  |TAMS 0x00000000c9200000, 0x00000000c9100000| Complete 
| 146|0x00000000c9200000, 0x00000000c9300000, 0x00000000c9300000|100%|HC|  |TAMS 0x00000000c9300000, 0x00000000c9200000| Complete 
| 147|0x00000000c9300000, 0x00000000c9400000, 0x00000000c9400000|100%|HC|  |TAMS 0x00000000c9400000, 0x00000000c9300000| Complete 
| 148|0x00000000c9400000, 0x00000000c9500000, 0x00000000c9500000|100%|HC|  |TAMS 0x00000000c9500000, 0x00000000c9400000| Complete 
| 149|0x00000000c9500000, 0x00000000c9600000, 0x00000000c9600000|100%|HC|  |TAMS 0x00000000c9600000, 0x00000000c9500000| Complete 
| 150|0x00000000c9600000, 0x00000000c9600000, 0x00000000c9700000|  0%| F|  |TAMS 0x00000000c9600000, 0x00000000c9600000| Untracked 
| 151|0x00000000c9700000, 0x00000000c9700000, 0x00000000c9800000|  0%| F|  |TAMS 0x00000000c9700000, 0x00000000c9700000| Untracked 
| 152|0x00000000c9800000, 0x00000000c9900000, 0x00000000c9900000|100%|HS|  |TAMS 0x00000000c9900000, 0x00000000c9800000| Complete 
| 153|0x00000000c9900000, 0x00000000c9a00000, 0x00000000c9a00000|100%|HC|  |TAMS 0x00000000c9a00000, 0x00000000c9900000| Complete 
| 154|0x00000000c9a00000, 0x00000000c9b00000, 0x00000000c9b00000|100%|HC|  |TAMS 0x00000000c9b00000, 0x00000000c9a00000| Complete 
| 155|0x00000000c9b00000, 0x00000000c9c00000, 0x00000000c9c00000|100%|HC|  |TAMS 0x00000000c9c00000, 0x00000000c9b00000| Complete 
| 156|0x00000000c9c00000, 0x00000000c9d00000, 0x00000000c9d00000|100%|HC|  |TAMS 0x00000000c9d00000, 0x00000000c9c00000| Complete 
| 157|0x00000000c9d00000, 0x00000000c9e00000, 0x00000000c9e00000|100%|HC|  |TAMS 0x00000000c9e00000, 0x00000000c9d00000| Complete 
| 158|0x00000000c9e00000, 0x00000000c9f00000, 0x00000000c9f00000|100%|HC|  |TAMS 0x00000000c9f00000, 0x00000000c9e00000| Complete 
| 159|0x00000000c9f00000, 0x00000000ca000000, 0x00000000ca000000|100%|HC|  |TAMS 0x00000000ca000000, 0x00000000c9f00000| Complete 
| 160|0x00000000ca000000, 0x00000000ca100000, 0x00000000ca100000|100%|HC|  |TAMS 0x00000000ca100000, 0x00000000ca000000| Complete 
| 161|0x00000000ca100000, 0x00000000ca100000, 0x00000000ca200000|  0%| F|  |TAMS 0x00000000ca100000, 0x00000000ca100000| Untracked 
| 162|0x00000000ca200000, 0x00000000ca200000, 0x00000000ca300000|  0%| F|  |TAMS 0x00000000ca200000, 0x00000000ca200000| Untracked 
| 163|0x00000000ca300000, 0x00000000ca300000, 0x00000000ca400000|  0%| F|  |TAMS 0x00000000ca300000, 0x00000000ca300000| Untracked 
| 164|0x00000000ca400000, 0x00000000ca400000, 0x00000000ca500000|  0%| F|  |TAMS 0x00000000ca400000, 0x00000000ca400000| Untracked 
| 165|0x00000000ca500000, 0x00000000ca500000, 0x00000000ca600000|  0%| F|  |TAMS 0x00000000ca500000, 0x00000000ca500000| Untracked 
| 166|0x00000000ca600000, 0x00000000ca600000, 0x00000000ca700000|  0%| F|  |TAMS 0x00000000ca600000, 0x00000000ca600000| Untracked 
| 167|0x00000000ca700000, 0x00000000ca700000, 0x00000000ca800000|  0%| F|  |TAMS 0x00000000ca700000, 0x00000000ca700000| Untracked 
| 168|0x00000000ca800000, 0x00000000ca800000, 0x00000000ca900000|  0%| F|  |TAMS 0x00000000ca800000, 0x00000000ca800000| Untracked 
| 169|0x00000000ca900000, 0x00000000ca900000, 0x00000000caa00000|  0%| F|  |TAMS 0x00000000ca900000, 0x00000000ca900000| Untracked 
| 170|0x00000000caa00000, 0x00000000caa00000, 0x00000000cab00000|  0%| F|  |TAMS 0x00000000caa00000, 0x00000000caa00000| Untracked 
| 171|0x00000000cab00000, 0x00000000cab00000, 0x00000000cac00000|  0%| F|  |TAMS 0x00000000cab00000, 0x00000000cab00000| Untracked 
| 172|0x00000000cac00000, 0x00000000cac00000, 0x00000000cad00000|  0%| F|  |TAMS 0x00000000cac00000, 0x00000000cac00000| Untracked 
| 173|0x00000000cad00000, 0x00000000cad00000, 0x00000000cae00000|  0%| F|  |TAMS 0x00000000cad00000, 0x00000000cad00000| Untracked 
| 174|0x00000000cae00000, 0x00000000cae00000, 0x00000000caf00000|  0%| F|  |TAMS 0x00000000cae00000, 0x00000000cae00000| Untracked 
| 175|0x00000000caf00000, 0x00000000caf00000, 0x00000000cb000000|  0%| F|  |TAMS 0x00000000caf00000, 0x00000000caf00000| Untracked 
| 176|0x00000000cb000000, 0x00000000cb01c080, 0x00000000cb100000| 10%| S|CS|TAMS 0x00000000cb000000, 0x00000000cb000000| Complete 
| 177|0x00000000cb100000, 0x00000000cb200000, 0x00000000cb200000|100%| S|CS|TAMS 0x00000000cb100000, 0x00000000cb100000| Complete 
| 178|0x00000000cb200000, 0x00000000cb300000, 0x00000000cb300000|100%| S|CS|TAMS 0x00000000cb200000, 0x00000000cb200000| Complete 
| 179|0x00000000cb300000, 0x00000000cb300000, 0x00000000cb400000|  0%| F|  |TAMS 0x00000000cb300000, 0x00000000cb300000| Untracked 
| 180|0x00000000cb400000, 0x00000000cb400000, 0x00000000cb500000|  0%| F|  |TAMS 0x00000000cb400000, 0x00000000cb400000| Untracked 
| 181|0x00000000cb500000, 0x00000000cb500000, 0x00000000cb600000|  0%| F|  |TAMS 0x00000000cb500000, 0x00000000cb500000| Untracked 
| 182|0x00000000cb600000, 0x00000000cb600000, 0x00000000cb700000|  0%| F|  |TAMS 0x00000000cb600000, 0x00000000cb600000| Untracked 
| 183|0x00000000cb700000, 0x00000000cb700000, 0x00000000cb800000|  0%| F|  |TAMS 0x00000000cb700000, 0x00000000cb700000| Untracked 
| 184|0x00000000cb800000, 0x00000000cb800000, 0x00000000cb900000|  0%| F|  |TAMS 0x00000000cb800000, 0x00000000cb800000| Untracked 
| 185|0x00000000cb900000, 0x00000000cb900000, 0x00000000cba00000|  0%| F|  |TAMS 0x00000000cb900000, 0x00000000cb900000| Untracked 
| 186|0x00000000cba00000, 0x00000000cba00000, 0x00000000cbb00000|  0%| F|  |TAMS 0x00000000cba00000, 0x00000000cba00000| Untracked 
| 187|0x00000000cbb00000, 0x00000000cbb00000, 0x00000000cbc00000|  0%| F|  |TAMS 0x00000000cbb00000, 0x00000000cbb00000| Untracked 
| 188|0x00000000cbc00000, 0x00000000cbc00000, 0x00000000cbd00000|  0%| F|  |TAMS 0x00000000cbc00000, 0x00000000cbc00000| Untracked 
| 189|0x00000000cbd00000, 0x00000000cbd00000, 0x00000000cbe00000|  0%| F|  |TAMS 0x00000000cbd00000, 0x00000000cbd00000| Untracked 
| 190|0x00000000cbe00000, 0x00000000cbe00000, 0x00000000cbf00000|  0%| F|  |TAMS 0x00000000cbe00000, 0x00000000cbe00000| Untracked 
| 191|0x00000000cbf00000, 0x00000000cbf00000, 0x00000000cc000000|  0%| F|  |TAMS 0x00000000cbf00000, 0x00000000cbf00000| Untracked 
| 192|0x00000000cc000000, 0x00000000cc000000, 0x00000000cc100000|  0%| F|  |TAMS 0x00000000cc000000, 0x00000000cc000000| Untracked 
| 193|0x00000000cc100000, 0x00000000cc100000, 0x00000000cc200000|  0%| F|  |TAMS 0x00000000cc100000, 0x00000000cc100000| Untracked 
| 194|0x00000000cc200000, 0x00000000cc200000, 0x00000000cc300000|  0%| F|  |TAMS 0x00000000cc200000, 0x00000000cc200000| Untracked 
| 195|0x00000000cc300000, 0x00000000cc300000, 0x00000000cc400000|  0%| F|  |TAMS 0x00000000cc300000, 0x00000000cc300000| Untracked 
| 196|0x00000000cc400000, 0x00000000cc400000, 0x00000000cc500000|  0%| F|  |TAMS 0x00000000cc400000, 0x00000000cc400000| Untracked 
| 197|0x00000000cc500000, 0x00000000cc500000, 0x00000000cc600000|  0%| F|  |TAMS 0x00000000cc500000, 0x00000000cc500000| Untracked 
| 198|0x00000000cc600000, 0x00000000cc600000, 0x00000000cc700000|  0%| F|  |TAMS 0x00000000cc600000, 0x00000000cc600000| Untracked 
| 199|0x00000000cc700000, 0x00000000cc700000, 0x00000000cc800000|  0%| F|  |TAMS 0x00000000cc700000, 0x00000000cc700000| Untracked 
| 200|0x00000000cc800000, 0x00000000cc800000, 0x00000000cc900000|  0%| F|  |TAMS 0x00000000cc800000, 0x00000000cc800000| Untracked 
| 201|0x00000000cc900000, 0x00000000cc900000, 0x00000000cca00000|  0%| F|  |TAMS 0x00000000cc900000, 0x00000000cc900000| Untracked 
| 202|0x00000000cca00000, 0x00000000cca00000, 0x00000000ccb00000|  0%| F|  |TAMS 0x00000000cca00000, 0x00000000cca00000| Untracked 
| 203|0x00000000ccb00000, 0x00000000ccb00000, 0x00000000ccc00000|  0%| F|  |TAMS 0x00000000ccb00000, 0x00000000ccb00000| Untracked 
| 204|0x00000000ccc00000, 0x00000000ccc00000, 0x00000000ccd00000|  0%| F|  |TAMS 0x00000000ccc00000, 0x00000000ccc00000| Untracked 
| 205|0x00000000ccd00000, 0x00000000ccd00000, 0x00000000cce00000|  0%| F|  |TAMS 0x00000000ccd00000, 0x00000000ccd00000| Untracked 
| 206|0x00000000cce00000, 0x00000000cce00000, 0x00000000ccf00000|  0%| F|  |TAMS 0x00000000cce00000, 0x00000000cce00000| Untracked 
| 207|0x00000000ccf00000, 0x00000000ccf00000, 0x00000000cd000000|  0%| F|  |TAMS 0x00000000ccf00000, 0x00000000ccf00000| Untracked 
| 208|0x00000000cd000000, 0x00000000cd000000, 0x00000000cd100000|  0%| F|  |TAMS 0x00000000cd000000, 0x00000000cd000000| Untracked 
| 209|0x00000000cd100000, 0x00000000cd100000, 0x00000000cd200000|  0%| F|  |TAMS 0x00000000cd100000, 0x00000000cd100000| Untracked 
| 210|0x00000000cd200000, 0x00000000cd200000, 0x00000000cd300000|  0%| F|  |TAMS 0x00000000cd200000, 0x00000000cd200000| Untracked 
| 211|0x00000000cd300000, 0x00000000cd300000, 0x00000000cd400000|  0%| F|  |TAMS 0x00000000cd300000, 0x00000000cd300000| Untracked 
| 212|0x00000000cd400000, 0x00000000cd400000, 0x00000000cd500000|  0%| F|  |TAMS 0x00000000cd400000, 0x00000000cd400000| Untracked 
| 213|0x00000000cd500000, 0x00000000cd500000, 0x00000000cd600000|  0%| F|  |TAMS 0x00000000cd500000, 0x00000000cd500000| Untracked 
| 214|0x00000000cd600000, 0x00000000cd600000, 0x00000000cd700000|  0%| F|  |TAMS 0x00000000cd600000, 0x00000000cd600000| Untracked 
| 215|0x00000000cd700000, 0x00000000cd700000, 0x00000000cd800000|  0%| F|  |TAMS 0x00000000cd700000, 0x00000000cd700000| Untracked 
| 216|0x00000000cd800000, 0x00000000cd800000, 0x00000000cd900000|  0%| F|  |TAMS 0x00000000cd800000, 0x00000000cd800000| Untracked 
| 217|0x00000000cd900000, 0x00000000cd900000, 0x00000000cda00000|  0%| F|  |TAMS 0x00000000cd900000, 0x00000000cd900000| Untracked 
| 218|0x00000000cda00000, 0x00000000cda00000, 0x00000000cdb00000|  0%| F|  |TAMS 0x00000000cda00000, 0x00000000cda00000| Untracked 
| 219|0x00000000cdb00000, 0x00000000cdb00000, 0x00000000cdc00000|  0%| F|  |TAMS 0x00000000cdb00000, 0x00000000cdb00000| Untracked 
| 220|0x00000000cdc00000, 0x00000000cdc00000, 0x00000000cdd00000|  0%| F|  |TAMS 0x00000000cdc00000, 0x00000000cdc00000| Untracked 
| 221|0x00000000cdd00000, 0x00000000cdd00000, 0x00000000cde00000|  0%| F|  |TAMS 0x00000000cdd00000, 0x00000000cdd00000| Untracked 
| 222|0x00000000cde00000, 0x00000000cde00000, 0x00000000cdf00000|  0%| F|  |TAMS 0x00000000cde00000, 0x00000000cde00000| Untracked 
| 223|0x00000000cdf00000, 0x00000000cdf00000, 0x00000000ce000000|  0%| F|  |TAMS 0x00000000cdf00000, 0x00000000cdf00000| Untracked 
| 224|0x00000000ce000000, 0x00000000ce000000, 0x00000000ce100000|  0%| F|  |TAMS 0x00000000ce000000, 0x00000000ce000000| Untracked 
| 225|0x00000000ce100000, 0x00000000ce100000, 0x00000000ce200000|  0%| F|  |TAMS 0x00000000ce100000, 0x00000000ce100000| Untracked 
| 226|0x00000000ce200000, 0x00000000ce2a5f00, 0x00000000ce300000| 64%| E|  |TAMS 0x00000000ce200000, 0x00000000ce200000| Complete 
| 227|0x00000000ce300000, 0x00000000ce400000, 0x00000000ce400000|100%| E|CS|TAMS 0x00000000ce300000, 0x00000000ce300000| Complete 
| 228|0x00000000ce400000, 0x00000000ce500000, 0x00000000ce500000|100%| E|CS|TAMS 0x00000000ce400000, 0x00000000ce400000| Complete 
| 229|0x00000000ce500000, 0x00000000ce600000, 0x00000000ce600000|100%| E|CS|TAMS 0x00000000ce500000, 0x00000000ce500000| Complete 
| 230|0x00000000ce600000, 0x00000000ce700000, 0x00000000ce700000|100%| E|CS|TAMS 0x00000000ce600000, 0x00000000ce600000| Complete 
| 231|0x00000000ce700000, 0x00000000ce800000, 0x00000000ce800000|100%| E|CS|TAMS 0x00000000ce700000, 0x00000000ce700000| Complete 
| 232|0x00000000ce800000, 0x00000000ce900000, 0x00000000ce900000|100%| E|CS|TAMS 0x00000000ce800000, 0x00000000ce800000| Complete 
| 233|0x00000000ce900000, 0x00000000cea00000, 0x00000000cea00000|100%| E|CS|TAMS 0x00000000ce900000, 0x00000000ce900000| Complete 
| 234|0x00000000cea00000, 0x00000000ceb00000, 0x00000000ceb00000|100%| E|CS|TAMS 0x00000000cea00000, 0x00000000cea00000| Complete 
| 235|0x00000000ceb00000, 0x00000000cec00000, 0x00000000cec00000|100%| E|CS|TAMS 0x00000000ceb00000, 0x00000000ceb00000| Complete 
| 236|0x00000000cec00000, 0x00000000ced00000, 0x00000000ced00000|100%| E|CS|TAMS 0x00000000cec00000, 0x00000000cec00000| Complete 
| 237|0x00000000ced00000, 0x00000000cee00000, 0x00000000cee00000|100%| E|CS|TAMS 0x00000000ced00000, 0x00000000ced00000| Complete 
| 238|0x00000000cee00000, 0x00000000cef00000, 0x00000000cef00000|100%| E|CS|TAMS 0x00000000cee00000, 0x00000000cee00000| Complete 
| 239|0x00000000cef00000, 0x00000000cf000000, 0x00000000cf000000|100%| E|CS|TAMS 0x00000000cef00000, 0x00000000cef00000| Complete 
| 240|0x00000000cf000000, 0x00000000cf100000, 0x00000000cf100000|100%| E|CS|TAMS 0x00000000cf000000, 0x00000000cf000000| Complete 
| 241|0x00000000cf100000, 0x00000000cf200000, 0x00000000cf200000|100%| E|CS|TAMS 0x00000000cf100000, 0x00000000cf100000| Complete 
| 242|0x00000000cf200000, 0x00000000cf300000, 0x00000000cf300000|100%| E|CS|TAMS 0x00000000cf200000, 0x00000000cf200000| Complete 
| 243|0x00000000cf300000, 0x00000000cf400000, 0x00000000cf400000|100%| E|CS|TAMS 0x00000000cf300000, 0x00000000cf300000| Complete 
| 244|0x00000000cf400000, 0x00000000cf500000, 0x00000000cf500000|100%| E|CS|TAMS 0x00000000cf400000, 0x00000000cf400000| Complete 
| 245|0x00000000cf500000, 0x00000000cf600000, 0x00000000cf600000|100%| E|CS|TAMS 0x00000000cf500000, 0x00000000cf500000| Complete 
| 246|0x00000000cf600000, 0x00000000cf700000, 0x00000000cf700000|100%| E|CS|TAMS 0x00000000cf600000, 0x00000000cf600000| Complete 
| 247|0x00000000cf700000, 0x00000000cf800000, 0x00000000cf800000|100%| E|CS|TAMS 0x00000000cf700000, 0x00000000cf700000| Complete 
| 248|0x00000000cf800000, 0x00000000cf900000, 0x00000000cf900000|100%| E|CS|TAMS 0x00000000cf800000, 0x00000000cf800000| Complete 
| 249|0x00000000cf900000, 0x00000000cfa00000, 0x00000000cfa00000|100%| E|CS|TAMS 0x00000000cf900000, 0x00000000cf900000| Complete 
| 250|0x00000000cfa00000, 0x00000000cfb00000, 0x00000000cfb00000|100%| E|CS|TAMS 0x00000000cfa00000, 0x00000000cfa00000| Complete 
| 251|0x00000000cfb00000, 0x00000000cfc00000, 0x00000000cfc00000|100%| E|CS|TAMS 0x00000000cfb00000, 0x00000000cfb00000| Complete 
| 252|0x00000000cfc00000, 0x00000000cfd00000, 0x00000000cfd00000|100%| E|CS|TAMS 0x00000000cfc00000, 0x00000000cfc00000| Complete 
| 253|0x00000000cfd00000, 0x00000000cfe00000, 0x00000000cfe00000|100%| E|CS|TAMS 0x00000000cfd00000, 0x00000000cfd00000| Complete 
| 254|0x00000000cfe00000, 0x00000000cff00000, 0x00000000cff00000|100%| E|CS|TAMS 0x00000000cfe00000, 0x00000000cfe00000| Complete 
| 255|0x00000000cff00000, 0x00000000d0000000, 0x00000000d0000000|100%| E|CS|TAMS 0x00000000cff00000, 0x00000000cff00000| Complete 
| 256|0x00000000d0000000, 0x00000000d0100000, 0x00000000d0100000|100%| E|CS|TAMS 0x00000000d0000000, 0x00000000d0000000| Complete 
| 257|0x00000000d0100000, 0x00000000d0200000, 0x00000000d0200000|100%| E|CS|TAMS 0x00000000d0100000, 0x00000000d0100000| Complete 
| 258|0x00000000d0200000, 0x00000000d0300000, 0x00000000d0300000|100%| E|CS|TAMS 0x00000000d0200000, 0x00000000d0200000| Complete 

Card table byte_map: [0x0000027428f50000,0x0000027429150000] _byte_map_base: 0x0000027428950000

Marking Bits (Prev, Next): (CMBitMap*) 0x0000027411f2fd10, (CMBitMap*) 0x0000027411f2fcd0
 Prev Bits: [0x000002742a350000, 0x000002742b350000)
 Next Bits: [0x0000027429350000, 0x000002742a350000)

Polling page: 0x000002740fe90000

Metaspace:

Usage:
  Non-class:     12.06 MB used.
      Class:    918.72 KB used.
       Both:     12.96 MB used.

Virtual space:
  Non-class space:       64.00 MB reserved,      12.19 MB ( 19%) committed,  1 nodes.
      Class space:        1.00 GB reserved,       1.00 MB ( <1%) committed,  1 nodes.
             Both:        1.06 GB reserved,      13.19 MB (  1%) committed. 

Chunk freelists:
   Non-Class:  3.28 MB
       Class:  14.91 MB
        Both:  18.19 MB

MaxMetaspaceSize: unlimited
CompressedClassSpaceSize: 1.00 GB
Initial GC threshold: 21.00 MB
Current GC threshold: 21.88 MB
CDS: on
MetaspaceReclaimPolicy: balanced
 - commit_granule_bytes: 65536.
 - commit_granule_words: 8192.
 - virtual_space_node_default_size: 8388608.
 - enlarge_chunks_in_place: 1.
 - new_chunks_are_fully_committed: 0.
 - uncommit_free_chunks: 1.
 - use_allocation_guard: 0.
 - handle_deallocations: 1.


Internal statistics:

num_allocs_failed_limit: 0.
num_arena_births: 106.
num_arena_deaths: 0.
num_vsnodes_births: 2.
num_vsnodes_deaths: 0.
num_space_committed: 207.
num_space_uncommitted: 0.
num_chunks_returned_to_freelist: 0.
num_chunks_taken_from_freelist: 394.
num_chunk_merges: 0.
num_chunk_splits: 310.
num_chunks_enlarged: 250.
num_inconsistent_stats: 0.

CodeHeap 'non-profiled nmethods': size=120000Kb used=962Kb max_used=962Kb free=119037Kb
 bounds [0x00000274214f0000, 0x0000027421760000, 0x0000027428a20000]
CodeHeap 'profiled nmethods': size=120000Kb used=3749Kb max_used=3749Kb free=116250Kb
 bounds [0x0000027419a20000, 0x0000027419dd0000, 0x0000027420f50000]
CodeHeap 'non-nmethods': size=5760Kb used=1612Kb max_used=1656Kb free=4147Kb
 bounds [0x0000027420f50000, 0x00000274211c0000, 0x00000274214f0000]
 total_blobs=2807 nmethods=1869 adapters=851
 compilation: enabled
              stopped_count=0, restarted_count=0
 full_count=0

Compilation events (20 events):
Event: 52.427 Thread 0x000002742dd43720 1861       4       processing.core.PMatrix3D::apply (613 bytes)
Event: 52.428 Thread 0x000002742dd43720 nmethod 1861 0x00000274215db710 code [0x00000274215db880, 0x00000274215dbcb8]
Event: 52.428 Thread 0x000002742dd43720 1862       4       processing.core.PMatrix3D::translate (117 bytes)
Event: 52.429 Thread 0x000002742dd43720 nmethod 1862 0x00000274215dbd10 code [0x00000274215dbe80, 0x00000274215dbf78]
Event: 57.702 Thread 0x000002742dd43720 1863       4       processing.core.PMatrix3D::preApply (613 bytes)
Event: 57.704 Thread 0x000002742dd43720 nmethod 1863 0x00000274215dc010 code [0x00000274215dc180, 0x00000274215dc5b8]
Event: 57.704 Thread 0x000002742dd43720 1864       4       processing.core.PMatrix3D::scale (121 bytes)
Event: 57.704 Thread 0x000002742dd43720 nmethod 1864 0x00000274215dc610 code [0x00000274215dc780, 0x00000274215dc878]
Event: 62.218 Thread 0x000002742dd43720 1865   !   4       java.nio.DirectIntBufferU::get (34 bytes)
Event: 62.219 Thread 0x000002742dd43720 nmethod 1865 0x00000274215dc910 code [0x00000274215dca80, 0x00000274215dcb78]
Event: 66.165 Thread 0x000002742dd43720 1866       4       processing.opengl.PGraphicsOpenGL::flushPolys (707 bytes)
Event: 66.193 Thread 0x000002742dd43720 nmethod 1866 0x00000274215dcd10 code [0x00000274215dcfe0, 0x00000274215de708]
Event: 72.643 Thread 0x000002742dd43720 1867   !   4       jogamp.common.util.locks.RecursiveLockImpl01Unfairish::validateLocked (147 bytes)
Event: 72.644 Thread 0x000002742dd43720 nmethod 1867 0x00000274215e0190 code [0x00000274215e0320, 0x00000274215e0598]
Event: 73.961 Thread 0x000002742dd43720 1868       4       jogamp.newt.DisplayImpl$7::run (8 bytes)
Event: 73.962 Thread 0x000002742dd43720 nmethod 1868 0x00000274215e0710 code [0x00000274215e08a0, 0x00000274215e09a8]
Event: 75.243 Thread 0x000002742dd50f80 1869       3       jdk.internal.misc.Unsafe::getAndAddLong (27 bytes)
Event: 75.243 Thread 0x000002742dd50f80 nmethod 1869 0x0000027419dc8c90 code [0x0000027419dc8e40, 0x0000027419dc9088]
Event: 75.243 Thread 0x000002742dd50f80 1870       3       jdk.internal.misc.Unsafe::weakCompareAndSetLong (11 bytes)
Event: 75.243 Thread 0x000002742dd50f80 nmethod 1870 0x0000027419dc9190 code [0x0000027419dc9320, 0x0000027419dc9458]

GC Heap History (20 events):
Event: 64.270 GC heap before
{Heap before GC invocations=98 (full 0):
 garbage-first heap   total 265216K, used 231275K [0x00000000c0000000, 0x0000000100000000)
  region size 1024K, 80 young (81920K), 4 survivors (4096K)
 Metaspace       used 13221K, committed 13440K, reserved 1114112K
  class space    used 914K, committed 1024K, reserved 1048576K
}
Event: 64.272 GC heap after
{Heap after GC invocations=99 (full 0):
 garbage-first heap   total 265216K, used 152818K [0x00000000c0000000, 0x0000000100000000)
  region size 1024K, 3 young (3072K), 3 survivors (3072K)
 Metaspace       used 13221K, committed 13440K, reserved 1114112K
  class space    used 914K, committed 1024K, reserved 1048576K
}
Event: 65.432 GC heap before
{Heap before GC invocations=100 (full 0):
 garbage-first heap   total 265216K, used 231666K [0x00000000c0000000, 0x0000000100000000)
  region size 1024K, 80 young (81920K), 3 survivors (3072K)
 Metaspace       used 13221K, committed 13440K, reserved 1114112K
  class space    used 914K, committed 1024K, reserved 1048576K
}
Event: 65.434 GC heap after
{Heap after GC invocations=101 (full 0):
 garbage-first heap   total 265216K, used 152508K [0x00000000c0000000, 0x0000000100000000)
  region size 1024K, 3 young (3072K), 3 survivors (3072K)
 Metaspace       used 13221K, committed 13440K, reserved 1114112K
  class space    used 914K, committed 1024K, reserved 1048576K
}
Event: 66.584 GC heap before
{Heap before GC invocations=101 (full 0):
 garbage-first heap   total 265216K, used 231356K [0x00000000c0000000, 0x0000000100000000)
  region size 1024K, 80 young (81920K), 3 survivors (3072K)
 Metaspace       used 13221K, committed 13440K, reserved 1114112K
  class space    used 914K, committed 1024K, reserved 1048576K
}
Event: 66.585 GC heap after
{Heap after GC invocations=102 (full 0):
 garbage-first heap   total 265216K, used 152240K [0x00000000c0000000, 0x0000000100000000)
  region size 1024K, 2 young (2048K), 2 survivors (2048K)
 Metaspace       used 13221K, committed 13440K, reserved 1114112K
  class space    used 914K, committed 1024K, reserved 1048576K
}
Event: 67.727 GC heap before
{Heap before GC invocations=103 (full 0):
 garbage-first heap   total 265216K, used 233136K [0x00000000c0000000, 0x0000000100000000)
  region size 1024K, 81 young (82944K), 2 survivors (2048K)
 Metaspace       used 13221K, committed 13440K, reserved 1114112K
  class space    used 914K, committed 1024K, reserved 1048576K
}
Event: 67.729 GC heap after
{Heap after GC invocations=104 (full 0):
 garbage-first heap   total 265216K, used 153708K [0x00000000c0000000, 0x0000000100000000)
  region size 1024K, 4 young (4096K), 4 survivors (4096K)
 Metaspace       used 13221K, committed 13440K, reserved 1114112K
  class space    used 914K, committed 1024K, reserved 1048576K
}
Event: 68.856 GC heap before
{Heap before GC invocations=104 (full 0):
 garbage-first heap   total 265216K, used 231532K [0x00000000c0000000, 0x0000000100000000)
  region size 1024K, 80 young (81920K), 4 survivors (4096K)
 Metaspace       used 13221K, committed 13440K, reserved 1114112K
  class space    used 914K, committed 1024K, reserved 1048576K
}
Event: 68.857 GC heap after
{Heap after GC invocations=105 (full 0):
 garbage-first heap   total 265216K, used 152686K [0x00000000c0000000, 0x0000000100000000)
  region size 1024K, 3 young (3072K), 3 survivors (3072K)
 Metaspace       used 13221K, committed 13440K, reserved 1114112K
  class space    used 914K, committed 1024K, reserved 1048576K
}
Event: 70.042 GC heap before
{Heap before GC invocations=106 (full 0):
 garbage-first heap   total 265216K, used 231534K [0x00000000c0000000, 0x0000000100000000)
  region size 1024K, 80 young (81920K), 3 survivors (3072K)
 Metaspace       used 13221K, committed 13440K, reserved 1114112K
  class space    used 914K, committed 1024K, reserved 1048576K
}
Event: 70.043 GC heap after
{Heap after GC invocations=107 (full 0):
 garbage-first heap   total 265216K, used 152689K [0x00000000c0000000, 0x0000000100000000)
  region size 1024K, 3 young (3072K), 3 survivors (3072K)
 Metaspace       used 13221K, committed 13440K, reserved 1114112K
  class space    used 914K, committed 1024K, reserved 1048576K
}
Event: 71.185 GC heap before
{Heap before GC invocations=107 (full 0):
 garbage-first heap   total 265216K, used 231537K [0x00000000c0000000, 0x0000000100000000)
  region size 1024K, 80 young (81920K), 3 survivors (3072K)
 Metaspace       used 13221K, committed 13440K, reserved 1114112K
  class space    used 914K, committed 1024K, reserved 1048576K
}
Event: 71.186 GC heap after
{Heap after GC invocations=108 (full 0):
 garbage-first heap   total 265216K, used 152131K [0x00000000c0000000, 0x0000000100000000)
  region size 1024K, 2 young (2048K), 2 survivors (2048K)
 Metaspace       used 13221K, committed 13440K, reserved 1114112K
  class space    used 914K, committed 1024K, reserved 1048576K
}
Event: 72.331 GC heap before
{Heap before GC invocations=109 (full 0):
 garbage-first heap   total 265216K, used 233027K [0x00000000c0000000, 0x0000000100000000)
  region size 1024K, 81 young (82944K), 2 survivors (2048K)
 Metaspace       used 13221K, committed 13440K, reserved 1114112K
  class space    used 914K, committed 1024K, reserved 1048576K
}
Event: 72.333 GC heap after
{Heap after GC invocations=110 (full 0):
 garbage-first heap   total 265216K, used 153534K [0x00000000c0000000, 0x0000000100000000)
  region size 1024K, 4 young (4096K), 4 survivors (4096K)
 Metaspace       used 13221K, committed 13440K, reserved 1114112K
  class space    used 914K, committed 1024K, reserved 1048576K
}
Event: 73.505 GC heap before
{Heap before GC invocations=110 (full 0):
 garbage-first heap   total 265216K, used 231358K [0x00000000c0000000, 0x0000000100000000)
  region size 1024K, 80 young (81920K), 4 survivors (4096K)
 Metaspace       used 13221K, committed 13440K, reserved 1114112K
  class space    used 914K, committed 1024K, reserved 1048576K
}
Event: 73.506 GC heap after
{Heap after GC invocations=111 (full 0):
 garbage-first heap   total 265216K, used 152543K [0x00000000c0000000, 0x0000000100000000)
  region size 1024K, 3 young (3072K), 3 survivors (3072K)
 Metaspace       used 13221K, committed 13440K, reserved 1114112K
  class space    used 914K, committed 1024K, reserved 1048576K
}
Event: 74.716 GC heap before
{Heap before GC invocations=112 (full 0):
 garbage-first heap   total 265216K, used 231391K [0x00000000c0000000, 0x0000000100000000)
  region size 1024K, 80 young (81920K), 3 survivors (3072K)
 Metaspace       used 13221K, committed 13440K, reserved 1114112K
  class space    used 914K, committed 1024K, reserved 1048576K
}
Event: 74.717 GC heap after
{Heap after GC invocations=113 (full 0):
 garbage-first heap   total 265216K, used 152451K [0x00000000c0000000, 0x0000000100000000)
  region size 1024K, 3 young (3072K), 3 survivors (3072K)
 Metaspace       used 13221K, committed 13440K, reserved 1114112K
  class space    used 914K, committed 1024K, reserved 1048576K
}

Dll operation events (14 events):
Event: 0.006 Loaded shared library C:\Program Files\Processing\app\resources\jdk-17.0.14+7\bin\java.dll
Event: 0.017 Loaded shared library C:\Program Files\Processing\app\resources\jdk-17.0.14+7\bin\jsvml.dll
Event: 0.088 Loaded shared library C:\Program Files\Processing\app\resources\jdk-17.0.14+7\bin\net.dll
Event: 0.088 Loaded shared library C:\Program Files\Processing\app\resources\jdk-17.0.14+7\bin\nio.dll
Event: 0.090 Loaded shared library C:\Program Files\Processing\app\resources\jdk-17.0.14+7\bin\zip.dll
Event: 0.126 Loaded shared library C:\Program Files\Processing\app\resources\jdk-17.0.14+7\bin\jimage.dll
Event: 0.129 Loaded shared library C:\Program Files\Processing\app\resources\jdk-17.0.14+7\bin\awt.dll
Event: 0.386 Loaded shared library C:\Users\danil\AppData\Local\Temp\jogamp_0000\file_cache\jln17276117392662091259\jln2098093801902247419\natives\windows-amd64\gluegen_rt.dll
Event: 0.392 Loaded shared library C:\Program Files\Processing\app\resources\jdk-17.0.14+7\bin\jawt.dll
Event: 0.403 Loaded shared library C:\Users\danil\AppData\Local\Temp\jogamp_0000\file_cache\jln17276117392662091259\jln2098093801902247419\natives\windows-amd64\nativewindow_awt.dll
Event: 0.427 Loaded shared library C:\Users\danil\AppData\Local\Temp\jogamp_0000\file_cache\jln17276117392662091259\jln2098093801902247419\natives\windows-amd64\nativewindow_win32.dll
Event: 0.505 Loaded shared library C:\Users\danil\AppData\Local\Temp\jogamp_0000\file_cache\jln17276117392662091259\jln2098093801902247419\natives\windows-amd64\jogl_desktop.dll
Event: 0.658 Loaded shared library C:\Users\danil\AppData\Local\Temp\jogamp_0000\file_cache\jln17276117392662091259\jln2098093801902247419\natives\windows-amd64\jogl_mobile.dll
Event: 1.353 Loaded shared library C:\Users\danil\AppData\Local\Temp\jogamp_0000\file_cache\jln17276117392662091259\jln2098093801902247419\natives\windows-amd64\newt_head.dll

Deoptimization events (20 events):
Event: 75.047 Thread 0x0000027475e455b0 DEOPT PACKING pc=0x0000027419d057c1 sp=0x000000ccc95fe940
Event: 75.047 Thread 0x0000027475e455b0 DEOPT UNPACKING pc=0x0000027420faace3 sp=0x000000ccc95fde30 mode 1
Event: 75.047 Thread 0x0000027475e455b0 DEOPT PACKING pc=0x0000027419d03174 sp=0x000000ccc95fe9d0
Event: 75.047 Thread 0x0000027475e455b0 DEOPT UNPACKING pc=0x0000027420faace3 sp=0x000000ccc95fde78 mode 1
Event: 75.047 Thread 0x0000027475e455b0 DEOPT PACKING pc=0x0000027419d057c1 sp=0x000000ccc95fe9d0
Event: 75.047 Thread 0x0000027475e455b0 DEOPT UNPACKING pc=0x0000027420faace3 sp=0x000000ccc95fdec0 mode 1
Event: 75.047 Thread 0x0000027475e455b0 DEOPT PACKING pc=0x0000027419d03174 sp=0x000000ccc95fea60
Event: 75.047 Thread 0x0000027475e455b0 DEOPT UNPACKING pc=0x0000027420faace3 sp=0x000000ccc95fdf08 mode 1
Event: 75.131 Thread 0x0000027475e455b0 DEOPT PACKING pc=0x0000027419d057c1 sp=0x000000ccc95fe940
Event: 75.131 Thread 0x0000027475e455b0 DEOPT UNPACKING pc=0x0000027420faace3 sp=0x000000ccc95fde30 mode 1
Event: 75.131 Thread 0x0000027475e455b0 DEOPT PACKING pc=0x0000027419d03174 sp=0x000000ccc95fe9d0
Event: 75.131 Thread 0x0000027475e455b0 DEOPT UNPACKING pc=0x0000027420faace3 sp=0x000000ccc95fde78 mode 1
Event: 75.131 Thread 0x0000027475e455b0 DEOPT PACKING pc=0x0000027419d057c1 sp=0x000000ccc95fe9d0
Event: 75.131 Thread 0x0000027475e455b0 DEOPT UNPACKING pc=0x0000027420faace3 sp=0x000000ccc95fdec0 mode 1
Event: 75.131 Thread 0x0000027475e455b0 DEOPT PACKING pc=0x0000027419d03174 sp=0x000000ccc95fea60
Event: 75.131 Thread 0x0000027475e455b0 DEOPT UNPACKING pc=0x0000027420faace3 sp=0x000000ccc95fdf08 mode 1
Event: 75.237 Thread 0x0000027473d1e050 Uncommon trap: trap_request=0xffffff45 fr.pc=0x00000274215bb370 relative=0x00000000000000f0
Event: 75.237 Thread 0x0000027473d1e050 Uncommon trap: reason=unstable_if action=reinterpret pc=0x00000274215bb370 method=com.jogamp.common.util.IntIntHashMap.put(II)I @ 21 c2
Event: 75.237 Thread 0x0000027473d1e050 DEOPT PACKING pc=0x00000274215bb370 sp=0x000000ccc86feeb0
Event: 75.237 Thread 0x0000027473d1e050 DEOPT UNPACKING pc=0x0000027420faa1a3 sp=0x000000ccc86fee18 mode 2

Classes loaded (20 events):
Event: 1.543 Loading class java/util/concurrent/Callable done
Event: 1.543 Loading class java/util/concurrent/Executors$RunnableAdapter done
Event: 1.543 Loading class java/util/concurrent/ThreadPoolExecutor$Worker
Event: 1.543 Loading class java/util/concurrent/ThreadPoolExecutor$Worker done
Event: 1.560 Loading class java/util/concurrent/locks/AbstractQueuedSynchronizer$SharedNode
Event: 1.560 Loading class java/util/concurrent/locks/AbstractQueuedSynchronizer$SharedNode done
Event: 1.738 Loading class sun/nio/cs/StreamDecoder
Event: 1.738 Loading class sun/nio/cs/StreamDecoder done
Event: 1.739 Loading class java/util/regex/Pattern$LookBehindEndNode
Event: 1.739 Loading class java/util/regex/Pattern$LookBehindEndNode done
Event: 1.739 Loading class java/util/regex/Pattern$NotBehind
Event: 1.739 Loading class java/util/regex/Pattern$NotBehind done
Event: 1.739 Loading class java/util/regex/Pattern$Neg
Event: 1.739 Loading class java/util/regex/Pattern$Neg done
Event: 1.739 Loading class java/util/regex/Pattern$Pos
Event: 1.740 Loading class java/util/regex/Pattern$Pos done
Event: 1.747 Loading class java/util/regex/Pattern$SliceS
Event: 1.747 Loading class java/util/regex/Pattern$SliceS done
Event: 75.210 Loading class java/nio/channels/ClosedChannelException
Event: 75.210 Loading class java/nio/channels/ClosedChannelException done

Classes unloaded (0 events):
No events

Classes redefined (0 events):
No events

Internal exceptions (20 events):
Event: 0.116 Thread 0x0000027411eee710 Exception <a 'java/lang/NoSuchMethodError'{0x00000000c3ce7520}: 'void java.lang.invoke.DirectMethodHandle$Holder.invokeStatic(java.lang.Object, java.lang.Object, java.lang.Object)'> (0x00000000c3ce7520) 
thrown [s\src\hotspot\share\interpreter\linkResolver.cpp, line 759]
Event: 0.121 Thread 0x0000027411eee710 Exception <a 'java/lang/ClassNotFoundException'{0x00000000c3b0f428}: sun/awt/resources/spi/awtProvider> (0x00000000c3b0f428) 
thrown [s\src\hotspot\share\classfile\systemDictionary.cpp, line 256]
Event: 0.136 Thread 0x0000027411eee710 Exception <a 'java/io/FileNotFoundException'{0x00000000c3b64d68}> (0x00000000c3b64d68) 
thrown [s\src\hotspot\share\prims\jni.cpp, line 516]
Event: 0.140 Thread 0x0000027411eee710 Exception <a 'java/io/FileNotFoundException'{0x00000000c3b921b0}> (0x00000000c3b921b0) 
thrown [s\src\hotspot\share\prims\jni.cpp, line 516]
Event: 0.165 Thread 0x0000027411eee710 Exception <a 'java/lang/NoSuchMethodError'{0x00000000c3a3f200}: 'java.lang.Object java.lang.invoke.DirectMethodHandle$Holder.invokeStaticInit(java.lang.Object)'> (0x00000000c3a3f200) 
thrown [s\src\hotspot\share\interpreter\linkResolver.cpp, line 759]
Event: 0.250 Thread 0x0000027411eee710 Exception <a 'java/lang/NoSuchMethodError'{0x00000000c364ded0}: 'java.lang.Object java.lang.invoke.DirectMethodHandle$Holder.invokeStaticInit(java.lang.Object, int, int, int, int)'> (0x00000000c364ded0) 
thrown [s\src\hotspot\share\interpreter\linkResolver.cpp, line 759]
Event: 0.284 Thread 0x0000027411eee710 Exception <a 'java/lang/NoSuchMethodError'{0x00000000c3538b70}: 'java.lang.Object java.lang.invoke.DirectMethodHandle$Holder.invokeStaticInit(java.lang.Object, java.lang.Object, int, int, int, int)'> (0x00000000c3538b70) 
thrown [s\src\hotspot\share\interpreter\linkResolver.cpp, line 759]
Event: 0.306 Thread 0x0000027411eee710 Exception <a 'java/lang/NoSuchMethodError'{0x00000000c3544210}: 'void java.lang.invoke.DirectMethodHandle$Holder.invokeStatic(java.lang.Object, long)'> (0x00000000c3544210) 
thrown [s\src\hotspot\share\interpreter\linkResolver.cpp, line 759]
Event: 0.307 Thread 0x0000027411eee710 Exception <a 'java/lang/NoSuchMethodError'{0x00000000c35497f0}: 'java.lang.Object java.lang.invoke.DirectMethodHandle$Holder.newInvokeSpecial(java.lang.Object, long)'> (0x00000000c35497f0) 
thrown [s\src\hotspot\share\interpreter\linkResolver.cpp, line 759]
Event: 0.309 Thread 0x0000027411eee710 Exception <a 'java/lang/NoSuchMethodError'{0x00000000c3554008}: 'java.lang.Object java.lang.invoke.DirectMethodHandle$Holder.invokeStaticInit(java.lang.Object, java.lang.Object, long, java.lang.Object)'> (0x00000000c3554008) 
thrown [s\src\hotspot\share\interpreter\linkResolver.cpp, line 759]
Event: 0.310 Thread 0x0000027411eee710 Exception <a 'java/lang/NoSuchMethodError'{0x00000000c355a5c8}: 'java.lang.Object java.lang.invoke.DirectMethodHandle$Holder.newInvokeSpecial(java.lang.Object, java.lang.Object, long)'> (0x00000000c355a5c8) 
thrown [s\src\hotspot\share\interpreter\linkResolver.cpp, line 759]
Event: 0.310 Thread 0x0000027411eee710 Exception <a 'java/lang/NoSuchMethodError'{0x00000000c355e138}: 'java.lang.Object java.lang.invoke.Invokers$Holder.linkToTargetMethod(java.lang.Object, long, java.lang.Object)'> (0x00000000c355e138) 
thrown [s\src\hotspot\share\interpreter\linkResolver.cpp, line 759]
Event: 0.412 Thread 0x0000027411eee710 Exception <a 'java/lang/NoSuchMethodError'{0x00000000c34ce098}: 'java.lang.Object java.lang.invoke.DirectMethodHandle$Holder.invokeInterface(java.lang.Object, java.lang.Object)'> (0x00000000c34ce098) 
thrown [s\src\hotspot\share\interpreter\linkResolver.cpp, line 759]
Event: 0.413 Thread 0x0000027411eee710 Exception <a 'java/lang/IncompatibleClassChangeError'{0x00000000c34d19b8}: Found class java.lang.Object, but interface was expected> (0x00000000c34d19b8) 
thrown [s\src\hotspot\share\interpreter\linkResolver.cpp, line 826]
Event: 1.423 Thread 0x0000027411eee710 Exception <a 'java/lang/NoSuchMethodError'{0x00000000c3349ae0}: 'void java.lang.invoke.DirectMethodHandle$Holder.invokeSpecial(java.lang.Object, java.lang.Object, java.lang.Object, java.lang.Object, java.lang.Object)'> (0x00000000c3349ae0) 
thrown [s\src\hotspot\share\interpreter\linkResolver.cpp, line 759]
Event: 1.423 Thread 0x0000027411eee710 Exception <a 'java/lang/NoSuchMethodError'{0x00000000c3352a70}: 'void java.lang.invoke.DirectMethodHandle$Holder.invokeSpecial(java.lang.Object, java.lang.Object, java.lang.Object)'> (0x00000000c3352a70) 
thrown [s\src\hotspot\share\interpreter\linkResolver.cpp, line 759]
Event: 1.424 Thread 0x0000027411eee710 Exception <a 'java/lang/NoSuchMethodError'{0x00000000c3358da0}: 'void java.lang.invoke.DirectMethodHandle$Holder.invokeSpecial(java.lang.Object, java.lang.Object, int)'> (0x00000000c3358da0) 
thrown [s\src\hotspot\share\interpreter\linkResolver.cpp, line 759]
Event: 1.425 Thread 0x0000027411eee710 Exception <a 'java/lang/NoSuchMethodError'{0x00000000c335edb8}: 'java.lang.Object java.lang.invoke.DirectMethodHandle$Holder.newInvokeSpecial(java.lang.Object, java.lang.Object, int)'> (0x00000000c335edb8) 
thrown [s\src\hotspot\share\interpreter\linkResolver.cpp, line 759]
Event: 75.209 Thread 0x0000027475e45ac0 Exception <a 'java/lang/InterruptedException'{0x00000000ce38d8b8}> (0x00000000ce38d8b8) 
thrown [s\src\hotspot\share\runtime\objectMonitor.cpp, line 1658]
Event: 75.237 Thread 0x0000027473d1e050 Implicit null exception at 0x00000274215bb2c4 to 0x00000274215bb34c

VM Operations (20 events):
Event: 68.867 Executing VM operation: G1PauseCleanup done
Event: 70.042 Executing VM operation: G1CollectForAllocation
Event: 70.043 Executing VM operation: G1CollectForAllocation done
Event: 71.185 Executing VM operation: G1CollectForAllocation
Event: 71.186 Executing VM operation: G1CollectForAllocation done
Event: 71.192 Executing VM operation: G1PauseRemark
Event: 71.193 Executing VM operation: G1PauseRemark done
Event: 71.196 Executing VM operation: G1PauseCleanup
Event: 71.197 Executing VM operation: G1PauseCleanup done
Event: 72.331 Executing VM operation: G1CollectForAllocation
Event: 72.333 Executing VM operation: G1CollectForAllocation done
Event: 73.505 Executing VM operation: G1CollectForAllocation
Event: 73.506 Executing VM operation: G1CollectForAllocation done
Event: 73.514 Executing VM operation: G1PauseRemark
Event: 73.515 Executing VM operation: G1PauseRemark done
Event: 73.518 Executing VM operation: G1PauseCleanup
Event: 73.518 Executing VM operation: G1PauseCleanup done
Event: 74.716 Executing VM operation: G1CollectForAllocation
Event: 74.717 Executing VM operation: G1CollectForAllocation done
Event: 75.311 Executing VM operation: Exit

Memory protections (0 events):
No events

Nmethod flushes (0 events):
No events

Events (20 events):
Event: 1.560 Thread 0x0000027475e455b0 Thread added: 0x0000027406cf4f30
Event: 1.560 Thread 0x0000027475e455b0 Thread added: 0x0000027406cf3af0
Event: 1.560 Thread 0x0000027475e455b0 Thread added: 0x0000027406cf5440
Event: 1.624 Thread 0x000002742dd43720 Thread added: 0x0000027406e6a170
Event: 1.929 Thread 0x0000027406e6a170 Thread exited: 0x0000027406e6a170
Event: 2.100 Thread 0x000002747597e090 Thread exited: 0x000002747597e090
Event: 5.520 Thread 0x00000274733e5410 Thread added: 0x0000027406cf5950
Event: 6.555 Thread 0x0000027406cf5950 Thread exited: 0x0000027406cf5950
Event: 75.209 Thread 0x0000027475e455b0 Thread added: 0x0000027406cf26b0
Event: 75.209 Thread 0x0000027475e455b0 Thread added: 0x0000027406cf4000
Event: 75.209 Thread 0x0000027475e455b0 Thread added: 0x0000027406cf4510
Event: 75.209 Thread 0x0000027475e45ac0 Thread exited: 0x0000027475e45ac0
Event: 75.210 Thread 0x00000274733e5410 Thread added: 0x0000027406cf5950
Event: 75.210 Thread 0x0000027406cf4510 Thread exited: 0x0000027406cf4510
Event: 75.211 Thread 0x0000027475d3ed70 Thread exited: 0x0000027475d3ed70
Event: 75.211 Thread 0x00000274733e5410 Thread exited: 0x00000274733e5410
Event: 75.239 Thread 0x0000027473d1e050 Thread exited: 0x0000027473d1e050
Event: 75.243 Thread 0x0000027406cf26b0 Thread exited: 0x0000027406cf26b0
Event: 75.311 Thread 0x0000027406cf4000 Thread exited: 0x0000027406cf4000
Event: 75.311 Thread 0x0000027475e455b0 Before exit entered


Dynamic libraries:
0x00007ff7c9de0000 - 0x00007ff7c9dee000 	C:\Program Files\Processing\app\resources\jdk-17.0.14+7\bin\java.exe
0x00007ffa7da60000 - 0x00007ffa7dcc7000 	C:\WINDOWS\SYSTEM32\ntdll.dll
0x00007ffa7c020000 - 0x00007ffa7c0e9000 	C:\WINDOWS\System32\KERNEL32.DLL
0x00007ffa7a540000 - 0x00007ffa7a937000 	C:\WINDOWS\System32\KERNELBASE.dll
0x00007ffa7ab20000 - 0x00007ffa7ac6b000 	C:\WINDOWS\System32\ucrtbase.dll
0x00007ffa4d920000 - 0x00007ffa4d93e000 	C:\Program Files\Processing\app\resources\jdk-17.0.14+7\bin\VCRUNTIME140.dll
0x00007ffa4d900000 - 0x00007ffa4d917000 	C:\Program Files\Processing\app\resources\jdk-17.0.14+7\bin\jli.dll
0x00007ffa7bdd0000 - 0x00007ffa7bf96000 	C:\WINDOWS\System32\USER32.dll
0x00007ffa7b630000 - 0x00007ffa7b657000 	C:\WINDOWS\System32\win32u.dll
0x00007ffa61590000 - 0x00007ffa61822000 	C:\WINDOWS\WinSxS\amd64_microsoft.windows.common-controls_6595b64144ccf1df_6.0.26100.8457_none_3e0b2faee331e92d\COMCTL32.dll
0x00007ffa7cc40000 - 0x00007ffa7cc6b000 	C:\WINDOWS\System32\GDI32.dll
0x00007ffa7b7e0000 - 0x00007ffa7b889000 	C:\WINDOWS\System32\msvcrt.dll
0x00007ffa7a940000 - 0x00007ffa7aa6c000 	C:\WINDOWS\System32\gdi32full.dll
0x00007ffa7a490000 - 0x00007ffa7a533000 	C:\WINDOWS\System32\msvcp_win.dll
0x00007ffa7ba00000 - 0x00007ffa7ba32000 	C:\WINDOWS\System32\IMM32.DLL
0x00007ffa73680000 - 0x00007ffa7368c000 	C:\Program Files\Processing\app\resources\jdk-17.0.14+7\bin\vcruntime140_1.dll
0x00007ffa457d0000 - 0x00007ffa4585d000 	C:\Program Files\Processing\app\resources\jdk-17.0.14+7\bin\msvcp140.dll
0x00007ff9b1440000 - 0x00007ff9b20ab000 	C:\Program Files\Processing\app\resources\jdk-17.0.14+7\bin\server\jvm.dll
0x00007ffa7d380000 - 0x00007ffa7d436000 	C:\WINDOWS\System32\ADVAPI32.dll
0x00007ffa7d450000 - 0x00007ffa7d4f7000 	C:\WINDOWS\System32\sechost.dll
0x00007ffa7d610000 - 0x00007ffa7d728000 	C:\WINDOWS\System32\RPCRT4.dll
0x00007ffa7d500000 - 0x00007ffa7d580000 	C:\WINDOWS\System32\WS2_32.dll
0x00007ffa7a310000 - 0x00007ffa7a36e000 	C:\WINDOWS\SYSTEM32\POWRPROF.dll
0x00007ffa704a0000 - 0x00007ffa704ab000 	C:\WINDOWS\SYSTEM32\VERSION.dll
0x00007ffa61e60000 - 0x00007ffa61e96000 	C:\WINDOWS\SYSTEM32\WINMM.dll
0x00007ffa7a2f0000 - 0x00007ffa7a304000 	C:\WINDOWS\SYSTEM32\UMPDC.dll
0x00007ffa79220000 - 0x00007ffa7923b000 	C:\WINDOWS\SYSTEM32\kernel.appcore.dll
0x00007ffa6a5b0000 - 0x00007ffa6a5ba000 	C:\Program Files\Processing\app\resources\jdk-17.0.14+7\bin\jimage.dll
0x00007ffa72470000 - 0x00007ffa726b2000 	C:\WINDOWS\SYSTEM32\DBGHELP.DLL
0x00007ffa7c870000 - 0x00007ffa7cbf3000 	C:\WINDOWS\System32\combase.dll
0x00007ffa7bc30000 - 0x00007ffa7bd09000 	C:\WINDOWS\System32\OLEAUT32.dll
0x00007ffa410a0000 - 0x00007ffa410db000 	C:\WINDOWS\SYSTEM32\dbgcore.DLL
0x00007ffa7aa70000 - 0x00007ffa7ab18000 	C:\WINDOWS\System32\bcryptPrimitives.dll
0x00007ffa478a0000 - 0x00007ffa478db000 	C:\Program Files\Processing\app\resources\jdk-17.0.14+7\bin\jdwp.dll
0x00007ffa4c330000 - 0x00007ffa4c355000 	C:\Program Files\Processing\app\resources\jdk-17.0.14+7\bin\java.dll
0x00007ffa41a00000 - 0x00007ffa41ad7000 	C:\Program Files\Processing\app\resources\jdk-17.0.14+7\bin\jsvml.dll
0x00007ffa7c0f0000 - 0x00007ffa7c85e000 	C:\WINDOWS\System32\SHELL32.dll
0x00007ffa7ac70000 - 0x00007ffa7b4dc000 	C:\WINDOWS\System32\windows.storage.dll
0x00007ffa7d730000 - 0x00007ffa7d826000 	C:\WINDOWS\System32\SHCORE.dll
0x00007ffa7d210000 - 0x00007ffa7d276000 	C:\WINDOWS\System32\shlwapi.dll
0x00007ffa7a3b0000 - 0x00007ffa7a3d9000 	C:\WINDOWS\SYSTEM32\profapi.dll
0x00007ffa4d410000 - 0x00007ffa4d41c000 	C:\Program Files\Processing\app\resources\jdk-17.0.14+7\bin\dt_socket.dll
0x00007ffa78c30000 - 0x00007ffa78c62000 	C:\WINDOWS\SYSTEM32\IPHLPAPI.DLL
0x00007ffa79790000 - 0x00007ffa797fc000 	C:\WINDOWS\system32\mswsock.dll
0x00007ffa4ce10000 - 0x00007ffa4ce29000 	C:\Program Files\Processing\app\resources\jdk-17.0.14+7\bin\net.dll
0x00007ffa775b0000 - 0x00007ffa776d9000 	C:\WINDOWS\SYSTEM32\WINHTTP.dll
0x00007ffa4cd70000 - 0x00007ffa4cd86000 	C:\Program Files\Processing\app\resources\jdk-17.0.14+7\bin\nio.dll
0x00007ffa47880000 - 0x00007ffa47898000 	C:\Program Files\Processing\app\resources\jdk-17.0.14+7\bin\zip.dll
0x00007ffa24050000 - 0x00007ffa241e0000 	C:\Program Files\Processing\app\resources\jdk-17.0.14+7\bin\awt.dll
0x00007ffa76060000 - 0x00007ffa76100000 	C:\WINDOWS\SYSTEM32\apphelp.dll
0x00007ffa77ee0000 - 0x00007ffa77f8a000 	C:\WINDOWS\system32\uxtheme.dll
0x00007ffa7b890000 - 0x00007ffa7b9ec000 	C:\WINDOWS\System32\MSCTF.dll
0x00007ffa7ba40000 - 0x00007ffa7bbd7000 	C:\WINDOWS\System32\ole32.dll
0x00007ffa781d0000 - 0x00007ffa781ff000 	C:\WINDOWS\system32\DWMAPI.DLL
0x00007ffa33d40000 - 0x00007ffa33e4f000 	C:\WINDOWS\system32\opengl32.dll
0x00007ffa36620000 - 0x00007ffa3664d000 	C:\WINDOWS\SYSTEM32\GLU32.dll
0x00007ffa77ff0000 - 0x00007ffa78035000 	C:\WINDOWS\SYSTEM32\dxcore.dll
0x00007ffa79a70000 - 0x00007ffa79a8b000 	C:\WINDOWS\SYSTEM32\CRYPTSP.dll
0x00007ffa79180000 - 0x00007ffa791b9000 	C:\WINDOWS\system32\rsaenh.dll
0x00007ffa79840000 - 0x00007ffa79873000 	C:\WINDOWS\SYSTEM32\USERENV.dll
0x00007ffa7a380000 - 0x00007ffa7a3aa000 	C:\WINDOWS\SYSTEM32\bcrypt.dll
0x00007ffa79a90000 - 0x00007ffa79a9c000 	C:\WINDOWS\SYSTEM32\CRYPTBASE.dll
0x00007ffa7cc00000 - 0x00007ffa7cc0a000 	C:\WINDOWS\System32\NSI.dll
0x00007ffa77800000 - 0x00007ffa7781d000 	C:\WINDOWS\SYSTEM32\dhcpcsvc6.DLL
0x00007ffa77750000 - 0x00007ffa77775000 	C:\WINDOWS\SYSTEM32\dhcpcsvc.DLL
0x00007ffa78ce0000 - 0x00007ffa78e12000 	C:\WINDOWS\SYSTEM32\DNSAPI.dll
0x00007ffa44850000 - 0x00007ffa44863000 	C:\Users\danil\AppData\Local\Temp\jogamp_0000\file_cache\jln17276117392662091259\jln2098093801902247419\natives\windows-amd64\gluegen_rt.dll
0x00007ffa4d400000 - 0x00007ffa4d407000 	C:\Program Files\Processing\app\resources\jdk-17.0.14+7\bin\jawt.dll
0x00007ffa4cd50000 - 0x00007ffa4cd5d000 	C:\Users\danil\AppData\Local\Temp\jogamp_0000\file_cache\jln17276117392662091259\jln2098093801902247419\natives\windows-amd64\nativewindow_awt.dll
0x00007ffa419e0000 - 0x00007ffa419f5000 	C:\Users\danil\AppData\Local\Temp\jogamp_0000\file_cache\jln17276117392662091259\jln2098093801902247419\natives\windows-amd64\nativewindow_win32.dll
0x00007ffa3fac0000 - 0x00007ffa3fb43000 	C:\Users\danil\AppData\Local\Temp\jogamp_0000\file_cache\jln17276117392662091259\jln2098093801902247419\natives\windows-amd64\jogl_desktop.dll
0x00007ffa24380000 - 0x00007ffa243d2000 	C:\Users\danil\AppData\Local\Temp\jogamp_0000\file_cache\jln17276117392662091259\jln2098093801902247419\natives\windows-amd64\jogl_mobile.dll
0x00007ffa73470000 - 0x00007ffa734d1000 	C:\WINDOWS\SYSTEM32\directxdatabasehelper.dll
0x00007ffa665e0000 - 0x00007ffa665fd000 	C:\WINDOWS\SYSTEM32\windows.staterepositorycore.dll
0x00007ff9b0460000 - 0x00007ff9b1433000 	C:\WINDOWS\System32\DriverStore\FileRepository\iigd_dch.inf_amd64_225f37aa3862fc3f\igxelpicd64.dll
0x00007ffa78040000 - 0x00007ffa7817e000 	C:\WINDOWS\system32\dxgi.dll
0x00007ff9ec6a0000 - 0x00007ff9ecb27000 	C:\WINDOWS\System32\DriverStore\FileRepository\iigd_dch.inf_amd64_225f37aa3862fc3f\igdml64.dll
0x00007ffa7a000000 - 0x00007ffa7a051000 	C:\WINDOWS\SYSTEM32\cfgmgr32.dll
0x00007ffa704b0000 - 0x00007ffa70871000 	C:\WINDOWS\System32\DriverStore\FileRepository\iigd_dch.inf_amd64_225f37aa3862fc3f\igdgmm64.dll
0x00007ffa6d290000 - 0x00007ffa70496000 	C:\WINDOWS\System32\DriverStore\FileRepository\iigd_dch.inf_amd64_225f37aa3862fc3f\igc64.dll
0x00007ffa41800000 - 0x00007ffa41819000 	C:\Users\danil\AppData\Local\Temp\jogamp_0000\file_cache\jln17276117392662091259\jln2098093801902247419\natives\windows-amd64\newt_head.dll
0x00007ffa6bce0000 - 0x00007ffa6bd9f000 	C:\WINDOWS\SYSTEM32\mscms.dll
0x00007ffa111b0000 - 0x00007ffa111f9000 	C:\WINDOWS\SYSTEM32\icm32.dll
0x00007ffa7cc70000 - 0x00007ffa7d0f7000 	C:\WINDOWS\System32\setupapi.dll
0x00007ffa79fd0000 - 0x00007ffa79ffd000 	C:\WINDOWS\SYSTEM32\DEVOBJ.dll
0x00007ffa7b4e0000 - 0x00007ffa7b562000 	C:\WINDOWS\System32\WINTRUST.dll
0x00007ffa7b660000 - 0x00007ffa7b7d8000 	C:\WINDOWS\System32\CRYPT32.dll
0x00007ffa79ba0000 - 0x00007ffa79bb3000 	C:\WINDOWS\SYSTEM32\MSASN1.dll
0x00007ffa4d4c0000 - 0x00007ffa4d606000 	C:\WINDOWS\SYSTEM32\textinputframework.dll
0x00007ffa76ea0000 - 0x00007ffa76fc7000 	C:\WINDOWS\SYSTEM32\CoreMessaging.dll
0x00007ffa726c0000 - 0x00007ffa729a2000 	C:\WINDOWS\SYSTEM32\CoreUIComponents.dll
0x00007ffa737b0000 - 0x00007ffa7391a000 	C:\WINDOWS\SYSTEM32\wintypes.dll

dbghelp: loaded successfully - version: 4.0.5 - missing functions: none
symbol engine: initialized successfully - sym options: 0x614 - pdb path: .;C:\Program Files\Processing\app\resources\jdk-17.0.14+7\bin;C:\WINDOWS\SYSTEM32;C:\WINDOWS\WinSxS\amd64_microsoft.windows.common-controls_6595b64144ccf1df_6.0.26100.8457_none_3e0b2faee331e92d;C:\Program Files\Processing\app\resources\jdk-17.0.14+7\bin\server;C:\Users\danil\AppData\Local\Temp\jogamp_0000\file_cache\jln17276117392662091259\jln2098093801902247419\natives\windows-amd64;C:\WINDOWS\System32\DriverStore\FileRepository\iigd_dch.inf_amd64_225f37aa3862fc3f

VM Arguments:
jvm_args: -agentlib:jdwp=transport=dt_socket,address=8864,server=y,suspend=y,quiet=y -Xms64m -Xmx1024m -Djna.nosys=true -Djava.library.path=;C:\Program Files\Processing\app\resources\core\library;C:\Program Files\Processing;C:\WINDOWS\system32;C:\WINDOWS;C:\Program Files\PlasticSCM5\server;C:\Program Files\PlasticSCM5\client;C:\Program Files\Common Files\Oracle\Java\javapath;C:\Program Files (x86)\Common Files\Oracle\Java\javapath;C:\Windows\System32\HWAudioDriverLibs;C:\Windows\system32;C:\Windows;C:\Windows\System32\Wbem;C:\Windows\System32\WindowsPowerShell\v1.0;C:\Windows\System32\OpenSSH;C:\Program Files\Microsoft SQL Server\150\Tools\Binn;C:\Program Files\Microsoft SQL Server\Client SDK\ODBC\170\Tools\Binn;C:\Program Files\dotnet;D:\Windows Kits\10\Windows Performance Toolkit;C:\Program Files\Java\jdk-23\bin;C:\WINDOWS\system32;C:\WINDOWS;C:\WINDOWS\System32\Wbem;C:\WINDOWS\System32\WindowsPowerShell\v1.0;C:\WINDOWS\System32\OpenSSH;C:\Program Files\nodejs;C:\Program Files\Docker\Docker\resources\bin;C:\Program Files\TortoiseGit\bin;C:\Program Files\Git\cmd;C:\Users\danil\AppData\Local\Programs\Python\Python312\Scripts;C:\Users\danil\AppData\Local\Programs\Python\Python312;C:\Users\danil\AppData\Local\Microsoft\WindowsApps;C:\Users\danil\AppData\Local\Programs\Microsoft VS Code\bin;C:\Users\danil\AppData\Roaming\npm;D:\DataBase\18\bin;C:\Program Files\Processing\app;. -ea 
java_command: processing.core.PApplet --editor-location=-7,-7 --external --display=1 --sketch-path=C:\Users\danil\Desktop\Gravity_simul Gravity_simul
java_class_path (initial): C:\Users\danil\AppData\Local\Temp\processing\Gravity_simul15908772172136124188temp;C:\Program Files\Processing\app\resources\core\library\annotations-13.0.jar;C:\Program Files\Processing\app\resources\core\library\antlr-2.7.7.jar;C:\Program Files\Processing\app\resources\core\library\core-4.4.1.jar;C:\Program Files\Processing\app\resources\core\library\gluegen-rt-2.5.0-natives-android-aarch64.jar;C:\Program Files\Processing\app\resources\core\library\gluegen-rt-2.5.0-natives-linux-aarch64.jar;C:\Program Files\Processing\app\resources\core\library\gluegen-rt-2.5.0-natives-linux-amd64.jar;C:\Program Files\Processing\app\resources\core\library\gluegen-rt-2.5.0-natives-linux-armv6hf.jar;C:\Program Files\Processing\app\resources\core\library\gluegen-rt-2.5.0-natives-macosx-universal.jar;C:\Program Files\Processing\app\resources\core\library\gluegen-rt-2.5.0-natives-windows-amd64.jar;C:\Program Files\Processing\app\resources\core\library\gluegen-rt-2.5.0.jar;C:\Program Files\Processing\app\resources\core\library\gluegen-rt-main-2.5.0.jar;C:\Program Files\Processing\app\resources\core\library\jogl-all-2.5.0-natives-android-aarch64.jar;C:\Program Files\Processing\app\resources\core\library\jogl-all-2.5.0-natives-linux-aarch64.jar;C:\Program Files\Processing\app\resources\core\library\jogl-all-2.5.0-natives-linux-amd64.jar;C:\Program Files\Processing\app\resources\core\library\jogl-all-2.5.0-natives-linux-armv6hf.jar;C:\Program Files\Processing\app\resources\core\library\jogl-all-2.5.0-natives-macosx-universal.jar;C:\Program Files\Processing\app\resources\core\library\jogl-all-2.5.0-natives-windows-amd64.jar;C:\Program Files\Processing\app\resources\core\library\jogl-all-2.5.0.jar;C:\Program Files\Processing\app\resources\core\library\jogl-all-main-2.5.0.jar;C:\Program Files\Processing\app\resources\core\library\kotlin-stdlib-2.0.20.jar
Launcher Type: SUN_STANDARD

[Global flags]
     intx CICompilerCount                          = 4                                         {product} {ergonomic}
     uint ConcGCThreads                            = 2                                         {product} {ergonomic}
     uint G1ConcRefinementThreads                  = 8                                         {product} {ergonomic}
   size_t G1HeapRegionSize                         = 1048576                                   {product} {ergonomic}
    uintx GCDrainStackTargetSize                   = 64                                        {product} {ergonomic}
   size_t InitialHeapSize                          = 67108864                                  {product} {command line}
   size_t MarkStackSize                            = 4194304                                   {product} {ergonomic}
   size_t MaxHeapSize                              = 1073741824                                {product} {command line}
   size_t MaxNewSize                               = 643825664                                 {product} {ergonomic}
   size_t MinHeapDeltaBytes                        = 1048576                                   {product} {ergonomic}
   size_t MinHeapSize                              = 67108864                                  {product} {command line}
    uintx NonNMethodCodeHeapSize                   = 5839372                                {pd product} {ergonomic}
    uintx NonProfiledCodeHeapSize                  = 122909434                              {pd product} {ergonomic}
    uintx ProfiledCodeHeapSize                     = 122909434                              {pd product} {ergonomic}
    uintx ReservedCodeCacheSize                    = 251658240                              {pd product} {ergonomic}
     bool SegmentedCodeCache                       = true                                      {product} {ergonomic}
   size_t SoftMaxHeapSize                          = 1073741824                             {manageable} {ergonomic}
     bool UseCompressedClassPointers               = true                           {product lp64_product} {ergonomic}
     bool UseCompressedOops                        = true                           {product lp64_product} {ergonomic}
     bool UseG1GC                                  = true                                      {product} {ergonomic}
     bool UseLargePagesIndividualAllocation        = false                                  {pd product} {ergonomic}

Logging:
Log output configuration:
 #0: stdout all=off uptime,level,tags
 #1: stderr all=off uptime,level,tags

Environment Variables:
JAVA_HOME=C:\Program Files\Java\jdk-23
PATH=C:\Program Files\PlasticSCM5\server;C:\Program Files\PlasticSCM5\client;C:\Program Files\Common Files\Oracle\Java\javapath;C:\Program Files (x86)\Common Files\Oracle\Java\javapath;C:\Windows\System32\HWAudioDriverLibs;C:\Windows\system32;C:\Windows;C:\Windows\System32\Wbem;C:\Windows\System32\WindowsPowerShell\v1.0\;C:\Windows\System32\OpenSSH\;C:\Users\Administrator\AppData\Local\Microsoft\WindowsApps;C:\Program Files\Microsoft SQL Server\150\Tools\Binn\;C:\Program Files\Microsoft SQL Server\Client SDK\ODBC\170\Tools\Binn\;C:\Program Files\dotnet\;D:\Windows Kits\10\Windows Performance Toolkit\;C:\Program Files\Java\jdk-23\bin;C:\WINDOWS\system32;C:\WINDOWS;C:\WINDOWS\System32\Wbem;C:\WINDOWS\System32\WindowsPowerShell\v1.0\;C:\WINDOWS\System32\OpenSSH\;C:\Program Files\nodejs\;C:\Program Files\Docker\Docker\resources\bin;C:\Program Files\TortoiseGit\bin;C:\Program Files\Git\cmd;C:\Users\danil\AppData\Local\Programs\Python\Python312\Scripts\;C:\Users\danil\AppData\Local\Programs\Python\Python312\;C:\Users\danil\AppData\Local\Microsoft\WindowsApps;C:\Users\danil\.dotnet\tools;C:\Users\danil\AppData\Local\Programs\Microsoft VS Code\bin;C:\Users\danil\AppData\Roaming\npm;D:\DataBase\18\bin;C:\Program Files\Processing\app
USERNAME=danil
OS=Windows_NT
PROCESSOR_IDENTIFIER=Intel64 Family 6 Model 140 Stepping 2, GenuineIntel
TMP=C:\Users\danil\AppData\Local\Temp
TEMP=C:\Users\danil\AppData\Local\Temp



Periodic native trim disabled


---------------  S Y S T E M  ---------------

OS:
 Windows 11 , 64 bit Build 26100 (10.0.26100.8328)
OS uptime: 0 days 4:02 hours
Hyper-V role detected

CPU: total 8 (initial active 8) (4 cores per cpu, 2 threads per core) family 6 model 140 stepping 2 microcode 0x16, cx8, cmov, fxsr, ht, mmx, 3dnowpref, sse, sse2, sse3, ssse3, sse4.1, sse4.2, popcnt, lzcnt, tsc, tscinvbit, avx, avx2, aes, erms, clmul, bmi1, bmi2, adx, avx512f, avx512dq, avx512cd, avx512bw, avx512vl, sha, fma, vzeroupper, avx512_vpopcntdq, avx512_vpclmulqdq, avx512_vaes, avx512_vnni, clflush, clflushopt, clwb, avx512_vbmi2, avx512_vbmi, hv
Processor Information for all 8 processors :
  Max Mhz: 2496, Current Mhz: 2496, Mhz Limit: 2496

Memory: 4k page, system-wide physical 7975M (2207M free)
TotalPageFile size 17703M (AvailPageFile size 8053M)
current process WorkingSet (physical memory assigned to process): 739M, peak: 744M
current process commit charge ("private bytes"): 738M, peak: 762M

vm_info: OpenJDK 64-Bit Server VM (17.0.14+7) for windows-amd64 JRE (17.0.14+7), built on Jan 21 2025 23:40:15 by "admin" with MS VC++ 17.7 (VS2022)

END.
