#
# A fatal error has been detected by the Java Runtime Environment:
#
#  EXCEPTION_ACCESS_VIOLATION (0xc0000005) at pc=0x00007ffdd8d0b386, pid=12772, tid=11360
#
# JRE version: OpenJDK Runtime Environment Temurin-17.0.14+7 (17.0.14+7) (build 17.0.14+7)
# Java VM: OpenJDK 64-Bit Server VM Temurin-17.0.14+7 (17.0.14+7, mixed mode, sharing, tiered, compressed oops, compressed class ptrs, g1 gc, windows-amd64)
# Problematic frame:
# C  [igxelpicd64.dll+0x23b386]
#
# No core dump will be written. Minidumps are not enabled by default on client versions of Windows
#
# If you would like to submit a bug report, please visit:
#   https://github.com/adoptium/adoptium-support/issues
#

---------------  S U M M A R Y ------------

Command Line: -agentlib:jdwp=transport=dt_socket,address=8585,server=y,suspend=y,quiet=y -Xms64m -Xmx1024m -Djna.nosys=true -Djava.library.path=;C:\Program Files\Processing\app\resources\core\library;C:\Program Files\Processing;C:\WINDOWS\system32;C:\WINDOWS;C:\Program Files\PlasticSCM5\server;C:\Program Files\PlasticSCM5\client;C:\Program Files\Common Files\Oracle\Java\javapath;C:\Program Files (x86)\Common Files\Oracle\Java\javapath;C:\Windows\System32\HWAudioDriverLibs;C:\Windows\system32;C:\Windows;C:\Windows\System32\Wbem;C:\Windows\System32\WindowsPowerShell\v1.0;C:\Windows\System32\OpenSSH;C:\Program Files\Microsoft SQL Server\150\Tools\Binn;C:\Program Files\Microsoft SQL Server\Client SDK\ODBC\170\Tools\Binn;C:\Program Files\dotnet;D:\Windows Kits\10\Windows Performance Toolkit;C:\Program Files\Java\jdk-23\bin;C:\WINDOWS\system32;C:\WINDOWS;C:\WINDOWS\System32\Wbem;C:\WINDOWS\System32\WindowsPowerShell\v1.0;C:\WINDOWS\System32\OpenSSH;C:\Program Files\nodejs;C:\Program Files\Docker\Docker\resources\bin;C:\Program Files\TortoiseGit\bin;C:\Program Files\Git\cmd;C:\Users\danil\AppData\Local\Programs\Python\Python312\Scripts;C:\Users\danil\AppData\Local\Programs\Python\Python312;C:\Users\danil\AppData\Local\Microsoft\WindowsApps;C:\Users\danil\AppData\Local\Programs\Microsoft VS Code\bin;C:\Users\danil\AppData\Roaming\npm;D:\DataBase\18\bin;C:\Program Files\Processing\app;. -ea processing.core.PApplet --editor-location=-7,-7 --external --display=1 --sketch-path=C:\Users\danil\Desktop\Gravity_simul Gravity_simul

Host: 11th Gen Intel(R) Core(TM) i5-1155G7 @ 2.50GHz, 8 cores, 7G,  Windows 11 , 64 bit Build 26100 (10.0.26100.8328)
Time: Sun Jun 28 13:26:55 2026 RTZ 3 (s 11 , 64 bit Build 26100 (10.0.26100.8328) elapsed time: 14.004767 seconds (0d 0h 0m 14s)

---------------  T H R E A D  ---------------

Current thread (0x000001b44712c5b0):  VMThread "VM Thread" [stack: 0x00000062ee600000,0x00000062ee700000] [id=11360]

Stack: [0x00000062ee600000,0x00000062ee700000],  sp=0x00000062ee6fe410,  free space=1017k
Native frames: (J=compiled Java code, j=interpreted, Vv=VM code, C=native code)
C  [igxelpicd64.dll+0x23b386]


siginfo: EXCEPTION_ACCESS_VIOLATION (0xc0000005), reading address 0x0000000000035468


Registers:
RAX=0x000001b48ef21770, RBX=0x000001b48d08ab30, RCX=0x0000000000000004, RDX=0x0000000000000000
RSP=0x00000062ee6fe410, RBP=0x0000000000000000, RSI=0x000001b48ef21570, RDI=0x000001b48d0f8250
R8 =0x000001b48ef21670, R9 =0x00000062edb72000, R10=0x0000000000000000, R11=0x0000000000000246
R12=0x000001b48ef21570, R13=0x0000000000000000, R14=0x000001b48ef21ab8, R15=0x000001b48ef22110
RIP=0x00007ffdd8d0b386, EFLAGS=0x0000000000010202


Register to memory mapping:

RIP=0x00007ffdd8d0b386 igxelpicd64.dll
RAX=0x000001b48ef21770 points into unknown readable memory: 0x000000000002a28f | 8f a2 02 00 00 00 00 00
RBX=0x000001b48d08ab30 points into unknown readable memory: 0xffffffffffffffff | ff ff ff ff ff ff ff ff
RCX=0x0000000000000004 is an unknown value
RDX=0x0 is NULL
RSP=0x00000062ee6fe410 points into unknown readable memory: 0x000001b48d08ab30 | 30 ab 08 8d b4 01 00 00
RBP=0x0 is NULL
RSI=0x000001b48ef21570 points into unknown readable memory: 0x000001b48d7ed5f0 | f0 d5 7e 8d b4 01 00 00
RDI=0x000001b48d0f8250 points into unknown readable memory: 0x0000000000000000 | 00 00 00 00 00 00 00 00
R8 =0x000001b48ef21670 points into unknown readable memory: 0x0000000000000000 | 00 00 00 00 00 00 00 00
R9 =0x00000062edb72000 points into unknown readable memory: 0x0000000000000000 | 00 00 00 00 00 00 00 00
R10=0x0 is NULL
R11=0x0000000000000246 is an unknown value
R12=0x000001b48ef21570 points into unknown readable memory: 0x000001b48d7ed5f0 | f0 d5 7e 8d b4 01 00 00
R13=0x0 is NULL
R14=0x000001b48ef21ab8 points into unknown readable memory: 0x000001b48ef22110 | 10 21 f2 8e b4 01 00 00
R15=0x000001b48ef22110 points into unknown readable memory: 0x000001b48d7ed5f0 | f0 d5 7e 8d b4 01 00 00


Top of Stack: (sp=0x00000062ee6fe410)
0x00000062ee6fe410:   000001b48d08ab30 02908ec3034d7cc3
0x00000062ee6fe420:   039807c400f399c3 02c88ec502330ac5
0x00000062ee6fe430:   0000001603000000 0000000000000000
0x00000062ee6fe440:   02c41aca033fe8c9 039f35ca00b723ca
0x00000062ee6fe450:   000001b48d08ab30 024d47cb033837cb
0x00000062ee6fe460:   005649cc0385f7cb 039807cd037086cc
0x00000062ee6fe470:   0165f3cf036711cd 036f30d001ba0ad0
0x00000062ee6fe480:   036ac6d0039189d0 037086d101e4f6d0
0x00000062ee6fe490:   038d2bd20347fdd1 0377c8d20364afd2
0x00000062ee6fe4a0:   038469d3039f30d3 014b83d3006182d3
0x00000062ee6fe4b0:   026672d4032a08d4 034f3dd50374a3d4
0x00000062ee6fe4c0:   02ff65d5027662d5 0357b2d5031484d5
0x00000062ee6fe4d0:   039eb8d6031902d6 0391c5d70258efd6
0x00000062ee6fe4e0:   0398f2d70375dad7 038067d80366fdd7
0x00000062ee6fe4f0:   019ce7d8037086d8 00007ffe8d905b54
0x00000062ee6fe500:   0000000000000000 0000000000000000
0x00000062ee6fe510:   00000062ee6fe6b0 00007ffe8b771259
0x00000062ee6fe520:   00000062ee6fe5a8 0000000000000000
0x00000062ee6fe530:   0000000000000054 0000000000000000
0x00000062ee6fe540:   02bc24e50379e0e4 00007ffe8d905cc4
0x00000062ee6fe550:   038f48e602e52ee6 02ec1be7033c73e6
0x00000062ee6fe560:   0000586e63c3067d 033a74e7038065e7
0x00000062ee6fe570:   000001b48ebf65f8 000000000002a2c5
0x00000062ee6fe580:   0000000000000000 0000000000000016
0x00000062ee6fe590:   0000000000000000 0000000000000000
0x00000062ee6fe5a0:   00000062ee6fe6b0 00007ffdd8d382ae
0x00000062ee6fe5b0:   000001b48d0f8250 0000000000000000
0x00000062ee6fe5c0:   000001b48d0f8250 00b6e0f0039c40f0
0x00000062ee6fe5d0:   0000006200000d54 0000740400870000
0x00000062ee6fe5e0:   0000000000000000 00db08f301e634f2
0x00000062ee6fe5f0:   02bf90f3035c44f3 02b457f402b0a2f3
0x00000062ee6fe600:   03399cf6027374f4 027dcef7005e12f7 

Instructions: (pc=0x00007ffdd8d0b386)
0x00007ffdd8d0b286:   00 90 4c 8b bf 80 02 00 00 48 8b 05 9a 85 bd 00
0x00007ffdd8d0b296:   8b 80 c8 0a 00 00 89 44 24 24 c6 44 24 20 00 48
0x00007ffdd8d0b2a6:   c7 87 80 02 00 00 00 00 00 00 c7 87 88 02 00 00
0x00007ffdd8d0b2b6:   00 00 00 00 48 c7 87 a0 02 00 00 00 00 00 00 48
0x00007ffdd8d0b2c6:   c7 87 90 02 00 00 00 00 00 00 48 85 ed 75 3d 8b
0x00007ffdd8d0b2d6:   35 0d 77 cd 00 65 48 8b 04 25 58 00 00 00 b9 14
0x00007ffdd8d0b2e6:   00 00 00 48 8b 04 f0 40 38 2c 01 0f 84 c9 e7 75
0x00007ffdd8d0b2f6:   00 65 48 8b 04 25 58 00 00 00 bd 20 00 00 00 48
0x00007ffdd8d0b306:   8b 04 f0 48 8b 2c 28 48 89 6c 24 28 48 3b 2d 07
0x00007ffdd8d0b316:   9b cd 00 0f 84 9b 10 00 00 4d 85 ff 0f 84 3a 01
0x00007ffdd8d0b326:   00 00 0f 1f 84 00 00 00 00 00 49 8b f7 4d 8b e7
0x00007ffdd8d0b336:   4d 8d b7 48 05 00 00 4d 8b 3e 45 84 ed 0f 85 d9
0x00007ffdd8d0b346:   0e 00 00 8b 8f d0 01 00 00 48 8b 05 da 84 bd 00
0x00007ffdd8d0b356:   83 b8 64 03 00 00 02 75 34 4d 8d 84 24 00 01 00
0x00007ffdd8d0b366:   00 83 f9 10 0f 83 3a 01 00 00 8b c1 48 c1 e0 06
0x00007ffdd8d0b376:   49 03 c0 48 85 c0 0f 84 9b 01 00 00 48 8b 50 08
0x00007ffdd8d0b386:   48 3b 95 68 54 03 00 0f 87 b6 0e 00 00 48 83 be
0x00007ffdd8d0b396:   c0 05 00 00 00 0f 85 50 e7 75 00 44 8b 8f d0 01
0x00007ffdd8d0b3a6:   00 00 48 8b 87 e8 01 00 00 4c 8b 00 8b 8f d0 01
0x00007ffdd8d0b3b6:   00 00 48 8d 9e 00 01 00 00 83 f9 10 0f 83 1e 01
0x00007ffdd8d0b3c6:   00 00 8b c1 48 c1 e0 06 48 03 c3 48 85 c0 0f 84
0x00007ffdd8d0b3d6:   4a 01 00 00 4c 39 40 08 0f 86 40 01 00 00 48 8b
0x00007ffdd8d0b3e6:   87 80 02 00 00 49 89 06 48 89 b7 80 02 00 00 ff
0x00007ffdd8d0b3f6:   87 88 02 00 00 48 8b 4e 08 48 8b 01 ba 01 00 00
0x00007ffdd8d0b406:   00 48 8b 80 e0 02 00 00 ff 15 f4 c1 88 00 0f b7
0x00007ffdd8d0b416:   c8 48 2b c1 48 05 00 00 01 00 48 01 87 90 02 00
0x00007ffdd8d0b426:   00 48 8b 4e 08 48 8b 01 ba 01 00 00 00 48 8b 80
0x00007ffdd8d0b436:   e0 02 00 00 ff 15 c8 c1 88 00 48 01 87 a0 02 00
0x00007ffdd8d0b446:   00 0f b6 54 24 20 4d 85 ff 0f 85 db fe ff ff 84
0x00007ffdd8d0b456:   d2 0f 85 37 0f 00 00 48 8b 5c 24 40 48 8b cf 80
0x00007ffdd8d0b466:   7c 24 22 00 0f 85 40 0f 00 00 e8 3b f9 ff ff 90
0x00007ffdd8d0b476:   48 8b cb ff 15 99 bc 88 00 48 8b 8c 24 50 01 00 


Stack slot to memory mapping:
stack at sp + 0 slots: 0x000001b48d08ab30 points into unknown readable memory: 0xffffffffffffffff | ff ff ff ff ff ff ff ff
stack at sp + 1 slots: 0x02908ec3034d7cc3 is an unknown value
stack at sp + 2 slots: 0x039807c400f399c3 is an unknown value
stack at sp + 3 slots: 0x02c88ec502330ac5 is an unknown value
stack at sp + 4 slots: 0x0000001603000000 is an unknown value
stack at sp + 5 slots: 0x0 is NULL
stack at sp + 6 slots: 0x02c41aca033fe8c9 is an unknown value
stack at sp + 7 slots: 0x039f35ca00b723ca is an unknown value

VM_Operation (0x00000062f08fe930): Exit, mode: safepoint, requested by thread 0x000001b48d5d7fa0


---------------  P R O C E S S  ---------------

Threads class SMR info:
_java_thread_list=0x000001b48e4e1450, length=36, elements={
0x000001b44712fae0, 0x000001b4471335c0, 0x000001b44714c6d0, 0x000001b44714f0a0,
0x000001b447150a70, 0x000001b447151760, 0x000001b447156180, 0x000001b447156b80,
0x000001b447412050, 0x000001b447416f60, 0x000001b4474280b0, 0x000001b48d0a3980,
0x000001b48d53ae00, 0x000001b48d5d7fa0, 0x000001b48d5d89c0, 0x000001b48d5d84b0,
0x000001b48d5d7580, 0x000001b48d5d7070, 0x000001b48d5d7a90, 0x000001b49f4373c0,
0x000001b49f4382f0, 0x000001b49f4378d0, 0x000001b49f437de0, 0x000001b49f438800,
0x000001b49f439220, 0x000001b49f439c40, 0x000001b49f438d10, 0x000001b49f439730,
0x000001b49f436490, 0x000001b49f43a150, 0x000001b49f4369a0, 0x000001b49f43a660,
0x000001b49f436eb0, 0x000001b49f43cee0, 0x000001b49f43bfb0, 0x000001b49f43baa0
}

Java Threads: ( => current thread )
  0x000001b44712fae0 JavaThread "Reference Handler" daemon [_thread_blocked, id=13180, stack(0x00000062ee700000,0x00000062ee800000)]
  0x000001b4471335c0 JavaThread "Finalizer" daemon [_thread_blocked, id=15180, stack(0x00000062ee800000,0x00000062ee900000)]
  0x000001b44714c6d0 JavaThread "Attach Listener" daemon [_thread_blocked, id=17432, stack(0x00000062eea00000,0x00000062eeb00000)]
  0x000001b44714f0a0 JavaThread "Service Thread" daemon [_thread_blocked, id=820, stack(0x00000062eeb00000,0x00000062eec00000)]
  0x000001b447150a70 JavaThread "Monitor Deflation Thread" daemon [_thread_blocked, id=5804, stack(0x00000062eec00000,0x00000062eed00000)]
  0x000001b447151760 JavaThread "C2 CompilerThread0" daemon [_thread_blocked, id=12788, stack(0x00000062eed00000,0x00000062eee00000)]
  0x000001b447156180 JavaThread "C1 CompilerThread0" daemon [_thread_blocked, id=2940, stack(0x00000062eee00000,0x00000062eef00000)]
  0x000001b447156b80 JavaThread "Sweeper thread" daemon [_thread_blocked, id=15288, stack(0x00000062eef00000,0x00000062ef000000)]
  0x000001b447412050 JavaThread "JDWP Event Helper Thread" daemon [_thread_blocked, id=1228, stack(0x00000062ef100000,0x00000062ef200000)]
  0x000001b447416f60 JavaThread "Notification Thread" daemon [_thread_blocked, id=15928, stack(0x00000062ef300000,0x00000062ef400000)]
  0x000001b4474280b0 JavaThread "Common-Cleaner" daemon [_thread_blocked, id=1084, stack(0x00000062ef500000,0x00000062ef600000)]
  0x000001b48d0a3980 JavaThread "Java2D Disposer" daemon [_thread_blocked, id=13404, stack(0x00000062ef600000,0x00000062ef700000)]
  0x000001b48d53ae00 JavaThread "HighResTimerThread" daemon [_thread_blocked, id=10488, stack(0x00000062f0600000,0x00000062f0700000)]
  0x000001b48d5d7fa0 JavaThread "main-FPSAWTAnimator#00-Timer0" [_thread_blocked, id=19180, stack(0x00000062f0800000,0x00000062f0900000)]
  0x000001b48d5d89c0 JavaThread "DestroyJavaVM" [_thread_blocked, id=18964, stack(0x00000062ee000000,0x00000062ee100000)]
  0x000001b48d5d84b0 JavaThread "pool-1-thread-1" [_thread_blocked, id=16096, stack(0x00000062f0a00000,0x00000062f0b00000)]
  0x000001b48d5d7580 JavaThread "pool-1-thread-2" [_thread_blocked, id=5668, stack(0x00000062f0b00000,0x00000062f0c00000)]
  0x000001b48d5d7070 JavaThread "pool-1-thread-3" [_thread_blocked, id=17532, stack(0x00000062f0c00000,0x00000062f0d00000)]
  0x000001b48d5d7a90 JavaThread "pool-1-thread-4" [_thread_blocked, id=1604, stack(0x00000062f0d00000,0x00000062f0e00000)]
  0x000001b49f4373c0 JavaThread "pool-1-thread-5" [_thread_blocked, id=3956, stack(0x00000062f0e00000,0x00000062f0f00000)]
  0x000001b49f4382f0 JavaThread "pool-1-thread-6" [_thread_blocked, id=3040, stack(0x00000062f0f00000,0x00000062f1000000)]
  0x000001b49f4378d0 JavaThread "pool-1-thread-7" [_thread_blocked, id=9832, stack(0x00000062f1000000,0x00000062f1100000)]
  0x000001b49f437de0 JavaThread "pool-1-thread-8" [_thread_blocked, id=16648, stack(0x00000062f1100000,0x00000062f1200000)]
  0x000001b49f438800 JavaThread "pool-1-thread-9" [_thread_blocked, id=16716, stack(0x00000062f1200000,0x00000062f1300000)]
  0x000001b49f439220 JavaThread "pool-1-thread-10" [_thread_blocked, id=18112, stack(0x00000062f1300000,0x00000062f1400000)]
  0x000001b49f439c40 JavaThread "pool-1-thread-11" [_thread_blocked, id=16428, stack(0x00000062f1400000,0x00000062f1500000)]
  0x000001b49f438d10 JavaThread "pool-1-thread-12" [_thread_blocked, id=16196, stack(0x00000062f1500000,0x00000062f1600000)]
  0x000001b49f439730 JavaThread "pool-1-thread-13" [_thread_blocked, id=15340, stack(0x00000062f1600000,0x00000062f1700000)]
  0x000001b49f436490 JavaThread "pool-1-thread-14" [_thread_blocked, id=10472, stack(0x00000062f1700000,0x00000062f1800000)]
  0x000001b49f43a150 JavaThread "pool-1-thread-15" [_thread_blocked, id=9916, stack(0x00000062f1800000,0x00000062f1900000)]
  0x000001b49f4369a0 JavaThread "pool-1-thread-16" [_thread_blocked, id=10392, stack(0x00000062f1900000,0x00000062f1a00000)]
  0x000001b49f43a660 JavaThread "pool-1-thread-17" [_thread_blocked, id=2004, stack(0x00000062f1b00000,0x00000062f1c00000)]
  0x000001b49f436eb0 JavaThread "pool-1-thread-18" [_thread_blocked, id=18172, stack(0x00000062f1c00000,0x00000062f1d00000)]
  0x000001b49f43cee0 JavaThread "pool-1-thread-19" [_thread_blocked, id=9172, stack(0x00000062f1d00000,0x00000062f1e00000)]
  0x000001b49f43bfb0 JavaThread "pool-1-thread-20" [_thread_blocked, id=4472, stack(0x00000062f1e00000,0x00000062f1f00000)]
  0x000001b49f43baa0 JavaThread "AWT-Shutdown" [_thread_blocked, id=16660, stack(0x00000062f0700000,0x00000062f0800000)]

Other Threads:
=>0x000001b44712c5b0 VMThread "VM Thread" [stack: 0x00000062ee600000,0x00000062ee700000] [id=11360]
  0x000001b42936b900 GCTaskThread "GC Thread#0" [stack: 0x00000062ee100000,0x00000062ee200000] [id=9596]
  0x000001b48e31a990 GCTaskThread "GC Thread#1" [stack: 0x00000062efe00000,0x00000062eff00000] [id=8912]
  0x000001b48e31ac50 GCTaskThread "GC Thread#2" [stack: 0x00000062eff00000,0x00000062f0000000] [id=17104]
  0x000001b48e31af10 GCTaskThread "GC Thread#3" [stack: 0x00000062f0000000,0x00000062f0100000] [id=14084]
  0x000001b48e31b1d0 GCTaskThread "GC Thread#4" [stack: 0x00000062f0100000,0x00000062f0200000] [id=18808]
  0x000001b48e31b490 GCTaskThread "GC Thread#5" [stack: 0x00000062f0200000,0x00000062f0300000] [id=13244]
  0x000001b48e3477a0 GCTaskThread "GC Thread#6" [stack: 0x00000062f0300000,0x00000062f0400000] [id=18412]
  0x000001b48e34ba70 GCTaskThread "GC Thread#7" [stack: 0x00000062f0400000,0x00000062f0500000] [id=1196]
  0x000001b429375860 ConcurrentGCThread "G1 Main Marker" terminated
  0x000001b429376280 ConcurrentGCThread "G1 Conc#0" [stack: 0x00000062ee300000,0x00000062ee400000] [id=11512]
  0x000001b49f5cb590 ConcurrentGCThread "G1 Conc#1" [stack: 0x00000062f2200000,0x00000062f2300000] [id=15388]
  0x000001b446feaee0 ConcurrentGCThread "G1 Refine#0" terminated
  0x000001b48ead5ca0 ConcurrentGCThread "G1 Refine#1" terminated
  0x000001b48e31e110 ConcurrentGCThread "G1 Refine#2" terminated
  0x000001b48e31e400 ConcurrentGCThread "G1 Refine#3" terminated
  0x000001b446feb7b0 ConcurrentGCThread "G1 Service" terminated

Threads with active compile tasks:

VM state: at safepoint (shutting down)

VM Mutex/Monitor currently owned by a thread:  ([mutex/lock_event])
[0x000001b4290fa530] Threads_lock - owner thread: 0x000001b44712c5b0
[0x000001b429328fc0] Heap_lock - owner thread: 0x000001b48d5d7fa0

Heap address: 0x00000000c0000000, size: 1024 MB, Compressed Oops mode: 32-bit

CDS archive(s) mapped at: [0x000001b448000000-0x000001b448bb0000-0x000001b448bb0000), size 12255232, SharedBaseAddress: 0x000001b448000000, ArchiveRelocationMode: 1.
Compressed class space mapped at: 0x000001b449000000-0x000001b489000000, reserved size: 1073741824
Narrow klass base: 0x000001b448000000, Narrow klass shift: 0, Narrow klass range: 0x100000000

GC Precious Log:
 CPUs: 8 total, 8 available
 Memory: 7975M
 Large Page Support: Disabled
 NUMA Support: Disabled
 Compressed Oops: Enabled (32-bit)
 Heap Region Size: 1M
 Heap Min Capacity: 64M
 Heap Initial Capacity: 64M
 Heap Max Capacity: 1G
 Pre-touch: Disabled
 Parallel Workers: 8
 Concurrent Workers: 2
 Concurrent Refinement Workers: 8
 Periodic GC: Disabled

Heap:
 garbage-first heap   total 296960K, used 237214K [0x00000000c0000000, 0x0000000100000000)
  region size 1024K, 151 young (154624K), 3 survivors (3072K)
 Metaspace       used 12943K, committed 13120K, reserved 1114112K
  class space    used 918K, committed 1024K, reserved 1048576K

Heap Regions: E=young(eden), S=young(survivor), O=old, HS=humongous(starts), HC=humongous(continues), CS=collection set, F=free, OA=open archive, CA=closed archive, TAMS=top-at-mark-start (previous, next)
|   0|0x00000000c0000000, 0x00000000c0100000, 0x00000000c0100000|100%| O|  |TAMS 0x00000000c0100000, 0x00000000c0000000| Untracked 
|   1|0x00000000c0100000, 0x00000000c0200000, 0x00000000c0200000|100%| O|  |TAMS 0x00000000c0200000, 0x00000000c0100000| Untracked 
|   2|0x00000000c0200000, 0x00000000c0300000, 0x00000000c0300000|100%| O|  |TAMS 0x00000000c0300000, 0x00000000c0200000| Untracked 
|   3|0x00000000c0300000, 0x00000000c0400000, 0x00000000c0400000|100%| O|  |TAMS 0x00000000c0400000, 0x00000000c0300000| Untracked 
|   4|0x00000000c0400000, 0x00000000c0500000, 0x00000000c0500000|100%| O|  |TAMS 0x00000000c0500000, 0x00000000c0400000| Untracked 
|   5|0x00000000c0500000, 0x00000000c0600000, 0x00000000c0600000|100%| O|  |TAMS 0x00000000c0600000, 0x00000000c0500000| Untracked 
|   6|0x00000000c0600000, 0x00000000c0700000, 0x00000000c0700000|100%| O|  |TAMS 0x00000000c0700000, 0x00000000c0600000| Untracked 
|   7|0x00000000c0700000, 0x00000000c0704c00, 0x00000000c0800000|  1%| O|  |TAMS 0x00000000c0700000, 0x00000000c0700000| Untracked 
|   8|0x00000000c0800000, 0x00000000c0800000, 0x00000000c0900000|  0%| F|  |TAMS 0x00000000c0800000, 0x00000000c0800000| Untracked 
|   9|0x00000000c0900000, 0x00000000c0a00000, 0x00000000c0a00000|100%| O|  |TAMS 0x00000000c0a00000, 0x00000000c0900000| Untracked 
|  10|0x00000000c0a00000, 0x00000000c0b00000, 0x00000000c0b00000|100%|HS|  |TAMS 0x00000000c0b00000, 0x00000000c0a00000| Complete 
|  11|0x00000000c0b00000, 0x00000000c0c00000, 0x00000000c0c00000|100%|HC|  |TAMS 0x00000000c0c00000, 0x00000000c0b00000| Complete 
|  12|0x00000000c0c00000, 0x00000000c0d00000, 0x00000000c0d00000|100%|HC|  |TAMS 0x00000000c0d00000, 0x00000000c0c00000| Complete 
|  13|0x00000000c0d00000, 0x00000000c0e00000, 0x00000000c0e00000|100%|HC|  |TAMS 0x00000000c0e00000, 0x00000000c0d00000| Complete 
|  14|0x00000000c0e00000, 0x00000000c0f00000, 0x00000000c0f00000|100%|HC|  |TAMS 0x00000000c0f00000, 0x00000000c0e00000| Complete 
|  15|0x00000000c0f00000, 0x00000000c1000000, 0x00000000c1000000|100%|HC|  |TAMS 0x00000000c1000000, 0x00000000c0f00000| Complete 
|  16|0x00000000c1000000, 0x00000000c1100000, 0x00000000c1100000|100%|HC|  |TAMS 0x00000000c1100000, 0x00000000c1000000| Complete 
|  17|0x00000000c1100000, 0x00000000c1200000, 0x00000000c1200000|100%|HC|  |TAMS 0x00000000c1200000, 0x00000000c1100000| Complete 
|  18|0x00000000c1200000, 0x00000000c1300000, 0x00000000c1300000|100%|HC|  |TAMS 0x00000000c1300000, 0x00000000c1200000| Complete 
|  19|0x00000000c1300000, 0x00000000c1400000, 0x00000000c1400000|100%|HC|  |TAMS 0x00000000c1400000, 0x00000000c1300000| Complete 
|  20|0x00000000c1400000, 0x00000000c1500000, 0x00000000c1500000|100%|HC|  |TAMS 0x00000000c1500000, 0x00000000c1400000| Complete 
|  21|0x00000000c1500000, 0x00000000c1600000, 0x00000000c1600000|100%|HC|  |TAMS 0x00000000c1600000, 0x00000000c1500000| Complete 
|  22|0x00000000c1600000, 0x00000000c1700000, 0x00000000c1700000|100%|HC|  |TAMS 0x00000000c1700000, 0x00000000c1600000| Complete 
|  23|0x00000000c1700000, 0x00000000c1800000, 0x00000000c1800000|100%|HC|  |TAMS 0x00000000c1800000, 0x00000000c1700000| Complete 
|  24|0x00000000c1800000, 0x00000000c1900000, 0x00000000c1900000|100%|HC|  |TAMS 0x00000000c1900000, 0x00000000c1800000| Complete 
|  25|0x00000000c1900000, 0x00000000c1a00000, 0x00000000c1a00000|100%|HC|  |TAMS 0x00000000c1a00000, 0x00000000c1900000| Complete 
|  26|0x00000000c1a00000, 0x00000000c1b00000, 0x00000000c1b00000|100%|HC|  |TAMS 0x00000000c1b00000, 0x00000000c1a00000| Complete 
|  27|0x00000000c1b00000, 0x00000000c1b00000, 0x00000000c1c00000|  0%| F|  |TAMS 0x00000000c1b00000, 0x00000000c1b00000| Untracked 
|  28|0x00000000c1c00000, 0x00000000c1d00000, 0x00000000c1d00000|100%|HS|  |TAMS 0x00000000c1d00000, 0x00000000c1c00000| Complete 
|  29|0x00000000c1d00000, 0x00000000c1e00000, 0x00000000c1e00000|100%|HC|  |TAMS 0x00000000c1e00000, 0x00000000c1d00000| Complete 
|  30|0x00000000c1e00000, 0x00000000c1f00000, 0x00000000c1f00000|100%|HC|  |TAMS 0x00000000c1f00000, 0x00000000c1e00000| Complete 
|  31|0x00000000c1f00000, 0x00000000c2000000, 0x00000000c2000000|100%|HC|  |TAMS 0x00000000c2000000, 0x00000000c1f00000| Complete 
|  32|0x00000000c2000000, 0x00000000c2100000, 0x00000000c2100000|100%|HC|  |TAMS 0x00000000c2100000, 0x00000000c2000000| Complete 
|  33|0x00000000c2100000, 0x00000000c2200000, 0x00000000c2200000|100%| O|  |TAMS 0x00000000c2200000, 0x00000000c2100000| Untracked 
|  34|0x00000000c2200000, 0x00000000c2300000, 0x00000000c2300000|100%| O|  |TAMS 0x00000000c2300000, 0x00000000c2200000| Untracked 
|  35|0x00000000c2300000, 0x00000000c2400000, 0x00000000c2400000|100%|HS|  |TAMS 0x00000000c2400000, 0x00000000c2300000| Complete 
|  36|0x00000000c2400000, 0x00000000c2500000, 0x00000000c2500000|100%|HC|  |TAMS 0x00000000c2500000, 0x00000000c2400000| Complete 
|  37|0x00000000c2500000, 0x00000000c2600000, 0x00000000c2600000|100%|HC|  |TAMS 0x00000000c2600000, 0x00000000c2500000| Complete 
|  38|0x00000000c2600000, 0x00000000c2700000, 0x00000000c2700000|100%|HC|  |TAMS 0x00000000c2700000, 0x00000000c2600000| Complete 
|  39|0x00000000c2700000, 0x00000000c2800000, 0x00000000c2800000|100%|HC|  |TAMS 0x00000000c2800000, 0x00000000c2700000| Complete 
|  40|0x00000000c2800000, 0x00000000c2900000, 0x00000000c2900000|100%|HC|  |TAMS 0x00000000c2900000, 0x00000000c2800000| Complete 
|  41|0x00000000c2900000, 0x00000000c2a00000, 0x00000000c2a00000|100%|HC|  |TAMS 0x00000000c2a00000, 0x00000000c2900000| Complete 
|  42|0x00000000c2a00000, 0x00000000c2b00000, 0x00000000c2b00000|100%|HC|  |TAMS 0x00000000c2b00000, 0x00000000c2a00000| Complete 
|  43|0x00000000c2b00000, 0x00000000c2c00000, 0x00000000c2c00000|100%|HC|  |TAMS 0x00000000c2c00000, 0x00000000c2b00000| Complete 
|  44|0x00000000c2c00000, 0x00000000c2d00000, 0x00000000c2d00000|100%|HC|  |TAMS 0x00000000c2d00000, 0x00000000c2c00000| Complete 
|  45|0x00000000c2d00000, 0x00000000c2e00000, 0x00000000c2e00000|100%|HC|  |TAMS 0x00000000c2e00000, 0x00000000c2d00000| Complete 
|  46|0x00000000c2e00000, 0x00000000c2f00000, 0x00000000c2f00000|100%|HC|  |TAMS 0x00000000c2f00000, 0x00000000c2e00000| Complete 
|  47|0x00000000c2f00000, 0x00000000c3000000, 0x00000000c3000000|100%|HC|  |TAMS 0x00000000c3000000, 0x00000000c2f00000| Complete 
|  48|0x00000000c3000000, 0x00000000c3100000, 0x00000000c3100000|100%|HS|  |TAMS 0x00000000c3100000, 0x00000000c3000000| Complete 
|  49|0x00000000c3100000, 0x00000000c3200000, 0x00000000c3200000|100%|HC|  |TAMS 0x00000000c3200000, 0x00000000c3100000| Complete 
|  50|0x00000000c3200000, 0x00000000c3300000, 0x00000000c3300000|100%|HC|  |TAMS 0x00000000c3300000, 0x00000000c3200000| Complete 
|  51|0x00000000c3300000, 0x00000000c3400000, 0x00000000c3400000|100%|HC|  |TAMS 0x00000000c3400000, 0x00000000c3300000| Complete 
|  52|0x00000000c3400000, 0x00000000c3500000, 0x00000000c3500000|100%|HC|  |TAMS 0x00000000c3500000, 0x00000000c3400000| Complete 
|  53|0x00000000c3500000, 0x00000000c3600000, 0x00000000c3600000|100%|HC|  |TAMS 0x00000000c3600000, 0x00000000c3500000| Complete 
|  54|0x00000000c3600000, 0x00000000c3700000, 0x00000000c3700000|100%|HC|  |TAMS 0x00000000c3700000, 0x00000000c3600000| Complete 
|  55|0x00000000c3700000, 0x00000000c3800000, 0x00000000c3800000|100%|HC|  |TAMS 0x00000000c3800000, 0x00000000c3700000| Complete 
|  56|0x00000000c3800000, 0x00000000c3900000, 0x00000000c3900000|100%|HC|  |TAMS 0x00000000c3900000, 0x00000000c3800000| Complete 
|  57|0x00000000c3900000, 0x00000000c3a00000, 0x00000000c3a00000|100%|HS|  |TAMS 0x00000000c3a00000, 0x00000000c3900000| Complete 
|  58|0x00000000c3a00000, 0x00000000c3b00000, 0x00000000c3b00000|100%|HC|  |TAMS 0x00000000c3b00000, 0x00000000c3a00000| Complete 
|  59|0x00000000c3b00000, 0x00000000c3c00000, 0x00000000c3c00000|100%|HC|  |TAMS 0x00000000c3c00000, 0x00000000c3b00000| Complete 
|  60|0x00000000c3c00000, 0x00000000c3d00000, 0x00000000c3d00000|100%|HC|  |TAMS 0x00000000c3d00000, 0x00000000c3c00000| Complete 
|  61|0x00000000c3d00000, 0x00000000c3e00000, 0x00000000c3e00000|100%|HC|  |TAMS 0x00000000c3e00000, 0x00000000c3d00000| Complete 
|  62|0x00000000c3e00000, 0x00000000c3f00000, 0x00000000c3f00000|100%| O|  |TAMS 0x00000000c3f00000, 0x00000000c3e00000| Untracked 
|  63|0x00000000c3f00000, 0x00000000c3f00000, 0x00000000c4000000|  0%| F|  |TAMS 0x00000000c3f00000, 0x00000000c3f00000| Untracked 
|  64|0x00000000c4000000, 0x00000000c4100000, 0x00000000c4100000|100%|HS|  |TAMS 0x00000000c4100000, 0x00000000c4000000| Complete 
|  65|0x00000000c4100000, 0x00000000c4200000, 0x00000000c4200000|100%|HC|  |TAMS 0x00000000c4200000, 0x00000000c4100000| Complete 
|  66|0x00000000c4200000, 0x00000000c4300000, 0x00000000c4300000|100%|HC|  |TAMS 0x00000000c4300000, 0x00000000c4200000| Complete 
|  67|0x00000000c4300000, 0x00000000c4400000, 0x00000000c4400000|100%|HC|  |TAMS 0x00000000c4400000, 0x00000000c4300000| Complete 
|  68|0x00000000c4400000, 0x00000000c4500000, 0x00000000c4500000|100%|HC|  |TAMS 0x00000000c4500000, 0x00000000c4400000| Complete 
|  69|0x00000000c4500000, 0x00000000c4600000, 0x00000000c4600000|100%|HS|  |TAMS 0x00000000c4600000, 0x00000000c4500000| Complete 
|  70|0x00000000c4600000, 0x00000000c4700000, 0x00000000c4700000|100%|HC|  |TAMS 0x00000000c4700000, 0x00000000c4600000| Complete 
|  71|0x00000000c4700000, 0x00000000c4800000, 0x00000000c4800000|100%|HC|  |TAMS 0x00000000c4800000, 0x00000000c4700000| Complete 
|  72|0x00000000c4800000, 0x00000000c4900000, 0x00000000c4900000|100%|HC|  |TAMS 0x00000000c4900000, 0x00000000c4800000| Complete 
|  73|0x00000000c4900000, 0x00000000c4a00000, 0x00000000c4a00000|100%|HC|  |TAMS 0x00000000c4a00000, 0x00000000c4900000| Complete 
|  74|0x00000000c4a00000, 0x00000000c4b00000, 0x00000000c4b00000|100%|HS|  |TAMS 0x00000000c4b00000, 0x00000000c4a00000| Complete 
|  75|0x00000000c4b00000, 0x00000000c4c00000, 0x00000000c4c00000|100%|HC|  |TAMS 0x00000000c4c00000, 0x00000000c4b00000| Complete 
|  76|0x00000000c4c00000, 0x00000000c4d00000, 0x00000000c4d00000|100%|HC|  |TAMS 0x00000000c4d00000, 0x00000000c4c00000| Complete 
|  77|0x00000000c4d00000, 0x00000000c4e00000, 0x00000000c4e00000|100%|HC|  |TAMS 0x00000000c4e00000, 0x00000000c4d00000| Complete 
|  78|0x00000000c4e00000, 0x00000000c4f00000, 0x00000000c4f00000|100%|HC|  |TAMS 0x00000000c4f00000, 0x00000000c4e00000| Complete 
|  79|0x00000000c4f00000, 0x00000000c5000000, 0x00000000c5000000|100%|HS|  |TAMS 0x00000000c5000000, 0x00000000c4f00000| Complete 
|  80|0x00000000c5000000, 0x00000000c5100000, 0x00000000c5100000|100%|HC|  |TAMS 0x00000000c5100000, 0x00000000c5000000| Complete 
|  81|0x00000000c5100000, 0x00000000c5200000, 0x00000000c5200000|100%|HC|  |TAMS 0x00000000c5200000, 0x00000000c5100000| Complete 
|  82|0x00000000c5200000, 0x00000000c5300000, 0x00000000c5300000|100%|HC|  |TAMS 0x00000000c5300000, 0x00000000c5200000| Complete 
|  83|0x00000000c5300000, 0x00000000c5400000, 0x00000000c5400000|100%|HC|  |TAMS 0x00000000c5400000, 0x00000000c5300000| Complete 
|  84|0x00000000c5400000, 0x00000000c5500000, 0x00000000c5500000|100%| O|  |TAMS 0x00000000c5500000, 0x00000000c5400000| Untracked 
|  85|0x00000000c5500000, 0x00000000c5600000, 0x00000000c5600000|100%| O|  |TAMS 0x00000000c5600000, 0x00000000c5500000| Untracked 
|  86|0x00000000c5600000, 0x00000000c5600000, 0x00000000c5700000|  0%| F|  |TAMS 0x00000000c5600000, 0x00000000c5600000| Untracked 
|  87|0x00000000c5700000, 0x00000000c5700000, 0x00000000c5800000|  0%| F|  |TAMS 0x00000000c5700000, 0x00000000c5700000| Untracked 
|  88|0x00000000c5800000, 0x00000000c5800000, 0x00000000c5900000|  0%| F|  |TAMS 0x00000000c5800000, 0x00000000c5800000| Untracked 
|  89|0x00000000c5900000, 0x00000000c5900000, 0x00000000c5a00000|  0%| F|  |TAMS 0x00000000c5900000, 0x00000000c5900000| Untracked 
|  90|0x00000000c5a00000, 0x00000000c5a00000, 0x00000000c5b00000|  0%| F|  |TAMS 0x00000000c5a00000, 0x00000000c5a00000| Untracked 
|  91|0x00000000c5b00000, 0x00000000c5b00000, 0x00000000c5c00000|  0%| F|  |TAMS 0x00000000c5b00000, 0x00000000c5b00000| Untracked 
|  92|0x00000000c5c00000, 0x00000000c5c00000, 0x00000000c5d00000|  0%| F|  |TAMS 0x00000000c5c00000, 0x00000000c5c00000| Untracked 
|  93|0x00000000c5d00000, 0x00000000c5d00000, 0x00000000c5e00000|  0%| F|  |TAMS 0x00000000c5d00000, 0x00000000c5d00000| Untracked 
|  94|0x00000000c5e00000, 0x00000000c5e00000, 0x00000000c5f00000|  0%| F|  |TAMS 0x00000000c5e00000, 0x00000000c5e00000| Untracked 
|  95|0x00000000c5f00000, 0x00000000c5f00000, 0x00000000c6000000|  0%| F|  |TAMS 0x00000000c5f00000, 0x00000000c5f00000| Untracked 
|  96|0x00000000c6000000, 0x00000000c6000000, 0x00000000c6100000|  0%| F|  |TAMS 0x00000000c6000000, 0x00000000c6000000| Untracked 
|  97|0x00000000c6100000, 0x00000000c6100000, 0x00000000c6200000|  0%| F|  |TAMS 0x00000000c6100000, 0x00000000c6100000| Untracked 
|  98|0x00000000c6200000, 0x00000000c6200000, 0x00000000c6300000|  0%| F|  |TAMS 0x00000000c6200000, 0x00000000c6200000| Untracked 
|  99|0x00000000c6300000, 0x00000000c6300000, 0x00000000c6400000|  0%| F|  |TAMS 0x00000000c6300000, 0x00000000c6300000| Untracked 
| 100|0x00000000c6400000, 0x00000000c6400000, 0x00000000c6500000|  0%| F|  |TAMS 0x00000000c6400000, 0x00000000c6400000| Untracked 
| 101|0x00000000c6500000, 0x00000000c6500000, 0x00000000c6600000|  0%| F|  |TAMS 0x00000000c6500000, 0x00000000c6500000| Untracked 
| 102|0x00000000c6600000, 0x00000000c6600000, 0x00000000c6700000|  0%| F|  |TAMS 0x00000000c6600000, 0x00000000c6600000| Untracked 
| 103|0x00000000c6700000, 0x00000000c6700000, 0x00000000c6800000|  0%| F|  |TAMS 0x00000000c6700000, 0x00000000c6700000| Untracked 
| 104|0x00000000c6800000, 0x00000000c6800000, 0x00000000c6900000|  0%| F|  |TAMS 0x00000000c6800000, 0x00000000c6800000| Untracked 
| 105|0x00000000c6900000, 0x00000000c6900000, 0x00000000c6a00000|  0%| F|  |TAMS 0x00000000c6900000, 0x00000000c6900000| Untracked 
| 106|0x00000000c6a00000, 0x00000000c6a00000, 0x00000000c6b00000|  0%| F|  |TAMS 0x00000000c6a00000, 0x00000000c6a00000| Untracked 
| 107|0x00000000c6b00000, 0x00000000c6b00000, 0x00000000c6c00000|  0%| F|  |TAMS 0x00000000c6b00000, 0x00000000c6b00000| Untracked 
| 108|0x00000000c6c00000, 0x00000000c6c00000, 0x00000000c6d00000|  0%| F|  |TAMS 0x00000000c6c00000, 0x00000000c6c00000| Untracked 
| 109|0x00000000c6d00000, 0x00000000c6d00000, 0x00000000c6e00000|  0%| F|  |TAMS 0x00000000c6d00000, 0x00000000c6d00000| Untracked 
| 110|0x00000000c6e00000, 0x00000000c6e00000, 0x00000000c6f00000|  0%| F|  |TAMS 0x00000000c6e00000, 0x00000000c6e00000| Untracked 
| 111|0x00000000c6f00000, 0x00000000c6f00000, 0x00000000c7000000|  0%| F|  |TAMS 0x00000000c6f00000, 0x00000000c6f00000| Untracked 
| 112|0x00000000c7000000, 0x00000000c7000000, 0x00000000c7100000|  0%| F|  |TAMS 0x00000000c7000000, 0x00000000c7000000| Untracked 
| 113|0x00000000c7100000, 0x00000000c7100000, 0x00000000c7200000|  0%| F|  |TAMS 0x00000000c7100000, 0x00000000c7100000| Untracked 
| 114|0x00000000c7200000, 0x00000000c7200000, 0x00000000c7300000|  0%| F|  |TAMS 0x00000000c7200000, 0x00000000c7200000| Untracked 
| 115|0x00000000c7300000, 0x00000000c7300000, 0x00000000c7400000|  0%| F|  |TAMS 0x00000000c7300000, 0x00000000c7300000| Untracked 
| 116|0x00000000c7400000, 0x00000000c7400000, 0x00000000c7500000|  0%| F|  |TAMS 0x00000000c7400000, 0x00000000c7400000| Untracked 
| 117|0x00000000c7500000, 0x00000000c7500000, 0x00000000c7600000|  0%| F|  |TAMS 0x00000000c7500000, 0x00000000c7500000| Untracked 
| 118|0x00000000c7600000, 0x00000000c7600000, 0x00000000c7700000|  0%| F|  |TAMS 0x00000000c7600000, 0x00000000c7600000| Untracked 
| 119|0x00000000c7700000, 0x00000000c7700000, 0x00000000c7800000|  0%| F|  |TAMS 0x00000000c7700000, 0x00000000c7700000| Untracked 
| 120|0x00000000c7800000, 0x00000000c7800000, 0x00000000c7900000|  0%| F|  |TAMS 0x00000000c7800000, 0x00000000c7800000| Untracked 
| 121|0x00000000c7900000, 0x00000000c7900000, 0x00000000c7a00000|  0%| F|  |TAMS 0x00000000c7900000, 0x00000000c7900000| Untracked 
| 122|0x00000000c7a00000, 0x00000000c7a00000, 0x00000000c7b00000|  0%| F|  |TAMS 0x00000000c7a00000, 0x00000000c7a00000| Untracked 
| 123|0x00000000c7b00000, 0x00000000c7b00000, 0x00000000c7c00000|  0%| F|  |TAMS 0x00000000c7b00000, 0x00000000c7b00000| Untracked 
| 124|0x00000000c7c00000, 0x00000000c7c00000, 0x00000000c7d00000|  0%| F|  |TAMS 0x00000000c7c00000, 0x00000000c7c00000| Untracked 
| 125|0x00000000c7d00000, 0x00000000c7d00000, 0x00000000c7e00000|  0%| F|  |TAMS 0x00000000c7d00000, 0x00000000c7d00000| Untracked 
| 126|0x00000000c7e00000, 0x00000000c7e00000, 0x00000000c7f00000|  0%| F|  |TAMS 0x00000000c7e00000, 0x00000000c7e00000| Untracked 
| 127|0x00000000c7f00000, 0x00000000c7f00000, 0x00000000c8000000|  0%| F|  |TAMS 0x00000000c7f00000, 0x00000000c7f00000| Untracked 
| 128|0x00000000c8000000, 0x00000000c8000000, 0x00000000c8100000|  0%| F|  |TAMS 0x00000000c8000000, 0x00000000c8000000| Untracked 
| 129|0x00000000c8100000, 0x00000000c81a2cf0, 0x00000000c8200000| 63%| S|CS|TAMS 0x00000000c8100000, 0x00000000c8100000| Complete 
| 130|0x00000000c8200000, 0x00000000c8300000, 0x00000000c8300000|100%| S|CS|TAMS 0x00000000c8200000, 0x00000000c8200000| Complete 
| 131|0x00000000c8300000, 0x00000000c8400000, 0x00000000c8400000|100%| S|CS|TAMS 0x00000000c8300000, 0x00000000c8300000| Complete 
| 132|0x00000000c8400000, 0x00000000c8400000, 0x00000000c8500000|  0%| F|  |TAMS 0x00000000c8400000, 0x00000000c8400000| Untracked 
| 133|0x00000000c8500000, 0x00000000c8500000, 0x00000000c8600000|  0%| F|  |TAMS 0x00000000c8500000, 0x00000000c8500000| Untracked 
| 134|0x00000000c8600000, 0x00000000c8600000, 0x00000000c8700000|  0%| F|  |TAMS 0x00000000c8600000, 0x00000000c8600000| Untracked 
| 135|0x00000000c8700000, 0x00000000c8700000, 0x00000000c8800000|  0%| F|  |TAMS 0x00000000c8700000, 0x00000000c8700000| Untracked 
| 136|0x00000000c8800000, 0x00000000c8800000, 0x00000000c8900000|  0%| F|  |TAMS 0x00000000c8800000, 0x00000000c8800000| Untracked 
| 137|0x00000000c8900000, 0x00000000c8900000, 0x00000000c8a00000|  0%| F|  |TAMS 0x00000000c8900000, 0x00000000c8900000| Untracked 
| 138|0x00000000c8a00000, 0x00000000c8a00000, 0x00000000c8b00000|  0%| F|  |TAMS 0x00000000c8a00000, 0x00000000c8a00000| Untracked 
| 139|0x00000000c8b00000, 0x00000000c8b00000, 0x00000000c8c00000|  0%| F|  |TAMS 0x00000000c8b00000, 0x00000000c8b00000| Untracked 
| 140|0x00000000c8c00000, 0x00000000c8c00000, 0x00000000c8d00000|  0%| F|  |TAMS 0x00000000c8c00000, 0x00000000c8c00000| Untracked 
| 141|0x00000000c8d00000, 0x00000000c8d00000, 0x00000000c8e00000|  0%| F|  |TAMS 0x00000000c8d00000, 0x00000000c8d00000| Untracked 
| 142|0x00000000c8e00000, 0x00000000c8e80000, 0x00000000c8f00000| 50%| E|  |TAMS 0x00000000c8e00000, 0x00000000c8e00000| Complete 
| 143|0x00000000c8f00000, 0x00000000c9000000, 0x00000000c9000000|100%| E|CS|TAMS 0x00000000c8f00000, 0x00000000c8f00000| Complete 
| 144|0x00000000c9000000, 0x00000000c9100000, 0x00000000c9100000|100%| E|CS|TAMS 0x00000000c9000000, 0x00000000c9000000| Complete 
| 145|0x00000000c9100000, 0x00000000c9200000, 0x00000000c9200000|100%| E|CS|TAMS 0x00000000c9100000, 0x00000000c9100000| Complete 
| 146|0x00000000c9200000, 0x00000000c9300000, 0x00000000c9300000|100%| E|CS|TAMS 0x00000000c9200000, 0x00000000c9200000| Complete 
| 147|0x00000000c9300000, 0x00000000c9400000, 0x00000000c9400000|100%| E|CS|TAMS 0x00000000c9300000, 0x00000000c9300000| Complete 
| 148|0x00000000c9400000, 0x00000000c9500000, 0x00000000c9500000|100%| E|CS|TAMS 0x00000000c9400000, 0x00000000c9400000| Complete 
| 149|0x00000000c9500000, 0x00000000c9600000, 0x00000000c9600000|100%| E|CS|TAMS 0x00000000c9500000, 0x00000000c9500000| Complete 
| 150|0x00000000c9600000, 0x00000000c9700000, 0x00000000c9700000|100%| E|CS|TAMS 0x00000000c9600000, 0x00000000c9600000| Complete 
| 151|0x00000000c9700000, 0x00000000c9800000, 0x00000000c9800000|100%| E|CS|TAMS 0x00000000c9700000, 0x00000000c9700000| Complete 
| 152|0x00000000c9800000, 0x00000000c9900000, 0x00000000c9900000|100%| E|CS|TAMS 0x00000000c9800000, 0x00000000c9800000| Complete 
| 153|0x00000000c9900000, 0x00000000c9a00000, 0x00000000c9a00000|100%| E|CS|TAMS 0x00000000c9900000, 0x00000000c9900000| Complete 
| 154|0x00000000c9a00000, 0x00000000c9b00000, 0x00000000c9b00000|100%| E|CS|TAMS 0x00000000c9a00000, 0x00000000c9a00000| Complete 
| 155|0x00000000c9b00000, 0x00000000c9c00000, 0x00000000c9c00000|100%| E|CS|TAMS 0x00000000c9b00000, 0x00000000c9b00000| Complete 
| 156|0x00000000c9c00000, 0x00000000c9d00000, 0x00000000c9d00000|100%| E|CS|TAMS 0x00000000c9c00000, 0x00000000c9c00000| Complete 
| 157|0x00000000c9d00000, 0x00000000c9e00000, 0x00000000c9e00000|100%| E|CS|TAMS 0x00000000c9d00000, 0x00000000c9d00000| Complete 
| 158|0x00000000c9e00000, 0x00000000c9f00000, 0x00000000c9f00000|100%| E|CS|TAMS 0x00000000c9e00000, 0x00000000c9e00000| Complete 
| 159|0x00000000c9f00000, 0x00000000ca000000, 0x00000000ca000000|100%| E|CS|TAMS 0x00000000c9f00000, 0x00000000c9f00000| Complete 
| 160|0x00000000ca000000, 0x00000000ca100000, 0x00000000ca100000|100%| E|CS|TAMS 0x00000000ca000000, 0x00000000ca000000| Complete 
| 161|0x00000000ca100000, 0x00000000ca200000, 0x00000000ca200000|100%| E|CS|TAMS 0x00000000ca100000, 0x00000000ca100000| Complete 
| 162|0x00000000ca200000, 0x00000000ca300000, 0x00000000ca300000|100%| E|CS|TAMS 0x00000000ca200000, 0x00000000ca200000| Complete 
| 163|0x00000000ca300000, 0x00000000ca400000, 0x00000000ca400000|100%| E|CS|TAMS 0x00000000ca300000, 0x00000000ca300000| Complete 
| 164|0x00000000ca400000, 0x00000000ca500000, 0x00000000ca500000|100%| E|CS|TAMS 0x00000000ca400000, 0x00000000ca400000| Complete 
| 165|0x00000000ca500000, 0x00000000ca600000, 0x00000000ca600000|100%| E|CS|TAMS 0x00000000ca500000, 0x00000000ca500000| Complete 
| 166|0x00000000ca600000, 0x00000000ca700000, 0x00000000ca700000|100%| E|CS|TAMS 0x00000000ca600000, 0x00000000ca600000| Complete 
| 167|0x00000000ca700000, 0x00000000ca800000, 0x00000000ca800000|100%| E|CS|TAMS 0x00000000ca700000, 0x00000000ca700000| Complete 
| 168|0x00000000ca800000, 0x00000000ca900000, 0x00000000ca900000|100%| E|CS|TAMS 0x00000000ca800000, 0x00000000ca800000| Complete 
| 169|0x00000000ca900000, 0x00000000caa00000, 0x00000000caa00000|100%| E|CS|TAMS 0x00000000ca900000, 0x00000000ca900000| Complete 
| 170|0x00000000caa00000, 0x00000000cab00000, 0x00000000cab00000|100%| E|CS|TAMS 0x00000000caa00000, 0x00000000caa00000| Complete 
| 171|0x00000000cab00000, 0x00000000cac00000, 0x00000000cac00000|100%| E|CS|TAMS 0x00000000cab00000, 0x00000000cab00000| Complete 
| 172|0x00000000cac00000, 0x00000000cad00000, 0x00000000cad00000|100%| E|CS|TAMS 0x00000000cac00000, 0x00000000cac00000| Complete 
| 173|0x00000000cad00000, 0x00000000cae00000, 0x00000000cae00000|100%| E|CS|TAMS 0x00000000cad00000, 0x00000000cad00000| Complete 
| 174|0x00000000cae00000, 0x00000000caf00000, 0x00000000caf00000|100%| E|CS|TAMS 0x00000000cae00000, 0x00000000cae00000| Complete 
| 175|0x00000000caf00000, 0x00000000cb000000, 0x00000000cb000000|100%| E|CS|TAMS 0x00000000caf00000, 0x00000000caf00000| Complete 
| 176|0x00000000cb000000, 0x00000000cb100000, 0x00000000cb100000|100%| E|CS|TAMS 0x00000000cb000000, 0x00000000cb000000| Complete 
| 177|0x00000000cb100000, 0x00000000cb200000, 0x00000000cb200000|100%| E|CS|TAMS 0x00000000cb100000, 0x00000000cb100000| Complete 
| 178|0x00000000cb200000, 0x00000000cb300000, 0x00000000cb300000|100%| E|CS|TAMS 0x00000000cb200000, 0x00000000cb200000| Complete 
| 179|0x00000000cb300000, 0x00000000cb400000, 0x00000000cb400000|100%| E|CS|TAMS 0x00000000cb300000, 0x00000000cb300000| Complete 
| 180|0x00000000cb400000, 0x00000000cb500000, 0x00000000cb500000|100%| E|CS|TAMS 0x00000000cb400000, 0x00000000cb400000| Complete 
| 181|0x00000000cb500000, 0x00000000cb600000, 0x00000000cb600000|100%| E|CS|TAMS 0x00000000cb500000, 0x00000000cb500000| Complete 
| 182|0x00000000cb600000, 0x00000000cb700000, 0x00000000cb700000|100%| E|CS|TAMS 0x00000000cb600000, 0x00000000cb600000| Complete 
| 183|0x00000000cb700000, 0x00000000cb800000, 0x00000000cb800000|100%| E|CS|TAMS 0x00000000cb700000, 0x00000000cb700000| Complete 
| 184|0x00000000cb800000, 0x00000000cb900000, 0x00000000cb900000|100%| E|CS|TAMS 0x00000000cb800000, 0x00000000cb800000| Complete 
| 185|0x00000000cb900000, 0x00000000cba00000, 0x00000000cba00000|100%| E|CS|TAMS 0x00000000cb900000, 0x00000000cb900000| Complete 
| 186|0x00000000cba00000, 0x00000000cbb00000, 0x00000000cbb00000|100%| E|CS|TAMS 0x00000000cba00000, 0x00000000cba00000| Complete 
| 187|0x00000000cbb00000, 0x00000000cbc00000, 0x00000000cbc00000|100%| E|CS|TAMS 0x00000000cbb00000, 0x00000000cbb00000| Complete 
| 188|0x00000000cbc00000, 0x00000000cbd00000, 0x00000000cbd00000|100%| E|CS|TAMS 0x00000000cbc00000, 0x00000000cbc00000| Complete 
| 189|0x00000000cbd00000, 0x00000000cbe00000, 0x00000000cbe00000|100%| E|CS|TAMS 0x00000000cbd00000, 0x00000000cbd00000| Complete 
| 190|0x00000000cbe00000, 0x00000000cbf00000, 0x00000000cbf00000|100%| E|CS|TAMS 0x00000000cbe00000, 0x00000000cbe00000| Complete 
| 191|0x00000000cbf00000, 0x00000000cc000000, 0x00000000cc000000|100%| E|CS|TAMS 0x00000000cbf00000, 0x00000000cbf00000| Complete 
| 192|0x00000000cc000000, 0x00000000cc100000, 0x00000000cc100000|100%| E|CS|TAMS 0x00000000cc000000, 0x00000000cc000000| Complete 
| 193|0x00000000cc100000, 0x00000000cc200000, 0x00000000cc200000|100%| E|CS|TAMS 0x00000000cc100000, 0x00000000cc100000| Complete 
| 194|0x00000000cc200000, 0x00000000cc300000, 0x00000000cc300000|100%| E|CS|TAMS 0x00000000cc200000, 0x00000000cc200000| Complete 
| 195|0x00000000cc300000, 0x00000000cc400000, 0x00000000cc400000|100%| E|CS|TAMS 0x00000000cc300000, 0x00000000cc300000| Complete 
| 196|0x00000000cc400000, 0x00000000cc500000, 0x00000000cc500000|100%| E|CS|TAMS 0x00000000cc400000, 0x00000000cc400000| Complete 
| 197|0x00000000cc500000, 0x00000000cc600000, 0x00000000cc600000|100%| E|CS|TAMS 0x00000000cc500000, 0x00000000cc500000| Complete 
| 198|0x00000000cc600000, 0x00000000cc700000, 0x00000000cc700000|100%| E|CS|TAMS 0x00000000cc600000, 0x00000000cc600000| Complete 
| 199|0x00000000cc700000, 0x00000000cc800000, 0x00000000cc800000|100%| E|CS|TAMS 0x00000000cc700000, 0x00000000cc700000| Complete 
| 200|0x00000000cc800000, 0x00000000cc900000, 0x00000000cc900000|100%| E|CS|TAMS 0x00000000cc800000, 0x00000000cc800000| Complete 
| 201|0x00000000cc900000, 0x00000000cca00000, 0x00000000cca00000|100%| E|CS|TAMS 0x00000000cc900000, 0x00000000cc900000| Complete 
| 202|0x00000000cca00000, 0x00000000ccb00000, 0x00000000ccb00000|100%| E|CS|TAMS 0x00000000cca00000, 0x00000000cca00000| Complete 
| 203|0x00000000ccb00000, 0x00000000ccc00000, 0x00000000ccc00000|100%| E|CS|TAMS 0x00000000ccb00000, 0x00000000ccb00000| Complete 
| 204|0x00000000ccc00000, 0x00000000ccd00000, 0x00000000ccd00000|100%| E|CS|TAMS 0x00000000ccc00000, 0x00000000ccc00000| Complete 
| 205|0x00000000ccd00000, 0x00000000cce00000, 0x00000000cce00000|100%| E|CS|TAMS 0x00000000ccd00000, 0x00000000ccd00000| Complete 
| 206|0x00000000cce00000, 0x00000000ccf00000, 0x00000000ccf00000|100%| E|CS|TAMS 0x00000000cce00000, 0x00000000cce00000| Complete 
| 207|0x00000000ccf00000, 0x00000000cd000000, 0x00000000cd000000|100%| E|CS|TAMS 0x00000000ccf00000, 0x00000000ccf00000| Complete 
| 208|0x00000000cd000000, 0x00000000cd100000, 0x00000000cd100000|100%| E|CS|TAMS 0x00000000cd000000, 0x00000000cd000000| Complete 
| 209|0x00000000cd100000, 0x00000000cd200000, 0x00000000cd200000|100%| E|CS|TAMS 0x00000000cd100000, 0x00000000cd100000| Complete 
| 210|0x00000000cd200000, 0x00000000cd300000, 0x00000000cd300000|100%| E|CS|TAMS 0x00000000cd200000, 0x00000000cd200000| Complete 
| 211|0x00000000cd300000, 0x00000000cd400000, 0x00000000cd400000|100%| E|CS|TAMS 0x00000000cd300000, 0x00000000cd300000| Complete 
| 212|0x00000000cd400000, 0x00000000cd500000, 0x00000000cd500000|100%| E|CS|TAMS 0x00000000cd400000, 0x00000000cd400000| Complete 
| 213|0x00000000cd500000, 0x00000000cd600000, 0x00000000cd600000|100%| E|CS|TAMS 0x00000000cd500000, 0x00000000cd500000| Complete 
| 214|0x00000000cd600000, 0x00000000cd700000, 0x00000000cd700000|100%| E|CS|TAMS 0x00000000cd600000, 0x00000000cd600000| Complete 
| 215|0x00000000cd700000, 0x00000000cd800000, 0x00000000cd800000|100%| E|CS|TAMS 0x00000000cd700000, 0x00000000cd700000| Complete 
| 216|0x00000000cd800000, 0x00000000cd900000, 0x00000000cd900000|100%| E|CS|TAMS 0x00000000cd800000, 0x00000000cd800000| Complete 
| 217|0x00000000cd900000, 0x00000000cda00000, 0x00000000cda00000|100%| E|CS|TAMS 0x00000000cd900000, 0x00000000cd900000| Complete 
| 218|0x00000000cda00000, 0x00000000cdb00000, 0x00000000cdb00000|100%| E|CS|TAMS 0x00000000cda00000, 0x00000000cda00000| Complete 
| 219|0x00000000cdb00000, 0x00000000cdc00000, 0x00000000cdc00000|100%| E|CS|TAMS 0x00000000cdb00000, 0x00000000cdb00000| Complete 
| 220|0x00000000cdc00000, 0x00000000cdd00000, 0x00000000cdd00000|100%| E|CS|TAMS 0x00000000cdc00000, 0x00000000cdc00000| Complete 
| 221|0x00000000cdd00000, 0x00000000cde00000, 0x00000000cde00000|100%| E|CS|TAMS 0x00000000cdd00000, 0x00000000cdd00000| Complete 
| 222|0x00000000cde00000, 0x00000000cdf00000, 0x00000000cdf00000|100%| E|CS|TAMS 0x00000000cde00000, 0x00000000cde00000| Complete 
| 223|0x00000000cdf00000, 0x00000000ce000000, 0x00000000ce000000|100%| E|CS|TAMS 0x00000000cdf00000, 0x00000000cdf00000| Complete 
| 224|0x00000000ce000000, 0x00000000ce100000, 0x00000000ce100000|100%| E|CS|TAMS 0x00000000ce000000, 0x00000000ce000000| Complete 
| 225|0x00000000ce100000, 0x00000000ce200000, 0x00000000ce200000|100%| E|CS|TAMS 0x00000000ce100000, 0x00000000ce100000| Complete 
| 226|0x00000000ce200000, 0x00000000ce300000, 0x00000000ce300000|100%| E|CS|TAMS 0x00000000ce200000, 0x00000000ce200000| Complete 
| 227|0x00000000ce300000, 0x00000000ce400000, 0x00000000ce400000|100%| E|CS|TAMS 0x00000000ce300000, 0x00000000ce300000| Complete 
| 228|0x00000000ce400000, 0x00000000ce500000, 0x00000000ce500000|100%| E|CS|TAMS 0x00000000ce400000, 0x00000000ce400000| Complete 
| 229|0x00000000ce500000, 0x00000000ce600000, 0x00000000ce600000|100%| E|CS|TAMS 0x00000000ce500000, 0x00000000ce500000| Complete 
| 230|0x00000000ce600000, 0x00000000ce700000, 0x00000000ce700000|100%| E|CS|TAMS 0x00000000ce600000, 0x00000000ce600000| Complete 
| 231|0x00000000ce700000, 0x00000000ce800000, 0x00000000ce800000|100%| E|CS|TAMS 0x00000000ce700000, 0x00000000ce700000| Complete 
| 232|0x00000000ce800000, 0x00000000ce900000, 0x00000000ce900000|100%| E|CS|TAMS 0x00000000ce800000, 0x00000000ce800000| Complete 
| 233|0x00000000ce900000, 0x00000000cea00000, 0x00000000cea00000|100%| E|CS|TAMS 0x00000000ce900000, 0x00000000ce900000| Complete 
| 234|0x00000000cea00000, 0x00000000ceb00000, 0x00000000ceb00000|100%| E|CS|TAMS 0x00000000cea00000, 0x00000000cea00000| Complete 
| 235|0x00000000ceb00000, 0x00000000cec00000, 0x00000000cec00000|100%| E|CS|TAMS 0x00000000ceb00000, 0x00000000ceb00000| Complete 
| 236|0x00000000cec00000, 0x00000000ced00000, 0x00000000ced00000|100%| E|CS|TAMS 0x00000000cec00000, 0x00000000cec00000| Complete 
| 237|0x00000000ced00000, 0x00000000cee00000, 0x00000000cee00000|100%| E|CS|TAMS 0x00000000ced00000, 0x00000000ced00000| Complete 
| 238|0x00000000cee00000, 0x00000000cef00000, 0x00000000cef00000|100%| E|CS|TAMS 0x00000000cee00000, 0x00000000cee00000| Complete 
| 239|0x00000000cef00000, 0x00000000cf000000, 0x00000000cf000000|100%| E|CS|TAMS 0x00000000cef00000, 0x00000000cef00000| Complete 
| 240|0x00000000cf000000, 0x00000000cf100000, 0x00000000cf100000|100%| E|CS|TAMS 0x00000000cf000000, 0x00000000cf000000| Complete 
| 241|0x00000000cf100000, 0x00000000cf200000, 0x00000000cf200000|100%| E|CS|TAMS 0x00000000cf100000, 0x00000000cf100000| Complete 
| 242|0x00000000cf200000, 0x00000000cf300000, 0x00000000cf300000|100%| E|CS|TAMS 0x00000000cf200000, 0x00000000cf200000| Complete 
| 243|0x00000000cf300000, 0x00000000cf400000, 0x00000000cf400000|100%| E|CS|TAMS 0x00000000cf300000, 0x00000000cf300000| Complete 
| 244|0x00000000cf400000, 0x00000000cf500000, 0x00000000cf500000|100%| E|CS|TAMS 0x00000000cf400000, 0x00000000cf400000| Complete 
| 245|0x00000000cf500000, 0x00000000cf600000, 0x00000000cf600000|100%| E|CS|TAMS 0x00000000cf500000, 0x00000000cf500000| Complete 
| 246|0x00000000cf600000, 0x00000000cf700000, 0x00000000cf700000|100%| E|CS|TAMS 0x00000000cf600000, 0x00000000cf600000| Complete 
| 247|0x00000000cf700000, 0x00000000cf800000, 0x00000000cf800000|100%| E|CS|TAMS 0x00000000cf700000, 0x00000000cf700000| Complete 
| 248|0x00000000cf800000, 0x00000000cf900000, 0x00000000cf900000|100%| E|CS|TAMS 0x00000000cf800000, 0x00000000cf800000| Complete 
| 249|0x00000000cf900000, 0x00000000cfa00000, 0x00000000cfa00000|100%| E|CS|TAMS 0x00000000cf900000, 0x00000000cf900000| Complete 
| 250|0x00000000cfa00000, 0x00000000cfb00000, 0x00000000cfb00000|100%| E|CS|TAMS 0x00000000cfa00000, 0x00000000cfa00000| Complete 
| 251|0x00000000cfb00000, 0x00000000cfc00000, 0x00000000cfc00000|100%| E|CS|TAMS 0x00000000cfb00000, 0x00000000cfb00000| Complete 
| 252|0x00000000cfc00000, 0x00000000cfd00000, 0x00000000cfd00000|100%| E|CS|TAMS 0x00000000cfc00000, 0x00000000cfc00000| Complete 
| 253|0x00000000cfd00000, 0x00000000cfe00000, 0x00000000cfe00000|100%| E|CS|TAMS 0x00000000cfd00000, 0x00000000cfd00000| Complete 
| 254|0x00000000cfe00000, 0x00000000cff00000, 0x00000000cff00000|100%| E|CS|TAMS 0x00000000cfe00000, 0x00000000cfe00000| Complete 
| 255|0x00000000cff00000, 0x00000000d0000000, 0x00000000d0000000|100%| E|CS|TAMS 0x00000000cff00000, 0x00000000cff00000| Complete 
| 256|0x00000000d0000000, 0x00000000d0100000, 0x00000000d0100000|100%| E|CS|TAMS 0x00000000d0000000, 0x00000000d0000000| Complete 
| 257|0x00000000d0100000, 0x00000000d0200000, 0x00000000d0200000|100%| E|CS|TAMS 0x00000000d0100000, 0x00000000d0100000| Complete 
| 258|0x00000000d0200000, 0x00000000d0300000, 0x00000000d0300000|100%| E|CS|TAMS 0x00000000d0200000, 0x00000000d0200000| Complete 
| 259|0x00000000d0300000, 0x00000000d0400000, 0x00000000d0400000|100%| E|CS|TAMS 0x00000000d0300000, 0x00000000d0300000| Complete 
| 260|0x00000000d0400000, 0x00000000d0500000, 0x00000000d0500000|100%| E|CS|TAMS 0x00000000d0400000, 0x00000000d0400000| Complete 
| 261|0x00000000d0500000, 0x00000000d0600000, 0x00000000d0600000|100%| E|CS|TAMS 0x00000000d0500000, 0x00000000d0500000| Complete 
| 262|0x00000000d0600000, 0x00000000d0700000, 0x00000000d0700000|100%| E|CS|TAMS 0x00000000d0600000, 0x00000000d0600000| Complete 
| 263|0x00000000d0700000, 0x00000000d0800000, 0x00000000d0800000|100%| E|CS|TAMS 0x00000000d0700000, 0x00000000d0700000| Complete 
| 264|0x00000000d0800000, 0x00000000d0900000, 0x00000000d0900000|100%| E|CS|TAMS 0x00000000d0800000, 0x00000000d0800000| Complete 
| 265|0x00000000d0900000, 0x00000000d0a00000, 0x00000000d0a00000|100%| E|CS|TAMS 0x00000000d0900000, 0x00000000d0900000| Complete 
| 266|0x00000000d0a00000, 0x00000000d0b00000, 0x00000000d0b00000|100%| E|CS|TAMS 0x00000000d0a00000, 0x00000000d0a00000| Complete 
| 267|0x00000000d0b00000, 0x00000000d0c00000, 0x00000000d0c00000|100%| E|CS|TAMS 0x00000000d0b00000, 0x00000000d0b00000| Complete 
| 268|0x00000000d0c00000, 0x00000000d0d00000, 0x00000000d0d00000|100%| E|CS|TAMS 0x00000000d0c00000, 0x00000000d0c00000| Complete 
| 269|0x00000000d0d00000, 0x00000000d0e00000, 0x00000000d0e00000|100%| E|CS|TAMS 0x00000000d0d00000, 0x00000000d0d00000| Complete 
| 270|0x00000000d0e00000, 0x00000000d0f00000, 0x00000000d0f00000|100%| E|CS|TAMS 0x00000000d0e00000, 0x00000000d0e00000| Complete 
| 271|0x00000000d0f00000, 0x00000000d1000000, 0x00000000d1000000|100%| E|CS|TAMS 0x00000000d0f00000, 0x00000000d0f00000| Complete 
| 272|0x00000000d1000000, 0x00000000d1100000, 0x00000000d1100000|100%| E|CS|TAMS 0x00000000d1000000, 0x00000000d1000000| Complete 
| 273|0x00000000d1100000, 0x00000000d1200000, 0x00000000d1200000|100%| E|CS|TAMS 0x00000000d1100000, 0x00000000d1100000| Complete 
| 274|0x00000000d1200000, 0x00000000d1300000, 0x00000000d1300000|100%| E|CS|TAMS 0x00000000d1200000, 0x00000000d1200000| Complete 
| 275|0x00000000d1300000, 0x00000000d1400000, 0x00000000d1400000|100%| E|CS|TAMS 0x00000000d1300000, 0x00000000d1300000| Complete 
| 276|0x00000000d1400000, 0x00000000d1500000, 0x00000000d1500000|100%| E|CS|TAMS 0x00000000d1400000, 0x00000000d1400000| Complete 
| 277|0x00000000d1500000, 0x00000000d1600000, 0x00000000d1600000|100%| E|CS|TAMS 0x00000000d1500000, 0x00000000d1500000| Complete 
| 278|0x00000000d1600000, 0x00000000d1700000, 0x00000000d1700000|100%| E|CS|TAMS 0x00000000d1600000, 0x00000000d1600000| Complete 
| 279|0x00000000d1700000, 0x00000000d1800000, 0x00000000d1800000|100%| E|CS|TAMS 0x00000000d1700000, 0x00000000d1700000| Complete 
| 280|0x00000000d1800000, 0x00000000d1900000, 0x00000000d1900000|100%| E|CS|TAMS 0x00000000d1800000, 0x00000000d1800000| Complete 
| 281|0x00000000d1900000, 0x00000000d1a00000, 0x00000000d1a00000|100%| E|CS|TAMS 0x00000000d1900000, 0x00000000d1900000| Complete 
| 282|0x00000000d1a00000, 0x00000000d1b00000, 0x00000000d1b00000|100%| E|CS|TAMS 0x00000000d1a00000, 0x00000000d1a00000| Complete 
| 283|0x00000000d1b00000, 0x00000000d1c00000, 0x00000000d1c00000|100%| E|CS|TAMS 0x00000000d1b00000, 0x00000000d1b00000| Complete 
| 284|0x00000000d1c00000, 0x00000000d1d00000, 0x00000000d1d00000|100%| E|CS|TAMS 0x00000000d1c00000, 0x00000000d1c00000| Complete 
| 285|0x00000000d1d00000, 0x00000000d1e00000, 0x00000000d1e00000|100%| E|CS|TAMS 0x00000000d1d00000, 0x00000000d1d00000| Complete 
| 286|0x00000000d1e00000, 0x00000000d1f00000, 0x00000000d1f00000|100%| E|CS|TAMS 0x00000000d1e00000, 0x00000000d1e00000| Complete 
| 287|0x00000000d1f00000, 0x00000000d2000000, 0x00000000d2000000|100%| E|CS|TAMS 0x00000000d1f00000, 0x00000000d1f00000| Complete 
| 288|0x00000000d2000000, 0x00000000d2100000, 0x00000000d2100000|100%| E|CS|TAMS 0x00000000d2000000, 0x00000000d2000000| Complete 
| 289|0x00000000d2100000, 0x00000000d2200000, 0x00000000d2200000|100%| E|CS|TAMS 0x00000000d2100000, 0x00000000d2100000| Complete 

Card table byte_map: [0x000001b4422e0000,0x000001b4424e0000] _byte_map_base: 0x000001b441ce0000

Marking Bits (Prev, Next): (CMBitMap*) 0x000001b42936cf70, (CMBitMap*) 0x000001b42936cf30
 Prev Bits: [0x000001b4436e0000, 0x000001b4446e0000)
 Next Bits: [0x000001b4426e0000, 0x000001b4436e0000)

Polling page: 0x000001b4293e0000

Metaspace:

Usage:
  Non-class:     11.74 MB used.
      Class:    918.73 KB used.
       Both:     12.64 MB used.

Virtual space:
  Non-class space:       64.00 MB reserved,      11.81 MB ( 18%) committed,  1 nodes.
      Class space:        1.00 GB reserved,       1.00 MB ( <1%) committed,  1 nodes.
             Both:        1.06 GB reserved,      12.81 MB (  1%) committed. 

Chunk freelists:
   Non-Class:  3.58 MB
       Class:  14.91 MB
        Both:  18.49 MB

MaxMetaspaceSize: unlimited
CompressedClassSpaceSize: 1.00 GB
Initial GC threshold: 21.00 MB
Current GC threshold: 21.00 MB
CDS: on
MetaspaceReclaimPolicy: balanced
 - commit_granule_bytes: 65536.
 - commit_granule_words: 8192.
 - virtual_space_node_default_size: 8388608.
 - enlarge_chunks_in_place: 1.
 - new_chunks_are_fully_committed: 0.
 - uncommit_free_chunks: 1.
 - use_allocation_guard: 0.
 - handle_deallocations: 1.


Internal statistics:

num_allocs_failed_limit: 0.
num_arena_births: 106.
num_arena_deaths: 0.
num_vsnodes_births: 2.
num_vsnodes_deaths: 0.
num_space_committed: 201.
num_space_uncommitted: 0.
num_chunks_returned_to_freelist: 0.
num_chunks_taken_from_freelist: 385.
num_chunk_merges: 0.
num_chunk_splits: 300.
num_chunks_enlarged: 239.
num_inconsistent_stats: 0.

CodeHeap 'non-profiled nmethods': size=120000Kb used=775Kb max_used=775Kb free=119224Kb
 bounds [0x000001b43a150000, 0x000001b43a3c0000, 0x000001b441680000]
CodeHeap 'profiled nmethods': size=120000Kb used=2918Kb max_used=2918Kb free=117081Kb
 bounds [0x000001b432680000, 0x000001b432960000, 0x000001b439bb0000]
CodeHeap 'non-nmethods': size=5760Kb used=1613Kb max_used=1682Kb free=4146Kb
 bounds [0x000001b439bb0000, 0x000001b439e20000, 0x000001b43a150000]
 total_blobs=2540 nmethods=1602 adapters=851
 compilation: enabled
              stopped_count=0, restarted_count=0
 full_count=0

Compilation events (20 events):
Event: 10.926 Thread 0x000001b447151760 1593       4       processing.opengl.PShader::setAttributeVBO (34 bytes)
Event: 10.933 Thread 0x000001b447151760 nmethod 1593 0x000001b43a20f610 code [0x000001b43a20f7e0, 0x000001b43a210318]
Event: 11.652 Thread 0x000001b447156180 1594       3       java.lang.String::contains (19 bytes)
Event: 11.652 Thread 0x000001b447156180 nmethod 1594 0x000001b432956f90 code [0x000001b432957140, 0x000001b4329573b8]
Event: 11.652 Thread 0x000001b447156180 1595       3       processing.opengl.PGraphicsOpenGL::updateProjmodelview (23 bytes)
Event: 11.652 Thread 0x000001b447156180 nmethod 1595 0x000001b432957490 code [0x000001b432957640, 0x000001b4329577f8]
Event: 11.652 Thread 0x000001b447156180 1596       3       processing.core.PMatrix3D::apply (69 bytes)
Event: 11.652 Thread 0x000001b447156180 nmethod 1596 0x000001b432957910 code [0x000001b432957ac0, 0x000001b432957ca8]
Event: 12.128 Thread 0x000001b447156180 1597       3       java.util.HashMap$KeySet::iterator (12 bytes)
Event: 12.129 Thread 0x000001b447156180 nmethod 1597 0x000001b432957d90 code [0x000001b432957f40, 0x000001b4329581c8]
Event: 12.304 Thread 0x000001b447156180 1598       3       java.util.HashMap::keySet (25 bytes)
Event: 12.304 Thread 0x000001b447156180 nmethod 1598 0x000001b432958310 code [0x000001b4329584c0, 0x000001b432958898]
Event: 12.978 Thread 0x000001b447151760 1599       4       java.lang.StringLatin1::toLowerCase (186 bytes)
Event: 12.989 Thread 0x000001b447151760 nmethod 1599 0x000001b43a210c90 code [0x000001b43a210e60, 0x000001b43a211898]
Event: 13.887 Thread 0x000001b447156180 1600       3       java.lang.AbstractStringBuilder::append (55 bytes)
Event: 13.887 Thread 0x000001b447156180 nmethod 1600 0x000001b432958a10 code [0x000001b432958be0, 0x000001b432958f18]
Event: 13.921 Thread 0x000001b447156180 1601       3       jdk.internal.misc.Unsafe::getAndAddLong (27 bytes)
Event: 13.921 Thread 0x000001b447156180 nmethod 1601 0x000001b432959090 code [0x000001b432959240, 0x000001b432959488]
Event: 13.921 Thread 0x000001b447156180 1602       3       jdk.internal.misc.Unsafe::weakCompareAndSetLong (11 bytes)
Event: 13.922 Thread 0x000001b447156180 nmethod 1602 0x000001b432959590 code [0x000001b432959720, 0x000001b432959858]

GC Heap History (20 events):
Event: 2.273 GC heap before
{Heap before GC invocations=3 (full 0):
 garbage-first heap   total 65536K, used 35981K [0x00000000c0000000, 0x0000000100000000)
  region size 1024K, 4 young (4096K), 3 survivors (3072K)
 Metaspace       used 12525K, committed 12736K, reserved 1114112K
  class space    used 905K, committed 1024K, reserved 1048576K
}
Event: 2.273 GC heap after
{Heap after GC invocations=4 (full 0):
 garbage-first heap   total 65536K, used 35730K [0x00000000c0000000, 0x0000000100000000)
  region size 1024K, 1 young (1024K), 1 survivors (1024K)
 Metaspace       used 12525K, committed 12736K, reserved 1114112K
  class space    used 905K, committed 1024K, reserved 1048576K
}
Event: 2.565 GC heap before
{Heap before GC invocations=5 (full 0):
 garbage-first heap   total 101376K, used 93074K [0x00000000c0000000, 0x0000000100000000)
  region size 1024K, 10 young (10240K), 1 survivors (1024K)
 Metaspace       used 12695K, committed 12928K, reserved 1114112K
  class space    used 913K, committed 1024K, reserved 1048576K
}
Event: 2.566 GC heap after
{Heap after GC invocations=6 (full 0):
 garbage-first heap   total 101376K, used 84125K [0x00000000c0000000, 0x0000000100000000)
  region size 1024K, 1 young (1024K), 1 survivors (1024K)
 Metaspace       used 12695K, committed 12928K, reserved 1114112K
  class space    used 913K, committed 1024K, reserved 1048576K
}
Event: 2.581 GC heap before
{Heap before GC invocations=6 (full 0):
 garbage-first heap   total 101376K, used 87197K [0x00000000c0000000, 0x0000000100000000)
  region size 1024K, 4 young (4096K), 1 survivors (1024K)
 Metaspace       used 12695K, committed 12928K, reserved 1114112K
  class space    used 913K, committed 1024K, reserved 1048576K
}
Event: 2.584 GC heap after
{Heap after GC invocations=7 (full 0):
 garbage-first heap   total 101376K, used 86475K [0x00000000c0000000, 0x0000000100000000)
  region size 1024K, 1 young (1024K), 1 survivors (1024K)
 Metaspace       used 12695K, committed 12928K, reserved 1114112K
  class space    used 913K, committed 1024K, reserved 1048576K
}
Event: 2.642 GC heap before
{Heap before GC invocations=7 (full 0):
 garbage-first heap   total 101376K, used 89547K [0x00000000c0000000, 0x0000000100000000)
  region size 1024K, 4 young (4096K), 1 survivors (1024K)
 Metaspace       used 12705K, committed 12928K, reserved 1114112K
  class space    used 914K, committed 1024K, reserved 1048576K
}
Event: 2.644 GC heap after
{Heap after GC invocations=8 (full 0):
 garbage-first heap   total 101376K, used 88154K [0x00000000c0000000, 0x0000000100000000)
  region size 1024K, 1 young (1024K), 1 survivors (1024K)
 Metaspace       used 12705K, committed 12928K, reserved 1114112K
  class space    used 914K, committed 1024K, reserved 1048576K
}
Event: 2.734 GC heap before
{Heap before GC invocations=9 (full 0):
 garbage-first heap   total 145408K, used 88154K [0x00000000c0000000, 0x0000000100000000)
  region size 1024K, 4 young (4096K), 1 survivors (1024K)
 Metaspace       used 12710K, committed 12928K, reserved 1114112K
  class space    used 914K, committed 1024K, reserved 1048576K
}
Event: 2.739 GC heap after
{Heap after GC invocations=10 (full 0):
 garbage-first heap   total 145408K, used 86587K [0x00000000c0000000, 0x0000000100000000)
  region size 1024K, 1 young (1024K), 1 survivors (1024K)
 Metaspace       used 12710K, committed 12928K, reserved 1114112K
  class space    used 914K, committed 1024K, reserved 1048576K
}
Event: 3.094 GC heap before
{Heap before GC invocations=10 (full 0):
 garbage-first heap   total 145408K, used 102971K [0x00000000c0000000, 0x0000000100000000)
  region size 1024K, 17 young (17408K), 1 survivors (1024K)
 Metaspace       used 12720K, committed 12928K, reserved 1114112K
  class space    used 914K, committed 1024K, reserved 1048576K
}
Event: 3.097 GC heap after
{Heap after GC invocations=11 (full 0):
 garbage-first heap   total 145408K, used 88217K [0x00000000c0000000, 0x0000000100000000)
  region size 1024K, 3 young (3072K), 3 survivors (3072K)
 Metaspace       used 12720K, committed 12928K, reserved 1114112K
  class space    used 914K, committed 1024K, reserved 1048576K
}
Event: 3.386 GC heap before
{Heap before GC invocations=12 (full 0):
 garbage-first heap   total 148480K, used 104029K [0x00000000c0000000, 0x0000000100000000)
  region size 1024K, 20 young (20480K), 3 survivors (3072K)
 Metaspace       used 12744K, committed 12928K, reserved 1114112K
  class space    used 914K, committed 1024K, reserved 1048576K
}
Event: 3.389 GC heap after
{Heap after GC invocations=13 (full 0):
 garbage-first heap   total 296960K, used 86641K [0x00000000c0000000, 0x0000000100000000)
  region size 1024K, 3 young (3072K), 3 survivors (3072K)
 Metaspace       used 12744K, committed 12928K, reserved 1114112K
  class space    used 914K, committed 1024K, reserved 1048576K
}
Event: 5.025 GC heap before
{Heap before GC invocations=13 (full 0):
 garbage-first heap   total 296960K, used 173681K [0x00000000c0000000, 0x0000000100000000)
  region size 1024K, 88 young (90112K), 3 survivors (3072K)
 Metaspace       used 12786K, committed 12992K, reserved 1114112K
  class space    used 914K, committed 1024K, reserved 1048576K
}
Event: 5.026 GC heap after
{Heap after GC invocations=14 (full 0):
 garbage-first heap   total 296960K, used 84665K [0x00000000c0000000, 0x0000000100000000)
  region size 1024K, 1 young (1024K), 1 survivors (1024K)
 Metaspace       used 12786K, committed 12992K, reserved 1114112K
  class space    used 914K, committed 1024K, reserved 1048576K
}
Event: 7.985 GC heap before
{Heap before GC invocations=14 (full 0):
 garbage-first heap   total 296960K, used 241337K [0x00000000c0000000, 0x0000000100000000)
  region size 1024K, 154 young (157696K), 1 survivors (1024K)
 Metaspace       used 12850K, committed 13056K, reserved 1114112K
  class space    used 914K, committed 1024K, reserved 1048576K
}
Event: 7.987 GC heap after
{Heap after GC invocations=15 (full 0):
 garbage-first heap   total 296960K, used 85350K [0x00000000c0000000, 0x0000000100000000)
  region size 1024K, 2 young (2048K), 2 survivors (2048K)
 Metaspace       used 12850K, committed 13056K, reserved 1114112K
  class space    used 914K, committed 1024K, reserved 1048576K
}
Event: 11.057 GC heap before
{Heap before GC invocations=15 (full 0):
 garbage-first heap   total 296960K, used 245094K [0x00000000c0000000, 0x0000000100000000)
  region size 1024K, 158 young (161792K), 2 survivors (2048K)
 Metaspace       used 12897K, committed 13120K, reserved 1114112K
  class space    used 914K, committed 1024K, reserved 1048576K
}
Event: 11.059 GC heap after
{Heap after GC invocations=16 (full 0):
 garbage-first heap   total 296960K, used 86686K [0x00000000c0000000, 0x0000000100000000)
  region size 1024K, 3 young (3072K), 3 survivors (3072K)
 Metaspace       used 12897K, committed 13120K, reserved 1114112K
  class space    used 914K, committed 1024K, reserved 1048576K
}

Dll operation events (14 events):
Event: 0.007 Loaded shared library C:\Program Files\Processing\app\resources\jdk-17.0.14+7\bin\java.dll
Event: 0.022 Loaded shared library C:\Program Files\Processing\app\resources\jdk-17.0.14+7\bin\jsvml.dll
Event: 0.078 Loaded shared library C:\Program Files\Processing\app\resources\jdk-17.0.14+7\bin\net.dll
Event: 0.080 Loaded shared library C:\Program Files\Processing\app\resources\jdk-17.0.14+7\bin\nio.dll
Event: 0.083 Loaded shared library C:\Program Files\Processing\app\resources\jdk-17.0.14+7\bin\zip.dll
Event: 0.152 Loaded shared library C:\Program Files\Processing\app\resources\jdk-17.0.14+7\bin\jimage.dll
Event: 0.156 Loaded shared library C:\Program Files\Processing\app\resources\jdk-17.0.14+7\bin\awt.dll
Event: 0.566 Loaded shared library C:\Users\danil\AppData\Local\Temp\jogamp_0000\file_cache\jln2538837747253126312\jln6174952896732548689\natives\windows-amd64\gluegen_rt.dll
Event: 0.576 Loaded shared library C:\Program Files\Processing\app\resources\jdk-17.0.14+7\bin\jawt.dll
Event: 0.591 Loaded shared library C:\Users\danil\AppData\Local\Temp\jogamp_0000\file_cache\jln2538837747253126312\jln6174952896732548689\natives\windows-amd64\nativewindow_awt.dll
Event: 0.638 Loaded shared library C:\Users\danil\AppData\Local\Temp\jogamp_0000\file_cache\jln2538837747253126312\jln6174952896732548689\natives\windows-amd64\nativewindow_win32.dll
Event: 0.755 Loaded shared library C:\Users\danil\AppData\Local\Temp\jogamp_0000\file_cache\jln2538837747253126312\jln6174952896732548689\natives\windows-amd64\jogl_desktop.dll
Event: 1.010 Loaded shared library C:\Users\danil\AppData\Local\Temp\jogamp_0000\file_cache\jln2538837747253126312\jln6174952896732548689\natives\windows-amd64\jogl_mobile.dll
Event: 1.937 Loaded shared library C:\Users\danil\AppData\Local\Temp\jogamp_0000\file_cache\jln2538837747253126312\jln6174952896732548689\natives\windows-amd64\newt_head.dll

Deoptimization events (20 events):
Event: 2.541 Thread 0x000001b48d5d7fa0 DEOPT PACKING pc=0x000001b43a1ed658 sp=0x00000062f08fea70
Event: 2.541 Thread 0x000001b48d5d7fa0 DEOPT UNPACKING pc=0x000001b439c0a1a3 sp=0x00000062f08fea88 mode 2
Event: 2.603 Thread 0x000001b49f439730 DEOPT PACKING pc=0x000001b4328d69d2 sp=0x00000062f16ff1a0
Event: 2.603 Thread 0x000001b49f439730 DEOPT UNPACKING pc=0x000001b439c0ace3 sp=0x00000062f16fe6b0 mode 0
Event: 8.310 Thread 0x000001b49f43c4c0 Uncommon trap: trap_request=0xffffff45 fr.pc=0x000001b43a1fbbe0 relative=0x0000000000000060
Event: 8.310 Thread 0x000001b49f43c4c0 Uncommon trap: reason=unstable_if action=reinterpret pc=0x000001b43a1fbbe0 method=java.util.HashMap.keySet()Ljava/util/Set; @ 6 c2
Event: 8.310 Thread 0x000001b49f43c4c0 DEOPT PACKING pc=0x000001b43a1fbbe0 sp=0x00000062ef9ff2f0
Event: 8.310 Thread 0x000001b49f43c4c0 DEOPT UNPACKING pc=0x000001b439c0a1a3 sp=0x00000062ef9ff288 mode 2
Event: 8.310 Thread 0x000001b49f43c4c0 Uncommon trap: trap_request=0xffffff45 fr.pc=0x000001b43a1cb100 relative=0x00000000000000e0
Event: 8.310 Thread 0x000001b49f43c4c0 Uncommon trap: reason=unstable_if action=reinterpret pc=0x000001b43a1cb100 method=java.util.HashMap$HashIterator.<init>(Ljava/util/HashMap;)V @ 38 c2
Event: 8.310 Thread 0x000001b49f43c4c0 DEOPT PACKING pc=0x000001b43a1cb100 sp=0x00000062ef9ff2d0
Event: 8.310 Thread 0x000001b49f43c4c0 DEOPT UNPACKING pc=0x000001b439c0a1a3 sp=0x00000062ef9ff1b0 mode 2
Event: 13.909 Thread 0x000001b48d7635c0 Uncommon trap: trap_request=0xffffff45 fr.pc=0x000001b43a1cb5e8 relative=0x00000000000001e8
Event: 13.909 Thread 0x000001b48d7635c0 Uncommon trap: reason=unstable_if action=reinterpret pc=0x000001b43a1cb5e8 method=java.util.HashMap$HashIterator.<init>(Ljava/util/HashMap;)V @ 38 c2
Event: 13.909 Thread 0x000001b48d7635c0 DEOPT PACKING pc=0x000001b43a1cb5e8 sp=0x00000062efaff030
Event: 13.909 Thread 0x000001b48d7635c0 DEOPT UNPACKING pc=0x000001b439c0a1a3 sp=0x00000062efafefd8 mode 2
Event: 13.914 Thread 0x000001b48d7635c0 Uncommon trap: trap_request=0xffffff45 fr.pc=0x000001b43a200170 relative=0x00000000000000f0
Event: 13.914 Thread 0x000001b48d7635c0 Uncommon trap: reason=unstable_if action=reinterpret pc=0x000001b43a200170 method=com.jogamp.common.util.IntIntHashMap.put(II)I @ 21 c2
Event: 13.914 Thread 0x000001b48d7635c0 DEOPT PACKING pc=0x000001b43a200170 sp=0x00000062efafedb0
Event: 13.914 Thread 0x000001b48d7635c0 DEOPT UNPACKING pc=0x000001b439c0a1a3 sp=0x00000062efafed18 mode 2

Classes loaded (20 events):
Event: 2.170 Loading class java/util/concurrent/Callable done
Event: 2.170 Loading class java/util/concurrent/Executors$RunnableAdapter done
Event: 2.170 Loading class java/util/concurrent/ThreadPoolExecutor$Worker
Event: 2.170 Loading class java/util/concurrent/ThreadPoolExecutor$Worker done
Event: 2.172 Loading class java/util/concurrent/locks/AbstractQueuedSynchronizer$SharedNode
Event: 2.172 Loading class java/util/concurrent/locks/AbstractQueuedSynchronizer$SharedNode done
Event: 2.332 Loading class sun/nio/cs/StreamDecoder
Event: 2.332 Loading class sun/nio/cs/StreamDecoder done
Event: 2.333 Loading class java/util/regex/Pattern$LookBehindEndNode
Event: 2.333 Loading class java/util/regex/Pattern$LookBehindEndNode done
Event: 2.333 Loading class java/util/regex/Pattern$NotBehind
Event: 2.333 Loading class java/util/regex/Pattern$NotBehind done
Event: 2.333 Loading class java/util/regex/Pattern$Neg
Event: 2.333 Loading class java/util/regex/Pattern$Neg done
Event: 2.333 Loading class java/util/regex/Pattern$Pos
Event: 2.333 Loading class java/util/regex/Pattern$Pos done
Event: 2.344 Loading class java/util/regex/Pattern$SliceS
Event: 2.344 Loading class java/util/regex/Pattern$SliceS done
Event: 13.886 Loading class java/nio/channels/ClosedChannelException
Event: 13.886 Loading class java/nio/channels/ClosedChannelException done

Classes unloaded (0 events):
No events

Classes redefined (0 events):
No events

Internal exceptions (20 events):
Event: 0.136 Thread 0x000001b42932bf40 Exception <a 'java/lang/NoSuchMethodError'{0x00000000c3ce4d40}: 'void java.lang.invoke.DirectMethodHandle$Holder.invokeStatic(java.lang.Object, java.lang.Object, java.lang.Object)'> (0x00000000c3ce4d40) 
thrown [s\src\hotspot\share\interpreter\linkResolver.cpp, line 759]
Event: 0.146 Thread 0x000001b42932bf40 Exception <a 'java/lang/ClassNotFoundException'{0x00000000c3b0cd08}: sun/awt/resources/spi/awtProvider> (0x00000000c3b0cd08) 
thrown [s\src\hotspot\share\classfile\systemDictionary.cpp, line 256]
Event: 0.166 Thread 0x000001b42932bf40 Exception <a 'java/io/FileNotFoundException'{0x00000000c3b62648}> (0x00000000c3b62648) 
thrown [s\src\hotspot\share\prims\jni.cpp, line 516]
Event: 0.173 Thread 0x000001b42932bf40 Exception <a 'java/io/FileNotFoundException'{0x00000000c3b8fb58}> (0x00000000c3b8fb58) 
thrown [s\src\hotspot\share\prims\jni.cpp, line 516]
Event: 0.214 Thread 0x000001b42932bf40 Exception <a 'java/lang/NoSuchMethodError'{0x00000000c3a3cd60}: 'java.lang.Object java.lang.invoke.DirectMethodHandle$Holder.invokeStaticInit(java.lang.Object)'> (0x00000000c3a3cd60) 
thrown [s\src\hotspot\share\interpreter\linkResolver.cpp, line 759]
Event: 0.330 Thread 0x000001b42932bf40 Exception <a 'java/lang/NoSuchMethodError'{0x00000000c3649f70}: 'java.lang.Object java.lang.invoke.DirectMethodHandle$Holder.invokeStaticInit(java.lang.Object, int, int, int, int)'> (0x00000000c3649f70) 
thrown [s\src\hotspot\share\interpreter\linkResolver.cpp, line 759]
Event: 0.375 Thread 0x000001b42932bf40 Exception <a 'java/lang/NoSuchMethodError'{0x00000000c3533c30}: 'java.lang.Object java.lang.invoke.DirectMethodHandle$Holder.invokeStaticInit(java.lang.Object, java.lang.Object, int, int, int, int)'> (0x00000000c3533c30) 
thrown [s\src\hotspot\share\interpreter\linkResolver.cpp, line 759]
Event: 0.427 Thread 0x000001b42932bf40 Exception <a 'java/lang/NoSuchMethodError'{0x00000000c353f438}: 'void java.lang.invoke.DirectMethodHandle$Holder.invokeStatic(java.lang.Object, long)'> (0x00000000c353f438) 
thrown [s\src\hotspot\share\interpreter\linkResolver.cpp, line 759]
Event: 0.428 Thread 0x000001b42932bf40 Exception <a 'java/lang/NoSuchMethodError'{0x00000000c3544a18}: 'java.lang.Object java.lang.invoke.DirectMethodHandle$Holder.newInvokeSpecial(java.lang.Object, long)'> (0x00000000c3544a18) 
thrown [s\src\hotspot\share\interpreter\linkResolver.cpp, line 759]
Event: 0.430 Thread 0x000001b42932bf40 Exception <a 'java/lang/NoSuchMethodError'{0x00000000c354f230}: 'java.lang.Object java.lang.invoke.DirectMethodHandle$Holder.invokeStaticInit(java.lang.Object, java.lang.Object, long, java.lang.Object)'> (0x00000000c354f230) 
thrown [s\src\hotspot\share\interpreter\linkResolver.cpp, line 759]
Event: 0.431 Thread 0x000001b42932bf40 Exception <a 'java/lang/NoSuchMethodError'{0x00000000c35557f0}: 'java.lang.Object java.lang.invoke.DirectMethodHandle$Holder.newInvokeSpecial(java.lang.Object, java.lang.Object, long)'> (0x00000000c35557f0) 
thrown [s\src\hotspot\share\interpreter\linkResolver.cpp, line 759]
Event: 0.432 Thread 0x000001b42932bf40 Exception <a 'java/lang/NoSuchMethodError'{0x00000000c3559360}: 'java.lang.Object java.lang.invoke.Invokers$Holder.linkToTargetMethod(java.lang.Object, long, java.lang.Object)'> (0x00000000c3559360) 
thrown [s\src\hotspot\share\interpreter\linkResolver.cpp, line 759]
Event: 0.605 Thread 0x000001b42932bf40 Exception <a 'java/lang/NoSuchMethodError'{0x00000000c34c9f58}: 'java.lang.Object java.lang.invoke.DirectMethodHandle$Holder.invokeInterface(java.lang.Object, java.lang.Object)'> (0x00000000c34c9f58) 
thrown [s\src\hotspot\share\interpreter\linkResolver.cpp, line 759]
Event: 0.606 Thread 0x000001b42932bf40 Exception <a 'java/lang/IncompatibleClassChangeError'{0x00000000c34cd878}: Found class java.lang.Object, but interface was expected> (0x00000000c34cd878) 
thrown [s\src\hotspot\share\interpreter\linkResolver.cpp, line 826]
Event: 2.035 Thread 0x000001b42932bf40 Exception <a 'java/lang/NoSuchMethodError'{0x00000000c33f27c0}: 'void java.lang.invoke.DirectMethodHandle$Holder.invokeSpecial(java.lang.Object, java.lang.Object, java.lang.Object, java.lang.Object, java.lang.Object)'> (0x00000000c33f27c0) 
thrown [s\src\hotspot\share\interpreter\linkResolver.cpp, line 759]
Event: 2.037 Thread 0x000001b42932bf40 Exception <a 'java/lang/NoSuchMethodError'{0x00000000c33fb780}: 'void java.lang.invoke.DirectMethodHandle$Holder.invokeSpecial(java.lang.Object, java.lang.Object, java.lang.Object)'> (0x00000000c33fb780) 
thrown [s\src\hotspot\share\interpreter\linkResolver.cpp, line 759]
Event: 2.038 Thread 0x000001b42932bf40 Exception <a 'java/lang/NoSuchMethodError'{0x00000000c3201d50}: 'void java.lang.invoke.DirectMethodHandle$Holder.invokeSpecial(java.lang.Object, java.lang.Object, int)'> (0x00000000c3201d50) 
thrown [s\src\hotspot\share\interpreter\linkResolver.cpp, line 759]
Event: 2.039 Thread 0x000001b42932bf40 Exception <a 'java/lang/NoSuchMethodError'{0x00000000c3207d68}: 'java.lang.Object java.lang.invoke.DirectMethodHandle$Holder.newInvokeSpecial(java.lang.Object, java.lang.Object, int)'> (0x00000000c3207d68) 
thrown [s\src\hotspot\share\interpreter\linkResolver.cpp, line 759]
Event: 13.885 Thread 0x000001b48ea2db60 Exception <a 'java/lang/InterruptedException'{0x00000000c8f00000}> (0x00000000c8f00000) 
thrown [s\src\hotspot\share\runtime\objectMonitor.cpp, line 1658]
Event: 13.914 Thread 0x000001b48d7635c0 Implicit null exception at 0x000001b43a2000c4 to 0x000001b43a20014c

VM Operations (20 events):
Event: 3.110 Executing VM operation: G1PauseCleanup done
Event: 3.386 Executing VM operation: G1CollectForAllocation
Event: 3.389 Executing VM operation: G1CollectForAllocation done
Event: 4.389 Executing VM operation: Cleanup
Event: 4.389 Executing VM operation: Cleanup done
Event: 5.025 Executing VM operation: G1CollectForAllocation
Event: 5.026 Executing VM operation: G1CollectForAllocation done
Event: 7.026 Executing VM operation: Cleanup
Event: 7.026 Executing VM operation: Cleanup done
Event: 7.985 Executing VM operation: G1CollectForAllocation
Event: 7.987 Executing VM operation: G1CollectForAllocation done
Event: 8.988 Executing VM operation: Cleanup
Event: 8.988 Executing VM operation: Cleanup done
Event: 9.988 Executing VM operation: Cleanup
Event: 9.988 Executing VM operation: Cleanup done
Event: 10.989 Executing VM operation: Cleanup
Event: 10.989 Executing VM operation: Cleanup done
Event: 11.057 Executing VM operation: G1CollectForAllocation
Event: 11.059 Executing VM operation: G1CollectForAllocation done
Event: 13.987 Executing VM operation: Exit

Memory protections (0 events):
No events

Nmethod flushes (0 events):
No events

Events (20 events):
Event: 2.172 Thread 0x000001b48d5d7fa0 Thread added: 0x000001b49f43bfb0
Event: 2.586 Thread 0x000001b4474f4b60 Thread exited: 0x000001b4474f4b60
Event: 2.719 Thread 0x000001b4474f5600 Thread exited: 0x000001b4474f5600
Event: 7.299 Thread 0x000001b48d0aaf80 Thread added: 0x000001b49f43c4c0
Event: 8.310 Thread 0x000001b49f43c4c0 Thread exited: 0x000001b49f43c4c0
Event: 13.885 Thread 0x000001b48d5d7fa0 Thread added: 0x000001b49f43b080
Event: 13.885 Thread 0x000001b48ea2db60 Thread exited: 0x000001b48ea2db60
Event: 13.885 Thread 0x000001b48d5d7fa0 Thread added: 0x000001b49f43b590
Event: 13.885 Thread 0x000001b48d5d7fa0 Thread added: 0x000001b49f43ab70
Event: 13.886 Thread 0x000001b48d0aaf80 Thread added: 0x000001b49f43baa0
Event: 13.886 Thread 0x000001b49f43ab70 Thread exited: 0x000001b49f43ab70
Event: 13.887 Thread 0x000001b48ea29e30 Thread exited: 0x000001b48ea29e30
Event: 13.887 Thread 0x000001b48d0aaf80 Thread exited: 0x000001b48d0aaf80
Event: 13.916 Thread 0x000001b48d7635c0 Thread exited: 0x000001b48d7635c0
Event: 13.922 Thread 0x000001b49f43b080 Thread exited: 0x000001b49f43b080
Event: 13.987 Thread 0x000001b49f43b590 Thread exited: 0x000001b49f43b590
Event: 13.987 Thread 0x000001b48d5d7fa0 Before exit entered
Event: 13.987 Thread 0x000001b44714bd10 Thread exited: 0x000001b44714bd10
Event: 13.987 Thread 0x000001b447414750 Thread exited: 0x000001b447414750
Event: 13.987 Thread 0x000001b4473dff10 Thread exited: 0x000001b4473dff10


Dynamic libraries:
0x00007ff705240000 - 0x00007ff70524e000 	C:\Program Files\Processing\app\resources\jdk-17.0.14+7\bin\java.exe
0x00007ffe8d7a0000 - 0x00007ffe8da07000 	C:\WINDOWS\SYSTEM32\ntdll.dll
0x00007ffe8bad0000 - 0x00007ffe8bb99000 	C:\WINDOWS\System32\KERNEL32.DLL
0x00007ffe8afe0000 - 0x00007ffe8b3d7000 	C:\WINDOWS\System32\KERNELBASE.dll
0x00007ffe8ac60000 - 0x00007ffe8adab000 	C:\WINDOWS\System32\ucrtbase.dll
0x00007ffe85b20000 - 0x00007ffe85b3e000 	C:\Program Files\Processing\app\resources\jdk-17.0.14+7\bin\VCRUNTIME140.dll
0x00007ffe878f0000 - 0x00007ffe87907000 	C:\Program Files\Processing\app\resources\jdk-17.0.14+7\bin\jli.dll
0x00007ffe8b720000 - 0x00007ffe8b8e6000 	C:\WINDOWS\System32\USER32.dll
0x00007ffe73250000 - 0x00007ffe734e2000 	C:\WINDOWS\WinSxS\amd64_microsoft.windows.common-controls_6595b64144ccf1df_6.0.26100.8457_none_3e0b2faee331e92d\COMCTL32.dll
0x00007ffe8a290000 - 0x00007ffe8a2b7000 	C:\WINDOWS\System32\win32u.dll
0x00007ffe8b960000 - 0x00007ffe8ba09000 	C:\WINDOWS\System32\msvcrt.dll
0x00007ffe8d080000 - 0x00007ffe8d0ab000 	C:\WINDOWS\System32\GDI32.dll
0x00007ffe8a2c0000 - 0x00007ffe8a3ec000 	C:\WINDOWS\System32\gdi32full.dll
0x00007ffe8b470000 - 0x00007ffe8b513000 	C:\WINDOWS\System32\msvcp_win.dll
0x00007ffe8d720000 - 0x00007ffe8d752000 	C:\WINDOWS\System32\IMM32.DLL
0x00007ffe85b10000 - 0x00007ffe85b1c000 	C:\Program Files\Processing\app\resources\jdk-17.0.14+7\bin\vcruntime140_1.dll
0x00007ffe63cd0000 - 0x00007ffe63d5d000 	C:\Program Files\Processing\app\resources\jdk-17.0.14+7\bin\msvcp140.dll
0x00007ffdd9cd0000 - 0x00007ffdda93b000 	C:\Program Files\Processing\app\resources\jdk-17.0.14+7\bin\server\jvm.dll
0x00007ffe8ba10000 - 0x00007ffe8bac6000 	C:\WINDOWS\System32\ADVAPI32.dll
0x00007ffe8d0f0000 - 0x00007ffe8d197000 	C:\WINDOWS\System32\sechost.dll
0x00007ffe8b520000 - 0x00007ffe8b638000 	C:\WINDOWS\System32\RPCRT4.dll
0x00007ffe8b640000 - 0x00007ffe8b6c0000 	C:\WINDOWS\System32\WS2_32.dll
0x00007ffe8a030000 - 0x00007ffe8a08e000 	C:\WINDOWS\SYSTEM32\POWRPROF.dll
0x00007ffe73640000 - 0x00007ffe73676000 	C:\WINDOWS\SYSTEM32\WINMM.dll
0x00007ffe810b0000 - 0x00007ffe810bb000 	C:\WINDOWS\SYSTEM32\VERSION.dll
0x00007ffe8a010000 - 0x00007ffe8a024000 	C:\WINDOWS\SYSTEM32\UMPDC.dll
0x00007ffe88f60000 - 0x00007ffe88f7b000 	C:\WINDOWS\SYSTEM32\kernel.appcore.dll
0x00007ffe85b00000 - 0x00007ffe85b0a000 	C:\Program Files\Processing\app\resources\jdk-17.0.14+7\bin\jimage.dll
0x00007ffe74060000 - 0x00007ffe742a2000 	C:\WINDOWS\SYSTEM32\DBGHELP.DLL
0x00007ffe8d390000 - 0x00007ffe8d713000 	C:\WINDOWS\System32\combase.dll
0x00007ffe8c8d0000 - 0x00007ffe8c9a9000 	C:\WINDOWS\System32\OLEAUT32.dll
0x00007ffe7b860000 - 0x00007ffe7b89b000 	C:\WINDOWS\SYSTEM32\dbgcore.DLL
0x00007ffe8adb0000 - 0x00007ffe8ae58000 	C:\WINDOWS\System32\bcryptPrimitives.dll
0x00007ffe5efa0000 - 0x00007ffe5efdb000 	C:\Program Files\Processing\app\resources\jdk-17.0.14+7\bin\jdwp.dll
0x00007ffe85ad0000 - 0x00007ffe85af5000 	C:\Program Files\Processing\app\resources\jdk-17.0.14+7\bin\java.dll
0x00007ffe5eec0000 - 0x00007ffe5ef97000 	C:\Program Files\Processing\app\resources\jdk-17.0.14+7\bin\jsvml.dll
0x00007ffe8bca0000 - 0x00007ffe8c40e000 	C:\WINDOWS\System32\SHELL32.dll
0x00007ffe8a3f0000 - 0x00007ffe8ac5c000 	C:\WINDOWS\System32\windows.storage.dll
0x00007ffe8bba0000 - 0x00007ffe8bc96000 	C:\WINDOWS\System32\SHCORE.dll
0x00007ffe8b8f0000 - 0x00007ffe8b956000 	C:\WINDOWS\System32\shlwapi.dll
0x00007ffe8a0f0000 - 0x00007ffe8a119000 	C:\WINDOWS\SYSTEM32\profapi.dll
0x00007ffe85aa0000 - 0x00007ffe85aac000 	C:\Program Files\Processing\app\resources\jdk-17.0.14+7\bin\dt_socket.dll
0x00007ffe889a0000 - 0x00007ffe889d2000 	C:\WINDOWS\SYSTEM32\IPHLPAPI.DLL
0x00007ffe894d0000 - 0x00007ffe8953c000 	C:\WINDOWS\system32\mswsock.dll
0x00007ffe7a340000 - 0x00007ffe7a359000 	C:\Program Files\Processing\app\resources\jdk-17.0.14+7\bin\net.dll
0x00007ffe843f0000 - 0x00007ffe84519000 	C:\WINDOWS\SYSTEM32\WINHTTP.dll
0x00007ffe79250000 - 0x00007ffe79266000 	C:\Program Files\Processing\app\resources\jdk-17.0.14+7\bin\nio.dll
0x00007ffe5eea0000 - 0x00007ffe5eeb8000 	C:\Program Files\Processing\app\resources\jdk-17.0.14+7\bin\zip.dll
0x00007ffe5df10000 - 0x00007ffe5e0a0000 	C:\Program Files\Processing\app\resources\jdk-17.0.14+7\bin\awt.dll
0x00007ffe87a00000 - 0x00007ffe87aa0000 	C:\WINDOWS\SYSTEM32\apphelp.dll
0x00007ffe87d80000 - 0x00007ffe87e2a000 	C:\WINDOWS\system32\uxtheme.dll
0x00007ffe8d1a0000 - 0x00007ffe8d2fc000 	C:\WINDOWS\System32\MSCTF.dll
0x00007ffe8c430000 - 0x00007ffe8c5c7000 	C:\WINDOWS\System32\ole32.dll
0x00007ffe87f20000 - 0x00007ffe87f4f000 	C:\WINDOWS\system32\DWMAPI.DLL
0x00007ffe40100000 - 0x00007ffe4020f000 	C:\WINDOWS\system32\opengl32.dll
0x00007ffe429d0000 - 0x00007ffe429fd000 	C:\WINDOWS\SYSTEM32\GLU32.dll
0x00007ffe87eb0000 - 0x00007ffe87ef5000 	C:\WINDOWS\SYSTEM32\dxcore.dll
0x00007ffe897b0000 - 0x00007ffe897cb000 	C:\WINDOWS\SYSTEM32\CRYPTSP.dll
0x00007ffe88ec0000 - 0x00007ffe88ef9000 	C:\WINDOWS\system32\rsaenh.dll
0x00007ffe89580000 - 0x00007ffe895b3000 	C:\WINDOWS\SYSTEM32\USERENV.dll
0x00007ffe8a0c0000 - 0x00007ffe8a0ea000 	C:\WINDOWS\SYSTEM32\bcrypt.dll
0x00007ffe897d0000 - 0x00007ffe897dc000 	C:\WINDOWS\SYSTEM32\CRYPTBASE.dll
0x00007ffe8c8c0000 - 0x00007ffe8c8ca000 	C:\WINDOWS\System32\NSI.dll
0x00007ffe84550000 - 0x00007ffe8456d000 	C:\WINDOWS\SYSTEM32\dhcpcsvc6.DLL
0x00007ffe84520000 - 0x00007ffe84545000 	C:\WINDOWS\SYSTEM32\dhcpcsvc.DLL
0x00007ffe88a40000 - 0x00007ffe88b72000 	C:\WINDOWS\SYSTEM32\DNSAPI.dll
0x00007ffe5ee80000 - 0x00007ffe5ee93000 	C:\Users\danil\AppData\Local\Temp\jogamp_0000\file_cache\jln2538837747253126312\jln6174952896732548689\natives\windows-amd64\gluegen_rt.dll
0x00007ffe85a90000 - 0x00007ffe85a97000 	C:\Program Files\Processing\app\resources\jdk-17.0.14+7\bin\jawt.dll
0x00007ffe7a330000 - 0x00007ffe7a33d000 	C:\Users\danil\AppData\Local\Temp\jogamp_0000\file_cache\jln2538837747253126312\jln6174952896732548689\natives\windows-amd64\nativewindow_awt.dll
0x00007ffe5ee60000 - 0x00007ffe5ee75000 	C:\Users\danil\AppData\Local\Temp\jogamp_0000\file_cache\jln2538837747253126312\jln6174952896732548689\natives\windows-amd64\nativewindow_win32.dll
0x00007ffe5edd0000 - 0x00007ffe5ee53000 	C:\Users\danil\AppData\Local\Temp\jogamp_0000\file_cache\jln2538837747253126312\jln6174952896732548689\natives\windows-amd64\jogl_desktop.dll
0x00007ffe5e4c0000 - 0x00007ffe5e512000 	C:\Users\danil\AppData\Local\Temp\jogamp_0000\file_cache\jln2538837747253126312\jln6174952896732548689\natives\windows-amd64\jogl_mobile.dll
0x00007ffe841f0000 - 0x00007ffe84251000 	C:\WINDOWS\SYSTEM32\directxdatabasehelper.dll
0x00007ffe7b700000 - 0x00007ffe7b71d000 	C:\WINDOWS\SYSTEM32\windows.staterepositorycore.dll
0x00007ffdd8ad0000 - 0x00007ffdd9aa3000 	C:\WINDOWS\System32\DriverStore\FileRepository\iigd_dch.inf_amd64_225f37aa3862fc3f\igxelpicd64.dll
0x00007ffe87bd0000 - 0x00007ffe87d0e000 	C:\WINDOWS\system32\dxgi.dll
0x00007ffdf3f20000 - 0x00007ffdf43a7000 	C:\WINDOWS\System32\DriverStore\FileRepository\iigd_dch.inf_amd64_225f37aa3862fc3f\igdml64.dll
0x00007ffe89d40000 - 0x00007ffe89d91000 	C:\WINDOWS\SYSTEM32\cfgmgr32.dll
0x00007ffe80b00000 - 0x00007ffe80ec1000 	C:\WINDOWS\System32\DriverStore\FileRepository\iigd_dch.inf_amd64_225f37aa3862fc3f\igdgmm64.dll
0x00007ffe7d5d0000 - 0x00007ffe807d6000 	C:\WINDOWS\System32\DriverStore\FileRepository\iigd_dch.inf_amd64_225f37aa3862fc3f\igc64.dll
0x00007ffe5e4a0000 - 0x00007ffe5e4b9000 	C:\Users\danil\AppData\Local\Temp\jogamp_0000\file_cache\jln2538837747253126312\jln6174952896732548689\natives\windows-amd64\newt_head.dll
0x00007ffe5e8e0000 - 0x00007ffe5e99f000 	C:\WINDOWS\SYSTEM32\mscms.dll
0x00007ffe1cd10000 - 0x00007ffe1cd59000 	C:\WINDOWS\SYSTEM32\icm32.dll
0x00007ffe8cbf0000 - 0x00007ffe8d077000 	C:\WINDOWS\System32\setupapi.dll
0x00007ffe89d10000 - 0x00007ffe89d3d000 	C:\WINDOWS\SYSTEM32\DEVOBJ.dll
0x00007ffe8b3e0000 - 0x00007ffe8b462000 	C:\WINDOWS\System32\WINTRUST.dll
0x00007ffe8ae60000 - 0x00007ffe8afd8000 	C:\WINDOWS\System32\CRYPT32.dll
0x00007ffe898e0000 - 0x00007ffe898f3000 	C:\WINDOWS\SYSTEM32\MSASN1.dll
0x00007ffe580f0000 - 0x00007ffe58236000 	C:\WINDOWS\SYSTEM32\textinputframework.dll
0x00007ffe87560000 - 0x00007ffe87687000 	C:\WINDOWS\SYSTEM32\CoreMessaging.dll
0x00007ffe83270000 - 0x00007ffe83552000 	C:\WINDOWS\SYSTEM32\CoreUIComponents.dll
0x00007ffe84e00000 - 0x00007ffe84f6a000 	C:\WINDOWS\SYSTEM32\wintypes.dll

dbghelp: loaded successfully - version: 4.0.5 - missing functions: none
symbol engine: initialized successfully - sym options: 0x614 - pdb path: .;C:\Program Files\Processing\app\resources\jdk-17.0.14+7\bin;C:\WINDOWS\SYSTEM32;C:\WINDOWS\WinSxS\amd64_microsoft.windows.common-controls_6595b64144ccf1df_6.0.26100.8457_none_3e0b2faee331e92d;C:\Program Files\Processing\app\resources\jdk-17.0.14+7\bin\server;C:\Users\danil\AppData\Local\Temp\jogamp_0000\file_cache\jln2538837747253126312\jln6174952896732548689\natives\windows-amd64;C:\WINDOWS\System32\DriverStore\FileRepository\iigd_dch.inf_amd64_225f37aa3862fc3f

VM Arguments:
jvm_args: -agentlib:jdwp=transport=dt_socket,address=8585,server=y,suspend=y,quiet=y -Xms64m -Xmx1024m -Djna.nosys=true -Djava.library.path=;C:\Program Files\Processing\app\resources\core\library;C:\Program Files\Processing;C:\WINDOWS\system32;C:\WINDOWS;C:\Program Files\PlasticSCM5\server;C:\Program Files\PlasticSCM5\client;C:\Program Files\Common Files\Oracle\Java\javapath;C:\Program Files (x86)\Common Files\Oracle\Java\javapath;C:\Windows\System32\HWAudioDriverLibs;C:\Windows\system32;C:\Windows;C:\Windows\System32\Wbem;C:\Windows\System32\WindowsPowerShell\v1.0;C:\Windows\System32\OpenSSH;C:\Program Files\Microsoft SQL Server\150\Tools\Binn;C:\Program Files\Microsoft SQL Server\Client SDK\ODBC\170\Tools\Binn;C:\Program Files\dotnet;D:\Windows Kits\10\Windows Performance Toolkit;C:\Program Files\Java\jdk-23\bin;C:\WINDOWS\system32;C:\WINDOWS;C:\WINDOWS\System32\Wbem;C:\WINDOWS\System32\WindowsPowerShell\v1.0;C:\WINDOWS\System32\OpenSSH;C:\Program Files\nodejs;C:\Program Files\Docker\Docker\resources\bin;C:\Program Files\TortoiseGit\bin;C:\Program Files\Git\cmd;C:\Users\danil\AppData\Local\Programs\Python\Python312\Scripts;C:\Users\danil\AppData\Local\Programs\Python\Python312;C:\Users\danil\AppData\Local\Microsoft\WindowsApps;C:\Users\danil\AppData\Local\Programs\Microsoft VS Code\bin;C:\Users\danil\AppData\Roaming\npm;D:\DataBase\18\bin;C:\Program Files\Processing\app;. -ea 
java_command: processing.core.PApplet --editor-location=-7,-7 --external --display=1 --sketch-path=C:\Users\danil\Desktop\Gravity_simul Gravity_simul
java_class_path (initial): C:\Users\danil\AppData\Local\Temp\processing\Gravity_simul3794653884468331062temp;C:\Program Files\Processing\app\resources\core\library\annotations-13.0.jar;C:\Program Files\Processing\app\resources\core\library\antlr-2.7.7.jar;C:\Program Files\Processing\app\resources\core\library\core-4.4.1.jar;C:\Program Files\Processing\app\resources\core\library\gluegen-rt-2.5.0-natives-android-aarch64.jar;C:\Program Files\Processing\app\resources\core\library\gluegen-rt-2.5.0-natives-linux-aarch64.jar;C:\Program Files\Processing\app\resources\core\library\gluegen-rt-2.5.0-natives-linux-amd64.jar;C:\Program Files\Processing\app\resources\core\library\gluegen-rt-2.5.0-natives-linux-armv6hf.jar;C:\Program Files\Processing\app\resources\core\library\gluegen-rt-2.5.0-natives-macosx-universal.jar;C:\Program Files\Processing\app\resources\core\library\gluegen-rt-2.5.0-natives-windows-amd64.jar;C:\Program Files\Processing\app\resources\core\library\gluegen-rt-2.5.0.jar;C:\Program Files\Processing\app\resources\core\library\gluegen-rt-main-2.5.0.jar;C:\Program Files\Processing\app\resources\core\library\jogl-all-2.5.0-natives-android-aarch64.jar;C:\Program Files\Processing\app\resources\core\library\jogl-all-2.5.0-natives-linux-aarch64.jar;C:\Program Files\Processing\app\resources\core\library\jogl-all-2.5.0-natives-linux-amd64.jar;C:\Program Files\Processing\app\resources\core\library\jogl-all-2.5.0-natives-linux-armv6hf.jar;C:\Program Files\Processing\app\resources\core\library\jogl-all-2.5.0-natives-macosx-universal.jar;C:\Program Files\Processing\app\resources\core\library\jogl-all-2.5.0-natives-windows-amd64.jar;C:\Program Files\Processing\app\resources\core\library\jogl-all-2.5.0.jar;C:\Program Files\Processing\app\resources\core\library\jogl-all-main-2.5.0.jar;C:\Program Files\Processing\app\resources\core\library\kotlin-stdlib-2.0.20.jar
Launcher Type: SUN_STANDARD

[Global flags]
     intx CICompilerCount                          = 4                                         {product} {ergonomic}
     uint ConcGCThreads                            = 2                                         {product} {ergonomic}
     uint G1ConcRefinementThreads                  = 8                                         {product} {ergonomic}
   size_t G1HeapRegionSize                         = 1048576                                   {product} {ergonomic}
    uintx GCDrainStackTargetSize                   = 64                                        {product} {ergonomic}
   size_t InitialHeapSize                          = 67108864                                  {product} {command line}
   size_t MarkStackSize                            = 4194304                                   {product} {ergonomic}
   size_t MaxHeapSize                              = 1073741824                                {product} {command line}
   size_t MaxNewSize                               = 643825664                                 {product} {ergonomic}
   size_t MinHeapDeltaBytes                        = 1048576                                   {product} {ergonomic}
   size_t MinHeapSize                              = 67108864                                  {product} {command line}
    uintx NonNMethodCodeHeapSize                   = 5839372                                {pd product} {ergonomic}
    uintx NonProfiledCodeHeapSize                  = 122909434                              {pd product} {ergonomic}
    uintx ProfiledCodeHeapSize                     = 122909434                              {pd product} {ergonomic}
    uintx ReservedCodeCacheSize                    = 251658240                              {pd product} {ergonomic}
     bool SegmentedCodeCache                       = true                                      {product} {ergonomic}
   size_t SoftMaxHeapSize                          = 1073741824                             {manageable} {ergonomic}
     bool UseCompressedClassPointers               = true                           {product lp64_product} {ergonomic}
     bool UseCompressedOops                        = true                           {product lp64_product} {ergonomic}
     bool UseG1GC                                  = true                                      {product} {ergonomic}
     bool UseLargePagesIndividualAllocation        = false                                  {pd product} {ergonomic}

Logging:
Log output configuration:
 #0: stdout all=off uptime,level,tags
 #1: stderr all=off uptime,level,tags

Environment Variables:
JAVA_HOME=C:\Program Files\Java\jdk-23
PATH=C:\Program Files\PlasticSCM5\server;C:\Program Files\PlasticSCM5\client;C:\Program Files\Common Files\Oracle\Java\javapath;C:\Program Files (x86)\Common Files\Oracle\Java\javapath;C:\Windows\System32\HWAudioDriverLibs;C:\Windows\system32;C:\Windows;C:\Windows\System32\Wbem;C:\Windows\System32\WindowsPowerShell\v1.0\;C:\Windows\System32\OpenSSH\;C:\Users\Administrator\AppData\Local\Microsoft\WindowsApps;C:\Program Files\Microsoft SQL Server\150\Tools\Binn\;C:\Program Files\Microsoft SQL Server\Client SDK\ODBC\170\Tools\Binn\;C:\Program Files\dotnet\;D:\Windows Kits\10\Windows Performance Toolkit\;C:\Program Files\Java\jdk-23\bin;C:\WINDOWS\system32;C:\WINDOWS;C:\WINDOWS\System32\Wbem;C:\WINDOWS\System32\WindowsPowerShell\v1.0\;C:\WINDOWS\System32\OpenSSH\;C:\Program Files\nodejs\;C:\Program Files\Docker\Docker\resources\bin;C:\Program Files\TortoiseGit\bin;C:\Program Files\Git\cmd;C:\Users\danil\AppData\Local\Programs\Python\Python312\Scripts\;C:\Users\danil\AppData\Local\Programs\Python\Python312\;C:\Users\danil\AppData\Local\Microsoft\WindowsApps;C:\Users\danil\.dotnet\tools;C:\Users\danil\AppData\Local\Programs\Microsoft VS Code\bin;C:\Users\danil\AppData\Roaming\npm;D:\DataBase\18\bin;C:\Program Files\Processing\app
USERNAME=danil
OS=Windows_NT
PROCESSOR_IDENTIFIER=Intel64 Family 6 Model 140 Stepping 2, GenuineIntel
TMP=C:\Users\danil\AppData\Local\Temp
TEMP=C:\Users\danil\AppData\Local\Temp



Periodic native trim disabled


---------------  S Y S T E M  ---------------

OS:
 Windows 11 , 64 bit Build 26100 (10.0.26100.8328)
OS uptime: 0 days 0:16 hours
Hyper-V role detected

CPU: total 8 (initial active 8) (4 cores per cpu, 2 threads per core) family 6 model 140 stepping 2 microcode 0x16, cx8, cmov, fxsr, ht, mmx, 3dnowpref, sse, sse2, sse3, ssse3, sse4.1, sse4.2, popcnt, lzcnt, tsc, tscinvbit, avx, avx2, aes, erms, clmul, bmi1, bmi2, adx, avx512f, avx512dq, avx512cd, avx512bw, avx512vl, sha, fma, vzeroupper, avx512_vpopcntdq, avx512_vpclmulqdq, avx512_vaes, avx512_vnni, clflush, clflushopt, clwb, avx512_vbmi2, avx512_vbmi, hv
Processor Information for processor 0
  Max Mhz: 2496, Current Mhz: 2496, Mhz Limit: 2496
Processor Information for processor 1
  Max Mhz: 2496, Current Mhz: 2496, Mhz Limit: 2496
Processor Information for processor 2
  Max Mhz: 2496, Current Mhz: 998, Mhz Limit: 2496
Processor Information for processor 3
  Max Mhz: 2496, Current Mhz: 998, Mhz Limit: 2496
Processor Information for processor 4
  Max Mhz: 2496, Current Mhz: 998, Mhz Limit: 2496
Processor Information for processor 5
  Max Mhz: 2496, Current Mhz: 2496, Mhz Limit: 2496
Processor Information for processor 6
  Max Mhz: 2496, Current Mhz: 2496, Mhz Limit: 2496
Processor Information for processor 7
  Max Mhz: 2496, Current Mhz: 2496, Mhz Limit: 2496

Memory: 4k page, system-wide physical 7975M (1218M free)
TotalPageFile size 17703M (AvailPageFile size 8495M)
current process WorkingSet (physical memory assigned to process): 656M, peak: 663M
current process commit charge ("private bytes"): 667M, peak: 695M

vm_info: OpenJDK 64-Bit Server VM (17.0.14+7) for windows-amd64 JRE (17.0.14+7), built on Jan 21 2025 23:40:15 by "admin" with MS VC++ 17.7 (VS2022)

END.
