#
# A fatal error has been detected by the Java Runtime Environment:
#
#  EXCEPTION_ACCESS_VIOLATION (0xc0000005) at pc=0x00007ffdf360b386, pid=14848, tid=12128
#
# JRE version: OpenJDK Runtime Environment Temurin-17.0.14+7 (17.0.14+7) (build 17.0.14+7)
# Java VM: OpenJDK 64-Bit Server VM Temurin-17.0.14+7 (17.0.14+7, mixed mode, sharing, tiered, compressed oops, compressed class ptrs, g1 gc, windows-amd64)
# Problematic frame:
# C  [igxelpicd64.dll+0x23b386]
#
# No core dump will be written. Minidumps are not enabled by default on client versions of Windows
#
# If you would like to submit a bug report, please visit:
#   https://github.com/adoptium/adoptium-support/issues
#

---------------  S U M M A R Y ------------

Command Line: -agentlib:jdwp=transport=dt_socket,address=8448,server=y,suspend=y,quiet=y -Xms64m -Xmx1024m -Djna.nosys=true -Djava.library.path=;C:\Program Files\Processing\app\resources\core\library;C:\Users\danil\OneDrive\Документы\Processing\libraries\sound\library\windows-amd64;C:\Program Files\Processing;C:\WINDOWS\system32;C:\WINDOWS;C:\Program Files\PlasticSCM5\server;C:\Program Files\PlasticSCM5\client;C:\Program Files\Common Files\Oracle\Java\javapath;C:\Program Files (x86)\Common Files\Oracle\Java\javapath;C:\Windows\System32\HWAudioDriverLibs;C:\Windows\system32;C:\Windows;C:\Windows\System32\Wbem;C:\Windows\System32\WindowsPowerShell\v1.0;C:\Windows\System32\OpenSSH;C:\Program Files\Microsoft SQL Server\150\Tools\Binn;C:\Program Files\Microsoft SQL Server\Client SDK\ODBC\170\Tools\Binn;C:\Program Files\dotnet;D:\Windows Kits\10\Windows Performance Toolkit;C:\Program Files\Java\jdk-23\bin;C:\WINDOWS\system32;C:\WINDOWS;C:\WINDOWS\System32\Wbem;C:\WINDOWS\System32\WindowsPowerShell\v1.0;C:\WINDOWS\System32\OpenSSH;C:\Program Files\nodejs;C:\Program Files\Docker\Docker\resources\bin;C:\Program Files\TortoiseGit\bin;C:\Program Files\Git\cmd;C:\Users\danil\AppData\Local\Programs\Python\Python312\Scripts;C:\Users\danil\AppData\Local\Programs\Python\Python312;C:\Users\danil\AppData\Local\Microsoft\WindowsApps;C:\Users\danil\AppData\Local\Programs\Microsoft VS Code\bin;C:\Users\danil\AppData\Roaming\npm;D:\DataBase\18\bin;C:\Program Files\Processing\app;. -ea processing.core.PApplet --editor-location=-7,-7 --external --display=1 --sketch-path=C:\Users\danil\Desktop\Gravity_simul Gravity_simul

Host: 11th Gen Intel(R) Core(TM) i5-1155G7 @ 2.50GHz, 8 cores, 7G,  Windows 11 , 64 bit Build 26100 (10.0.26100.8328)
Time: Sun Jun 28 14:37:29 2026 RTZ 3 (s 11 , 64 bit Build 26100 (10.0.26100.8328) elapsed time: 40.855727 seconds (0d 0h 0m 40s)

---------------  T H R E A D  ---------------

Current thread (0x000002cacf912f20):  VMThread "VM Thread" [stack: 0x000000e7a8c00000,0x000000e7a8d00000] [id=12128]

Stack: [0x000000e7a8c00000,0x000000e7a8d00000],  sp=0x000000e7a8cfe610,  free space=1017k
Native frames: (J=compiled Java code, j=interpreted, Vv=VM code, C=native code)
C  [igxelpicd64.dll+0x23b386]


siginfo: EXCEPTION_ACCESS_VIOLATION (0xc0000005), reading address 0x0000000000035468


Registers:
RAX=0x000002cb24479f70, RBX=0x000002cb1580d4d0, RCX=0x0000000000000004, RDX=0x0000000000000000
RSP=0x000000e7a8cfe610, RBP=0x0000000000000000, RSI=0x000002cb24479d70, RDI=0x000002cb152d5a00
R8 =0x000002cb24479e70, R9 =0x000000e7a803a000, R10=0x0000000000000000, R11=0x0000000000000246
R12=0x000002cb24479d70, R13=0x0000000000000000, R14=0x000002cb2447a2b8, R15=0x000002cb24476ef0
RIP=0x00007ffdf360b386, EFLAGS=0x0000000000010202


Register to memory mapping:

RIP=0x00007ffdf360b386 igxelpicd64.dll
RAX=0x000002cb24479f70 points into unknown readable memory: 0x000000000002f000 | 00 f0 02 00 00 00 00 00
RBX=0x000002cb1580d4d0 points into unknown readable memory: 0xffffffffffffffff | ff ff ff ff ff ff ff ff
RCX=0x0000000000000004 is an unknown value
RDX=0x0 is NULL
RSP=0x000000e7a8cfe610 points into unknown readable memory: 0x000002cb1580d4d0 | d0 d4 80 15 cb 02 00 00
RBP=0x0 is NULL
RSI=0x000002cb24479d70 points into unknown readable memory: 0x000002cb1581f330 | 30 f3 81 15 cb 02 00 00
RDI=0x000002cb152d5a00 points into unknown readable memory: 0x00007ffe8b601500 | 00 15 60 8b fe 7f 00 00
R8 =0x000002cb24479e70 points into unknown readable memory: 0x0000000000000000 | 00 00 00 00 00 00 00 00
R9 =0x000000e7a803a000 points into unknown readable memory: 0x0000000000000000 | 00 00 00 00 00 00 00 00
R10=0x0 is NULL
R11=0x0000000000000246 is an unknown value
R12=0x000002cb24479d70 points into unknown readable memory: 0x000002cb1581f330 | 30 f3 81 15 cb 02 00 00
R13=0x0 is NULL
R14=0x000002cb2447a2b8 points into unknown readable memory: 0x000002cb24476ef0 | f0 6e 47 24 cb 02 00 00
R15=0x000002cb24476ef0 points into unknown readable memory: 0x000002cb1581f330 | 30 f3 81 15 cb 02 00 00


Top of Stack: (sp=0x000000e7a8cfe610)
0x000000e7a8cfe610:   000002cb1580d4d0 00007ffdf3440ab4
0x000000e7a8cfe620:   0000000000000000 000002cb17611760
0x000000e7a8cfe630:   0000001600000000 0000000000000000
0x000000e7a8cfe640:   000002cb00000000 000002cb1760d940
0x000000e7a8cfe650:   000002cb1580d4d0 000002cb175d13c0
0x000000e7a8cfe660:   000002cb19a80504 000002cb197d9000
0x000000e7a8cfe670:   02c81bc202631900 000002cb17611d60
0x000000e7a8cfe680:   00f399c302908ec3 00007000196fe000
0x000000e7a8cfe690:   038eebc602c88ec5 036f88c800d75dc7
0x000000e7a8cfe6a0:   033fe8c900000000 00b723ca02c41aca
0x000000e7a8cfe6b0:   037086ca039f35ca 033837cb027527cb
0x000000e7a8cfe6c0:   0385f7cb024d47cb 037086cc005649cc
0x000000e7a8cfe6d0:   036711cd039807cd 038ec2cd0283bacd
0x000000e7a8cfe6e0:   0000000000000000 0000000000000000
0x000000e7a8cfe6f0:   01e4f60000000000 00007ffe8d905b54
0x000000e7a8cfe700:   0000000000000000 0000000000000000
0x000000e7a8cfe710:   000000e7a8cfe8b0 00007ffe8b771259
0x000000e7a8cfe720:   000000e7a8cfe7a8 0000000000000000
0x000000e7a8cfe730:   0000000000000054 0000000000000000
0x000000e7a8cfe740:   0000000000000000 00007ffe8d905cc4
0x000000e7a8cfe750:   000000007a000004 038067d80366fdd7
0x000000e7a8cfe760:   000025429f2dcc4e 001040007a000004
0x000000e7a8cfe770:   000002cb17605ff8 000000000002f420
0x000000e7a8cfe780:   0000000000000000 0000000000000016
0x000000e7a8cfe790:   0000000000000000 0000000000000000
0x000000e7a8cfe7a0:   000000e7a8cfe8b0 00007ffdf36382ae
0x000000e7a8cfe7b0:   000002cb152d5a00 0000000000000000
0x000000e7a8cfe7c0:   000002cb152d5a00 000010027a000004
0x000000e7a8cfe7d0:   000000e7000009e8 00007404006b0000
0x000000e7a8cfe7e0:   0000000000000000 039e46e9037c00e8
0x000000e7a8cfe7f0:   0000000000000000 000010027a000004
0x000000e7a8cfe800:   02a354ea037b45ea 0000000000000000 

Instructions: (pc=0x00007ffdf360b386)
0x00007ffdf360b286:   00 90 4c 8b bf 80 02 00 00 48 8b 05 9a 85 bd 00
0x00007ffdf360b296:   8b 80 c8 0a 00 00 89 44 24 24 c6 44 24 20 00 48
0x00007ffdf360b2a6:   c7 87 80 02 00 00 00 00 00 00 c7 87 88 02 00 00
0x00007ffdf360b2b6:   00 00 00 00 48 c7 87 a0 02 00 00 00 00 00 00 48
0x00007ffdf360b2c6:   c7 87 90 02 00 00 00 00 00 00 48 85 ed 75 3d 8b
0x00007ffdf360b2d6:   35 0d 77 cd 00 65 48 8b 04 25 58 00 00 00 b9 14
0x00007ffdf360b2e6:   00 00 00 48 8b 04 f0 40 38 2c 01 0f 84 c9 e7 75
0x00007ffdf360b2f6:   00 65 48 8b 04 25 58 00 00 00 bd 20 00 00 00 48
0x00007ffdf360b306:   8b 04 f0 48 8b 2c 28 48 89 6c 24 28 48 3b 2d 07
0x00007ffdf360b316:   9b cd 00 0f 84 9b 10 00 00 4d 85 ff 0f 84 3a 01
0x00007ffdf360b326:   00 00 0f 1f 84 00 00 00 00 00 49 8b f7 4d 8b e7
0x00007ffdf360b336:   4d 8d b7 48 05 00 00 4d 8b 3e 45 84 ed 0f 85 d9
0x00007ffdf360b346:   0e 00 00 8b 8f d0 01 00 00 48 8b 05 da 84 bd 00
0x00007ffdf360b356:   83 b8 64 03 00 00 02 75 34 4d 8d 84 24 00 01 00
0x00007ffdf360b366:   00 83 f9 10 0f 83 3a 01 00 00 8b c1 48 c1 e0 06
0x00007ffdf360b376:   49 03 c0 48 85 c0 0f 84 9b 01 00 00 48 8b 50 08
0x00007ffdf360b386:   48 3b 95 68 54 03 00 0f 87 b6 0e 00 00 48 83 be
0x00007ffdf360b396:   c0 05 00 00 00 0f 85 50 e7 75 00 44 8b 8f d0 01
0x00007ffdf360b3a6:   00 00 48 8b 87 e8 01 00 00 4c 8b 00 8b 8f d0 01
0x00007ffdf360b3b6:   00 00 48 8d 9e 00 01 00 00 83 f9 10 0f 83 1e 01
0x00007ffdf360b3c6:   00 00 8b c1 48 c1 e0 06 48 03 c3 48 85 c0 0f 84
0x00007ffdf360b3d6:   4a 01 00 00 4c 39 40 08 0f 86 40 01 00 00 48 8b
0x00007ffdf360b3e6:   87 80 02 00 00 49 89 06 48 89 b7 80 02 00 00 ff
0x00007ffdf360b3f6:   87 88 02 00 00 48 8b 4e 08 48 8b 01 ba 01 00 00
0x00007ffdf360b406:   00 48 8b 80 e0 02 00 00 ff 15 f4 c1 88 00 0f b7
0x00007ffdf360b416:   c8 48 2b c1 48 05 00 00 01 00 48 01 87 90 02 00
0x00007ffdf360b426:   00 48 8b 4e 08 48 8b 01 ba 01 00 00 00 48 8b 80
0x00007ffdf360b436:   e0 02 00 00 ff 15 c8 c1 88 00 48 01 87 a0 02 00
0x00007ffdf360b446:   00 0f b6 54 24 20 4d 85 ff 0f 85 db fe ff ff 84
0x00007ffdf360b456:   d2 0f 85 37 0f 00 00 48 8b 5c 24 40 48 8b cf 80
0x00007ffdf360b466:   7c 24 22 00 0f 85 40 0f 00 00 e8 3b f9 ff ff 90
0x00007ffdf360b476:   48 8b cb ff 15 99 bc 88 00 48 8b 8c 24 50 01 00 


Stack slot to memory mapping:
stack at sp + 0 slots: 0x000002cb1580d4d0 points into unknown readable memory: 0xffffffffffffffff | ff ff ff ff ff ff ff ff
stack at sp + 1 slots: 0x00007ffdf3440ab4 igxelpicd64.dll
stack at sp + 2 slots: 0x0 is NULL
stack at sp + 3 slots: 0x000002cb17611760 points into unknown readable memory: 0x0000000000000ca8 | a8 0c 00 00 00 00 00 00
stack at sp + 4 slots: 0x0000001600000000 is an unknown value
stack at sp + 5 slots: 0x0 is NULL
stack at sp + 6 slots: 0x000002cb00000000 is an unknown value
stack at sp + 7 slots: 0x000002cb1760d940 points into unknown readable memory: 0x000002cb1760d9b0 | b0 d9 60 17 cb 02 00 00

VM_Operation (0x000000e7aadfec40): Exit, mode: safepoint, requested by thread 0x000002cb170cc7d0


---------------  P R O C E S S  ---------------

Threads class SMR info:
_java_thread_list=0x000002cb24c77510, length=41, elements={
0x000002cacf916790, 0x000002cacf91a080, 0x000002cacf932c70, 0x000002cacf933540,
0x000002cacf933e10, 0x000002cacf9346e0, 0x000002cacf937700, 0x000002cacf93a020,
0x000002cacf970800, 0x000002cacfbfaf80, 0x000002cacfbfe260, 0x000002cacfbeaf60,
0x000002cacfbebc00, 0x000002cacfc0b0c0, 0x000002cb151d9080, 0x000002cb170c31a0,
0x000002cb170cc7d0, 0x000002cb170f1bb0, 0x000002cb170f3500, 0x000002cb170f20c0,
0x000002cb170f0260, 0x000002cb170f0770, 0x000002cb170f0c80, 0x000002cb170f25d0,
0x000002cb170f1190, 0x000002cb170f16a0, 0x000002cb170f2ae0, 0x000002cb170f2ff0,
0x000002cb248041a0, 0x000002cb248050d0, 0x000002cb24803780, 0x000002cb24802d60,
0x000002cb24801e30, 0x000002cb248046b0, 0x000002cb24803270, 0x000002cb24804bc0,
0x000002cb24802850, 0x000002cb24803c90, 0x000002cb248055e0, 0x000002cb24805af0,
0x000002cb24802340
}

Java Threads: ( => current thread )
  0x000002cacf916790 JavaThread "Reference Handler" daemon [_thread_blocked, id=14572, stack(0x000000e7a8d00000,0x000000e7a8e00000)]
  0x000002cacf91a080 JavaThread "Finalizer" daemon [_thread_blocked, id=17756, stack(0x000000e7a8e00000,0x000000e7a8f00000)]
  0x000002cacf932c70 JavaThread "Signal Dispatcher" daemon [_thread_blocked, id=6976, stack(0x000000e7a8f00000,0x000000e7a9000000)]
  0x000002cacf933540 JavaThread "Attach Listener" daemon [_thread_blocked, id=7280, stack(0x000000e7a9000000,0x000000e7a9100000)]
  0x000002cacf933e10 JavaThread "Service Thread" daemon [_thread_blocked, id=17448, stack(0x000000e7a9100000,0x000000e7a9200000)]
  0x000002cacf9346e0 JavaThread "Monitor Deflation Thread" daemon [_thread_blocked, id=6840, stack(0x000000e7a9200000,0x000000e7a9300000)]
  0x000002cacf937700 JavaThread "C2 CompilerThread0" daemon [_thread_blocked, id=8432, stack(0x000000e7a9300000,0x000000e7a9400000)]
  0x000002cacf93a020 JavaThread "C1 CompilerThread0" daemon [_thread_blocked, id=5804, stack(0x000000e7a9400000,0x000000e7a9500000)]
  0x000002cacf970800 JavaThread "Sweeper thread" daemon [_thread_blocked, id=16288, stack(0x000000e7a9500000,0x000000e7a9600000)]
  0x000002cacfbfaf80 JavaThread "JDWP Transport Listener: dt_socket" daemon [_thread_blocked, id=18316, stack(0x000000e7a9600000,0x000000e7a9700000)]
  0x000002cacfbfe260 JavaThread "JDWP Event Helper Thread" daemon [_thread_blocked, id=13144, stack(0x000000e7a9700000,0x000000e7a9800000)]
  0x000002cacfbeaf60 JavaThread "JDWP Command Reader" daemon [_thread_blocked, id=1804, stack(0x000000e7a9800000,0x000000e7a9900000)]
  0x000002cacfbebc00 JavaThread "Notification Thread" daemon [_thread_blocked, id=18516, stack(0x000000e7a9900000,0x000000e7a9a00000)]
  0x000002cacfc0b0c0 JavaThread "Common-Cleaner" daemon [_thread_blocked, id=19252, stack(0x000000e7a9b00000,0x000000e7a9c00000)]
  0x000002cb151d9080 JavaThread "Java2D Disposer" daemon [_thread_blocked, id=17476, stack(0x000000e7a9c00000,0x000000e7a9d00000)]
  0x000002cb170c31a0 JavaThread "HighResTimerThread" daemon [_thread_blocked, id=2352, stack(0x000000e7aab00000,0x000000e7aac00000)]
  0x000002cb170cc7d0 JavaThread "main-FPSAWTAnimator#00-Timer0" [_thread_blocked, id=3624, stack(0x000000e7aad00000,0x000000e7aae00000)]
  0x000002cb170f1bb0 JavaThread "DestroyJavaVM" [_thread_blocked, id=16492, stack(0x000000e7a8600000,0x000000e7a8700000)]
  0x000002cb170f3500 JavaThread "Java Sound Event Dispatcher" daemon [_thread_blocked, id=9976, stack(0x000000e7ab100000,0x000000e7ab200000)]
  0x000002cb170f20c0 JavaThread "Thread-5" [_thread_blocked, id=6172, stack(0x000000e7ab200000,0x000000e7ab300000)]
  0x000002cb170f0260 JavaThread "pool-1-thread-1" [_thread_blocked, id=3672, stack(0x000000e7abd00000,0x000000e7abe00000)]
  0x000002cb170f0770 JavaThread "pool-1-thread-2" [_thread_blocked, id=2824, stack(0x000000e7abe00000,0x000000e7abf00000)]
  0x000002cb170f0c80 JavaThread "pool-1-thread-3" [_thread_blocked, id=2592, stack(0x000000e7abf00000,0x000000e7ac000000)]
  0x000002cb170f25d0 JavaThread "pool-1-thread-4" [_thread_blocked, id=8796, stack(0x000000e7ac000000,0x000000e7ac100000)]
  0x000002cb170f1190 JavaThread "pool-1-thread-5" [_thread_blocked, id=6876, stack(0x000000e7ac100000,0x000000e7ac200000)]
  0x000002cb170f16a0 JavaThread "pool-1-thread-6" [_thread_blocked, id=12040, stack(0x000000e7ac200000,0x000000e7ac300000)]
  0x000002cb170f2ae0 JavaThread "pool-1-thread-7" [_thread_blocked, id=11800, stack(0x000000e7ac300000,0x000000e7ac400000)]
  0x000002cb170f2ff0 JavaThread "pool-1-thread-8" [_thread_blocked, id=18252, stack(0x000000e7ac400000,0x000000e7ac500000)]
  0x000002cb248041a0 JavaThread "pool-1-thread-9" [_thread_blocked, id=11748, stack(0x000000e7ac500000,0x000000e7ac600000)]
  0x000002cb248050d0 JavaThread "pool-1-thread-10" [_thread_blocked, id=13580, stack(0x000000e7ac600000,0x000000e7ac700000)]
  0x000002cb24803780 JavaThread "pool-1-thread-11" [_thread_blocked, id=6348, stack(0x000000e7ac700000,0x000000e7ac800000)]
  0x000002cb24802d60 JavaThread "pool-1-thread-12" [_thread_blocked, id=7300, stack(0x000000e7ac800000,0x000000e7ac900000)]
  0x000002cb24801e30 JavaThread "pool-1-thread-13" [_thread_blocked, id=6148, stack(0x000000e7ac900000,0x000000e7aca00000)]
  0x000002cb248046b0 JavaThread "pool-1-thread-14" [_thread_blocked, id=10904, stack(0x000000e7aca00000,0x000000e7acb00000)]
  0x000002cb24803270 JavaThread "pool-1-thread-15" [_thread_blocked, id=11148, stack(0x000000e7acb00000,0x000000e7acc00000)]
  0x000002cb24804bc0 JavaThread "pool-1-thread-16" [_thread_blocked, id=15840, stack(0x000000e7acc00000,0x000000e7acd00000)]
  0x000002cb24802850 JavaThread "pool-1-thread-17" [_thread_blocked, id=13776, stack(0x000000e7acd00000,0x000000e7ace00000)]
  0x000002cb24803c90 JavaThread "pool-1-thread-18" [_thread_blocked, id=9948, stack(0x000000e7ace00000,0x000000e7acf00000)]
  0x000002cb248055e0 JavaThread "pool-1-thread-19" [_thread_blocked, id=12024, stack(0x000000e7acf00000,0x000000e7ad000000)]
  0x000002cb24805af0 JavaThread "pool-1-thread-20" [_thread_blocked, id=10844, stack(0x000000e7ad000000,0x000000e7ad100000)]
  0x000002cb24802340 JavaThread "AWT-Shutdown" [_thread_blocked, id=3216, stack(0x000000e7ad500000,0x000000e7ad600000)]

Other Threads:
=>0x000002cacf912f20 VMThread "VM Thread" [stack: 0x000000e7a8c00000,0x000000e7a8d00000] [id=12128]
  0x000002cab3afe0d0 GCTaskThread "GC Thread#0" [stack: 0x000000e7a8700000,0x000000e7a8800000] [id=10400]
  0x000002cb16af14a0 GCTaskThread "GC Thread#1" [stack: 0x000000e7aa400000,0x000000e7aa500000] [id=17148]
  0x000002cb16af1760 GCTaskThread "GC Thread#2" [stack: 0x000000e7aa500000,0x000000e7aa600000] [id=17644]
  0x000002cb16af1a20 GCTaskThread "GC Thread#3" [stack: 0x000000e7aa600000,0x000000e7aa700000] [id=5672]
  0x000002cb16af1ce0 GCTaskThread "GC Thread#4" [stack: 0x000000e7aa700000,0x000000e7aa800000] [id=6328]
  0x000002cb16af1fa0 GCTaskThread "GC Thread#5" [stack: 0x000000e7aa800000,0x000000e7aa900000] [id=17672]
  0x000002cb16b2b320 GCTaskThread "GC Thread#6" [stack: 0x000000e7aa900000,0x000000e7aaa00000] [id=2376]
  0x000002cb16b2b5e0 GCTaskThread "GC Thread#7" [stack: 0x000000e7aaa00000,0x000000e7aab00000] [id=6608]
  0x000002cab3b07f40 ConcurrentGCThread "G1 Main Marker" terminated
  0x000002cab3b08870 ConcurrentGCThread "G1 Conc#0" [stack: 0x000000e7a8900000,0x000000e7a8a00000] [id=17832]
  0x000002cb24fe0700 ConcurrentGCThread "G1 Conc#1" [stack: 0x000000e7ad400000,0x000000e7ad500000] [id=12544]
  0x000002cacf7d04f0 ConcurrentGCThread "G1 Refine#0" terminated
  0x000002cb170f54c0 ConcurrentGCThread "G1 Refine#1" terminated
  0x000002cacf7d1be0 ConcurrentGCThread "G1 Service" terminated

Threads with active compile tasks:

VM state: at safepoint (shutting down)

VM Mutex/Monitor currently owned by a thread:  ([mutex/lock_event])
[0x000002cab181b2a0] Threads_lock - owner thread: 0x000002cacf912f20
[0x000002cab3ab9fe0] Heap_lock - owner thread: 0x000002cb170cc7d0

Heap address: 0x00000000c0000000, size: 1024 MB, Compressed Oops mode: 32-bit

CDS archive(s) mapped at: [0x000002cad0000000-0x000002cad0bb0000-0x000002cad0bb0000), size 12255232, SharedBaseAddress: 0x000002cad0000000, ArchiveRelocationMode: 1.
Compressed class space mapped at: 0x000002cad1000000-0x000002cb11000000, reserved size: 1073741824
Narrow klass base: 0x000002cad0000000, Narrow klass shift: 0, Narrow klass range: 0x100000000

GC Precious Log:
 CPUs: 8 total, 8 available
 Memory: 7975M
 Large Page Support: Disabled
 NUMA Support: Disabled
 Compressed Oops: Enabled (32-bit)
 Heap Region Size: 1M
 Heap Min Capacity: 64M
 Heap Initial Capacity: 64M
 Heap Max Capacity: 1G
 Pre-touch: Disabled
 Parallel Workers: 8
 Concurrent Workers: 2
 Concurrent Refinement Workers: 8
 Periodic GC: Disabled

Heap:
 garbage-first heap   total 282624K, used 211106K [0x00000000c0000000, 0x0000000100000000)
  region size 1024K, 124 young (126976K), 5 survivors (5120K)
 Metaspace       used 14283K, committed 14528K, reserved 1114112K
  class space    used 1045K, committed 1152K, reserved 1048576K

Heap Regions: E=young(eden), S=young(survivor), O=old, HS=humongous(starts), HC=humongous(continues), CS=collection set, F=free, OA=open archive, CA=closed archive, TAMS=top-at-mark-start (previous, next)
|   0|0x00000000c0000000, 0x00000000c0100000, 0x00000000c0100000|100%| O|  |TAMS 0x00000000c0100000, 0x00000000c0000000| Untracked 
|   1|0x00000000c0100000, 0x00000000c0100000, 0x00000000c0200000|  0%| F|  |TAMS 0x00000000c0100000, 0x00000000c0100000| Untracked 
|   2|0x00000000c0200000, 0x00000000c0300000, 0x00000000c0300000|100%| O|  |TAMS 0x00000000c0300000, 0x00000000c0200000| Untracked 
|   3|0x00000000c0300000, 0x00000000c0400000, 0x00000000c0400000|100%| O|  |TAMS 0x00000000c0400000, 0x00000000c0300000| Untracked 
|   4|0x00000000c0400000, 0x00000000c0500000, 0x00000000c0500000|100%| O|  |TAMS 0x00000000c0500000, 0x00000000c0400000| Untracked 
|   5|0x00000000c0500000, 0x00000000c0600000, 0x00000000c0600000|100%| O|  |TAMS 0x00000000c0600000, 0x00000000c0500000| Untracked 
|   6|0x00000000c0600000, 0x00000000c0700000, 0x00000000c0700000|100%| O|  |TAMS 0x00000000c0700000, 0x00000000c0600000| Untracked 
|   7|0x00000000c0700000, 0x00000000c0700000, 0x00000000c0800000|  0%| F|  |TAMS 0x00000000c0700000, 0x00000000c0700000| Untracked 
|   8|0x00000000c0800000, 0x00000000c0800000, 0x00000000c0900000|  0%| F|  |TAMS 0x00000000c0800000, 0x00000000c0800000| Untracked 
|   9|0x00000000c0900000, 0x00000000c0a00000, 0x00000000c0a00000|100%| O|  |TAMS 0x00000000c0a00000, 0x00000000c0900000| Untracked 
|  10|0x00000000c0a00000, 0x00000000c0b00000, 0x00000000c0b00000|100%| O|  |TAMS 0x00000000c0b00000, 0x00000000c0a00000| Untracked 
|  11|0x00000000c0b00000, 0x00000000c0c00000, 0x00000000c0c00000|100%| O|  |TAMS 0x00000000c0c00000, 0x00000000c0b00000| Untracked 
|  12|0x00000000c0c00000, 0x00000000c0d00000, 0x00000000c0d00000|100%|HS|  |TAMS 0x00000000c0d00000, 0x00000000c0c00000| Complete 
|  13|0x00000000c0d00000, 0x00000000c0e00000, 0x00000000c0e00000|100%|HC|  |TAMS 0x00000000c0e00000, 0x00000000c0d00000| Complete 
|  14|0x00000000c0e00000, 0x00000000c0f00000, 0x00000000c0f00000|100%|HC|  |TAMS 0x00000000c0f00000, 0x00000000c0e00000| Complete 
|  15|0x00000000c0f00000, 0x00000000c1000000, 0x00000000c1000000|100%|HC|  |TAMS 0x00000000c1000000, 0x00000000c0f00000| Complete 
|  16|0x00000000c1000000, 0x00000000c1100000, 0x00000000c1100000|100%|HC|  |TAMS 0x00000000c1100000, 0x00000000c1000000| Complete 
|  17|0x00000000c1100000, 0x00000000c1200000, 0x00000000c1200000|100%|HC|  |TAMS 0x00000000c1200000, 0x00000000c1100000| Complete 
|  18|0x00000000c1200000, 0x00000000c1300000, 0x00000000c1300000|100%|HC|  |TAMS 0x00000000c1300000, 0x00000000c1200000| Complete 
|  19|0x00000000c1300000, 0x00000000c1400000, 0x00000000c1400000|100%|HC|  |TAMS 0x00000000c1400000, 0x00000000c1300000| Complete 
|  20|0x00000000c1400000, 0x00000000c1500000, 0x00000000c1500000|100%|HC|  |TAMS 0x00000000c1500000, 0x00000000c1400000| Complete 
|  21|0x00000000c1500000, 0x00000000c1600000, 0x00000000c1600000|100%|HC|  |TAMS 0x00000000c1600000, 0x00000000c1500000| Complete 
|  22|0x00000000c1600000, 0x00000000c1700000, 0x00000000c1700000|100%|HC|  |TAMS 0x00000000c1700000, 0x00000000c1600000| Complete 
|  23|0x00000000c1700000, 0x00000000c1800000, 0x00000000c1800000|100%|HC|  |TAMS 0x00000000c1800000, 0x00000000c1700000| Complete 
|  24|0x00000000c1800000, 0x00000000c1900000, 0x00000000c1900000|100%|HC|  |TAMS 0x00000000c1900000, 0x00000000c1800000| Complete 
|  25|0x00000000c1900000, 0x00000000c1a00000, 0x00000000c1a00000|100%|HC|  |TAMS 0x00000000c1a00000, 0x00000000c1900000| Complete 
|  26|0x00000000c1a00000, 0x00000000c1b00000, 0x00000000c1b00000|100%|HC|  |TAMS 0x00000000c1b00000, 0x00000000c1a00000| Complete 
|  27|0x00000000c1b00000, 0x00000000c1c00000, 0x00000000c1c00000|100%|HC|  |TAMS 0x00000000c1c00000, 0x00000000c1b00000| Complete 
|  28|0x00000000c1c00000, 0x00000000c1d00000, 0x00000000c1d00000|100%|HC|  |TAMS 0x00000000c1d00000, 0x00000000c1c00000| Complete 
|  29|0x00000000c1d00000, 0x00000000c1e00000, 0x00000000c1e00000|100%|HS|  |TAMS 0x00000000c1e00000, 0x00000000c1d00000| Complete 
|  30|0x00000000c1e00000, 0x00000000c1f00000, 0x00000000c1f00000|100%|HC|  |TAMS 0x00000000c1f00000, 0x00000000c1e00000| Complete 
|  31|0x00000000c1f00000, 0x00000000c2000000, 0x00000000c2000000|100%|HC|  |TAMS 0x00000000c2000000, 0x00000000c1f00000| Complete 
|  32|0x00000000c2000000, 0x00000000c2100000, 0x00000000c2100000|100%|HC|  |TAMS 0x00000000c2100000, 0x00000000c2000000| Complete 
|  33|0x00000000c2100000, 0x00000000c2200000, 0x00000000c2200000|100%|HC|  |TAMS 0x00000000c2200000, 0x00000000c2100000| Complete 
|  34|0x00000000c2200000, 0x00000000c2300000, 0x00000000c2300000|100%|HS|  |TAMS 0x00000000c2300000, 0x00000000c2200000| Complete 
|  35|0x00000000c2300000, 0x00000000c2400000, 0x00000000c2400000|100%|HC|  |TAMS 0x00000000c2400000, 0x00000000c2300000| Complete 
|  36|0x00000000c2400000, 0x00000000c2500000, 0x00000000c2500000|100%|HC|  |TAMS 0x00000000c2500000, 0x00000000c2400000| Complete 
|  37|0x00000000c2500000, 0x00000000c2600000, 0x00000000c2600000|100%|HC|  |TAMS 0x00000000c2600000, 0x00000000c2500000| Complete 
|  38|0x00000000c2600000, 0x00000000c2700000, 0x00000000c2700000|100%|HC|  |TAMS 0x00000000c2700000, 0x00000000c2600000| Complete 
|  39|0x00000000c2700000, 0x00000000c2800000, 0x00000000c2800000|100%|HC|  |TAMS 0x00000000c2800000, 0x00000000c2700000| Complete 
|  40|0x00000000c2800000, 0x00000000c2900000, 0x00000000c2900000|100%|HC|  |TAMS 0x00000000c2900000, 0x00000000c2800000| Complete 
|  41|0x00000000c2900000, 0x00000000c2a00000, 0x00000000c2a00000|100%|HC|  |TAMS 0x00000000c2a00000, 0x00000000c2900000| Complete 
|  42|0x00000000c2a00000, 0x00000000c2b00000, 0x00000000c2b00000|100%|HC|  |TAMS 0x00000000c2b00000, 0x00000000c2a00000| Complete 
|  43|0x00000000c2b00000, 0x00000000c2c00000, 0x00000000c2c00000|100%|HC|  |TAMS 0x00000000c2c00000, 0x00000000c2b00000| Complete 
|  44|0x00000000c2c00000, 0x00000000c2d00000, 0x00000000c2d00000|100%|HC|  |TAMS 0x00000000c2d00000, 0x00000000c2c00000| Complete 
|  45|0x00000000c2d00000, 0x00000000c2e00000, 0x00000000c2e00000|100%|HC|  |TAMS 0x00000000c2e00000, 0x00000000c2d00000| Complete 
|  46|0x00000000c2e00000, 0x00000000c2f00000, 0x00000000c2f00000|100%|HC|  |TAMS 0x00000000c2f00000, 0x00000000c2e00000| Complete 
|  47|0x00000000c2f00000, 0x00000000c3000000, 0x00000000c3000000|100%|HS|  |TAMS 0x00000000c3000000, 0x00000000c2f00000| Complete 
|  48|0x00000000c3000000, 0x00000000c3100000, 0x00000000c3100000|100%|HC|  |TAMS 0x00000000c3100000, 0x00000000c3000000| Complete 
|  49|0x00000000c3100000, 0x00000000c3200000, 0x00000000c3200000|100%|HC|  |TAMS 0x00000000c3200000, 0x00000000c3100000| Complete 
|  50|0x00000000c3200000, 0x00000000c3300000, 0x00000000c3300000|100%|HC|  |TAMS 0x00000000c3300000, 0x00000000c3200000| Complete 
|  51|0x00000000c3300000, 0x00000000c3400000, 0x00000000c3400000|100%|HC|  |TAMS 0x00000000c3400000, 0x00000000c3300000| Complete 
|  52|0x00000000c3400000, 0x00000000c3500000, 0x00000000c3500000|100%|HC|  |TAMS 0x00000000c3500000, 0x00000000c3400000| Complete 
|  53|0x00000000c3500000, 0x00000000c3600000, 0x00000000c3600000|100%|HC|  |TAMS 0x00000000c3600000, 0x00000000c3500000| Complete 
|  54|0x00000000c3600000, 0x00000000c3700000, 0x00000000c3700000|100%|HC|  |TAMS 0x00000000c3700000, 0x00000000c3600000| Complete 
|  55|0x00000000c3700000, 0x00000000c3800000, 0x00000000c3800000|100%|HC|  |TAMS 0x00000000c3800000, 0x00000000c3700000| Complete 
|  56|0x00000000c3800000, 0x00000000c3900000, 0x00000000c3900000|100%| O|  |TAMS 0x00000000c3900000, 0x00000000c3800000| Untracked 
|  57|0x00000000c3900000, 0x00000000c3a00000, 0x00000000c3a00000|100%| O|  |TAMS 0x00000000c3a00000, 0x00000000c3900000| Untracked 
|  58|0x00000000c3a00000, 0x00000000c3b00000, 0x00000000c3b00000|100%| O|  |TAMS 0x00000000c3b00000, 0x00000000c3a00000| Untracked 
|  59|0x00000000c3b00000, 0x00000000c3b00000, 0x00000000c3c00000|  0%| F|  |TAMS 0x00000000c3b00000, 0x00000000c3b00000| Untracked 
|  60|0x00000000c3c00000, 0x00000000c3d00000, 0x00000000c3d00000|100%| O|  |TAMS 0x00000000c3d00000, 0x00000000c3c00000| Untracked 
|  61|0x00000000c3d00000, 0x00000000c3e00000, 0x00000000c3e00000|100%| O|  |TAMS 0x00000000c3e00000, 0x00000000c3d00000| Untracked 
|  62|0x00000000c3e00000, 0x00000000c3ee5800, 0x00000000c3f00000| 89%| O|  |TAMS 0x00000000c3ec6400, 0x00000000c3e00000| Untracked 
|  63|0x00000000c3f00000, 0x00000000c3f00000, 0x00000000c4000000|  0%| F|  |TAMS 0x00000000c3f00000, 0x00000000c3f00000| Untracked 
|  64|0x00000000c4000000, 0x00000000c4100000, 0x00000000c4100000|100%|HS|  |TAMS 0x00000000c4100000, 0x00000000c4000000| Complete 
|  65|0x00000000c4100000, 0x00000000c4200000, 0x00000000c4200000|100%|HC|  |TAMS 0x00000000c4200000, 0x00000000c4100000| Complete 
|  66|0x00000000c4200000, 0x00000000c4300000, 0x00000000c4300000|100%|HC|  |TAMS 0x00000000c4300000, 0x00000000c4200000| Complete 
|  67|0x00000000c4300000, 0x00000000c4400000, 0x00000000c4400000|100%|HC|  |TAMS 0x00000000c4400000, 0x00000000c4300000| Complete 
|  68|0x00000000c4400000, 0x00000000c4500000, 0x00000000c4500000|100%|HC|  |TAMS 0x00000000c4500000, 0x00000000c4400000| Complete 
|  69|0x00000000c4500000, 0x00000000c4600000, 0x00000000c4600000|100%|HS|  |TAMS 0x00000000c4600000, 0x00000000c4500000| Complete 
|  70|0x00000000c4600000, 0x00000000c4700000, 0x00000000c4700000|100%|HC|  |TAMS 0x00000000c4700000, 0x00000000c4600000| Complete 
|  71|0x00000000c4700000, 0x00000000c4800000, 0x00000000c4800000|100%|HC|  |TAMS 0x00000000c4800000, 0x00000000c4700000| Complete 
|  72|0x00000000c4800000, 0x00000000c4900000, 0x00000000c4900000|100%|HC|  |TAMS 0x00000000c4900000, 0x00000000c4800000| Complete 
|  73|0x00000000c4900000, 0x00000000c4a00000, 0x00000000c4a00000|100%|HC|  |TAMS 0x00000000c4a00000, 0x00000000c4900000| Complete 
|  74|0x00000000c4a00000, 0x00000000c4b00000, 0x00000000c4b00000|100%|HS|  |TAMS 0x00000000c4b00000, 0x00000000c4a00000| Complete 
|  75|0x00000000c4b00000, 0x00000000c4c00000, 0x00000000c4c00000|100%|HC|  |TAMS 0x00000000c4c00000, 0x00000000c4b00000| Complete 
|  76|0x00000000c4c00000, 0x00000000c4d00000, 0x00000000c4d00000|100%|HC|  |TAMS 0x00000000c4d00000, 0x00000000c4c00000| Complete 
|  77|0x00000000c4d00000, 0x00000000c4e00000, 0x00000000c4e00000|100%|HC|  |TAMS 0x00000000c4e00000, 0x00000000c4d00000| Complete 
|  78|0x00000000c4e00000, 0x00000000c4f00000, 0x00000000c4f00000|100%|HC|  |TAMS 0x00000000c4f00000, 0x00000000c4e00000| Complete 
|  79|0x00000000c4f00000, 0x00000000c5000000, 0x00000000c5000000|100%|HS|  |TAMS 0x00000000c5000000, 0x00000000c4f00000| Complete 
|  80|0x00000000c5000000, 0x00000000c5100000, 0x00000000c5100000|100%|HC|  |TAMS 0x00000000c5100000, 0x00000000c5000000| Complete 
|  81|0x00000000c5100000, 0x00000000c5200000, 0x00000000c5200000|100%|HC|  |TAMS 0x00000000c5200000, 0x00000000c5100000| Complete 
|  82|0x00000000c5200000, 0x00000000c5300000, 0x00000000c5300000|100%|HC|  |TAMS 0x00000000c5300000, 0x00000000c5200000| Complete 
|  83|0x00000000c5300000, 0x00000000c5400000, 0x00000000c5400000|100%|HC|  |TAMS 0x00000000c5400000, 0x00000000c5300000| Complete 
|  84|0x00000000c5400000, 0x00000000c5500000, 0x00000000c5500000|100%|HS|  |TAMS 0x00000000c5500000, 0x00000000c5400000| Complete 
|  85|0x00000000c5500000, 0x00000000c5600000, 0x00000000c5600000|100%|HC|  |TAMS 0x00000000c5600000, 0x00000000c5500000| Complete 
|  86|0x00000000c5600000, 0x00000000c5700000, 0x00000000c5700000|100%|HC|  |TAMS 0x00000000c5700000, 0x00000000c5600000| Complete 
|  87|0x00000000c5700000, 0x00000000c5800000, 0x00000000c5800000|100%|HC|  |TAMS 0x00000000c5800000, 0x00000000c5700000| Complete 
|  88|0x00000000c5800000, 0x00000000c5900000, 0x00000000c5900000|100%|HC|  |TAMS 0x00000000c5900000, 0x00000000c5800000| Complete 
|  89|0x00000000c5900000, 0x00000000c5900000, 0x00000000c5a00000|  0%| F|  |TAMS 0x00000000c5900000, 0x00000000c5900000| Untracked 
|  90|0x00000000c5a00000, 0x00000000c5a00000, 0x00000000c5b00000|  0%| F|  |TAMS 0x00000000c5a00000, 0x00000000c5a00000| Untracked 
|  91|0x00000000c5b00000, 0x00000000c5b00000, 0x00000000c5c00000|  0%| F|  |TAMS 0x00000000c5b00000, 0x00000000c5b00000| Untracked 
|  92|0x00000000c5c00000, 0x00000000c5c00000, 0x00000000c5d00000|  0%| F|  |TAMS 0x00000000c5c00000, 0x00000000c5c00000| Untracked 
|  93|0x00000000c5d00000, 0x00000000c5d00000, 0x00000000c5e00000|  0%| F|  |TAMS 0x00000000c5d00000, 0x00000000c5d00000| Untracked 
|  94|0x00000000c5e00000, 0x00000000c5e00000, 0x00000000c5f00000|  0%| F|  |TAMS 0x00000000c5e00000, 0x00000000c5e00000| Untracked 
|  95|0x00000000c5f00000, 0x00000000c5f00000, 0x00000000c6000000|  0%| F|  |TAMS 0x00000000c5f00000, 0x00000000c5f00000| Untracked 
|  96|0x00000000c6000000, 0x00000000c6000000, 0x00000000c6100000|  0%| F|  |TAMS 0x00000000c6000000, 0x00000000c6000000| Untracked 
|  97|0x00000000c6100000, 0x00000000c6100000, 0x00000000c6200000|  0%| F|  |TAMS 0x00000000c6100000, 0x00000000c6100000| Untracked 
|  98|0x00000000c6200000, 0x00000000c6200000, 0x00000000c6300000|  0%| F|  |TAMS 0x00000000c6200000, 0x00000000c6200000| Untracked 
|  99|0x00000000c6300000, 0x00000000c6300000, 0x00000000c6400000|  0%| F|  |TAMS 0x00000000c6300000, 0x00000000c6300000| Untracked 
| 100|0x00000000c6400000, 0x00000000c6400000, 0x00000000c6500000|  0%| F|  |TAMS 0x00000000c6400000, 0x00000000c6400000| Untracked 
| 101|0x00000000c6500000, 0x00000000c6500000, 0x00000000c6600000|  0%| F|  |TAMS 0x00000000c6500000, 0x00000000c6500000| Untracked 
| 102|0x00000000c6600000, 0x00000000c6600000, 0x00000000c6700000|  0%| F|  |TAMS 0x00000000c6600000, 0x00000000c6600000| Untracked 
| 103|0x00000000c6700000, 0x00000000c6700000, 0x00000000c6800000|  0%| F|  |TAMS 0x00000000c6700000, 0x00000000c6700000| Untracked 
| 104|0x00000000c6800000, 0x00000000c6800000, 0x00000000c6900000|  0%| F|  |TAMS 0x00000000c6800000, 0x00000000c6800000| Untracked 
| 105|0x00000000c6900000, 0x00000000c6900000, 0x00000000c6a00000|  0%| F|  |TAMS 0x00000000c6900000, 0x00000000c6900000| Untracked 
| 106|0x00000000c6a00000, 0x00000000c6a00000, 0x00000000c6b00000|  0%| F|  |TAMS 0x00000000c6a00000, 0x00000000c6a00000| Untracked 
| 107|0x00000000c6b00000, 0x00000000c6b00000, 0x00000000c6c00000|  0%| F|  |TAMS 0x00000000c6b00000, 0x00000000c6b00000| Untracked 
| 108|0x00000000c6c00000, 0x00000000c6c00000, 0x00000000c6d00000|  0%| F|  |TAMS 0x00000000c6c00000, 0x00000000c6c00000| Untracked 
| 109|0x00000000c6d00000, 0x00000000c6d00000, 0x00000000c6e00000|  0%| F|  |TAMS 0x00000000c6d00000, 0x00000000c6d00000| Untracked 
| 110|0x00000000c6e00000, 0x00000000c6e00000, 0x00000000c6f00000|  0%| F|  |TAMS 0x00000000c6e00000, 0x00000000c6e00000| Untracked 
| 111|0x00000000c6f00000, 0x00000000c6f00000, 0x00000000c7000000|  0%| F|  |TAMS 0x00000000c6f00000, 0x00000000c6f00000| Untracked 
| 112|0x00000000c7000000, 0x00000000c7000000, 0x00000000c7100000|  0%| F|  |TAMS 0x00000000c7000000, 0x00000000c7000000| Untracked 
| 113|0x00000000c7100000, 0x00000000c7100000, 0x00000000c7200000|  0%| F|  |TAMS 0x00000000c7100000, 0x00000000c7100000| Untracked 
| 114|0x00000000c7200000, 0x00000000c7200000, 0x00000000c7300000|  0%| F|  |TAMS 0x00000000c7200000, 0x00000000c7200000| Untracked 
| 115|0x00000000c7300000, 0x00000000c7300000, 0x00000000c7400000|  0%| F|  |TAMS 0x00000000c7300000, 0x00000000c7300000| Untracked 
| 116|0x00000000c7400000, 0x00000000c7400000, 0x00000000c7500000|  0%| F|  |TAMS 0x00000000c7400000, 0x00000000c7400000| Untracked 
| 117|0x00000000c7500000, 0x00000000c7500000, 0x00000000c7600000|  0%| F|  |TAMS 0x00000000c7500000, 0x00000000c7500000| Untracked 
| 118|0x00000000c7600000, 0x00000000c7600000, 0x00000000c7700000|  0%| F|  |TAMS 0x00000000c7600000, 0x00000000c7600000| Untracked 
| 119|0x00000000c7700000, 0x00000000c7700000, 0x00000000c7800000|  0%| F|  |TAMS 0x00000000c7700000, 0x00000000c7700000| Untracked 
| 120|0x00000000c7800000, 0x00000000c7800000, 0x00000000c7900000|  0%| F|  |TAMS 0x00000000c7800000, 0x00000000c7800000| Untracked 
| 121|0x00000000c7900000, 0x00000000c79432e0, 0x00000000c7a00000| 26%| S|CS|TAMS 0x00000000c7900000, 0x00000000c7900000| Complete 
| 122|0x00000000c7a00000, 0x00000000c7b00000, 0x00000000c7b00000|100%| S|CS|TAMS 0x00000000c7a00000, 0x00000000c7a00000| Complete 
| 123|0x00000000c7b00000, 0x00000000c7c00000, 0x00000000c7c00000|100%| S|CS|TAMS 0x00000000c7b00000, 0x00000000c7b00000| Complete 
| 124|0x00000000c7c00000, 0x00000000c7d00000, 0x00000000c7d00000|100%| S|CS|TAMS 0x00000000c7c00000, 0x00000000c7c00000| Complete 
| 125|0x00000000c7d00000, 0x00000000c7e00000, 0x00000000c7e00000|100%| S|CS|TAMS 0x00000000c7d00000, 0x00000000c7d00000| Complete 
| 126|0x00000000c7e00000, 0x00000000c7e00000, 0x00000000c7f00000|  0%| F|  |TAMS 0x00000000c7e00000, 0x00000000c7e00000| Untracked 
| 127|0x00000000c7f00000, 0x00000000c7f00000, 0x00000000c8000000|  0%| F|  |TAMS 0x00000000c7f00000, 0x00000000c7f00000| Untracked 
| 128|0x00000000c8000000, 0x00000000c8000000, 0x00000000c8100000|  0%| F|  |TAMS 0x00000000c8000000, 0x00000000c8000000| Untracked 
| 129|0x00000000c8100000, 0x00000000c8100000, 0x00000000c8200000|  0%| F|  |TAMS 0x00000000c8100000, 0x00000000c8100000| Untracked 
| 130|0x00000000c8200000, 0x00000000c8200000, 0x00000000c8300000|  0%| F|  |TAMS 0x00000000c8200000, 0x00000000c8200000| Untracked 
| 131|0x00000000c8300000, 0x00000000c8300000, 0x00000000c8400000|  0%| F|  |TAMS 0x00000000c8300000, 0x00000000c8300000| Untracked 
| 132|0x00000000c8400000, 0x00000000c8400000, 0x00000000c8500000|  0%| F|  |TAMS 0x00000000c8400000, 0x00000000c8400000| Untracked 
| 133|0x00000000c8500000, 0x00000000c8500000, 0x00000000c8600000|  0%| F|  |TAMS 0x00000000c8500000, 0x00000000c8500000| Untracked 
| 134|0x00000000c8600000, 0x00000000c8600000, 0x00000000c8700000|  0%| F|  |TAMS 0x00000000c8600000, 0x00000000c8600000| Untracked 
| 135|0x00000000c8700000, 0x00000000c8700000, 0x00000000c8800000|  0%| F|  |TAMS 0x00000000c8700000, 0x00000000c8700000| Untracked 
| 136|0x00000000c8800000, 0x00000000c8800000, 0x00000000c8900000|  0%| F|  |TAMS 0x00000000c8800000, 0x00000000c8800000| Untracked 
| 137|0x00000000c8900000, 0x00000000c8900000, 0x00000000c8a00000|  0%| F|  |TAMS 0x00000000c8900000, 0x00000000c8900000| Untracked 
| 138|0x00000000c8a00000, 0x00000000c8a00000, 0x00000000c8b00000|  0%| F|  |TAMS 0x00000000c8a00000, 0x00000000c8a00000| Untracked 
| 139|0x00000000c8b00000, 0x00000000c8b00000, 0x00000000c8c00000|  0%| F|  |TAMS 0x00000000c8b00000, 0x00000000c8b00000| Untracked 
| 140|0x00000000c8c00000, 0x00000000c8c00000, 0x00000000c8d00000|  0%| F|  |TAMS 0x00000000c8c00000, 0x00000000c8c00000| Untracked 
| 141|0x00000000c8d00000, 0x00000000c8d00000, 0x00000000c8e00000|  0%| F|  |TAMS 0x00000000c8d00000, 0x00000000c8d00000| Untracked 
| 142|0x00000000c8e00000, 0x00000000c8e00000, 0x00000000c8f00000|  0%| F|  |TAMS 0x00000000c8e00000, 0x00000000c8e00000| Untracked 
| 143|0x00000000c8f00000, 0x00000000c8f00000, 0x00000000c9000000|  0%| F|  |TAMS 0x00000000c8f00000, 0x00000000c8f00000| Untracked 
| 144|0x00000000c9000000, 0x00000000c9000000, 0x00000000c9100000|  0%| F|  |TAMS 0x00000000c9000000, 0x00000000c9000000| Untracked 
| 145|0x00000000c9100000, 0x00000000c9100000, 0x00000000c9200000|  0%| F|  |TAMS 0x00000000c9100000, 0x00000000c9100000| Untracked 
| 146|0x00000000c9200000, 0x00000000c9200000, 0x00000000c9300000|  0%| F|  |TAMS 0x00000000c9200000, 0x00000000c9200000| Untracked 
| 147|0x00000000c9300000, 0x00000000c9300000, 0x00000000c9400000|  0%| F|  |TAMS 0x00000000c9300000, 0x00000000c9300000| Untracked 
| 148|0x00000000c9400000, 0x00000000c9400000, 0x00000000c9500000|  0%| F|  |TAMS 0x00000000c9400000, 0x00000000c9400000| Untracked 
| 149|0x00000000c9500000, 0x00000000c9500000, 0x00000000c9600000|  0%| F|  |TAMS 0x00000000c9500000, 0x00000000c9500000| Untracked 
| 150|0x00000000c9600000, 0x00000000c9600000, 0x00000000c9700000|  0%| F|  |TAMS 0x00000000c9600000, 0x00000000c9600000| Untracked 
| 151|0x00000000c9700000, 0x00000000c9700000, 0x00000000c9800000|  0%| F|  |TAMS 0x00000000c9700000, 0x00000000c9700000| Untracked 
| 152|0x00000000c9800000, 0x00000000c9800000, 0x00000000c9900000|  0%| F|  |TAMS 0x00000000c9800000, 0x00000000c9800000| Untracked 
| 153|0x00000000c9900000, 0x00000000c9900000, 0x00000000c9a00000|  0%| F|  |TAMS 0x00000000c9900000, 0x00000000c9900000| Untracked 
| 154|0x00000000c9a00000, 0x00000000c9a00000, 0x00000000c9b00000|  0%| F|  |TAMS 0x00000000c9a00000, 0x00000000c9a00000| Untracked 
| 155|0x00000000c9b00000, 0x00000000c9b00000, 0x00000000c9c00000|  0%| F|  |TAMS 0x00000000c9b00000, 0x00000000c9b00000| Untracked 
| 156|0x00000000c9c00000, 0x00000000c9c00000, 0x00000000c9d00000|  0%| F|  |TAMS 0x00000000c9c00000, 0x00000000c9c00000| Untracked 
| 157|0x00000000c9d00000, 0x00000000c9dc3098, 0x00000000c9e00000| 76%| E|  |TAMS 0x00000000c9d00000, 0x00000000c9d00000| Complete 
| 158|0x00000000c9e00000, 0x00000000c9f00000, 0x00000000c9f00000|100%| E|CS|TAMS 0x00000000c9e00000, 0x00000000c9e00000| Complete 
| 159|0x00000000c9f00000, 0x00000000ca000000, 0x00000000ca000000|100%| E|CS|TAMS 0x00000000c9f00000, 0x00000000c9f00000| Complete 
| 160|0x00000000ca000000, 0x00000000ca100000, 0x00000000ca100000|100%| E|CS|TAMS 0x00000000ca000000, 0x00000000ca000000| Complete 
| 161|0x00000000ca100000, 0x00000000ca200000, 0x00000000ca200000|100%| E|CS|TAMS 0x00000000ca100000, 0x00000000ca100000| Complete 
| 162|0x00000000ca200000, 0x00000000ca300000, 0x00000000ca300000|100%| E|CS|TAMS 0x00000000ca200000, 0x00000000ca200000| Complete 
| 163|0x00000000ca300000, 0x00000000ca400000, 0x00000000ca400000|100%| E|CS|TAMS 0x00000000ca300000, 0x00000000ca300000| Complete 
| 164|0x00000000ca400000, 0x00000000ca500000, 0x00000000ca500000|100%| E|CS|TAMS 0x00000000ca400000, 0x00000000ca400000| Complete 
| 165|0x00000000ca500000, 0x00000000ca600000, 0x00000000ca600000|100%| E|CS|TAMS 0x00000000ca500000, 0x00000000ca500000| Complete 
| 166|0x00000000ca600000, 0x00000000ca700000, 0x00000000ca700000|100%| E|CS|TAMS 0x00000000ca600000, 0x00000000ca600000| Complete 
| 167|0x00000000ca700000, 0x00000000ca800000, 0x00000000ca800000|100%| E|CS|TAMS 0x00000000ca700000, 0x00000000ca700000| Complete 
| 168|0x00000000ca800000, 0x00000000ca900000, 0x00000000ca900000|100%| E|CS|TAMS 0x00000000ca800000, 0x00000000ca800000| Complete 
| 169|0x00000000ca900000, 0x00000000caa00000, 0x00000000caa00000|100%| E|CS|TAMS 0x00000000ca900000, 0x00000000ca900000| Complete 
| 170|0x00000000caa00000, 0x00000000cab00000, 0x00000000cab00000|100%| E|CS|TAMS 0x00000000caa00000, 0x00000000caa00000| Complete 
| 171|0x00000000cab00000, 0x00000000cac00000, 0x00000000cac00000|100%| E|CS|TAMS 0x00000000cab00000, 0x00000000cab00000| Complete 
| 172|0x00000000cac00000, 0x00000000cad00000, 0x00000000cad00000|100%| E|CS|TAMS 0x00000000cac00000, 0x00000000cac00000| Complete 
| 173|0x00000000cad00000, 0x00000000cae00000, 0x00000000cae00000|100%| E|CS|TAMS 0x00000000cad00000, 0x00000000cad00000| Complete 
| 174|0x00000000cae00000, 0x00000000caf00000, 0x00000000caf00000|100%| E|CS|TAMS 0x00000000cae00000, 0x00000000cae00000| Complete 
| 175|0x00000000caf00000, 0x00000000cb000000, 0x00000000cb000000|100%| E|CS|TAMS 0x00000000caf00000, 0x00000000caf00000| Complete 
| 176|0x00000000cb000000, 0x00000000cb100000, 0x00000000cb100000|100%| E|CS|TAMS 0x00000000cb000000, 0x00000000cb000000| Complete 
| 177|0x00000000cb100000, 0x00000000cb200000, 0x00000000cb200000|100%| E|CS|TAMS 0x00000000cb100000, 0x00000000cb100000| Complete 
| 178|0x00000000cb200000, 0x00000000cb300000, 0x00000000cb300000|100%| E|CS|TAMS 0x00000000cb200000, 0x00000000cb200000| Complete 
| 179|0x00000000cb300000, 0x00000000cb400000, 0x00000000cb400000|100%| E|CS|TAMS 0x00000000cb300000, 0x00000000cb300000| Complete 
| 180|0x00000000cb400000, 0x00000000cb500000, 0x00000000cb500000|100%| E|CS|TAMS 0x00000000cb400000, 0x00000000cb400000| Complete 
| 181|0x00000000cb500000, 0x00000000cb600000, 0x00000000cb600000|100%| E|CS|TAMS 0x00000000cb500000, 0x00000000cb500000| Complete 
| 182|0x00000000cb600000, 0x00000000cb700000, 0x00000000cb700000|100%| E|CS|TAMS 0x00000000cb600000, 0x00000000cb600000| Complete 
| 183|0x00000000cb700000, 0x00000000cb800000, 0x00000000cb800000|100%| E|CS|TAMS 0x00000000cb700000, 0x00000000cb700000| Complete 
| 184|0x00000000cb800000, 0x00000000cb900000, 0x00000000cb900000|100%| E|CS|TAMS 0x00000000cb800000, 0x00000000cb800000| Complete 
| 185|0x00000000cb900000, 0x00000000cba00000, 0x00000000cba00000|100%| E|CS|TAMS 0x00000000cb900000, 0x00000000cb900000| Complete 
| 186|0x00000000cba00000, 0x00000000cbb00000, 0x00000000cbb00000|100%| E|CS|TAMS 0x00000000cba00000, 0x00000000cba00000| Complete 
| 187|0x00000000cbb00000, 0x00000000cbc00000, 0x00000000cbc00000|100%| E|CS|TAMS 0x00000000cbb00000, 0x00000000cbb00000| Complete 
| 188|0x00000000cbc00000, 0x00000000cbd00000, 0x00000000cbd00000|100%| E|CS|TAMS 0x00000000cbc00000, 0x00000000cbc00000| Complete 
| 189|0x00000000cbd00000, 0x00000000cbe00000, 0x00000000cbe00000|100%| E|CS|TAMS 0x00000000cbd00000, 0x00000000cbd00000| Complete 
| 190|0x00000000cbe00000, 0x00000000cbf00000, 0x00000000cbf00000|100%| E|CS|TAMS 0x00000000cbe00000, 0x00000000cbe00000| Complete 
| 191|0x00000000cbf00000, 0x00000000cc000000, 0x00000000cc000000|100%| E|CS|TAMS 0x00000000cbf00000, 0x00000000cbf00000| Complete 
| 192|0x00000000cc000000, 0x00000000cc100000, 0x00000000cc100000|100%| E|CS|TAMS 0x00000000cc000000, 0x00000000cc000000| Complete 
| 193|0x00000000cc100000, 0x00000000cc200000, 0x00000000cc200000|100%| E|CS|TAMS 0x00000000cc100000, 0x00000000cc100000| Complete 
| 194|0x00000000cc200000, 0x00000000cc300000, 0x00000000cc300000|100%| E|CS|TAMS 0x00000000cc200000, 0x00000000cc200000| Complete 
| 195|0x00000000cc300000, 0x00000000cc400000, 0x00000000cc400000|100%| E|CS|TAMS 0x00000000cc300000, 0x00000000cc300000| Complete 
| 196|0x00000000cc400000, 0x00000000cc500000, 0x00000000cc500000|100%| E|CS|TAMS 0x00000000cc400000, 0x00000000cc400000| Complete 
| 197|0x00000000cc500000, 0x00000000cc600000, 0x00000000cc600000|100%| E|CS|TAMS 0x00000000cc500000, 0x00000000cc500000| Complete 
| 198|0x00000000cc600000, 0x00000000cc700000, 0x00000000cc700000|100%| E|CS|TAMS 0x00000000cc600000, 0x00000000cc600000| Complete 
| 199|0x00000000cc700000, 0x00000000cc800000, 0x00000000cc800000|100%| E|CS|TAMS 0x00000000cc700000, 0x00000000cc700000| Complete 
| 200|0x00000000cc800000, 0x00000000cc900000, 0x00000000cc900000|100%| E|CS|TAMS 0x00000000cc800000, 0x00000000cc800000| Complete 
| 201|0x00000000cc900000, 0x00000000cca00000, 0x00000000cca00000|100%| E|CS|TAMS 0x00000000cc900000, 0x00000000cc900000| Complete 
| 202|0x00000000cca00000, 0x00000000ccb00000, 0x00000000ccb00000|100%| E|CS|TAMS 0x00000000cca00000, 0x00000000cca00000| Complete 
| 203|0x00000000ccb00000, 0x00000000ccc00000, 0x00000000ccc00000|100%| E|CS|TAMS 0x00000000ccb00000, 0x00000000ccb00000| Complete 
| 204|0x00000000ccc00000, 0x00000000ccd00000, 0x00000000ccd00000|100%| E|CS|TAMS 0x00000000ccc00000, 0x00000000ccc00000| Complete 
| 205|0x00000000ccd00000, 0x00000000cce00000, 0x00000000cce00000|100%| E|CS|TAMS 0x00000000ccd00000, 0x00000000ccd00000| Complete 
| 206|0x00000000cce00000, 0x00000000ccf00000, 0x00000000ccf00000|100%| E|CS|TAMS 0x00000000cce00000, 0x00000000cce00000| Complete 
| 207|0x00000000ccf00000, 0x00000000cd000000, 0x00000000cd000000|100%| E|CS|TAMS 0x00000000ccf00000, 0x00000000ccf00000| Complete 
| 208|0x00000000cd000000, 0x00000000cd100000, 0x00000000cd100000|100%| E|CS|TAMS 0x00000000cd000000, 0x00000000cd000000| Complete 
| 209|0x00000000cd100000, 0x00000000cd200000, 0x00000000cd200000|100%| E|CS|TAMS 0x00000000cd100000, 0x00000000cd100000| Complete 
| 210|0x00000000cd200000, 0x00000000cd300000, 0x00000000cd300000|100%| E|CS|TAMS 0x00000000cd200000, 0x00000000cd200000| Complete 
| 211|0x00000000cd300000, 0x00000000cd400000, 0x00000000cd400000|100%| E|CS|TAMS 0x00000000cd300000, 0x00000000cd300000| Complete 
| 212|0x00000000cd400000, 0x00000000cd500000, 0x00000000cd500000|100%| E|CS|TAMS 0x00000000cd400000, 0x00000000cd400000| Complete 
| 213|0x00000000cd500000, 0x00000000cd600000, 0x00000000cd600000|100%| E|CS|TAMS 0x00000000cd500000, 0x00000000cd500000| Complete 
| 214|0x00000000cd600000, 0x00000000cd700000, 0x00000000cd700000|100%| E|CS|TAMS 0x00000000cd600000, 0x00000000cd600000| Complete 
| 215|0x00000000cd700000, 0x00000000cd800000, 0x00000000cd800000|100%| E|CS|TAMS 0x00000000cd700000, 0x00000000cd700000| Complete 
| 216|0x00000000cd800000, 0x00000000cd900000, 0x00000000cd900000|100%| E|CS|TAMS 0x00000000cd800000, 0x00000000cd800000| Complete 
| 217|0x00000000cd900000, 0x00000000cda00000, 0x00000000cda00000|100%| E|CS|TAMS 0x00000000cd900000, 0x00000000cd900000| Complete 
| 218|0x00000000cda00000, 0x00000000cdb00000, 0x00000000cdb00000|100%| E|CS|TAMS 0x00000000cda00000, 0x00000000cda00000| Complete 
| 219|0x00000000cdb00000, 0x00000000cdc00000, 0x00000000cdc00000|100%| E|CS|TAMS 0x00000000cdb00000, 0x00000000cdb00000| Complete 
| 220|0x00000000cdc00000, 0x00000000cdd00000, 0x00000000cdd00000|100%| E|CS|TAMS 0x00000000cdc00000, 0x00000000cdc00000| Complete 
| 221|0x00000000cdd00000, 0x00000000cde00000, 0x00000000cde00000|100%| E|CS|TAMS 0x00000000cdd00000, 0x00000000cdd00000| Complete 
| 222|0x00000000cde00000, 0x00000000cdf00000, 0x00000000cdf00000|100%| E|CS|TAMS 0x00000000cde00000, 0x00000000cde00000| Complete 
| 223|0x00000000cdf00000, 0x00000000ce000000, 0x00000000ce000000|100%| E|CS|TAMS 0x00000000cdf00000, 0x00000000cdf00000| Complete 
| 224|0x00000000ce000000, 0x00000000ce100000, 0x00000000ce100000|100%| E|CS|TAMS 0x00000000ce000000, 0x00000000ce000000| Complete 
| 225|0x00000000ce100000, 0x00000000ce200000, 0x00000000ce200000|100%| E|CS|TAMS 0x00000000ce100000, 0x00000000ce100000| Complete 
| 226|0x00000000ce200000, 0x00000000ce300000, 0x00000000ce300000|100%| E|CS|TAMS 0x00000000ce200000, 0x00000000ce200000| Complete 
| 227|0x00000000ce300000, 0x00000000ce400000, 0x00000000ce400000|100%| E|CS|TAMS 0x00000000ce300000, 0x00000000ce300000| Complete 
| 228|0x00000000ce400000, 0x00000000ce500000, 0x00000000ce500000|100%| E|CS|TAMS 0x00000000ce400000, 0x00000000ce400000| Complete 
| 229|0x00000000ce500000, 0x00000000ce600000, 0x00000000ce600000|100%| E|CS|TAMS 0x00000000ce500000, 0x00000000ce500000| Complete 
| 230|0x00000000ce600000, 0x00000000ce700000, 0x00000000ce700000|100%| E|CS|TAMS 0x00000000ce600000, 0x00000000ce600000| Complete 
| 231|0x00000000ce700000, 0x00000000ce800000, 0x00000000ce800000|100%| E|CS|TAMS 0x00000000ce700000, 0x00000000ce700000| Complete 
| 232|0x00000000ce800000, 0x00000000ce900000, 0x00000000ce900000|100%| E|CS|TAMS 0x00000000ce800000, 0x00000000ce800000| Complete 
| 233|0x00000000ce900000, 0x00000000cea00000, 0x00000000cea00000|100%| E|CS|TAMS 0x00000000ce900000, 0x00000000ce900000| Complete 
| 234|0x00000000cea00000, 0x00000000ceb00000, 0x00000000ceb00000|100%| E|CS|TAMS 0x00000000cea00000, 0x00000000cea00000| Complete 
| 235|0x00000000ceb00000, 0x00000000cec00000, 0x00000000cec00000|100%| E|CS|TAMS 0x00000000ceb00000, 0x00000000ceb00000| Complete 
| 236|0x00000000cec00000, 0x00000000ced00000, 0x00000000ced00000|100%| E|CS|TAMS 0x00000000cec00000, 0x00000000cec00000| Complete 
| 237|0x00000000ced00000, 0x00000000cee00000, 0x00000000cee00000|100%| E|CS|TAMS 0x00000000ced00000, 0x00000000ced00000| Complete 
| 238|0x00000000cee00000, 0x00000000cef00000, 0x00000000cef00000|100%| E|CS|TAMS 0x00000000cee00000, 0x00000000cee00000| Complete 
| 239|0x00000000cef00000, 0x00000000cf000000, 0x00000000cf000000|100%| E|CS|TAMS 0x00000000cef00000, 0x00000000cef00000| Complete 
| 240|0x00000000cf000000, 0x00000000cf100000, 0x00000000cf100000|100%| E|CS|TAMS 0x00000000cf000000, 0x00000000cf000000| Complete 
| 241|0x00000000cf100000, 0x00000000cf200000, 0x00000000cf200000|100%| E|CS|TAMS 0x00000000cf100000, 0x00000000cf100000| Complete 
| 242|0x00000000cf200000, 0x00000000cf300000, 0x00000000cf300000|100%| E|CS|TAMS 0x00000000cf200000, 0x00000000cf200000| Complete 
| 243|0x00000000cf300000, 0x00000000cf400000, 0x00000000cf400000|100%| E|CS|TAMS 0x00000000cf300000, 0x00000000cf300000| Complete 
| 244|0x00000000cf400000, 0x00000000cf500000, 0x00000000cf500000|100%| E|CS|TAMS 0x00000000cf400000, 0x00000000cf400000| Complete 
| 245|0x00000000cf500000, 0x00000000cf600000, 0x00000000cf600000|100%| E|CS|TAMS 0x00000000cf500000, 0x00000000cf500000| Complete 
| 246|0x00000000cf600000, 0x00000000cf700000, 0x00000000cf700000|100%| E|CS|TAMS 0x00000000cf600000, 0x00000000cf600000| Complete 
| 247|0x00000000cf700000, 0x00000000cf800000, 0x00000000cf800000|100%| E|CS|TAMS 0x00000000cf700000, 0x00000000cf700000| Complete 
| 248|0x00000000cf800000, 0x00000000cf900000, 0x00000000cf900000|100%| E|CS|TAMS 0x00000000cf800000, 0x00000000cf800000| Complete 
| 249|0x00000000cf900000, 0x00000000cfa00000, 0x00000000cfa00000|100%| E|CS|TAMS 0x00000000cf900000, 0x00000000cf900000| Complete 
| 250|0x00000000cfa00000, 0x00000000cfb00000, 0x00000000cfb00000|100%| E|CS|TAMS 0x00000000cfa00000, 0x00000000cfa00000| Complete 
| 251|0x00000000cfb00000, 0x00000000cfc00000, 0x00000000cfc00000|100%| E|CS|TAMS 0x00000000cfb00000, 0x00000000cfb00000| Complete 
| 252|0x00000000cfc00000, 0x00000000cfd00000, 0x00000000cfd00000|100%| E|CS|TAMS 0x00000000cfc00000, 0x00000000cfc00000| Complete 
| 253|0x00000000cfd00000, 0x00000000cfe00000, 0x00000000cfe00000|100%| E|CS|TAMS 0x00000000cfd00000, 0x00000000cfd00000| Complete 
| 254|0x00000000cfe00000, 0x00000000cff00000, 0x00000000cff00000|100%| E|CS|TAMS 0x00000000cfe00000, 0x00000000cfe00000| Complete 
| 255|0x00000000cff00000, 0x00000000d0000000, 0x00000000d0000000|100%| E|CS|TAMS 0x00000000cff00000, 0x00000000cff00000| Complete 
| 256|0x00000000d0000000, 0x00000000d0100000, 0x00000000d0100000|100%| E|CS|TAMS 0x00000000d0000000, 0x00000000d0000000| Complete 
| 257|0x00000000d0100000, 0x00000000d0200000, 0x00000000d0200000|100%| E|CS|TAMS 0x00000000d0100000, 0x00000000d0100000| Complete 
| 258|0x00000000d0200000, 0x00000000d0300000, 0x00000000d0300000|100%| E|CS|TAMS 0x00000000d0200000, 0x00000000d0200000| Complete 
| 259|0x00000000d0300000, 0x00000000d0400000, 0x00000000d0400000|100%| E|CS|TAMS 0x00000000d0300000, 0x00000000d0300000| Complete 
| 260|0x00000000d0400000, 0x00000000d0500000, 0x00000000d0500000|100%| E|CS|TAMS 0x00000000d0400000, 0x00000000d0400000| Complete 
| 261|0x00000000d0500000, 0x00000000d0600000, 0x00000000d0600000|100%| E|CS|TAMS 0x00000000d0500000, 0x00000000d0500000| Complete 
| 262|0x00000000d0600000, 0x00000000d0700000, 0x00000000d0700000|100%| E|CS|TAMS 0x00000000d0600000, 0x00000000d0600000| Complete 
| 263|0x00000000d0700000, 0x00000000d0800000, 0x00000000d0800000|100%| E|CS|TAMS 0x00000000d0700000, 0x00000000d0700000| Complete 
| 264|0x00000000d0800000, 0x00000000d0900000, 0x00000000d0900000|100%| E|CS|TAMS 0x00000000d0800000, 0x00000000d0800000| Complete 
| 265|0x00000000d0900000, 0x00000000d0a00000, 0x00000000d0a00000|100%| E|CS|TAMS 0x00000000d0900000, 0x00000000d0900000| Complete 
| 266|0x00000000d0a00000, 0x00000000d0b00000, 0x00000000d0b00000|100%| E|CS|TAMS 0x00000000d0a00000, 0x00000000d0a00000| Complete 
| 267|0x00000000d0b00000, 0x00000000d0c00000, 0x00000000d0c00000|100%| E|CS|TAMS 0x00000000d0b00000, 0x00000000d0b00000| Complete 
| 268|0x00000000d0c00000, 0x00000000d0d00000, 0x00000000d0d00000|100%| E|CS|TAMS 0x00000000d0c00000, 0x00000000d0c00000| Complete 
| 269|0x00000000d0d00000, 0x00000000d0e00000, 0x00000000d0e00000|100%| E|CS|TAMS 0x00000000d0d00000, 0x00000000d0d00000| Complete 
| 270|0x00000000d0e00000, 0x00000000d0f00000, 0x00000000d0f00000|100%| E|CS|TAMS 0x00000000d0e00000, 0x00000000d0e00000| Complete 
| 271|0x00000000d0f00000, 0x00000000d1000000, 0x00000000d1000000|100%| E|CS|TAMS 0x00000000d0f00000, 0x00000000d0f00000| Complete 
| 272|0x00000000d1000000, 0x00000000d1100000, 0x00000000d1100000|100%| E|CS|TAMS 0x00000000d1000000, 0x00000000d1000000| Complete 
| 273|0x00000000d1100000, 0x00000000d1200000, 0x00000000d1200000|100%| E|CS|TAMS 0x00000000d1100000, 0x00000000d1100000| Complete 
| 274|0x00000000d1200000, 0x00000000d1300000, 0x00000000d1300000|100%| E|CS|TAMS 0x00000000d1200000, 0x00000000d1200000| Complete 
| 275|0x00000000d1300000, 0x00000000d1400000, 0x00000000d1400000|100%| E|CS|TAMS 0x00000000d1300000, 0x00000000d1300000| Complete 

Card table byte_map: [0x000002cacab20000,0x000002cacad20000] _byte_map_base: 0x000002caca520000

Marking Bits (Prev, Next): (CMBitMap*) 0x000002cab3aff610, (CMBitMap*) 0x000002cab3aff650
 Prev Bits: [0x000002cacaf20000, 0x000002cacbf20000)
 Next Bits: [0x000002cacbf20000, 0x000002caccf20000)

Polling page: 0x000002cab3270000

Metaspace:

Usage:
  Non-class:     12.93 MB used.
      Class:      1.02 MB used.
       Both:     13.95 MB used.

Virtual space:
  Non-class space:       64.00 MB reserved,      13.06 MB ( 20%) committed,  1 nodes.
      Class space:        1.00 GB reserved,       1.12 MB ( <1%) committed,  1 nodes.
             Both:        1.06 GB reserved,      14.19 MB (  1%) committed. 

Chunk freelists:
   Non-Class:  2.34 MB
       Class:  14.87 MB
        Both:  17.21 MB

MaxMetaspaceSize: unlimited
CompressedClassSpaceSize: 1.00 GB
Initial GC threshold: 21.00 MB
Current GC threshold: 22.75 MB
CDS: on
MetaspaceReclaimPolicy: balanced
 - commit_granule_bytes: 65536.
 - commit_granule_words: 8192.
 - virtual_space_node_default_size: 8388608.
 - enlarge_chunks_in_place: 1.
 - new_chunks_are_fully_committed: 0.
 - uncommit_free_chunks: 1.
 - use_allocation_guard: 0.
 - handle_deallocations: 1.


Internal statistics:

num_allocs_failed_limit: 0.
num_arena_births: 114.
num_arena_deaths: 0.
num_vsnodes_births: 2.
num_vsnodes_deaths: 0.
num_space_committed: 223.
num_space_uncommitted: 0.
num_chunks_returned_to_freelist: 0.
num_chunks_taken_from_freelist: 426.
num_chunk_merges: 0.
num_chunk_splits: 323.
num_chunks_enlarged: 256.
num_inconsistent_stats: 0.

CodeHeap 'non-profiled nmethods': size=120000Kb used=1617Kb max_used=1617Kb free=118382Kb
 bounds [0x000002cac30c0000, 0x000002cac3330000, 0x000002caca5f0000]
CodeHeap 'profiled nmethods': size=120000Kb used=4463Kb max_used=4463Kb free=115536Kb
 bounds [0x000002cabb5f0000, 0x000002cabba50000, 0x000002cac2b20000]
CodeHeap 'non-nmethods': size=5760Kb used=1627Kb max_used=1676Kb free=4132Kb
 bounds [0x000002cac2b20000, 0x000002cac2d90000, 0x000002cac30c0000]
 total_blobs=3247 nmethods=2293 adapters=867
 compilation: enabled
              stopped_count=0, restarted_count=0
 full_count=0

Compilation events (20 events):
Event: 37.352 Thread 0x000002cacf93a020 nmethod 2283 0x000002cabba48e10 code [0x000002cabba490a0, 0x000002cabba4a0f8]
Event: 37.352 Thread 0x000002cacf93a020 2282       3       java.lang.Integer::numberOfTrailingZeros (80 bytes)
Event: 37.352 Thread 0x000002cacf93a020 nmethod 2282 0x000002cabba4a890 code [0x000002cabba4aa40, 0x000002cabba4ac98]
Event: 37.546 Thread 0x000002cacf937700 nmethod 2285 0x000002cac3245d90 code [0x000002cac3246140, 0x000002cac324e930]
Event: 37.546 Thread 0x000002cacf937700 2286       4       jdk.internal.math.FloatingDecimal$BinaryToASCIIBuffer::getChars (502 bytes)
Event: 37.553 Thread 0x000002cacf937700 nmethod 2286 0x000002cac3252a90 code [0x000002cac3252c40, 0x000002cac3253498]
Event: 37.553 Thread 0x000002cacf937700 2288       4       java.lang.Long::numberOfTrailingZeros (26 bytes)
Event: 37.553 Thread 0x000002cacf937700 nmethod 2288 0x000002cac3253a90 code [0x000002cac3253c00, 0x000002cac3253c78]
Event: 37.553 Thread 0x000002cacf937700 2287       4       java.lang.Integer::numberOfTrailingZeros (80 bytes)
Event: 37.554 Thread 0x000002cacf937700 nmethod 2287 0x000002cac3253d90 code [0x000002cac3253f00, 0x000002cac3253fd8]
Event: 39.554 Thread 0x000002cacf93a020 2289       3       com.jogamp.common.util.Bitfield$Util::bitCount (49 bytes)
Event: 39.554 Thread 0x000002cacf93a020 nmethod 2289 0x000002cabba4ad10 code [0x000002cabba4aea0, 0x000002cabba4afd8]
Event: 39.658 Thread 0x000002cacf93a020 2290       3       com.jogamp.newt.event.NEWTEvent::isConsumed (16 bytes)
Event: 39.658 Thread 0x000002cacf93a020 nmethod 2290 0x000002cabba4b090 code [0x000002cabba4b220, 0x000002cabba4b398]
Event: 40.624 Thread 0x000002cacf93a020 2292       1       com.jogamp.nativewindow.util.Point::getX (5 bytes)
Event: 40.624 Thread 0x000002cacf93a020 nmethod 2292 0x000002cac3254490 code [0x000002cac3254620, 0x000002cac32546f8]
Event: 40.784 Thread 0x000002cacf93a020 2293       3       jdk.internal.misc.Unsafe::getAndAddLong (27 bytes)
Event: 40.785 Thread 0x000002cacf93a020 nmethod 2293 0x000002cabba4b410 code [0x000002cabba4b5c0, 0x000002cabba4b808]
Event: 40.785 Thread 0x000002cacf93a020 2294       3       jdk.internal.misc.Unsafe::weakCompareAndSetLong (11 bytes)
Event: 40.785 Thread 0x000002cacf93a020 nmethod 2294 0x000002cabba4b910 code [0x000002cabba4baa0, 0x000002cabba4bbd8]

GC Heap History (20 events):
Event: 36.953 GC heap before
{Heap before GC invocations=208 (full 0):
 garbage-first heap   total 282624K, used 237767K [0x00000000c0000000, 0x0000000100000000)
  region size 1024K, 149 young (152576K), 5 survivors (5120K)
 Metaspace       used 14234K, committed 14400K, reserved 1114112K
  class space    used 1040K, committed 1152K, reserved 1048576K
}
Event: 36.956 GC heap after
{Heap after GC invocations=209 (full 0):
 garbage-first heap   total 282624K, used 89589K [0x00000000c0000000, 0x0000000100000000)
  region size 1024K, 4 young (4096K), 4 survivors (4096K)
 Metaspace       used 14234K, committed 14400K, reserved 1114112K
  class space    used 1040K, committed 1152K, reserved 1048576K
}
Event: 37.131 GC heap before
{Heap before GC invocations=209 (full 0):
 garbage-first heap   total 282624K, used 238069K [0x00000000c0000000, 0x0000000100000000)
  region size 1024K, 149 young (152576K), 4 survivors (4096K)
 Metaspace       used 14234K, committed 14400K, reserved 1114112K
  class space    used 1040K, committed 1152K, reserved 1048576K
}
Event: 37.134 GC heap after
{Heap after GC invocations=210 (full 0):
 garbage-first heap   total 282624K, used 89678K [0x00000000c0000000, 0x0000000100000000)
  region size 1024K, 4 young (4096K), 4 survivors (4096K)
 Metaspace       used 14234K, committed 14400K, reserved 1114112K
  class space    used 1040K, committed 1152K, reserved 1048576K
}
Event: 37.289 GC heap before
{Heap before GC invocations=210 (full 0):
 garbage-first heap   total 282624K, used 237134K [0x00000000c0000000, 0x0000000100000000)
  region size 1024K, 148 young (151552K), 4 survivors (4096K)
 Metaspace       used 14234K, committed 14400K, reserved 1114112K
  class space    used 1040K, committed 1152K, reserved 1048576K
}
Event: 37.292 GC heap after
{Heap after GC invocations=211 (full 0):
 garbage-first heap   total 282624K, used 89605K [0x00000000c0000000, 0x0000000100000000)
  region size 1024K, 4 young (4096K), 4 survivors (4096K)
 Metaspace       used 14234K, committed 14400K, reserved 1114112K
  class space    used 1040K, committed 1152K, reserved 1048576K
}
Event: 37.561 GC heap before
{Heap before GC invocations=211 (full 0):
 garbage-first heap   total 282624K, used 238085K [0x00000000c0000000, 0x0000000100000000)
  region size 1024K, 149 young (152576K), 4 survivors (4096K)
 Metaspace       used 14234K, committed 14400K, reserved 1114112K
  class space    used 1040K, committed 1152K, reserved 1048576K
}
Event: 37.564 GC heap after
{Heap after GC invocations=212 (full 0):
 garbage-first heap   total 282624K, used 89240K [0x00000000c0000000, 0x0000000100000000)
  region size 1024K, 4 young (4096K), 4 survivors (4096K)
 Metaspace       used 14234K, committed 14400K, reserved 1114112K
  class space    used 1040K, committed 1152K, reserved 1048576K
}
Event: 37.736 GC heap before
{Heap before GC invocations=212 (full 0):
 garbage-first heap   total 282624K, used 237720K [0x00000000c0000000, 0x0000000100000000)
  region size 1024K, 149 young (152576K), 4 survivors (4096K)
 Metaspace       used 14234K, committed 14400K, reserved 1114112K
  class space    used 1040K, committed 1152K, reserved 1048576K
}
Event: 37.738 GC heap after
{Heap after GC invocations=213 (full 0):
 garbage-first heap   total 282624K, used 86878K [0x00000000c0000000, 0x0000000100000000)
  region size 1024K, 1 young (1024K), 1 survivors (1024K)
 Metaspace       used 14234K, committed 14400K, reserved 1114112K
  class space    used 1040K, committed 1152K, reserved 1048576K
}
Event: 37.926 GC heap before
{Heap before GC invocations=213 (full 0):
 garbage-first heap   total 282624K, used 240478K [0x00000000c0000000, 0x0000000100000000)
  region size 1024K, 151 young (154624K), 1 survivors (1024K)
 Metaspace       used 14234K, committed 14400K, reserved 1114112K
  class space    used 1040K, committed 1152K, reserved 1048576K
}
Event: 37.928 GC heap after
{Heap after GC invocations=214 (full 0):
 garbage-first heap   total 282624K, used 88461K [0x00000000c0000000, 0x0000000100000000)
  region size 1024K, 3 young (3072K), 3 survivors (3072K)
 Metaspace       used 14234K, committed 14400K, reserved 1114112K
  class space    used 1040K, committed 1152K, reserved 1048576K
}
Event: 38.106 GC heap before
{Heap before GC invocations=214 (full 0):
 garbage-first heap   total 282624K, used 240013K [0x00000000c0000000, 0x0000000100000000)
  region size 1024K, 151 young (154624K), 3 survivors (3072K)
 Metaspace       used 14234K, committed 14400K, reserved 1114112K
  class space    used 1040K, committed 1152K, reserved 1048576K
}
Event: 38.109 GC heap after
{Heap after GC invocations=215 (full 0):
 garbage-first heap   total 282624K, used 88982K [0x00000000c0000000, 0x0000000100000000)
  region size 1024K, 3 young (3072K), 3 survivors (3072K)
 Metaspace       used 14234K, committed 14400K, reserved 1114112K
  class space    used 1040K, committed 1152K, reserved 1048576K
}
Event: 38.273 GC heap before
{Heap before GC invocations=215 (full 0):
 garbage-first heap   total 282624K, used 240534K [0x00000000c0000000, 0x0000000100000000)
  region size 1024K, 151 young (154624K), 3 survivors (3072K)
 Metaspace       used 14234K, committed 14400K, reserved 1114112K
  class space    used 1040K, committed 1152K, reserved 1048576K
}
Event: 38.276 GC heap after
{Heap after GC invocations=216 (full 0):
 garbage-first heap   total 282624K, used 89535K [0x00000000c0000000, 0x0000000100000000)
  region size 1024K, 4 young (4096K), 4 survivors (4096K)
 Metaspace       used 14234K, committed 14400K, reserved 1114112K
  class space    used 1040K, committed 1152K, reserved 1048576K
}
Event: 38.453 GC heap before
{Heap before GC invocations=216 (full 0):
 garbage-first heap   total 282624K, used 239039K [0x00000000c0000000, 0x0000000100000000)
  region size 1024K, 150 young (153600K), 4 survivors (4096K)
 Metaspace       used 14234K, committed 14400K, reserved 1114112K
  class space    used 1040K, committed 1152K, reserved 1048576K
}
Event: 38.456 GC heap after
{Heap after GC invocations=217 (full 0):
 garbage-first heap   total 282624K, used 88610K [0x00000000c0000000, 0x0000000100000000)
  region size 1024K, 3 young (3072K), 3 survivors (3072K)
 Metaspace       used 14234K, committed 14400K, reserved 1114112K
  class space    used 1040K, committed 1152K, reserved 1048576K
}
Event: 38.623 GC heap before
{Heap before GC invocations=217 (full 0):
 garbage-first heap   total 282624K, used 239138K [0x00000000c0000000, 0x0000000100000000)
  region size 1024K, 150 young (153600K), 3 survivors (3072K)
 Metaspace       used 14234K, committed 14400K, reserved 1114112K
  class space    used 1040K, committed 1152K, reserved 1048576K
}
Event: 38.628 GC heap after
{Heap after GC invocations=218 (full 0):
 garbage-first heap   total 282624K, used 90274K [0x00000000c0000000, 0x0000000100000000)
  region size 1024K, 5 young (5120K), 5 survivors (5120K)
 Metaspace       used 14234K, committed 14400K, reserved 1114112K
  class space    used 1040K, committed 1152K, reserved 1048576K
}

Dll operation events (15 events):
Event: 0.008 Loaded shared library C:\Program Files\Processing\app\resources\jdk-17.0.14+7\bin\java.dll
Event: 0.022 Loaded shared library C:\Program Files\Processing\app\resources\jdk-17.0.14+7\bin\jsvml.dll
Event: 0.074 Loaded shared library C:\Program Files\Processing\app\resources\jdk-17.0.14+7\bin\net.dll
Event: 0.075 Loaded shared library C:\Program Files\Processing\app\resources\jdk-17.0.14+7\bin\nio.dll
Event: 0.079 Loaded shared library C:\Program Files\Processing\app\resources\jdk-17.0.14+7\bin\zip.dll
Event: 0.137 Loaded shared library C:\Program Files\Processing\app\resources\jdk-17.0.14+7\bin\jimage.dll
Event: 0.141 Loaded shared library C:\Program Files\Processing\app\resources\jdk-17.0.14+7\bin\awt.dll
Event: 0.564 Loaded shared library C:\Users\danil\AppData\Local\Temp\jogamp_0000\file_cache\jln13715918883254882813\jln17204986354484484105\natives\windows-amd64\gluegen_rt.dll
Event: 0.573 Loaded shared library C:\Program Files\Processing\app\resources\jdk-17.0.14+7\bin\jawt.dll
Event: 0.587 Loaded shared library C:\Users\danil\AppData\Local\Temp\jogamp_0000\file_cache\jln13715918883254882813\jln17204986354484484105\natives\windows-amd64\nativewindow_awt.dll
Event: 0.632 Loaded shared library C:\Users\danil\AppData\Local\Temp\jogamp_0000\file_cache\jln13715918883254882813\jln17204986354484484105\natives\windows-amd64\nativewindow_win32.dll
Event: 0.738 Loaded shared library C:\Users\danil\AppData\Local\Temp\jogamp_0000\file_cache\jln13715918883254882813\jln17204986354484484105\natives\windows-amd64\jogl_desktop.dll
Event: 0.999 Loaded shared library C:\Users\danil\AppData\Local\Temp\jogamp_0000\file_cache\jln13715918883254882813\jln17204986354484484105\natives\windows-amd64\jogl_mobile.dll
Event: 1.928 Loaded shared library C:\Users\danil\AppData\Local\Temp\jogamp_0000\file_cache\jln13715918883254882813\jln17204986354484484105\natives\windows-amd64\newt_head.dll
Event: 2.105 Loaded shared library C:\Program Files\Processing\app\resources\jdk-17.0.14+7\bin\jsound.dll

Deoptimization events (20 events):
Event: 38.657 Thread 0x000002cb170cc7d0 DEOPT PACKING pc=0x000002cabb996274 sp=0x000000e7aadfee80
Event: 38.657 Thread 0x000002cb170cc7d0 DEOPT UNPACKING pc=0x000002cac2b7ace3 sp=0x000000e7aadfe328 mode 1
Event: 38.657 Thread 0x000002cb170cc7d0 DEOPT PACKING pc=0x000002cabb999641 sp=0x000000e7aadfee70
Event: 38.657 Thread 0x000002cb170cc7d0 DEOPT UNPACKING pc=0x000002cac2b7ace3 sp=0x000000e7aadfe360 mode 1
Event: 38.657 Thread 0x000002cb170cc7d0 DEOPT PACKING pc=0x000002cabb996274 sp=0x000000e7aadfef00
Event: 38.657 Thread 0x000002cb170cc7d0 DEOPT UNPACKING pc=0x000002cac2b7ace3 sp=0x000000e7aadfe3b8 mode 1
Event: 38.736 Thread 0x000002cb170f20c0 DEOPT PACKING pc=0x000002cac31e38f0 sp=0x000000e7ab2ff750
Event: 38.736 Thread 0x000002cb170f20c0 DEOPT UNPACKING pc=0x000002cac2b7ace3 sp=0x000000e7ab2feb58 mode 1
Event: 40.738 Thread 0x000002cb170cc7d0 Uncommon trap: trap_request=0xffffff45 fr.pc=0x000002cac31fe268 relative=0x0000000000000068
Event: 40.738 Thread 0x000002cb170cc7d0 Uncommon trap: reason=unstable_if action=reinterpret pc=0x000002cac31fe268 method=java.util.ArrayList.clear()V @ 29 c2
Event: 40.738 Thread 0x000002cb170cc7d0 DEOPT PACKING pc=0x000002cac31fe268 sp=0x000000e7aadfe350
Event: 40.738 Thread 0x000002cb170cc7d0 DEOPT UNPACKING pc=0x000002cac2b7a1a3 sp=0x000000e7aadfe2d0 mode 2
Event: 40.775 Thread 0x000002cb167716f0 Uncommon trap: trap_request=0xffffff45 fr.pc=0x000002cac320c970 relative=0x00000000000000f0
Event: 40.775 Thread 0x000002cb167716f0 Uncommon trap: reason=unstable_if action=reinterpret pc=0x000002cac320c970 method=com.jogamp.common.util.IntIntHashMap.put(II)I @ 21 c2
Event: 40.776 Thread 0x000002cb167716f0 DEOPT PACKING pc=0x000002cac320c970 sp=0x000000e7aa1fed10
Event: 40.776 Thread 0x000002cb167716f0 DEOPT UNPACKING pc=0x000002cac2b7a1a3 sp=0x000000e7aa1fec78 mode 2
Event: 40.778 Thread 0x000002cb167716f0 Uncommon trap: trap_request=0xffffff45 fr.pc=0x000002cac315c380 relative=0x00000000000000e0
Event: 40.778 Thread 0x000002cb167716f0 Uncommon trap: reason=unstable_if action=reinterpret pc=0x000002cac315c380 method=java.lang.ThreadLocal$ThreadLocalMap.getEntry(Ljava/lang/ThreadLocal;)Ljava/lang/ThreadLocal$ThreadLocalMap$Entry; @ 21 c2
Event: 40.778 Thread 0x000002cb167716f0 DEOPT PACKING pc=0x000002cac315c380 sp=0x000000e7aa1ff050
Event: 40.778 Thread 0x000002cb167716f0 DEOPT UNPACKING pc=0x000002cac2b7a1a3 sp=0x000000e7aa1feff0 mode 2

Classes loaded (20 events):
Event: 2.520 Loading class java/util/LinkedHashMap$LinkedValueIterator
Event: 2.520 Loading class java/util/LinkedHashMap$LinkedValueIterator done
Event: 2.538 Loading class java/util/ArrayList$ListItr
Event: 2.538 Loading class java/util/ArrayList$ListItr done
Event: 2.775 Loading class sun/nio/cs/StreamDecoder
Event: 2.775 Loading class sun/nio/cs/StreamDecoder done
Event: 2.776 Loading class java/util/regex/Pattern$LookBehindEndNode
Event: 2.776 Loading class java/util/regex/Pattern$LookBehindEndNode done
Event: 2.776 Loading class java/util/regex/Pattern$NotBehind
Event: 2.776 Loading class java/util/regex/Pattern$NotBehind done
Event: 2.776 Loading class java/util/regex/Pattern$Neg
Event: 2.776 Loading class java/util/regex/Pattern$Neg done
Event: 2.776 Loading class java/util/regex/Pattern$Pos
Event: 2.776 Loading class java/util/regex/Pattern$Pos done
Event: 2.786 Loading class java/util/regex/Pattern$SliceS
Event: 2.786 Loading class java/util/regex/Pattern$SliceS done
Event: 38.736 Loading class java/util/concurrent/ConcurrentLinkedQueue$Itr
Event: 38.736 Loading class java/util/concurrent/ConcurrentLinkedQueue$Itr done
Event: 40.739 Loading class java/nio/channels/ClosedChannelException
Event: 40.740 Loading class java/nio/channels/ClosedChannelException done

Classes unloaded (0 events):
No events

Classes redefined (0 events):
No events

Internal exceptions (20 events):
Event: 0.153 Thread 0x000002cab3abc390 Exception <a 'java/io/FileNotFoundException'{0x00000000c3b6ee80}> (0x00000000c3b6ee80) 
thrown [s\src\hotspot\share\prims\jni.cpp, line 516]
Event: 0.160 Thread 0x000002cab3abc390 Exception <a 'java/io/FileNotFoundException'{0x00000000c3b9c2c8}> (0x00000000c3b9c2c8) 
thrown [s\src\hotspot\share\prims\jni.cpp, line 516]
Event: 0.207 Thread 0x000002cab3abc390 Exception <a 'java/lang/NoSuchMethodError'{0x00000000c3a7e468}: 'java.lang.Object java.lang.invoke.DirectMethodHandle$Holder.invokeStaticInit(java.lang.Object)'> (0x00000000c3a7e468) 
thrown [s\src\hotspot\share\interpreter\linkResolver.cpp, line 759]
Event: 0.322 Thread 0x000002cab3abc390 Exception <a 'java/lang/NoSuchMethodError'{0x00000000c3677b40}: 'java.lang.Object java.lang.invoke.DirectMethodHandle$Holder.invokeStaticInit(java.lang.Object, int, int, int, int)'> (0x00000000c3677b40) 
thrown [s\src\hotspot\share\interpreter\linkResolver.cpp, line 759]
Event: 0.372 Thread 0x000002cab3abc390 Exception <a 'java/lang/NoSuchMethodError'{0x00000000c3561c98}: 'java.lang.Object java.lang.invoke.DirectMethodHandle$Holder.invokeStaticInit(java.lang.Object, java.lang.Object, int, int, int, int)'> (0x00000000c3561c98) 
thrown [s\src\hotspot\share\interpreter\linkResolver.cpp, line 759]
Event: 0.418 Thread 0x000002cab3abc390 Exception <a 'java/lang/NoSuchMethodError'{0x00000000c356d338}: 'void java.lang.invoke.DirectMethodHandle$Holder.invokeStatic(java.lang.Object, long)'> (0x00000000c356d338) 
thrown [s\src\hotspot\share\interpreter\linkResolver.cpp, line 759]
Event: 0.419 Thread 0x000002cab3abc390 Exception <a 'java/lang/NoSuchMethodError'{0x00000000c3572918}: 'java.lang.Object java.lang.invoke.DirectMethodHandle$Holder.newInvokeSpecial(java.lang.Object, long)'> (0x00000000c3572918) 
thrown [s\src\hotspot\share\interpreter\linkResolver.cpp, line 759]
Event: 0.422 Thread 0x000002cab3abc390 Exception <a 'java/lang/NoSuchMethodError'{0x00000000c357d4b0}: 'java.lang.Object java.lang.invoke.DirectMethodHandle$Holder.invokeStaticInit(java.lang.Object, java.lang.Object, long, java.lang.Object)'> (0x00000000c357d4b0) 
thrown [s\src\hotspot\share\interpreter\linkResolver.cpp, line 759]
Event: 0.422 Thread 0x000002cab3abc390 Exception <a 'java/lang/NoSuchMethodError'{0x00000000c3583a70}: 'java.lang.Object java.lang.invoke.DirectMethodHandle$Holder.newInvokeSpecial(java.lang.Object, java.lang.Object, long)'> (0x00000000c3583a70) 
thrown [s\src\hotspot\share\interpreter\linkResolver.cpp, line 759]
Event: 0.423 Thread 0x000002cab3abc390 Exception <a 'java/lang/NoSuchMethodError'{0x00000000c35875e0}: 'java.lang.Object java.lang.invoke.Invokers$Holder.linkToTargetMethod(java.lang.Object, long, java.lang.Object)'> (0x00000000c35875e0) 
thrown [s\src\hotspot\share\interpreter\linkResolver.cpp, line 759]
Event: 0.601 Thread 0x000002cab3abc390 Exception <a 'java/lang/NoSuchMethodError'{0x00000000c3497358}: 'java.lang.Object java.lang.invoke.DirectMethodHandle$Holder.invokeInterface(java.lang.Object, java.lang.Object)'> (0x00000000c3497358) 
thrown [s\src\hotspot\share\interpreter\linkResolver.cpp, line 759]
Event: 0.601 Thread 0x000002cab3abc390 Exception <a 'java/lang/IncompatibleClassChangeError'{0x00000000c349ac78}: Found class java.lang.Object, but interface was expected> (0x00000000c349ac78) 
thrown [s\src\hotspot\share\interpreter\linkResolver.cpp, line 826]
Event: 2.024 Thread 0x000002cab3abc390 Exception <a 'java/lang/NoSuchMethodError'{0x00000000c33f2eb0}: 'void java.lang.invoke.DirectMethodHandle$Holder.invokeSpecial(java.lang.Object, java.lang.Object, java.lang.Object, java.lang.Object, java.lang.Object)'> (0x00000000c33f2eb0) 
thrown [s\src\hotspot\share\interpreter\linkResolver.cpp, line 759]
Event: 2.025 Thread 0x000002cab3abc390 Exception <a 'java/lang/NoSuchMethodError'{0x00000000c33fbe70}: 'void java.lang.invoke.DirectMethodHandle$Holder.invokeSpecial(java.lang.Object, java.lang.Object, java.lang.Object)'> (0x00000000c33fbe70) 
thrown [s\src\hotspot\share\interpreter\linkResolver.cpp, line 759]
Event: 2.026 Thread 0x000002cab3abc390 Exception <a 'java/lang/NoSuchMethodError'{0x00000000c32023f8}: 'void java.lang.invoke.DirectMethodHandle$Holder.invokeSpecial(java.lang.Object, java.lang.Object, int)'> (0x00000000c32023f8) 
thrown [s\src\hotspot\share\interpreter\linkResolver.cpp, line 759]
Event: 2.027 Thread 0x000002cab3abc390 Exception <a 'java/lang/NoSuchMethodError'{0x00000000c3208410}: 'java.lang.Object java.lang.invoke.DirectMethodHandle$Holder.newInvokeSpecial(java.lang.Object, java.lang.Object, int)'> (0x00000000c3208410) 
thrown [s\src\hotspot\share\interpreter\linkResolver.cpp, line 759]
Event: 38.736 Thread 0x000002cb170cc2f0 Exception <a 'java/lang/InterruptedException'{0x00000000c9e00000}> (0x00000000c9e00000) 
thrown [s\src\hotspot\share\runtime\objectMonitor.cpp, line 1658]
Event: 38.736 Thread 0x000002cb170f20c0 Exception <a 'java/lang/InterruptedException'{0x00000000c9fab400}> (0x00000000c9fab400) 
thrown [s\src\hotspot\share\runtime\objectMonitor.cpp, line 1658]
Event: 40.775 Thread 0x000002cb167716f0 Implicit null exception at 0x000002cac320c8c4 to 0x000002cac320c94c
Event: 40.778 Thread 0x000002cb167716f0 Implicit null exception at 0x000002cac315c2ec to 0x000002cac315c368

VM Operations (20 events):
Event: 36.956 Executing VM operation: G1CollectForAllocation done
Event: 37.130 Executing VM operation: G1CollectForAllocation
Event: 37.134 Executing VM operation: G1CollectForAllocation done
Event: 37.289 Executing VM operation: G1CollectForAllocation
Event: 37.292 Executing VM operation: G1CollectForAllocation done
Event: 37.561 Executing VM operation: G1CollectForAllocation
Event: 37.564 Executing VM operation: G1CollectForAllocation done
Event: 37.736 Executing VM operation: G1CollectForAllocation
Event: 37.738 Executing VM operation: G1CollectForAllocation done
Event: 37.926 Executing VM operation: G1CollectForAllocation
Event: 37.928 Executing VM operation: G1CollectForAllocation done
Event: 38.106 Executing VM operation: G1CollectForAllocation
Event: 38.109 Executing VM operation: G1CollectForAllocation done
Event: 38.273 Executing VM operation: G1CollectForAllocation
Event: 38.276 Executing VM operation: G1CollectForAllocation done
Event: 38.453 Executing VM operation: G1CollectForAllocation
Event: 38.456 Executing VM operation: G1CollectForAllocation done
Event: 38.623 Executing VM operation: G1CollectForAllocation
Event: 38.628 Executing VM operation: G1CollectForAllocation done
Event: 40.842 Executing VM operation: Exit

Memory protections (0 events):
No events

Nmethod flushes (0 events):
No events

Events (20 events):
Event: 19.863 Thread 0x000002cb151dac90 Thread added: 0x000002cb24802340
Event: 20.877 Thread 0x000002cb24802340 Thread exited: 0x000002cb24802340
Event: 28.079 Thread 0x000002cb151dac90 Thread added: 0x000002cb24802340
Event: 29.093 Thread 0x000002cb24802340 Thread exited: 0x000002cb24802340
Event: 37.322 Thread 0x000002cb151dac90 Thread added: 0x000002cb24802340
Event: 38.357 Thread 0x000002cb24802340 Thread exited: 0x000002cb24802340
Event: 38.736 Thread 0x000002cb170cc2f0 Thread exited: 0x000002cb170cc2f0
Event: 40.738 Thread 0x000002cb170cc7d0 Thread added: 0x000002cb24802340
Event: 40.738 Thread 0x000002cb170cc7d0 Thread added: 0x000002cb24808370
Event: 40.738 Thread 0x000002cb170cc7d0 Thread added: 0x000002cb24808880
Event: 40.739 Thread 0x000002cb170cc7d0 Thread added: 0x000002cb24808d90
Event: 40.739 Thread 0x000002cb24802340 Thread exited: 0x000002cb24802340
Event: 40.739 Thread 0x000002cb151dac90 Thread added: 0x000002cb24802340
Event: 40.740 Thread 0x000002cb24808880 Thread exited: 0x000002cb24808880
Event: 40.741 Thread 0x000002cb17107a70 Thread exited: 0x000002cb17107a70
Event: 40.741 Thread 0x000002cb151dac90 Thread exited: 0x000002cb151dac90
Event: 40.778 Thread 0x000002cb167716f0 Thread exited: 0x000002cb167716f0
Event: 40.786 Thread 0x000002cb24808d90 Thread exited: 0x000002cb24808d90
Event: 40.841 Thread 0x000002cb24808370 Thread exited: 0x000002cb24808370
Event: 40.841 Thread 0x000002cb170cc7d0 Before exit entered


Dynamic libraries:
0x00007ff705240000 - 0x00007ff70524e000 	C:\Program Files\Processing\app\resources\jdk-17.0.14+7\bin\java.exe
0x00007ffe8d7a0000 - 0x00007ffe8da07000 	C:\WINDOWS\SYSTEM32\ntdll.dll
0x00007ffe8bad0000 - 0x00007ffe8bb99000 	C:\WINDOWS\System32\KERNEL32.DLL
0x00007ffe8afe0000 - 0x00007ffe8b3d7000 	C:\WINDOWS\System32\KERNELBASE.dll
0x00007ffe8ac60000 - 0x00007ffe8adab000 	C:\WINDOWS\System32\ucrtbase.dll
0x00007ffe878f0000 - 0x00007ffe87907000 	C:\Program Files\Processing\app\resources\jdk-17.0.14+7\bin\jli.dll
0x00007ffe879c0000 - 0x00007ffe879de000 	C:\Program Files\Processing\app\resources\jdk-17.0.14+7\bin\VCRUNTIME140.dll
0x00007ffe8b720000 - 0x00007ffe8b8e6000 	C:\WINDOWS\System32\USER32.dll
0x00007ffe73250000 - 0x00007ffe734e2000 	C:\WINDOWS\WinSxS\amd64_microsoft.windows.common-controls_6595b64144ccf1df_6.0.26100.8457_none_3e0b2faee331e92d\COMCTL32.dll
0x00007ffe8a290000 - 0x00007ffe8a2b7000 	C:\WINDOWS\System32\win32u.dll
0x00007ffe8b960000 - 0x00007ffe8ba09000 	C:\WINDOWS\System32\msvcrt.dll
0x00007ffe8d080000 - 0x00007ffe8d0ab000 	C:\WINDOWS\System32\GDI32.dll
0x00007ffe8a2c0000 - 0x00007ffe8a3ec000 	C:\WINDOWS\System32\gdi32full.dll
0x00007ffe8b470000 - 0x00007ffe8b513000 	C:\WINDOWS\System32\msvcp_win.dll
0x00007ffe8d720000 - 0x00007ffe8d752000 	C:\WINDOWS\System32\IMM32.DLL
0x00007ffe85b30000 - 0x00007ffe85b3c000 	C:\Program Files\Processing\app\resources\jdk-17.0.14+7\bin\vcruntime140_1.dll
0x00007ffe5e660000 - 0x00007ffe5e6ed000 	C:\Program Files\Processing\app\resources\jdk-17.0.14+7\bin\msvcp140.dll
0x00007ffdf50b0000 - 0x00007ffdf5d1b000 	C:\Program Files\Processing\app\resources\jdk-17.0.14+7\bin\server\jvm.dll
0x00007ffe8ba10000 - 0x00007ffe8bac6000 	C:\WINDOWS\System32\ADVAPI32.dll
0x00007ffe8d0f0000 - 0x00007ffe8d197000 	C:\WINDOWS\System32\sechost.dll
0x00007ffe8b520000 - 0x00007ffe8b638000 	C:\WINDOWS\System32\RPCRT4.dll
0x00007ffe8b640000 - 0x00007ffe8b6c0000 	C:\WINDOWS\System32\WS2_32.dll
0x00007ffe8a030000 - 0x00007ffe8a08e000 	C:\WINDOWS\SYSTEM32\POWRPROF.dll
0x00007ffe73640000 - 0x00007ffe73676000 	C:\WINDOWS\SYSTEM32\WINMM.dll
0x00007ffe810b0000 - 0x00007ffe810bb000 	C:\WINDOWS\SYSTEM32\VERSION.dll
0x00007ffe8a010000 - 0x00007ffe8a024000 	C:\WINDOWS\SYSTEM32\UMPDC.dll
0x00007ffe88f60000 - 0x00007ffe88f7b000 	C:\WINDOWS\SYSTEM32\kernel.appcore.dll
0x00007ffe85b20000 - 0x00007ffe85b2a000 	C:\Program Files\Processing\app\resources\jdk-17.0.14+7\bin\jimage.dll
0x00007ffe74060000 - 0x00007ffe742a2000 	C:\WINDOWS\SYSTEM32\DBGHELP.DLL
0x00007ffe8d390000 - 0x00007ffe8d713000 	C:\WINDOWS\System32\combase.dll
0x00007ffe8c8d0000 - 0x00007ffe8c9a9000 	C:\WINDOWS\System32\OLEAUT32.dll
0x00007ffe7b860000 - 0x00007ffe7b89b000 	C:\WINDOWS\SYSTEM32\dbgcore.DLL
0x00007ffe8adb0000 - 0x00007ffe8ae58000 	C:\WINDOWS\System32\bcryptPrimitives.dll
0x00007ffe85ae0000 - 0x00007ffe85b1b000 	C:\Program Files\Processing\app\resources\jdk-17.0.14+7\bin\jdwp.dll
0x00007ffe7c0a0000 - 0x00007ffe7c0c5000 	C:\Program Files\Processing\app\resources\jdk-17.0.14+7\bin\java.dll
0x00007ffe5dfc0000 - 0x00007ffe5e097000 	C:\Program Files\Processing\app\resources\jdk-17.0.14+7\bin\jsvml.dll
0x00007ffe8bca0000 - 0x00007ffe8c40e000 	C:\WINDOWS\System32\SHELL32.dll
0x00007ffe8a3f0000 - 0x00007ffe8ac5c000 	C:\WINDOWS\System32\windows.storage.dll
0x00007ffe8bba0000 - 0x00007ffe8bc96000 	C:\WINDOWS\System32\SHCORE.dll
0x00007ffe8b8f0000 - 0x00007ffe8b956000 	C:\WINDOWS\System32\shlwapi.dll
0x00007ffe8a0f0000 - 0x00007ffe8a119000 	C:\WINDOWS\SYSTEM32\profapi.dll
0x00007ffe85ad0000 - 0x00007ffe85adc000 	C:\Program Files\Processing\app\resources\jdk-17.0.14+7\bin\dt_socket.dll
0x00007ffe889a0000 - 0x00007ffe889d2000 	C:\WINDOWS\SYSTEM32\IPHLPAPI.DLL
0x00007ffe894d0000 - 0x00007ffe8953c000 	C:\WINDOWS\system32\mswsock.dll
0x00007ffe85a90000 - 0x00007ffe85aa9000 	C:\Program Files\Processing\app\resources\jdk-17.0.14+7\bin\net.dll
0x00007ffe843f0000 - 0x00007ffe84519000 	C:\WINDOWS\SYSTEM32\WINHTTP.dll
0x00007ffe85860000 - 0x00007ffe85876000 	C:\Program Files\Processing\app\resources\jdk-17.0.14+7\bin\nio.dll
0x00007ffe80870000 - 0x00007ffe80888000 	C:\Program Files\Processing\app\resources\jdk-17.0.14+7\bin\zip.dll
0x00007ffe5b4f0000 - 0x00007ffe5b680000 	C:\Program Files\Processing\app\resources\jdk-17.0.14+7\bin\awt.dll
0x00007ffe87a00000 - 0x00007ffe87aa0000 	C:\WINDOWS\SYSTEM32\apphelp.dll
0x00007ffe87d80000 - 0x00007ffe87e2a000 	C:\WINDOWS\system32\uxtheme.dll
0x00007ffe8d1a0000 - 0x00007ffe8d2fc000 	C:\WINDOWS\System32\MSCTF.dll
0x00007ffe8c430000 - 0x00007ffe8c5c7000 	C:\WINDOWS\System32\ole32.dll
0x00007ffe87f20000 - 0x00007ffe87f4f000 	C:\WINDOWS\system32\DWMAPI.DLL
0x00007ffe40100000 - 0x00007ffe4020f000 	C:\WINDOWS\system32\opengl32.dll
0x00007ffe429d0000 - 0x00007ffe429fd000 	C:\WINDOWS\SYSTEM32\GLU32.dll
0x00007ffe87eb0000 - 0x00007ffe87ef5000 	C:\WINDOWS\SYSTEM32\dxcore.dll
0x00007ffe897b0000 - 0x00007ffe897cb000 	C:\WINDOWS\SYSTEM32\CRYPTSP.dll
0x00007ffe88ec0000 - 0x00007ffe88ef9000 	C:\WINDOWS\system32\rsaenh.dll
0x00007ffe89580000 - 0x00007ffe895b3000 	C:\WINDOWS\SYSTEM32\USERENV.dll
0x00007ffe8a0c0000 - 0x00007ffe8a0ea000 	C:\WINDOWS\SYSTEM32\bcrypt.dll
0x00007ffe897d0000 - 0x00007ffe897dc000 	C:\WINDOWS\SYSTEM32\CRYPTBASE.dll
0x00007ffe8c8c0000 - 0x00007ffe8c8ca000 	C:\WINDOWS\System32\NSI.dll
0x00007ffe84550000 - 0x00007ffe8456d000 	C:\WINDOWS\SYSTEM32\dhcpcsvc6.DLL
0x00007ffe84520000 - 0x00007ffe84545000 	C:\WINDOWS\SYSTEM32\dhcpcsvc.DLL
0x00007ffe88a40000 - 0x00007ffe88b72000 	C:\WINDOWS\SYSTEM32\DNSAPI.dll
0x00007ffe7cf50000 - 0x00007ffe7cf63000 	C:\Users\danil\AppData\Local\Temp\jogamp_0000\file_cache\jln13715918883254882813\jln17204986354484484105\natives\windows-amd64\gluegen_rt.dll
0x00007ffe7c090000 - 0x00007ffe7c097000 	C:\Program Files\Processing\app\resources\jdk-17.0.14+7\bin\jawt.dll
0x00007ffe7bf70000 - 0x00007ffe7bf7d000 	C:\Users\danil\AppData\Local\Temp\jogamp_0000\file_cache\jln13715918883254882813\jln17204986354484484105\natives\windows-amd64\nativewindow_awt.dll
0x00007ffe7bf50000 - 0x00007ffe7bf65000 	C:\Users\danil\AppData\Local\Temp\jogamp_0000\file_cache\jln13715918883254882813\jln17204986354484484105\natives\windows-amd64\nativewindow_win32.dll
0x00007ffe5e5d0000 - 0x00007ffe5e653000 	C:\Users\danil\AppData\Local\Temp\jogamp_0000\file_cache\jln13715918883254882813\jln17204986354484484105\natives\windows-amd64\jogl_desktop.dll
0x00007ffe7a300000 - 0x00007ffe7a352000 	C:\Users\danil\AppData\Local\Temp\jogamp_0000\file_cache\jln13715918883254882813\jln17204986354484484105\natives\windows-amd64\jogl_mobile.dll
0x00007ffe841f0000 - 0x00007ffe84251000 	C:\WINDOWS\SYSTEM32\directxdatabasehelper.dll
0x00007ffe7b700000 - 0x00007ffe7b71d000 	C:\WINDOWS\SYSTEM32\windows.staterepositorycore.dll
0x00007ffdf33d0000 - 0x00007ffdf43a3000 	C:\WINDOWS\System32\DriverStore\FileRepository\iigd_dch.inf_amd64_225f37aa3862fc3f\igxelpicd64.dll
0x00007ffe87bd0000 - 0x00007ffe87d0e000 	C:\WINDOWS\system32\dxgi.dll
0x00007ffe4c1a0000 - 0x00007ffe4c627000 	C:\WINDOWS\System32\DriverStore\FileRepository\iigd_dch.inf_amd64_225f37aa3862fc3f\igdml64.dll
0x00007ffe89d40000 - 0x00007ffe89d91000 	C:\WINDOWS\SYSTEM32\cfgmgr32.dll
0x00007ffe80b00000 - 0x00007ffe80ec1000 	C:\WINDOWS\System32\DriverStore\FileRepository\iigd_dch.inf_amd64_225f37aa3862fc3f\igdgmm64.dll
0x00007ffe7d5d0000 - 0x00007ffe807d6000 	C:\WINDOWS\System32\DriverStore\FileRepository\iigd_dch.inf_amd64_225f37aa3862fc3f\igc64.dll
0x00007ffe7bf30000 - 0x00007ffe7bf49000 	C:\Users\danil\AppData\Local\Temp\jogamp_0000\file_cache\jln13715918883254882813\jln17204986354484484105\natives\windows-amd64\newt_head.dll
0x00007ffe5e8e0000 - 0x00007ffe5e99f000 	C:\WINDOWS\SYSTEM32\mscms.dll
0x00007ffe1cd10000 - 0x00007ffe1cd59000 	C:\WINDOWS\SYSTEM32\icm32.dll
0x00007ffe8cbf0000 - 0x00007ffe8d077000 	C:\WINDOWS\System32\setupapi.dll
0x00007ffe89d10000 - 0x00007ffe89d3d000 	C:\WINDOWS\SYSTEM32\DEVOBJ.dll
0x00007ffe8b3e0000 - 0x00007ffe8b462000 	C:\WINDOWS\System32\WINTRUST.dll
0x00007ffe8ae60000 - 0x00007ffe8afd8000 	C:\WINDOWS\System32\CRYPT32.dll
0x00007ffe898e0000 - 0x00007ffe898f3000 	C:\WINDOWS\SYSTEM32\MSASN1.dll
0x00007ffe580f0000 - 0x00007ffe58236000 	C:\WINDOWS\SYSTEM32\textinputframework.dll
0x00007ffe87560000 - 0x00007ffe87687000 	C:\WINDOWS\SYSTEM32\CoreMessaging.dll
0x00007ffe83270000 - 0x00007ffe83552000 	C:\WINDOWS\SYSTEM32\CoreUIComponents.dll
0x00007ffe84e00000 - 0x00007ffe84f6a000 	C:\WINDOWS\SYSTEM32\wintypes.dll
0x00007ffe7b7e0000 - 0x00007ffe7b7f2000 	C:\Program Files\Processing\app\resources\jdk-17.0.14+7\bin\jsound.dll
0x00007ffe5df20000 - 0x00007ffe5dfb4000 	C:\WINDOWS\SYSTEM32\DSOUND.dll
0x00007ffe6c190000 - 0x00007ffe6c1c7000 	C:\WINDOWS\SYSTEM32\winmmbase.dll
0x00007ffe5afc0000 - 0x00007ffe5b071000 	C:\WINDOWS\SYSTEM32\ResampleDmo.DLL
0x00007ffdcaae0000 - 0x00007ffdcaaee000 	C:\WINDOWS\SYSTEM32\msdmo.dll
0x00007ffe8c9b0000 - 0x00007ffe8ca5e000 	C:\WINDOWS\System32\clbcatq.dll
0x00007ffe80f70000 - 0x00007ffe81009000 	C:\WINDOWS\System32\MMDevApi.dll
0x00007ffe6b5b0000 - 0x00007ffe6b5f7000 	C:\WINDOWS\SYSTEM32\wdmaud.drv
0x00007ffe79240000 - 0x00007ffe79263000 	C:\WINDOWS\SYSTEM32\wdmaud2.drv
0x00007ffe83820000 - 0x00007ffe8382b000 	C:\WINDOWS\SYSTEM32\AVRT.dll
0x00007ffe68030000 - 0x00007ffe681e3000 	C:\WINDOWS\SYSTEM32\AUDIOSES.DLL
0x00007ffe7b7c0000 - 0x00007ffe7b7cf000 	C:\WINDOWS\SYSTEM32\msacm32.drv
0x00007ffe6c160000 - 0x00007ffe6c181000 	C:\WINDOWS\SYSTEM32\MSACM32.dll
0x00007ffe7be20000 - 0x00007ffe7be2c000 	C:\WINDOWS\SYSTEM32\midimap.dll
0x00007ffe882a0000 - 0x00007ffe882b4000 	C:\WINDOWS\SYSTEM32\resourcepolicyclient.dll
0x00007ffe582b0000 - 0x00007ffe5840a000 	C:\Windows\System32\Windows.UI.dll

dbghelp: loaded successfully - version: 4.0.5 - missing functions: none
symbol engine: initialized successfully - sym options: 0x614 - pdb path: .;C:\Program Files\Processing\app\resources\jdk-17.0.14+7\bin;C:\WINDOWS\SYSTEM32;C:\WINDOWS\WinSxS\amd64_microsoft.windows.common-controls_6595b64144ccf1df_6.0.26100.8457_none_3e0b2faee331e92d;C:\Program Files\Processing\app\resources\jdk-17.0.14+7\bin\server;C:\Users\danil\AppData\Local\Temp\jogamp_0000\file_cache\jln13715918883254882813\jln17204986354484484105\natives\windows-amd64;C:\WINDOWS\System32\DriverStore\FileRepository\iigd_dch.inf_amd64_225f37aa3862fc3f

VM Arguments:
jvm_args: -agentlib:jdwp=transport=dt_socket,address=8448,server=y,suspend=y,quiet=y -Xms64m -Xmx1024m -Djna.nosys=true -Djava.library.path=;C:\Program Files\Processing\app\resources\core\library;C:\Users\danil\OneDrive\Документы\Processing\libraries\sound\library\windows-amd64;C:\Program Files\Processing;C:\WINDOWS\system32;C:\WINDOWS;C:\Program Files\PlasticSCM5\server;C:\Program Files\PlasticSCM5\client;C:\Program Files\Common Files\Oracle\Java\javapath;C:\Program Files (x86)\Common Files\Oracle\Java\javapath;C:\Windows\System32\HWAudioDriverLibs;C:\Windows\system32;C:\Windows;C:\Windows\System32\Wbem;C:\Windows\System32\WindowsPowerShell\v1.0;C:\Windows\System32\OpenSSH;C:\Program Files\Microsoft SQL Server\150\Tools\Binn;C:\Program Files\Microsoft SQL Server\Client SDK\ODBC\170\Tools\Binn;C:\Program Files\dotnet;D:\Windows Kits\10\Windows Performance Toolkit;C:\Program Files\Java\jdk-23\bin;C:\WINDOWS\system32;C:\WINDOWS;C:\WINDOWS\System32\Wbem;C:\WINDOWS\System32\WindowsPowerShell\v1.0;C:\WINDOWS\System32\OpenSSH;C:\Program Files\nodejs;C:\Program Files\Docker\Docker\resources\bin;C:\Program Files\TortoiseGit\bin;C:\Program Files\Git\cmd;C:\Users\danil\AppData\Local\Programs\Python\Python312\Scripts;C:\Users\danil\AppData\Local\Programs\Python\Python312;C:\Users\danil\AppData\Local\Microsoft\WindowsApps;C:\Users\danil\AppData\Local\Programs\Microsoft VS Code\bin;C:\Users\danil\AppData\Roaming\npm;D:\DataBase\18\bin;C:\Program Files\Processing\app;. -ea 
java_command: processing.core.PApplet --editor-location=-7,-7 --external --display=1 --sketch-path=C:\Users\danil\Desktop\Gravity_simul Gravity_simul
java_class_path (initial): C:\Users\danil\AppData\Local\Temp\processing\Gravity_simul15337958197113268075temp;C:\Program Files\Processing\app\resources\core\library\annotations-13.0.jar;C:\Program Files\Processing\app\resources\core\library\antlr-2.7.7.jar;C:\Program Files\Processing\app\resources\core\library\core-4.4.1.jar;C:\Program Files\Processing\app\resources\core\library\gluegen-rt-2.5.0-natives-android-aarch64.jar;C:\Program Files\Processing\app\resources\core\library\gluegen-rt-2.5.0-natives-linux-aarch64.jar;C:\Program Files\Processing\app\resources\core\library\gluegen-rt-2.5.0-natives-linux-amd64.jar;C:\Program Files\Processing\app\resources\core\library\gluegen-rt-2.5.0-natives-linux-armv6hf.jar;C:\Program Files\Processing\app\resources\core\library\gluegen-rt-2.5.0-natives-macosx-universal.jar;C:\Program Files\Processing\app\resources\core\library\gluegen-rt-2.5.0-natives-windows-amd64.jar;C:\Program Files\Processing\app\resources\core\library\gluegen-rt-2.5.0.jar;C:\Program Files\Processing\app\resources\core\library\gluegen-rt-main-2.5.0.jar;C:\Program Files\Processing\app\resources\core\library\jogl-all-2.5.0-natives-android-aarch64.jar;C:\Program Files\Processing\app\resources\core\library\jogl-all-2.5.0-natives-linux-aarch64.jar;C:\Program Files\Processing\app\resources\core\library\jogl-all-2.5.0-natives-linux-amd64.jar;C:\Program Files\Processing\app\resources\core\library\jogl-all-2.5.0-natives-linux-armv6hf.jar;C:\Program Files\Processing\app\resources\core\library\jogl-all-2.5.0-natives-macosx-universal.jar;C:\Program Files\Processing\app\resources\core\library\jogl-all-2.5.0-natives-windows-amd64.jar;C:\Program Files\Processing\app\resources\core\library\jogl-all-2.5.0.jar;C:\Program Files\Processing\app\resources\core\library\jogl-all-main-2.5.0.jar;C:\Program Files\Processing\app\resources\core\library\kotlin-stdlib-2.0.20.jar;C:\Users\danil\OneDrive\Документы\Processing\libraries\sound\library\jlayer-1.0.1.4.jar;C:\Users\danil\OneDrive
Launcher Type: SUN_STANDARD

[Global flags]
     intx CICompilerCount                          = 4                                         {product} {ergonomic}
     uint ConcGCThreads                            = 2                                         {product} {ergonomic}
     uint G1ConcRefinementThreads                  = 8                                         {product} {ergonomic}
   size_t G1HeapRegionSize                         = 1048576                                   {product} {ergonomic}
    uintx GCDrainStackTargetSize                   = 64                                        {product} {ergonomic}
   size_t InitialHeapSize                          = 67108864                                  {product} {command line}
   size_t MarkStackSize                            = 4194304                                   {product} {ergonomic}
   size_t MaxHeapSize                              = 1073741824                                {product} {command line}
   size_t MaxNewSize                               = 643825664                                 {product} {ergonomic}
   size_t MinHeapDeltaBytes                        = 1048576                                   {product} {ergonomic}
   size_t MinHeapSize                              = 67108864                                  {product} {command line}
    uintx NonNMethodCodeHeapSize                   = 5839372                                {pd product} {ergonomic}
    uintx NonProfiledCodeHeapSize                  = 122909434                              {pd product} {ergonomic}
    uintx ProfiledCodeHeapSize                     = 122909434                              {pd product} {ergonomic}
    uintx ReservedCodeCacheSize                    = 251658240                              {pd product} {ergonomic}
     bool SegmentedCodeCache                       = true                                      {product} {ergonomic}
   size_t SoftMaxHeapSize                          = 1073741824                             {manageable} {ergonomic}
     bool UseCompressedClassPointers               = true                           {product lp64_product} {ergonomic}
     bool UseCompressedOops                        = true                           {product lp64_product} {ergonomic}
     bool UseG1GC                                  = true                                      {product} {ergonomic}
     bool UseLargePagesIndividualAllocation        = false                                  {pd product} {ergonomic}

Logging:
Log output configuration:
 #0: stdout all=off uptime,level,tags
 #1: stderr all=off uptime,level,tags

Environment Variables:
JAVA_HOME=C:\Program Files\Java\jdk-23
PATH=C:\Program Files\PlasticSCM5\server;C:\Program Files\PlasticSCM5\client;C:\Program Files\Common Files\Oracle\Java\javapath;C:\Program Files (x86)\Common Files\Oracle\Java\javapath;C:\Windows\System32\HWAudioDriverLibs;C:\Windows\system32;C:\Windows;C:\Windows\System32\Wbem;C:\Windows\System32\WindowsPowerShell\v1.0\;C:\Windows\System32\OpenSSH\;C:\Users\Administrator\AppData\Local\Microsoft\WindowsApps;C:\Program Files\Microsoft SQL Server\150\Tools\Binn\;C:\Program Files\Microsoft SQL Server\Client SDK\ODBC\170\Tools\Binn\;C:\Program Files\dotnet\;D:\Windows Kits\10\Windows Performance Toolkit\;C:\Program Files\Java\jdk-23\bin;C:\WINDOWS\system32;C:\WINDOWS;C:\WINDOWS\System32\Wbem;C:\WINDOWS\System32\WindowsPowerShell\v1.0\;C:\WINDOWS\System32\OpenSSH\;C:\Program Files\nodejs\;C:\Program Files\Docker\Docker\resources\bin;C:\Program Files\TortoiseGit\bin;C:\Program Files\Git\cmd;C:\Users\danil\AppData\Local\Programs\Python\Python312\Scripts\;C:\Users\danil\AppData\Local\Programs\Python\Python312\;C:\Users\danil\AppData\Local\Microsoft\WindowsApps;C:\Users\danil\.dotnet\tools;C:\Users\danil\AppData\Local\Programs\Microsoft VS Code\bin;C:\Users\danil\AppData\Roaming\npm;D:\DataBase\18\bin;C:\Program Files\Processing\app
USERNAME=danil
OS=Windows_NT
PROCESSOR_IDENTIFIER=Intel64 Family 6 Model 140 Stepping 2, GenuineIntel
TMP=C:\Users\danil\AppData\Local\Temp
TEMP=C:\Users\danil\AppData\Local\Temp



Periodic native trim disabled


---------------  S Y S T E M  ---------------

OS:
 Windows 11 , 64 bit Build 26100 (10.0.26100.8328)
OS uptime: 0 days 1:27 hours
Hyper-V role detected

CPU: total 8 (initial active 8) (4 cores per cpu, 2 threads per core) family 6 model 140 stepping 2 microcode 0x16, cx8, cmov, fxsr, ht, mmx, 3dnowpref, sse, sse2, sse3, ssse3, sse4.1, sse4.2, popcnt, lzcnt, tsc, tscinvbit, avx, avx2, aes, erms, clmul, bmi1, bmi2, adx, avx512f, avx512dq, avx512cd, avx512bw, avx512vl, sha, fma, vzeroupper, avx512_vpopcntdq, avx512_vpclmulqdq, avx512_vaes, avx512_vnni, clflush, clflushopt, clwb, avx512_vbmi2, avx512_vbmi, hv
Processor Information for processor 0
  Max Mhz: 2496, Current Mhz: 2496, Mhz Limit: 2496
Processor Information for processor 1
  Max Mhz: 2496, Current Mhz: 2496, Mhz Limit: 2496
Processor Information for processor 2
  Max Mhz: 2496, Current Mhz: 2496, Mhz Limit: 2496
Processor Information for processor 3
  Max Mhz: 2496, Current Mhz: 998, Mhz Limit: 2496
Processor Information for processor 4
  Max Mhz: 2496, Current Mhz: 998, Mhz Limit: 2496
Processor Information for processor 5
  Max Mhz: 2496, Current Mhz: 998, Mhz Limit: 2496
Processor Information for processor 6
  Max Mhz: 2496, Current Mhz: 998, Mhz Limit: 2496
Processor Information for processor 7
  Max Mhz: 2496, Current Mhz: 998, Mhz Limit: 2496

Memory: 4k page, system-wide physical 7975M (1413M free)
TotalPageFile size 17703M (AvailPageFile size 8208M)
current process WorkingSet (physical memory assigned to process): 672M, peak: 692M
current process commit charge ("private bytes"): 655M, peak: 686M

vm_info: OpenJDK 64-Bit Server VM (17.0.14+7) for windows-amd64 JRE (17.0.14+7), built on Jan 21 2025 23:40:15 by "admin" with MS VC++ 17.7 (VS2022)

END.
