#
# A fatal error has been detected by the Java Runtime Environment:
#
#  EXCEPTION_ACCESS_VIOLATION (0xc0000005) at pc=0x00007ff9b069b386, pid=28484, tid=42880
#
# JRE version: OpenJDK Runtime Environment Temurin-17.0.14+7 (17.0.14+7) (build 17.0.14+7)
# Java VM: OpenJDK 64-Bit Server VM Temurin-17.0.14+7 (17.0.14+7, mixed mode, sharing, tiered, compressed oops, compressed class ptrs, g1 gc, windows-amd64)
# Problematic frame:
# C  [igxelpicd64.dll+0x23b386]
#
# No core dump will be written. Minidumps are not enabled by default on client versions of Windows
#
# If you would like to submit a bug report, please visit:
#   https://github.com/adoptium/adoptium-support/issues
#

---------------  S U M M A R Y ------------

Command Line: -agentlib:jdwp=transport=dt_socket,address=8851,server=y,suspend=y,quiet=y -Xms64m -Xmx1024m -Djna.nosys=true -Djava.library.path=;C:\Program Files\Processing\app\resources\core\library;C:\Program Files\Processing;C:\WINDOWS\system32;C:\WINDOWS;C:\Program Files\PlasticSCM5\server;C:\Program Files\PlasticSCM5\client;C:\Program Files\Common Files\Oracle\Java\javapath;C:\Program Files (x86)\Common Files\Oracle\Java\javapath;C:\Windows\System32\HWAudioDriverLibs;C:\Windows\system32;C:\Windows;C:\Windows\System32\Wbem;C:\Windows\System32\WindowsPowerShell\v1.0;C:\Windows\System32\OpenSSH;C:\Program Files\Microsoft SQL Server\150\Tools\Binn;C:\Program Files\Microsoft SQL Server\Client SDK\ODBC\170\Tools\Binn;C:\Program Files\dotnet;D:\Windows Kits\10\Windows Performance Toolkit;C:\Program Files\Java\jdk-23\bin;C:\WINDOWS\system32;C:\WINDOWS;C:\WINDOWS\System32\Wbem;C:\WINDOWS\System32\WindowsPowerShell\v1.0;C:\WINDOWS\System32\OpenSSH;C:\Program Files\nodejs;C:\Program Files\Docker\Docker\resources\bin;C:\Program Files\TortoiseGit\bin;C:\Program Files\Git\cmd;C:\Users\danil\AppData\Local\Programs\Python\Python312\Scripts;C:\Users\danil\AppData\Local\Programs\Python\Python312;C:\Users\danil\AppData\Local\Microsoft\WindowsApps;C:\Users\danil\AppData\Local\Programs\Microsoft VS Code\bin;C:\Users\danil\AppData\Roaming\npm;D:\DataBase\18\bin;C:\Program Files\Processing\app;. -ea processing.core.PApplet --editor-location=-7,-7 --external --display=1 --sketch-path=C:\Users\danil\Desktop\Gravity_simul Gravity_simul

Host: 11th Gen Intel(R) Core(TM) i5-1155G7 @ 2.50GHz, 8 cores, 7G,  Windows 11 , 64 bit Build 26100 (10.0.26100.8328)
Time: Sat Jun 27 23:31:41 2026 RTZ 3 (s 11 , 64 bit Build 26100 (10.0.26100.8328) elapsed time: 6.568067 seconds (0d 0h 0m 6s)

---------------  T H R E A D  ---------------

Current thread (0x0000022fdcad6c30):  VMThread "VM Thread" [stack: 0x0000003f8df00000,0x0000003f8e000000] [id=42880]

Stack: [0x0000003f8df00000,0x0000003f8e000000],  sp=0x0000003f8dffe080,  free space=1016k
Native frames: (J=compiled Java code, j=interpreted, Vv=VM code, C=native code)
C  [igxelpicd64.dll+0x23b386]


siginfo: EXCEPTION_ACCESS_VIOLATION (0xc0000005), reading address 0x0000000000035468


Registers:
RAX=0x0000023031d8e590, RBX=0x0000023022999750, RCX=0x0000000000000004, RDX=0x0000000000000000
RSP=0x0000003f8dffe080, RBP=0x0000000000000000, RSI=0x0000023031d8e390, RDI=0x00000230224a8810
R8 =0x0000023031d8e490, R9 =0x0000003f8d5c6000, R10=0x0000000000000000, R11=0x0000000000000246
R12=0x0000023031d8e390, R13=0x0000000000000000, R14=0x0000023031d8e8d8, R15=0x0000023031d8ddc0
RIP=0x00007ff9b069b386, EFLAGS=0x0000000000010206


Register to memory mapping:

RIP=0x00007ff9b069b386 igxelpicd64.dll
RAX=0x0000023031d8e590 points into unknown readable memory: 0x0000000000010b24 | 24 0b 01 00 00 00 00 00
RBX=0x0000023022999750 points into unknown readable memory: 0xffffffffffffffff | ff ff ff ff ff ff ff ff
RCX=0x0000000000000004 is an unknown value
RDX=0x0 is NULL
RSP=0x0000003f8dffe080 points into unknown readable memory: 0x0000023022999750 | 50 97 99 22 30 02 00 00
RBP=0x0 is NULL
RSI=0x0000023031d8e390 points into unknown readable memory: 0x00000230229dff80 | 80 ff 9d 22 30 02 00 00
RDI=0x00000230224a8810 points into unknown readable memory: 0x00007ffa7d6f1500 | 00 15 6f 7d fa 7f 00 00
R8 =0x0000023031d8e490 points into unknown readable memory: 0x0000000000000000 | 00 00 00 00 00 00 00 00
R9 =0x0000003f8d5c6000 points into unknown readable memory: 0x0000000000000000 | 00 00 00 00 00 00 00 00
R10=0x0 is NULL
R11=0x0000000000000246 is an unknown value
R12=0x0000023031d8e390 points into unknown readable memory: 0x00000230229dff80 | 80 ff 9d 22 30 02 00 00
R13=0x0 is NULL
R14=0x0000023031d8e8d8 points into unknown readable memory: 0x0000023031d8ddc0 | c0 dd d8 31 30 02 00 00
R15=0x0000023031d8ddc0 points into unknown readable memory: 0x00000230229dff80 | 80 ff 9d 22 30 02 00 00


Top of Stack: (sp=0x0000003f8dffe080)
0x0000003f8dffe080:   0000023022999750 00007ff9b04d0ab4
0x0000003f8dffe090:   0000000000000000 0000023024fb5260
0x0000003f8dffe0a0:   0000001600000000 0000000000000000
0x0000003f8dffe0b0:   0000023000000000 0000023024fb1440
0x0000003f8dffe0c0:   0000023022999750 0000023024f74ec0
0x0000003f8dffe0d0:   0000023027500504 00000230271d9000
0x0000003f8dffe0e0:   02db39a602a81c00 0000023024fb5860
0x0000003f8dffe0f0:   00b3e9a603a7cba6 00007000196fe000
0x0000003f8dffe100:   0326f4a70133c2a7 031e5ea90399e2a8
0x0000003f8dffe110:   036a28aa00000000 035b9aaa02fe53aa
0x0000003f8dffe120:   022dceaa02eccdaa 02fe53ab02bf12ab
0x0000003f8dffe130:   02b97dab02e266ab 036fedab021f82ab
0x0000003f8dffe140:   03990eac01e702ac 02c01eac039d16ac
0x0000003f8dffe150:   0000000000000000 0000000000000000
0x0000003f8dffe160:   0366020000000000 00007ffa7dbc5b54
0x0000003f8dffe170:   0000000000000000 0000000000000000
0x0000003f8dffe180:   0000003f8dffe320 00007ffa7be21259
0x0000003f8dffe190:   0000003f8dffe218 0000000000000000
0x0000003f8dffe1a0:   0000000000000054 0000000000000000
0x0000003f8dffe1b0:   0000000000000000 00007ffa7dbc5cc4
0x0000003f8dffe1c0:   000000007a000004 005273b3035461b3
0x0000003f8dffe1d0:   00005529682e40bd 001040007a000004
0x0000003f8dffe1e0:   0000023024fa9af8 0000000000010f64
0x0000003f8dffe1f0:   0000000000000000 0000000000000016
0x0000003f8dffe200:   0000000000000000 0000000000000000
0x0000003f8dffe210:   0000003f8dffe320 00007ff9b06c82ae
0x0000003f8dffe220:   00000230224a8810 0000000000000000
0x0000003f8dffe230:   00000230224a8810 000010027a000004
0x0000003f8dffe240:   0000003f000009e8 0000740400870000
0x0000003f8dffe250:   0000000000000000 033838be036430be
0x0000003f8dffe260:   0000000000000000 000010027a000004
0x0000003f8dffe270:   038ec2bf02f831bf 0000000000000000 

Instructions: (pc=0x00007ff9b069b386)
0x00007ff9b069b286:   00 90 4c 8b bf 80 02 00 00 48 8b 05 9a 85 bd 00
0x00007ff9b069b296:   8b 80 c8 0a 00 00 89 44 24 24 c6 44 24 20 00 48
0x00007ff9b069b2a6:   c7 87 80 02 00 00 00 00 00 00 c7 87 88 02 00 00
0x00007ff9b069b2b6:   00 00 00 00 48 c7 87 a0 02 00 00 00 00 00 00 48
0x00007ff9b069b2c6:   c7 87 90 02 00 00 00 00 00 00 48 85 ed 75 3d 8b
0x00007ff9b069b2d6:   35 0d 77 cd 00 65 48 8b 04 25 58 00 00 00 b9 14
0x00007ff9b069b2e6:   00 00 00 48 8b 04 f0 40 38 2c 01 0f 84 c9 e7 75
0x00007ff9b069b2f6:   00 65 48 8b 04 25 58 00 00 00 bd 20 00 00 00 48
0x00007ff9b069b306:   8b 04 f0 48 8b 2c 28 48 89 6c 24 28 48 3b 2d 07
0x00007ff9b069b316:   9b cd 00 0f 84 9b 10 00 00 4d 85 ff 0f 84 3a 01
0x00007ff9b069b326:   00 00 0f 1f 84 00 00 00 00 00 49 8b f7 4d 8b e7
0x00007ff9b069b336:   4d 8d b7 48 05 00 00 4d 8b 3e 45 84 ed 0f 85 d9
0x00007ff9b069b346:   0e 00 00 8b 8f d0 01 00 00 48 8b 05 da 84 bd 00
0x00007ff9b069b356:   83 b8 64 03 00 00 02 75 34 4d 8d 84 24 00 01 00
0x00007ff9b069b366:   00 83 f9 10 0f 83 3a 01 00 00 8b c1 48 c1 e0 06
0x00007ff9b069b376:   49 03 c0 48 85 c0 0f 84 9b 01 00 00 48 8b 50 08
0x00007ff9b069b386:   48 3b 95 68 54 03 00 0f 87 b6 0e 00 00 48 83 be
0x00007ff9b069b396:   c0 05 00 00 00 0f 85 50 e7 75 00 44 8b 8f d0 01
0x00007ff9b069b3a6:   00 00 48 8b 87 e8 01 00 00 4c 8b 00 8b 8f d0 01
0x00007ff9b069b3b6:   00 00 48 8d 9e 00 01 00 00 83 f9 10 0f 83 1e 01
0x00007ff9b069b3c6:   00 00 8b c1 48 c1 e0 06 48 03 c3 48 85 c0 0f 84
0x00007ff9b069b3d6:   4a 01 00 00 4c 39 40 08 0f 86 40 01 00 00 48 8b
0x00007ff9b069b3e6:   87 80 02 00 00 49 89 06 48 89 b7 80 02 00 00 ff
0x00007ff9b069b3f6:   87 88 02 00 00 48 8b 4e 08 48 8b 01 ba 01 00 00
0x00007ff9b069b406:   00 48 8b 80 e0 02 00 00 ff 15 f4 c1 88 00 0f b7
0x00007ff9b069b416:   c8 48 2b c1 48 05 00 00 01 00 48 01 87 90 02 00
0x00007ff9b069b426:   00 48 8b 4e 08 48 8b 01 ba 01 00 00 00 48 8b 80
0x00007ff9b069b436:   e0 02 00 00 ff 15 c8 c1 88 00 48 01 87 a0 02 00
0x00007ff9b069b446:   00 0f b6 54 24 20 4d 85 ff 0f 85 db fe ff ff 84
0x00007ff9b069b456:   d2 0f 85 37 0f 00 00 48 8b 5c 24 40 48 8b cf 80
0x00007ff9b069b466:   7c 24 22 00 0f 85 40 0f 00 00 e8 3b f9 ff ff 90
0x00007ff9b069b476:   48 8b cb ff 15 99 bc 88 00 48 8b 8c 24 50 01 00 


Stack slot to memory mapping:
stack at sp + 0 slots: 0x0000023022999750 points into unknown readable memory: 0xffffffffffffffff | ff ff ff ff ff ff ff ff
stack at sp + 1 slots: 0x00007ff9b04d0ab4 igxelpicd64.dll
stack at sp + 2 slots: 0x0 is NULL
stack at sp + 3 slots: 0x0000023024fb5260 points into unknown readable memory: 0x00000000000008c4 | c4 08 00 00 00 00 00 00
stack at sp + 4 slots: 0x0000001600000000 is an unknown value
stack at sp + 5 slots: 0x0 is NULL
stack at sp + 6 slots: 0x0000023000000000 is an unknown value
stack at sp + 7 slots: 0x0000023024fb1440 points into unknown readable memory: 0x0000023024fb14b0 | b0 14 fb 24 30 02 00 00

VM_Operation (0x0000003f900fe7a0): Exit, mode: safepoint, requested by thread 0x0000023024b788d0


---------------  P R O C E S S  ---------------

Threads class SMR info:
_java_thread_list=0x000002302461e1a0, length=219, elements={
0x0000022fdcadb4b0, 0x0000022fdcade290, 0x0000022fdcaf45b0, 0x0000022fdcaf4e80,
0x0000022fdcaf5750, 0x0000022fdcaf6020, 0x0000022fdcaf8c30, 0x0000022fdcafb810,
0x0000022fdcb08d80, 0x000002302210a250, 0x000002302212ecf0, 0x0000023022131e30,
0x0000023022135630, 0x000002302213d090, 0x0000023022483a20, 0x00000230229cb750,
0x0000023024b788d0, 0x000002302252cfa0, 0x000002302252ded0, 0x000002302252c580,
0x000002302252d4b0, 0x000002302252ee00, 0x000002302252f820, 0x000002302252f310,
0x000002302252c070, 0x00000230325a9970, 0x00000230325a8a40, 0x00000230325a8020,
0x00000230325a8f50, 0x00000230325ab7d0, 0x00000230325aa8a0, 0x00000230325a9e80,
0x00000230325aadb0, 0x00000230325a9460, 0x00000230325ab2c0, 0x00000230325abce0,
0x00000230325aa390, 0x00000230325a8530, 0x00000230325af490, 0x00000230325ad630,
0x00000230325ae560, 0x00000230325aef80, 0x00000230325aea70, 0x00000230325ad120,
0x00000230325acc10, 0x00000230325adb40, 0x00000230325af9a0, 0x00000230325ac1f0,
0x00000230325ae050, 0x00000230325ac700, 0x0000023031f04410, 0x0000023031f04920,
0x0000023031f04e30, 0x0000023031f05850, 0x0000023031f06780, 0x0000023031f05d60,
0x0000023031f06270, 0x0000023031f06c90, 0x0000023031f05340, 0x0000023031f071a0,
0x0000023031f076b0, 0x0000023031f03f00, 0x0000023031f0b370, 0x0000023031f080d0,
0x0000023031f07bc0, 0x0000023031f085e0, 0x0000023031f08af0, 0x0000023031f09a20,
0x0000023031f0a950, 0x0000023031f09f30, 0x0000023031f0ae60, 0x0000023031f0b880,
0x0000023031f09000, 0x0000023031f09510, 0x0000023031f0a440, 0x0000023024b41590,
0x0000023024b41aa0, 0x0000023024b40b70, 0x0000023024b41080, 0x0000023024b42ee0,
0x0000023024b424c0, 0x0000023024b44d40, 0x0000023024b44320, 0x0000023024b45760,
0x0000023024b45250, 0x0000023024b433f0, 0x0000023024b43900, 0x0000023024b44830,
0x0000023024b41fb0, 0x0000023024b43e10, 0x0000023024b45c70, 0x0000023024b46180,
0x0000023024b429d0, 0x0000023024b475c0, 0x0000023024b47fe0, 0x0000023024b46690,
0x0000023024b470b0, 0x0000023024b484f0, 0x0000023024b46ba0, 0x0000023024b47ad0,
0x0000023032591060, 0x0000023032591570, 0x00000230325924a0, 0x0000023032591a80,
0x0000023032591f90, 0x0000023032594300, 0x0000023032594810, 0x0000023032592ec0,
0x0000023032594d20, 0x0000023032595740, 0x00000230325933d0, 0x00000230325938e0,
0x00000230325929b0, 0x0000023032595c50, 0x0000023032595230, 0x0000023032596160,
0x0000023032596670, 0x0000023032596b80, 0x0000023032597090, 0x00000230325975a0,
0x0000023032593df0, 0x0000023032597ab0, 0x0000023032597fc0, 0x00000230325984d0,
0x00000230325989e0, 0x00000230324eb690, 0x00000230324ec0b0, 0x00000230324ebba0,
0x00000230324ec5c0, 0x00000230324ecad0, 0x00000230324ecfe0, 0x00000230324ed4f0,
0x00000230324ea760, 0x00000230324eda00, 0x00000230324edf10, 0x00000230324eac70,
0x00000230324ee420, 0x00000230324ee930, 0x00000230324eb180, 0x00000230324f0ca0,
0x00000230324ef860, 0x00000230324f16c0, 0x00000230324efd70, 0x00000230324f11b0,
0x00000230324f0280, 0x00000230324f0790, 0x00000230324ef350, 0x00000230324f1bd0,
0x00000230324eee40, 0x00000230322c75e0, 0x00000230322c9950, 0x00000230322ca880,
0x00000230322c7af0, 0x00000230322c9e60, 0x00000230322ca370, 0x00000230322cb7b0,
0x00000230322c8510, 0x00000230322cad90, 0x00000230322cb2a0, 0x00000230322c8000,
0x00000230322cbcc0, 0x00000230322cc1d0, 0x00000230322c8a20, 0x00000230322cc6e0,
0x00000230322c8f30, 0x00000230322ccbf0, 0x00000230322c9440, 0x00000230322cd610,
0x00000230322ce540, 0x00000230322cd100, 0x00000230322cdb20, 0x00000230322ce030,
0x00000230322cea50, 0x00000230322cef60, 0x00000230324f20e0, 0x00000230326de860,
0x00000230326dfca0, 0x00000230326e01b0, 0x00000230326dd420, 0x00000230326ded70,
0x00000230326dcf10, 0x00000230326df280, 0x00000230326df790, 0x00000230326e10e0,
0x00000230326dd930, 0x00000230326e06c0, 0x00000230326e0bd0, 0x00000230326de350,
0x00000230326e15f0, 0x00000230326dde40, 0x00000230326e2f40, 0x00000230326e3960,
0x00000230326e4890, 0x00000230326e2a30, 0x00000230326e2010, 0x00000230326e3450,
0x00000230326e2520, 0x00000230326e1b00, 0x00000230326e3e70, 0x00000230326e4380,
0x00000230327ab550, 0x00000230327aab30, 0x00000230327aba60, 0x00000230327ac990,
0x00000230327ac480, 0x00000230327abf70, 0x00000230327aa620, 0x00000230327acea0,
0x00000230327ab040, 0x00000230327a96f0, 0x00000230327a9c00, 0x00000230327ad3b0,
0x00000230327ad8c0, 0x00000230327aa110, 0x00000230327aed00, 0x00000230327b0b60,
0x00000230327addd0, 0x00000230327ae2e0, 0x00000230327b1070
}

Java Threads: ( => current thread )
  0x0000022fdcadb4b0 JavaThread "Reference Handler" daemon [_thread_blocked, id=45468, stack(0x0000003f8e000000,0x0000003f8e100000)]
  0x0000022fdcade290 JavaThread "Finalizer" daemon [_thread_blocked, id=45300, stack(0x0000003f8e100000,0x0000003f8e200000)]
  0x0000022fdcaf45b0 JavaThread "Signal Dispatcher" daemon [_thread_blocked, id=45512, stack(0x0000003f8e200000,0x0000003f8e300000)]
  0x0000022fdcaf4e80 JavaThread "Attach Listener" daemon [_thread_blocked, id=45316, stack(0x0000003f8e300000,0x0000003f8e400000)]
  0x0000022fdcaf5750 JavaThread "Service Thread" daemon [_thread_blocked, id=40940, stack(0x0000003f8e400000,0x0000003f8e500000)]
  0x0000022fdcaf6020 JavaThread "Monitor Deflation Thread" daemon [_thread_blocked, id=33288, stack(0x0000003f8e500000,0x0000003f8e600000)]
  0x0000022fdcaf8c30 JavaThread "C2 CompilerThread0" daemon [_thread_blocked, id=40756, stack(0x0000003f8e600000,0x0000003f8e700000)]
  0x0000022fdcafb810 JavaThread "C1 CompilerThread0" daemon [_thread_blocked, id=45304, stack(0x0000003f8e700000,0x0000003f8e800000)]
  0x0000022fdcb08d80 JavaThread "Sweeper thread" daemon [_thread_blocked, id=45516, stack(0x0000003f8e800000,0x0000003f8e900000)]
  0x000002302210a250 JavaThread "JDWP Transport Listener: dt_socket" daemon [_thread_blocked, id=45588, stack(0x0000003f8e900000,0x0000003f8ea00000)]
  0x000002302212ecf0 JavaThread "JDWP Event Helper Thread" daemon [_thread_blocked, id=45580, stack(0x0000003f8ea00000,0x0000003f8eb00000)]
  0x0000023022131e30 JavaThread "JDWP Command Reader" daemon [_thread_blocked, id=45544, stack(0x0000003f8eb00000,0x0000003f8ec00000)]
  0x0000023022135630 JavaThread "Notification Thread" daemon [_thread_blocked, id=45576, stack(0x0000003f8ec00000,0x0000003f8ed00000)]
  0x000002302213d090 JavaThread "Common-Cleaner" daemon [_thread_blocked, id=33284, stack(0x0000003f8ee00000,0x0000003f8ef00000)]
  0x0000023022483a20 JavaThread "Java2D Disposer" daemon [_thread_blocked, id=45460, stack(0x0000003f8ef00000,0x0000003f8f000000)]
  0x00000230229cb750 JavaThread "HighResTimerThread" daemon [_thread_blocked, id=42908, stack(0x0000003f8f000000,0x0000003f8f100000)]
  0x0000023024b788d0 JavaThread "main-FPSAWTAnimator#00-Timer0" [_thread_blocked, id=43196, stack(0x0000003f90000000,0x0000003f90100000)]
  0x000002302252cfa0 JavaThread "DestroyJavaVM" [_thread_blocked, id=45572, stack(0x0000003f8d900000,0x0000003f8da00000)]
  0x000002302252ded0 JavaThread "pool-1-thread-1" [_thread_blocked, id=45744, stack(0x0000003f90400000,0x0000003f90500000)]
  0x000002302252c580 JavaThread "pool-1-thread-2" [_thread_blocked, id=45676, stack(0x0000003f90500000,0x0000003f90600000)]
  0x000002302252d4b0 JavaThread "pool-1-thread-3" [_thread_blocked, id=45708, stack(0x0000003f90600000,0x0000003f90700000)]
  0x000002302252ee00 JavaThread "pool-1-thread-4" [_thread_blocked, id=45684, stack(0x0000003f90700000,0x0000003f90800000)]
  0x000002302252f820 JavaThread "pool-1-thread-5" [_thread_blocked, id=45664, stack(0x0000003f90800000,0x0000003f90900000)]
  0x000002302252f310 JavaThread "pool-1-thread-6" [_thread_blocked, id=39432, stack(0x0000003f90900000,0x0000003f90a00000)]
  0x000002302252c070 JavaThread "pool-1-thread-7" [_thread_blocked, id=42472, stack(0x0000003f90a00000,0x0000003f90b00000)]
  0x00000230325a9970 JavaThread "pool-1-thread-8" [_thread_blocked, id=45904, stack(0x0000003f90b00000,0x0000003f90c00000)]
  0x00000230325a8a40 JavaThread "pool-1-thread-9" [_thread_blocked, id=46012, stack(0x0000003f90c00000,0x0000003f90d00000)]
  0x00000230325a8020 JavaThread "pool-1-thread-10" [_thread_blocked, id=45984, stack(0x0000003f90d00000,0x0000003f90e00000)]
  0x00000230325a8f50 JavaThread "pool-1-thread-11" [_thread_blocked, id=45964, stack(0x0000003f90e00000,0x0000003f90f00000)]
  0x00000230325ab7d0 JavaThread "pool-1-thread-12" [_thread_blocked, id=45872, stack(0x0000003f90f00000,0x0000003f91000000)]
  0x00000230325aa8a0 JavaThread "pool-1-thread-13" [_thread_blocked, id=46008, stack(0x0000003f91000000,0x0000003f91100000)]
  0x00000230325a9e80 JavaThread "pool-1-thread-14" [_thread_blocked, id=46072, stack(0x0000003f91100000,0x0000003f91200000)]
  0x00000230325aadb0 JavaThread "pool-1-thread-15" [_thread_blocked, id=46096, stack(0x0000003f91200000,0x0000003f91300000)]
  0x00000230325a9460 JavaThread "pool-1-thread-16" [_thread_blocked, id=46060, stack(0x0000003f91300000,0x0000003f91400000)]
  0x00000230325ab2c0 JavaThread "pool-1-thread-17" [_thread_blocked, id=43644, stack(0x0000003f91400000,0x0000003f91500000)]
  0x00000230325abce0 JavaThread "pool-1-thread-18" [_thread_blocked, id=46176, stack(0x0000003f91500000,0x0000003f91600000)]
  0x00000230325aa390 JavaThread "pool-1-thread-19" [_thread_blocked, id=46188, stack(0x0000003f91600000,0x0000003f91700000)]
  0x00000230325a8530 JavaThread "pool-1-thread-20" [_thread_blocked, id=40972, stack(0x0000003f91700000,0x0000003f91800000)]
  0x00000230325af490 JavaThread "pool-1-thread-21" [_thread_blocked, id=45916, stack(0x0000003f91800000,0x0000003f91900000)]
  0x00000230325ad630 JavaThread "pool-1-thread-22" [_thread_blocked, id=45924, stack(0x0000003f91900000,0x0000003f91a00000)]
  0x00000230325ae560 JavaThread "pool-1-thread-23" [_thread_blocked, id=45864, stack(0x0000003f91a00000,0x0000003f91b00000)]
  0x00000230325aef80 JavaThread "pool-1-thread-24" [_thread_blocked, id=40968, stack(0x0000003f91b00000,0x0000003f91c00000)]
  0x00000230325aea70 JavaThread "pool-1-thread-25" [_thread_blocked, id=45856, stack(0x0000003f91c00000,0x0000003f91d00000)]
  0x00000230325ad120 JavaThread "pool-1-thread-26" [_thread_blocked, id=46160, stack(0x0000003f91d00000,0x0000003f91e00000)]
  0x00000230325acc10 JavaThread "pool-1-thread-27" [_thread_blocked, id=46004, stack(0x0000003f91e00000,0x0000003f91f00000)]
  0x00000230325adb40 JavaThread "pool-1-thread-28" [_thread_blocked, id=45940, stack(0x0000003f91f00000,0x0000003f92000000)]
  0x00000230325af9a0 JavaThread "pool-1-thread-29" [_thread_blocked, id=45944, stack(0x0000003f92000000,0x0000003f92100000)]
  0x00000230325ac1f0 JavaThread "pool-1-thread-30" [_thread_blocked, id=46092, stack(0x0000003f92100000,0x0000003f92200000)]
  0x00000230325ae050 JavaThread "pool-1-thread-31" [_thread_blocked, id=46048, stack(0x0000003f92200000,0x0000003f92300000)]
  0x00000230325ac700 JavaThread "pool-1-thread-32" [_thread_blocked, id=46064, stack(0x0000003f92300000,0x0000003f92400000)]
  0x0000023031f04410 JavaThread "pool-1-thread-33" [_thread_blocked, id=46156, stack(0x0000003f92400000,0x0000003f92500000)]
  0x0000023031f04920 JavaThread "pool-1-thread-34" [_thread_blocked, id=46152, stack(0x0000003f92500000,0x0000003f92600000)]
  0x0000023031f04e30 JavaThread "pool-1-thread-35" [_thread_blocked, id=45948, stack(0x0000003f92600000,0x0000003f92700000)]
  0x0000023031f05850 JavaThread "pool-1-thread-36" [_thread_blocked, id=45988, stack(0x0000003f92700000,0x0000003f92800000)]
  0x0000023031f06780 JavaThread "pool-1-thread-37" [_thread_blocked, id=44732, stack(0x0000003f92800000,0x0000003f92900000)]
  0x0000023031f05d60 JavaThread "pool-1-thread-38" [_thread_blocked, id=40964, stack(0x0000003f92900000,0x0000003f92a00000)]
  0x0000023031f06270 JavaThread "pool-1-thread-39" [_thread_blocked, id=40952, stack(0x0000003f92a00000,0x0000003f92b00000)]
  0x0000023031f06c90 JavaThread "pool-1-thread-40" [_thread_blocked, id=45880, stack(0x0000003f92b00000,0x0000003f92c00000)]
  0x0000023031f05340 JavaThread "pool-1-thread-41" [_thread_blocked, id=33276, stack(0x0000003f92c00000,0x0000003f92d00000)]
  0x0000023031f071a0 JavaThread "pool-1-thread-42" [_thread_blocked, id=45908, stack(0x0000003f92d00000,0x0000003f92e00000)]
  0x0000023031f076b0 JavaThread "pool-1-thread-43" [_thread_blocked, id=45912, stack(0x0000003f92e00000,0x0000003f92f00000)]
  0x0000023031f03f00 JavaThread "pool-1-thread-44" [_thread_blocked, id=45920, stack(0x0000003f92f00000,0x0000003f93000000)]
  0x0000023031f0b370 JavaThread "pool-1-thread-45" [_thread_blocked, id=45868, stack(0x0000003f93000000,0x0000003f93100000)]
  0x0000023031f080d0 JavaThread "pool-1-thread-46" [_thread_blocked, id=45960, stack(0x0000003f93100000,0x0000003f93200000)]
  0x0000023031f07bc0 JavaThread "pool-1-thread-47" [_thread_blocked, id=45980, stack(0x0000003f93200000,0x0000003f93300000)]
  0x0000023031f085e0 JavaThread "pool-1-thread-48" [_thread_blocked, id=37456, stack(0x0000003f93300000,0x0000003f93400000)]
  0x0000023031f08af0 JavaThread "pool-1-thread-49" [_thread_blocked, id=43780, stack(0x0000003f93400000,0x0000003f93500000)]
  0x0000023031f09a20 JavaThread "pool-1-thread-50" [_thread_blocked, id=43748, stack(0x0000003f93500000,0x0000003f93600000)]
  0x0000023031f0a950 JavaThread "pool-1-thread-51" [_thread_blocked, id=43608, stack(0x0000003f93600000,0x0000003f93700000)]
  0x0000023031f09f30 JavaThread "pool-1-thread-52" [_thread_blocked, id=43624, stack(0x0000003f93700000,0x0000003f93800000)]
  0x0000023031f0ae60 JavaThread "pool-1-thread-53" [_thread_blocked, id=43604, stack(0x0000003f93800000,0x0000003f93900000)]
  0x0000023031f0b880 JavaThread "pool-1-thread-54" [_thread_blocked, id=37000, stack(0x0000003f93900000,0x0000003f93a00000)]
  0x0000023031f09000 JavaThread "pool-1-thread-55" [_thread_blocked, id=38696, stack(0x0000003f93a00000,0x0000003f93b00000)]
  0x0000023031f09510 JavaThread "pool-1-thread-56" [_thread_blocked, id=40744, stack(0x0000003f93b00000,0x0000003f93c00000)]
  0x0000023031f0a440 JavaThread "pool-1-thread-57" [_thread_blocked, id=45248, stack(0x0000003f93c00000,0x0000003f93d00000)]
  0x0000023024b41590 JavaThread "pool-1-thread-58" [_thread_blocked, id=3864, stack(0x0000003f93d00000,0x0000003f93e00000)]
  0x0000023024b41aa0 JavaThread "pool-1-thread-59" [_thread_blocked, id=46040, stack(0x0000003f93e00000,0x0000003f93f00000)]
  0x0000023024b40b70 JavaThread "pool-1-thread-60" [_thread_blocked, id=14124, stack(0x0000003f93f00000,0x0000003f94000000)]
  0x0000023024b41080 JavaThread "pool-1-thread-61" [_thread_blocked, id=44664, stack(0x0000003f94000000,0x0000003f94100000)]
  0x0000023024b42ee0 JavaThread "pool-1-thread-62" [_thread_blocked, id=39656, stack(0x0000003f94100000,0x0000003f94200000)]
  0x0000023024b424c0 JavaThread "pool-1-thread-63" [_thread_blocked, id=46100, stack(0x0000003f94200000,0x0000003f94300000)]
  0x0000023024b44d40 JavaThread "pool-1-thread-64" [_thread_blocked, id=44452, stack(0x0000003f94300000,0x0000003f94400000)]
  0x0000023024b44320 JavaThread "pool-1-thread-65" [_thread_blocked, id=46128, stack(0x0000003f94400000,0x0000003f94500000)]
  0x0000023024b45760 JavaThread "pool-1-thread-66" [_thread_blocked, id=44424, stack(0x0000003f94500000,0x0000003f94600000)]
  0x0000023024b45250 JavaThread "pool-1-thread-67" [_thread_blocked, id=46124, stack(0x0000003f94600000,0x0000003f94700000)]
  0x0000023024b433f0 JavaThread "pool-1-thread-68" [_thread_blocked, id=46136, stack(0x0000003f94700000,0x0000003f94800000)]
  0x0000023024b43900 JavaThread "pool-1-thread-69" [_thread_blocked, id=44460, stack(0x0000003f94800000,0x0000003f94900000)]
  0x0000023024b44830 JavaThread "pool-1-thread-70" [_thread_blocked, id=44504, stack(0x0000003f94900000,0x0000003f94a00000)]
  0x0000023024b41fb0 JavaThread "pool-1-thread-71" [_thread_blocked, id=44500, stack(0x0000003f94a00000,0x0000003f94b00000)]
  0x0000023024b43e10 JavaThread "pool-1-thread-72" [_thread_blocked, id=44436, stack(0x0000003f94b00000,0x0000003f94c00000)]
  0x0000023024b45c70 JavaThread "pool-1-thread-73" [_thread_blocked, id=44432, stack(0x0000003f94c00000,0x0000003f94d00000)]
  0x0000023024b46180 JavaThread "pool-1-thread-74" [_thread_blocked, id=44456, stack(0x0000003f94d00000,0x0000003f94e00000)]
  0x0000023024b429d0 JavaThread "pool-1-thread-75" [_thread_blocked, id=44364, stack(0x0000003f94e00000,0x0000003f94f00000)]
  0x0000023024b475c0 JavaThread "pool-1-thread-76" [_thread_blocked, id=44360, stack(0x0000003f94f00000,0x0000003f95000000)]
  0x0000023024b47fe0 JavaThread "pool-1-thread-77" [_thread_blocked, id=44412, stack(0x0000003f95000000,0x0000003f95100000)]
  0x0000023024b46690 JavaThread "pool-1-thread-78" [_thread_blocked, id=44408, stack(0x0000003f95100000,0x0000003f95200000)]
  0x0000023024b470b0 JavaThread "pool-1-thread-79" [_thread_blocked, id=41244, stack(0x0000003f95200000,0x0000003f95300000)]
  0x0000023024b484f0 JavaThread "pool-1-thread-80" [_thread_blocked, id=40560, stack(0x0000003f95300000,0x0000003f95400000)]
  0x0000023024b46ba0 JavaThread "pool-1-thread-81" [_thread_blocked, id=41296, stack(0x0000003f95400000,0x0000003f95500000)]
  0x0000023024b47ad0 JavaThread "pool-1-thread-82" [_thread_blocked, id=44584, stack(0x0000003f95500000,0x0000003f95600000)]
  0x0000023032591060 JavaThread "pool-1-thread-83" [_thread_blocked, id=44588, stack(0x0000003f95600000,0x0000003f95700000)]
  0x0000023032591570 JavaThread "pool-1-thread-84" [_thread_blocked, id=44572, stack(0x0000003f95700000,0x0000003f95800000)]
  0x00000230325924a0 JavaThread "pool-1-thread-85" [_thread_blocked, id=44592, stack(0x0000003f95800000,0x0000003f95900000)]
  0x0000023032591a80 JavaThread "pool-1-thread-86" [_thread_blocked, id=44596, stack(0x0000003f95900000,0x0000003f95a00000)]
  0x0000023032591f90 JavaThread "pool-1-thread-87" [_thread_blocked, id=44580, stack(0x0000003f95a00000,0x0000003f95b00000)]
  0x0000023032594300 JavaThread "pool-1-thread-88" [_thread_blocked, id=44704, stack(0x0000003f95b00000,0x0000003f95c00000)]
  0x0000023032594810 JavaThread "pool-1-thread-89" [_thread_blocked, id=44708, stack(0x0000003f95c00000,0x0000003f95d00000)]
  0x0000023032592ec0 JavaThread "pool-1-thread-90" [_thread_blocked, id=44660, stack(0x0000003f95d00000,0x0000003f95e00000)]
  0x0000023032594d20 JavaThread "pool-1-thread-91" [_thread_blocked, id=44672, stack(0x0000003f95e00000,0x0000003f95f00000)]
  0x0000023032595740 JavaThread "pool-1-thread-92" [_thread_blocked, id=44440, stack(0x0000003f95f00000,0x0000003f96000000)]
  0x00000230325933d0 JavaThread "pool-1-thread-93" [_thread_blocked, id=35392, stack(0x0000003f96000000,0x0000003f96100000)]
  0x00000230325938e0 JavaThread "pool-1-thread-94" [_thread_blocked, id=41452, stack(0x0000003f96100000,0x0000003f96200000)]
  0x00000230325929b0 JavaThread "pool-1-thread-95" [_thread_blocked, id=44472, stack(0x0000003f96200000,0x0000003f96300000)]
  0x0000023032595c50 JavaThread "pool-1-thread-96" [_thread_blocked, id=44476, stack(0x0000003f96300000,0x0000003f96400000)]
  0x0000023032595230 JavaThread "pool-1-thread-97" [_thread_blocked, id=41448, stack(0x0000003f96400000,0x0000003f96500000)]
  0x0000023032596160 JavaThread "pool-1-thread-98" [_thread_blocked, id=1416, stack(0x0000003f96500000,0x0000003f96600000)]
  0x0000023032596670 JavaThread "pool-1-thread-99" [_thread_blocked, id=41432, stack(0x0000003f96600000,0x0000003f96700000)]
  0x0000023032596b80 JavaThread "pool-1-thread-100" [_thread_blocked, id=38688, stack(0x0000003f96700000,0x0000003f96800000)]
  0x0000023032597090 JavaThread "pool-1-thread-101" [_thread_blocked, id=12528, stack(0x0000003f96800000,0x0000003f96900000)]
  0x00000230325975a0 JavaThread "pool-1-thread-102" [_thread_blocked, id=6468, stack(0x0000003f96900000,0x0000003f96a00000)]
  0x0000023032593df0 JavaThread "pool-1-thread-103" [_thread_blocked, id=16324, stack(0x0000003f96a00000,0x0000003f96b00000)]
  0x0000023032597ab0 JavaThread "pool-1-thread-104" [_thread_blocked, id=19880, stack(0x0000003f96b00000,0x0000003f96c00000)]
  0x0000023032597fc0 JavaThread "pool-1-thread-105" [_thread_blocked, id=7356, stack(0x0000003f96c00000,0x0000003f96d00000)]
  0x00000230325984d0 JavaThread "pool-1-thread-106" [_thread_blocked, id=1448, stack(0x0000003f96d00000,0x0000003f96e00000)]
  0x00000230325989e0 JavaThread "pool-1-thread-107" [_thread_blocked, id=4384, stack(0x0000003f96e00000,0x0000003f96f00000)]
  0x00000230324eb690 JavaThread "pool-1-thread-108" [_thread_blocked, id=17532, stack(0x0000003f96f00000,0x0000003f97000000)]
  0x00000230324ec0b0 JavaThread "pool-1-thread-109" [_thread_blocked, id=13648, stack(0x0000003f97000000,0x0000003f97100000)]
  0x00000230324ebba0 JavaThread "pool-1-thread-110" [_thread_blocked, id=13128, stack(0x0000003f97100000,0x0000003f97200000)]
  0x00000230324ec5c0 JavaThread "pool-1-thread-111" [_thread_blocked, id=1824, stack(0x0000003f97200000,0x0000003f97300000)]
  0x00000230324ecad0 JavaThread "pool-1-thread-112" [_thread_blocked, id=12856, stack(0x0000003f97300000,0x0000003f97400000)]
  0x00000230324ecfe0 JavaThread "pool-1-thread-113" [_thread_blocked, id=13460, stack(0x0000003f97400000,0x0000003f97500000)]
  0x00000230324ed4f0 JavaThread "pool-1-thread-114" [_thread_blocked, id=1876, stack(0x0000003f97500000,0x0000003f97600000)]
  0x00000230324ea760 JavaThread "pool-1-thread-115" [_thread_blocked, id=16580, stack(0x0000003f97600000,0x0000003f97700000)]
  0x00000230324eda00 JavaThread "pool-1-thread-116" [_thread_blocked, id=20052, stack(0x0000003f97700000,0x0000003f97800000)]
  0x00000230324edf10 JavaThread "pool-1-thread-117" [_thread_blocked, id=19544, stack(0x0000003f97800000,0x0000003f97900000)]
  0x00000230324eac70 JavaThread "pool-1-thread-118" [_thread_blocked, id=9328, stack(0x0000003f97900000,0x0000003f97a00000)]
  0x00000230324ee420 JavaThread "pool-1-thread-119" [_thread_blocked, id=17564, stack(0x0000003f97a00000,0x0000003f97b00000)]
  0x00000230324ee930 JavaThread "pool-1-thread-120" [_thread_blocked, id=12412, stack(0x0000003f97b00000,0x0000003f97c00000)]
  0x00000230324eb180 JavaThread "pool-1-thread-121" [_thread_blocked, id=9640, stack(0x0000003f97c00000,0x0000003f97d00000)]
  0x00000230324f0ca0 JavaThread "pool-1-thread-122" [_thread_blocked, id=616, stack(0x0000003f97d00000,0x0000003f97e00000)]
  0x00000230324ef860 JavaThread "pool-1-thread-123" [_thread_blocked, id=11368, stack(0x0000003f97e00000,0x0000003f97f00000)]
  0x00000230324f16c0 JavaThread "pool-1-thread-124" [_thread_blocked, id=16196, stack(0x0000003f97f00000,0x0000003f98000000)]
  0x00000230324efd70 JavaThread "pool-1-thread-125" [_thread_blocked, id=11868, stack(0x0000003f98000000,0x0000003f98100000)]
  0x00000230324f11b0 JavaThread "pool-1-thread-126" [_thread_blocked, id=10780, stack(0x0000003f98100000,0x0000003f98200000)]
  0x00000230324f0280 JavaThread "pool-1-thread-127" [_thread_blocked, id=19564, stack(0x0000003f98200000,0x0000003f98300000)]
  0x00000230324f0790 JavaThread "pool-1-thread-128" [_thread_blocked, id=17876, stack(0x0000003f98300000,0x0000003f98400000)]
  0x00000230324ef350 JavaThread "pool-1-thread-129" [_thread_blocked, id=6344, stack(0x0000003f98400000,0x0000003f98500000)]
  0x00000230324f1bd0 JavaThread "pool-1-thread-130" [_thread_blocked, id=20120, stack(0x0000003f98500000,0x0000003f98600000)]
  0x00000230324eee40 JavaThread "pool-1-thread-131" [_thread_blocked, id=17244, stack(0x0000003f98600000,0x0000003f98700000)]
  0x00000230322c75e0 JavaThread "pool-1-thread-132" [_thread_blocked, id=15608, stack(0x0000003f98700000,0x0000003f98800000)]
  0x00000230322c9950 JavaThread "pool-1-thread-133" [_thread_blocked, id=15704, stack(0x0000003f98800000,0x0000003f98900000)]
  0x00000230322ca880 JavaThread "pool-1-thread-134" [_thread_blocked, id=19484, stack(0x0000003f98900000,0x0000003f98a00000)]
  0x00000230322c7af0 JavaThread "pool-1-thread-135" [_thread_blocked, id=15680, stack(0x0000003f98a00000,0x0000003f98b00000)]
  0x00000230322c9e60 JavaThread "pool-1-thread-136" [_thread_blocked, id=10180, stack(0x0000003f98b00000,0x0000003f98c00000)]
  0x00000230322ca370 JavaThread "pool-1-thread-137" [_thread_blocked, id=18332, stack(0x0000003f98c00000,0x0000003f98d00000)]
  0x00000230322cb7b0 JavaThread "pool-1-thread-138" [_thread_blocked, id=3576, stack(0x0000003f98d00000,0x0000003f98e00000)]
  0x00000230322c8510 JavaThread "pool-1-thread-139" [_thread_blocked, id=14920, stack(0x0000003f98e00000,0x0000003f98f00000)]
  0x00000230322cad90 JavaThread "pool-1-thread-140" [_thread_blocked, id=16036, stack(0x0000003f98f00000,0x0000003f99000000)]
  0x00000230322cb2a0 JavaThread "pool-1-thread-141" [_thread_blocked, id=3648, stack(0x0000003f99000000,0x0000003f99100000)]
  0x00000230322c8000 JavaThread "pool-1-thread-142" [_thread_blocked, id=6472, stack(0x0000003f99100000,0x0000003f99200000)]
  0x00000230322cbcc0 JavaThread "pool-1-thread-143" [_thread_blocked, id=10484, stack(0x0000003f99200000,0x0000003f99300000)]
  0x00000230322cc1d0 JavaThread "pool-1-thread-144" [_thread_blocked, id=17196, stack(0x0000003f99300000,0x0000003f99400000)]
  0x00000230322c8a20 JavaThread "pool-1-thread-145" [_thread_blocked, id=18108, stack(0x0000003f99400000,0x0000003f99500000)]
  0x00000230322cc6e0 JavaThread "pool-1-thread-146" [_thread_blocked, id=15412, stack(0x0000003f99500000,0x0000003f99600000)]
  0x00000230322c8f30 JavaThread "pool-1-thread-147" [_thread_blocked, id=1200, stack(0x0000003f99600000,0x0000003f99700000)]
  0x00000230322ccbf0 JavaThread "pool-1-thread-148" [_thread_blocked, id=520, stack(0x0000003f99700000,0x0000003f99800000)]
  0x00000230322c9440 JavaThread "pool-1-thread-149" [_thread_blocked, id=20204, stack(0x0000003f99800000,0x0000003f99900000)]
  0x00000230322cd610 JavaThread "pool-1-thread-150" [_thread_blocked, id=14828, stack(0x0000003f99900000,0x0000003f99a00000)]
  0x00000230322ce540 JavaThread "pool-1-thread-151" [_thread_blocked, id=18500, stack(0x0000003f99a00000,0x0000003f99b00000)]
  0x00000230322cd100 JavaThread "pool-1-thread-152" [_thread_blocked, id=39120, stack(0x0000003f99b00000,0x0000003f99c00000)]
  0x00000230322cdb20 JavaThread "pool-1-thread-153" [_thread_blocked, id=39564, stack(0x0000003f99c00000,0x0000003f99d00000)]
  0x00000230322ce030 JavaThread "pool-1-thread-154" [_thread_blocked, id=41680, stack(0x0000003f99d00000,0x0000003f99e00000)]
  0x00000230322cea50 JavaThread "pool-1-thread-155" [_thread_blocked, id=41676, stack(0x0000003f99e00000,0x0000003f99f00000)]
  0x00000230322cef60 JavaThread "pool-1-thread-156" [_thread_blocked, id=44764, stack(0x0000003f99f00000,0x0000003f9a000000)]
  0x00000230324f20e0 JavaThread "pool-1-thread-157" [_thread_blocked, id=33352, stack(0x0000003f9a000000,0x0000003f9a100000)]
  0x00000230326de860 JavaThread "pool-1-thread-158" [_thread_blocked, id=33376, stack(0x0000003f9a100000,0x0000003f9a200000)]
  0x00000230326dfca0 JavaThread "pool-1-thread-159" [_thread_blocked, id=33372, stack(0x0000003f9a200000,0x0000003f9a300000)]
  0x00000230326e01b0 JavaThread "pool-1-thread-160" [_thread_blocked, id=33380, stack(0x0000003f9a300000,0x0000003f9a400000)]
  0x00000230326dd420 JavaThread "pool-1-thread-161" [_thread_blocked, id=33388, stack(0x0000003f9a400000,0x0000003f9a500000)]
  0x00000230326ded70 JavaThread "pool-1-thread-162" [_thread_blocked, id=33396, stack(0x0000003f9a500000,0x0000003f9a600000)]
  0x00000230326dcf10 JavaThread "pool-1-thread-163" [_thread_blocked, id=33348, stack(0x0000003f9a600000,0x0000003f9a700000)]
  0x00000230326df280 JavaThread "pool-1-thread-164" [_thread_blocked, id=33368, stack(0x0000003f9a700000,0x0000003f9a800000)]
  0x00000230326df790 JavaThread "pool-1-thread-165" [_thread_blocked, id=33344, stack(0x0000003f9a800000,0x0000003f9a900000)]
  0x00000230326e10e0 JavaThread "pool-1-thread-166" [_thread_blocked, id=44812, stack(0x0000003f9a900000,0x0000003f9aa00000)]
  0x00000230326dd930 JavaThread "pool-1-thread-167" [_thread_blocked, id=44800, stack(0x0000003f9aa00000,0x0000003f9ab00000)]
  0x00000230326e06c0 JavaThread "pool-1-thread-168" [_thread_blocked, id=44796, stack(0x0000003f9ab00000,0x0000003f9ac00000)]
  0x00000230326e0bd0 JavaThread "pool-1-thread-169" [_thread_blocked, id=44792, stack(0x0000003f9ac00000,0x0000003f9ad00000)]
  0x00000230326de350 JavaThread "pool-1-thread-170" [_thread_blocked, id=44820, stack(0x0000003f9ad00000,0x0000003f9ae00000)]
  0x00000230326e15f0 JavaThread "pool-1-thread-171" [_thread_blocked, id=44824, stack(0x0000003f9ae00000,0x0000003f9af00000)]
  0x00000230326dde40 JavaThread "pool-1-thread-172" [_thread_blocked, id=44808, stack(0x0000003f9af00000,0x0000003f9b000000)]
  0x00000230326e2f40 JavaThread "pool-1-thread-173" [_thread_blocked, id=41764, stack(0x0000003f9b000000,0x0000003f9b100000)]
  0x00000230326e3960 JavaThread "pool-1-thread-174" [_thread_blocked, id=44924, stack(0x0000003f9b100000,0x0000003f9b200000)]
  0x00000230326e4890 JavaThread "pool-1-thread-175" [_thread_blocked, id=44912, stack(0x0000003f9b200000,0x0000003f9b300000)]
  0x00000230326e2a30 JavaThread "pool-1-thread-176" [_thread_blocked, id=44908, stack(0x0000003f9b300000,0x0000003f9b400000)]
  0x00000230326e2010 JavaThread "pool-1-thread-177" [_thread_blocked, id=44904, stack(0x0000003f9b400000,0x0000003f9b500000)]
  0x00000230326e3450 JavaThread "pool-1-thread-178" [_thread_blocked, id=44900, stack(0x0000003f9b500000,0x0000003f9b600000)]
  0x00000230326e2520 JavaThread "pool-1-thread-179" [_thread_blocked, id=44896, stack(0x0000003f9b600000,0x0000003f9b700000)]
  0x00000230326e1b00 JavaThread "pool-1-thread-180" [_thread_blocked, id=44892, stack(0x0000003f9b700000,0x0000003f9b800000)]
  0x00000230326e3e70 JavaThread "pool-1-thread-181" [_thread_blocked, id=44888, stack(0x0000003f9b800000,0x0000003f9b900000)]
  0x00000230326e4380 JavaThread "pool-1-thread-182" [_thread_blocked, id=44916, stack(0x0000003f9b900000,0x0000003f9ba00000)]
  0x00000230327ab550 JavaThread "pool-1-thread-183" [_thread_blocked, id=44920, stack(0x0000003f9ba00000,0x0000003f9bb00000)]
  0x00000230327aab30 JavaThread "pool-1-thread-184" [_thread_blocked, id=44928, stack(0x0000003f9bb00000,0x0000003f9bc00000)]
  0x00000230327aba60 JavaThread "pool-1-thread-185" [_thread_blocked, id=44932, stack(0x0000003f9bc00000,0x0000003f9bd00000)]
  0x00000230327ac990 JavaThread "pool-1-thread-186" [_thread_blocked, id=44884, stack(0x0000003f9bd00000,0x0000003f9be00000)]
  0x00000230327ac480 JavaThread "pool-1-thread-187" [_thread_blocked, id=44876, stack(0x0000003f9be00000,0x0000003f9bf00000)]
  0x00000230327abf70 JavaThread "pool-1-thread-188" [_thread_blocked, id=44856, stack(0x0000003f9bf00000,0x0000003f9c000000)]
  0x00000230327aa620 JavaThread "pool-1-thread-189" [_thread_blocked, id=44852, stack(0x0000003f9c000000,0x0000003f9c100000)]
  0x00000230327acea0 JavaThread "pool-1-thread-190" [_thread_blocked, id=44840, stack(0x0000003f9c100000,0x0000003f9c200000)]
  0x00000230327ab040 JavaThread "pool-1-thread-191" [_thread_blocked, id=44868, stack(0x0000003f9c200000,0x0000003f9c300000)]
  0x00000230327a96f0 JavaThread "pool-1-thread-192" [_thread_blocked, id=44864, stack(0x0000003f9c300000,0x0000003f9c400000)]
  0x00000230327a9c00 JavaThread "pool-1-thread-193" [_thread_blocked, id=44860, stack(0x0000003f9c400000,0x0000003f9c500000)]
  0x00000230327ad3b0 JavaThread "pool-1-thread-194" [_thread_blocked, id=44872, stack(0x0000003f9c500000,0x0000003f9c600000)]
  0x00000230327ad8c0 JavaThread "pool-1-thread-195" [_thread_blocked, id=44776, stack(0x0000003f9c600000,0x0000003f9c700000)]
  0x00000230327aa110 JavaThread "pool-1-thread-196" [_thread_blocked, id=44784, stack(0x0000003f9c700000,0x0000003f9c800000)]
  0x00000230327aed00 JavaThread "pool-1-thread-197" [_thread_blocked, id=44880, stack(0x0000003f9c800000,0x0000003f9c900000)]
  0x00000230327b0b60 JavaThread "pool-1-thread-198" [_thread_blocked, id=44772, stack(0x0000003f9c900000,0x0000003f9ca00000)]
  0x00000230327addd0 JavaThread "pool-1-thread-199" [_thread_blocked, id=44828, stack(0x0000003f9ca00000,0x0000003f9cb00000)]
  0x00000230327ae2e0 JavaThread "pool-1-thread-200" [_thread_blocked, id=44844, stack(0x0000003f9cb00000,0x0000003f9cc00000)]
  0x00000230327b1070 JavaThread "AWT-Shutdown" [_thread_blocked, id=45200, stack(0x0000003f90200000,0x0000003f90300000)]

Other Threads:
=>0x0000022fdcad6c30 VMThread "VM Thread" [stack: 0x0000003f8df00000,0x0000003f8e000000] [id=42880]
  0x0000022fc0cccea0 GCTaskThread "GC Thread#0" [stack: 0x0000003f8da00000,0x0000003f8db00000] [id=45564]
  0x0000023022add3d0 GCTaskThread "GC Thread#1" [stack: 0x0000003f8f700000,0x0000003f8f800000] [id=44712]
  0x0000023022add690 GCTaskThread "GC Thread#2" [stack: 0x0000003f8f800000,0x0000003f8f900000] [id=41688]
  0x0000023022add950 GCTaskThread "GC Thread#3" [stack: 0x0000003f8f900000,0x0000003f8fa00000] [id=41732]
  0x0000023022addc10 GCTaskThread "GC Thread#4" [stack: 0x0000003f8fa00000,0x0000003f8fb00000] [id=45888]
  0x0000023022added0 GCTaskThread "GC Thread#5" [stack: 0x0000003f8fb00000,0x0000003f8fc00000] [id=45892]
  0x00000230244a1370 GCTaskThread "GC Thread#6" [stack: 0x0000003f8fc00000,0x0000003f8fd00000] [id=45672]
  0x00000230244a5640 GCTaskThread "GC Thread#7" [stack: 0x0000003f8fd00000,0x0000003f8fe00000] [id=45756]
  0x0000022fc0cd5d00 ConcurrentGCThread "G1 Main Marker" terminated
  0x0000022fc0cd6630 ConcurrentGCThread "G1 Conc#0" [stack: 0x0000003f8dc00000,0x0000003f8dd00000] [id=45452]
  0x0000023032c0fdd0 ConcurrentGCThread "G1 Conc#1" [stack: 0x0000003f9cc00000,0x0000003f9cd00000] [id=44780]
  0x0000022fc0d3e510 ConcurrentGCThread "G1 Refine#0" terminated
  0x0000022fdc99e0e0 ConcurrentGCThread "G1 Service" terminated

Threads with active compile tasks:

VM state: at safepoint (shutting down)

VM Mutex/Monitor currently owned by a thread:  ([mutex/lock_event])
[0x0000022fbe9ee650] Threads_lock - owner thread: 0x0000022fdcad6c30
[0x0000022fbe9ed450] Heap_lock - owner thread: 0x0000023024b788d0

Heap address: 0x00000000c0000000, size: 1024 MB, Compressed Oops mode: 32-bit

CDS archive(s) mapped at: [0x0000022fdd000000-0x0000022fddbb0000-0x0000022fddbb0000), size 12255232, SharedBaseAddress: 0x0000022fdd000000, ArchiveRelocationMode: 1.
Compressed class space mapped at: 0x0000022fde000000-0x000002301e000000, reserved size: 1073741824
Narrow klass base: 0x0000022fdd000000, Narrow klass shift: 0, Narrow klass range: 0x100000000

GC Precious Log:
 CPUs: 8 total, 8 available
 Memory: 7975M
 Large Page Support: Disabled
 NUMA Support: Disabled
 Compressed Oops: Enabled (32-bit)
 Heap Region Size: 1M
 Heap Min Capacity: 64M
 Heap Initial Capacity: 64M
 Heap Max Capacity: 1G
 Pre-touch: Disabled
 Parallel Workers: 8
 Concurrent Workers: 2
 Concurrent Refinement Workers: 8
 Periodic GC: Disabled

Heap:
 garbage-first heap   total 266240K, used 170091K [0x00000000c0000000, 0x0000000100000000)
  region size 1024K, 21 young (21504K), 1 survivors (1024K)
 Metaspace       used 12858K, committed 13056K, reserved 1114112K
  class space    used 918K, committed 1024K, reserved 1048576K

Heap Regions: E=young(eden), S=young(survivor), O=old, HS=humongous(starts), HC=humongous(continues), CS=collection set, F=free, OA=open archive, CA=closed archive, TAMS=top-at-mark-start (previous, next)
|   0|0x00000000c0000000, 0x00000000c0100000, 0x00000000c0100000|100%| O|  |TAMS 0x00000000c0100000, 0x00000000c0000000| Untracked 
|   1|0x00000000c0100000, 0x00000000c0200000, 0x00000000c0200000|100%| O|  |TAMS 0x00000000c0200000, 0x00000000c0100000| Untracked 
|   2|0x00000000c0200000, 0x00000000c0300000, 0x00000000c0300000|100%| O|  |TAMS 0x00000000c0300000, 0x00000000c0200000| Untracked 
|   3|0x00000000c0300000, 0x00000000c0400000, 0x00000000c0400000|100%| O|  |TAMS 0x00000000c0400000, 0x00000000c0300000| Untracked 
|   4|0x00000000c0400000, 0x00000000c0500000, 0x00000000c0500000|100%| O|  |TAMS 0x00000000c0500000, 0x00000000c0400000| Untracked 
|   5|0x00000000c0500000, 0x00000000c0600000, 0x00000000c0600000|100%| O|  |TAMS 0x00000000c0600000, 0x00000000c0500000| Untracked 
|   6|0x00000000c0600000, 0x00000000c0700000, 0x00000000c0700000|100%| O|  |TAMS 0x00000000c0700000, 0x00000000c0600000| Untracked 
|   7|0x00000000c0700000, 0x00000000c0800000, 0x00000000c0800000|100%| O|  |TAMS 0x00000000c0800000, 0x00000000c0700000| Untracked 
|   8|0x00000000c0800000, 0x00000000c0900000, 0x00000000c0900000|100%| O|  |TAMS 0x00000000c0900000, 0x00000000c0800000| Untracked 
|   9|0x00000000c0900000, 0x00000000c0a00000, 0x00000000c0a00000|100%| O|  |TAMS 0x00000000c0a00000, 0x00000000c0900000| Untracked 
|  10|0x00000000c0a00000, 0x00000000c0b00000, 0x00000000c0b00000|100%| O|  |TAMS 0x00000000c0b00000, 0x00000000c0a00000| Untracked 
|  11|0x00000000c0b00000, 0x00000000c0b00000, 0x00000000c0c00000|  0%| F|  |TAMS 0x00000000c0b00000, 0x00000000c0b00000| Untracked 
|  12|0x00000000c0c00000, 0x00000000c0c00000, 0x00000000c0d00000|  0%| F|  |TAMS 0x00000000c0c00000, 0x00000000c0c00000| Untracked 
|  13|0x00000000c0d00000, 0x00000000c0e00000, 0x00000000c0e00000|100%| O|  |TAMS 0x00000000c0e00000, 0x00000000c0d00000| Untracked 
|  14|0x00000000c0e00000, 0x00000000c0e00000, 0x00000000c0f00000|  0%| F|  |TAMS 0x00000000c0e00000, 0x00000000c0e00000| Untracked 
|  15|0x00000000c0f00000, 0x00000000c1000000, 0x00000000c1000000|100%| O|  |TAMS 0x00000000c1000000, 0x00000000c0f00000| Complete 
|  16|0x00000000c1000000, 0x00000000c1100000, 0x00000000c1100000|100%|HS|  |TAMS 0x00000000c1100000, 0x00000000c1000000| Complete 
|  17|0x00000000c1100000, 0x00000000c1200000, 0x00000000c1200000|100%|HS|  |TAMS 0x00000000c1200000, 0x00000000c1100000| Complete 
|  18|0x00000000c1200000, 0x00000000c1300000, 0x00000000c1300000|100%|HS|  |TAMS 0x00000000c1300000, 0x00000000c1200000| Complete 
|  19|0x00000000c1300000, 0x00000000c1400000, 0x00000000c1400000|100%|HS|  |TAMS 0x00000000c1400000, 0x00000000c1300000| Complete 
|  20|0x00000000c1400000, 0x00000000c1500000, 0x00000000c1500000|100%|HC|  |TAMS 0x00000000c1500000, 0x00000000c1400000| Complete 
|  21|0x00000000c1500000, 0x00000000c1600000, 0x00000000c1600000|100%|HC|  |TAMS 0x00000000c1600000, 0x00000000c1500000| Complete 
|  22|0x00000000c1600000, 0x00000000c1700000, 0x00000000c1700000|100%|HC|  |TAMS 0x00000000c1700000, 0x00000000c1600000| Complete 
|  23|0x00000000c1700000, 0x00000000c1800000, 0x00000000c1800000|100%|HC|  |TAMS 0x00000000c1800000, 0x00000000c1700000| Complete 
|  24|0x00000000c1800000, 0x00000000c1900000, 0x00000000c1900000|100%|HC|  |TAMS 0x00000000c1900000, 0x00000000c1800000| Complete 
|  25|0x00000000c1900000, 0x00000000c1a00000, 0x00000000c1a00000|100%|HC|  |TAMS 0x00000000c1a00000, 0x00000000c1900000| Complete 
|  26|0x00000000c1a00000, 0x00000000c1b00000, 0x00000000c1b00000|100%|HC|  |TAMS 0x00000000c1b00000, 0x00000000c1a00000| Complete 
|  27|0x00000000c1b00000, 0x00000000c1c00000, 0x00000000c1c00000|100%|HC|  |TAMS 0x00000000c1c00000, 0x00000000c1b00000| Complete 
|  28|0x00000000c1c00000, 0x00000000c1d00000, 0x00000000c1d00000|100%|HC|  |TAMS 0x00000000c1d00000, 0x00000000c1c00000| Complete 
|  29|0x00000000c1d00000, 0x00000000c1e00000, 0x00000000c1e00000|100%|HC|  |TAMS 0x00000000c1e00000, 0x00000000c1d00000| Complete 
|  30|0x00000000c1e00000, 0x00000000c1f00000, 0x00000000c1f00000|100%|HC|  |TAMS 0x00000000c1f00000, 0x00000000c1e00000| Complete 
|  31|0x00000000c1f00000, 0x00000000c2000000, 0x00000000c2000000|100%|HC|  |TAMS 0x00000000c2000000, 0x00000000c1f00000| Complete 
|  32|0x00000000c2000000, 0x00000000c2100000, 0x00000000c2100000|100%|HC|  |TAMS 0x00000000c2100000, 0x00000000c2000000| Complete 
|  33|0x00000000c2100000, 0x00000000c2200000, 0x00000000c2200000|100%|HC|  |TAMS 0x00000000c2200000, 0x00000000c2100000| Complete 
|  34|0x00000000c2200000, 0x00000000c2300000, 0x00000000c2300000|100%|HC|  |TAMS 0x00000000c2300000, 0x00000000c2200000| Complete 
|  35|0x00000000c2300000, 0x00000000c2400000, 0x00000000c2400000|100%|HC|  |TAMS 0x00000000c2400000, 0x00000000c2300000| Complete 
|  36|0x00000000c2400000, 0x00000000c2500000, 0x00000000c2500000|100%|HC|  |TAMS 0x00000000c2500000, 0x00000000c2400000| Complete 
|  37|0x00000000c2500000, 0x00000000c2600000, 0x00000000c2600000|100%|HC|  |TAMS 0x00000000c2600000, 0x00000000c2500000| Complete 
|  38|0x00000000c2600000, 0x00000000c2700000, 0x00000000c2700000|100%|HC|  |TAMS 0x00000000c2700000, 0x00000000c2600000| Complete 
|  39|0x00000000c2700000, 0x00000000c2800000, 0x00000000c2800000|100%|HC|  |TAMS 0x00000000c2800000, 0x00000000c2700000| Complete 
|  40|0x00000000c2800000, 0x00000000c2900000, 0x00000000c2900000|100%|HC|  |TAMS 0x00000000c2900000, 0x00000000c2800000| Complete 
|  41|0x00000000c2900000, 0x00000000c2a00000, 0x00000000c2a00000|100%|HC|  |TAMS 0x00000000c2a00000, 0x00000000c2900000| Complete 
|  42|0x00000000c2a00000, 0x00000000c2b00000, 0x00000000c2b00000|100%|HC|  |TAMS 0x00000000c2b00000, 0x00000000c2a00000| Complete 
|  43|0x00000000c2b00000, 0x00000000c2c00000, 0x00000000c2c00000|100%|HC|  |TAMS 0x00000000c2c00000, 0x00000000c2b00000| Complete 
|  44|0x00000000c2c00000, 0x00000000c2d00000, 0x00000000c2d00000|100%|HC|  |TAMS 0x00000000c2d00000, 0x00000000c2c00000| Complete 
|  45|0x00000000c2d00000, 0x00000000c2e00000, 0x00000000c2e00000|100%|HC|  |TAMS 0x00000000c2e00000, 0x00000000c2d00000| Complete 
|  46|0x00000000c2e00000, 0x00000000c2f00000, 0x00000000c2f00000|100%|HC|  |TAMS 0x00000000c2f00000, 0x00000000c2e00000| Complete 
|  47|0x00000000c2f00000, 0x00000000c3000000, 0x00000000c3000000|100%|HC|  |TAMS 0x00000000c3000000, 0x00000000c2f00000| Complete 
|  48|0x00000000c3000000, 0x00000000c3100000, 0x00000000c3100000|100%|HC|  |TAMS 0x00000000c3100000, 0x00000000c3000000| Complete 
|  49|0x00000000c3100000, 0x00000000c3200000, 0x00000000c3200000|100%|HC|  |TAMS 0x00000000c3200000, 0x00000000c3100000| Complete 
|  50|0x00000000c3200000, 0x00000000c3300000, 0x00000000c3300000|100%|HC|  |TAMS 0x00000000c3300000, 0x00000000c3200000| Complete 
|  51|0x00000000c3300000, 0x00000000c3400000, 0x00000000c3400000|100%|HC|  |TAMS 0x00000000c3400000, 0x00000000c3300000| Complete 
|  52|0x00000000c3400000, 0x00000000c3400000, 0x00000000c3500000|  0%| F|  |TAMS 0x00000000c3400000, 0x00000000c3400000| Untracked 
|  53|0x00000000c3500000, 0x00000000c3500000, 0x00000000c3600000|  0%| F|  |TAMS 0x00000000c3500000, 0x00000000c3500000| Untracked 
|  54|0x00000000c3600000, 0x00000000c3600000, 0x00000000c3700000|  0%| F|  |TAMS 0x00000000c3600000, 0x00000000c3600000| Untracked 
|  55|0x00000000c3700000, 0x00000000c3800000, 0x00000000c3800000|100%| O|  |TAMS 0x00000000c3800000, 0x00000000c3700000| Untracked 
|  56|0x00000000c3800000, 0x00000000c3900000, 0x00000000c3900000|100%| O|  |TAMS 0x00000000c3900000, 0x00000000c3800000| Untracked 
|  57|0x00000000c3900000, 0x00000000c39cf200, 0x00000000c3a00000| 80%| O|  |TAMS 0x00000000c39cf200, 0x00000000c3900000| Untracked 
|  58|0x00000000c3a00000, 0x00000000c3a00000, 0x00000000c3b00000|  0%| F|  |TAMS 0x00000000c3a00000, 0x00000000c3a00000| Untracked 
|  59|0x00000000c3b00000, 0x00000000c3b00000, 0x00000000c3c00000|  0%| F|  |TAMS 0x00000000c3b00000, 0x00000000c3b00000| Untracked 
|  60|0x00000000c3c00000, 0x00000000c3c00000, 0x00000000c3d00000|  0%| F|  |TAMS 0x00000000c3c00000, 0x00000000c3c00000| Untracked 
|  61|0x00000000c3d00000, 0x00000000c3d00000, 0x00000000c3e00000|  0%| F|  |TAMS 0x00000000c3d00000, 0x00000000c3d00000| Untracked 
|  62|0x00000000c3e00000, 0x00000000c3e00000, 0x00000000c3f00000|  0%| F|  |TAMS 0x00000000c3e00000, 0x00000000c3e00000| Untracked 
|  63|0x00000000c3f00000, 0x00000000c4000000, 0x00000000c4000000|100%|HS|  |TAMS 0x00000000c4000000, 0x00000000c3f00000| Complete 
|  64|0x00000000c4000000, 0x00000000c4100000, 0x00000000c4100000|100%|HC|  |TAMS 0x00000000c4100000, 0x00000000c4000000| Complete 
|  65|0x00000000c4100000, 0x00000000c4200000, 0x00000000c4200000|100%|HC|  |TAMS 0x00000000c4200000, 0x00000000c4100000| Complete 
|  66|0x00000000c4200000, 0x00000000c4300000, 0x00000000c4300000|100%|HC|  |TAMS 0x00000000c4300000, 0x00000000c4200000| Complete 
|  67|0x00000000c4300000, 0x00000000c4400000, 0x00000000c4400000|100%|HC|  |TAMS 0x00000000c4400000, 0x00000000c4300000| Complete 
|  68|0x00000000c4400000, 0x00000000c4500000, 0x00000000c4500000|100%|HC|  |TAMS 0x00000000c4500000, 0x00000000c4400000| Complete 
|  69|0x00000000c4500000, 0x00000000c4600000, 0x00000000c4600000|100%|HC|  |TAMS 0x00000000c4600000, 0x00000000c4500000| Complete 
|  70|0x00000000c4600000, 0x00000000c4700000, 0x00000000c4700000|100%|HC|  |TAMS 0x00000000c4700000, 0x00000000c4600000| Complete 
|  71|0x00000000c4700000, 0x00000000c4800000, 0x00000000c4800000|100%|HC|  |TAMS 0x00000000c4800000, 0x00000000c4700000| Complete 
|  72|0x00000000c4800000, 0x00000000c4900000, 0x00000000c4900000|100%|HS|  |TAMS 0x00000000c4900000, 0x00000000c4800000| Complete 
|  73|0x00000000c4900000, 0x00000000c4a00000, 0x00000000c4a00000|100%|HC|  |TAMS 0x00000000c4a00000, 0x00000000c4900000| Complete 
|  74|0x00000000c4a00000, 0x00000000c4b00000, 0x00000000c4b00000|100%|HC|  |TAMS 0x00000000c4b00000, 0x00000000c4a00000| Complete 
|  75|0x00000000c4b00000, 0x00000000c4c00000, 0x00000000c4c00000|100%|HC|  |TAMS 0x00000000c4c00000, 0x00000000c4b00000| Complete 
|  76|0x00000000c4c00000, 0x00000000c4d00000, 0x00000000c4d00000|100%|HC|  |TAMS 0x00000000c4d00000, 0x00000000c4c00000| Complete 
|  77|0x00000000c4d00000, 0x00000000c4e00000, 0x00000000c4e00000|100%|HC|  |TAMS 0x00000000c4e00000, 0x00000000c4d00000| Complete 
|  78|0x00000000c4e00000, 0x00000000c4f00000, 0x00000000c4f00000|100%|HC|  |TAMS 0x00000000c4f00000, 0x00000000c4e00000| Complete 
|  79|0x00000000c4f00000, 0x00000000c5000000, 0x00000000c5000000|100%|HC|  |TAMS 0x00000000c5000000, 0x00000000c4f00000| Complete 
|  80|0x00000000c5000000, 0x00000000c5100000, 0x00000000c5100000|100%|HC|  |TAMS 0x00000000c5100000, 0x00000000c5000000| Complete 
|  81|0x00000000c5100000, 0x00000000c5200000, 0x00000000c5200000|100%|HC|  |TAMS 0x00000000c5200000, 0x00000000c5100000| Complete 
|  82|0x00000000c5200000, 0x00000000c5300000, 0x00000000c5300000|100%|HC|  |TAMS 0x00000000c5300000, 0x00000000c5200000| Complete 
|  83|0x00000000c5300000, 0x00000000c5400000, 0x00000000c5400000|100%|HC|  |TAMS 0x00000000c5400000, 0x00000000c5300000| Complete 
|  84|0x00000000c5400000, 0x00000000c5500000, 0x00000000c5500000|100%|HC|  |TAMS 0x00000000c5500000, 0x00000000c5400000| Complete 
|  85|0x00000000c5500000, 0x00000000c5600000, 0x00000000c5600000|100%|HC|  |TAMS 0x00000000c5600000, 0x00000000c5500000| Complete 
|  86|0x00000000c5600000, 0x00000000c5700000, 0x00000000c5700000|100%|HC|  |TAMS 0x00000000c5700000, 0x00000000c5600000| Complete 
|  87|0x00000000c5700000, 0x00000000c5800000, 0x00000000c5800000|100%|HC|  |TAMS 0x00000000c5800000, 0x00000000c5700000| Complete 
|  88|0x00000000c5800000, 0x00000000c5900000, 0x00000000c5900000|100%|HC|  |TAMS 0x00000000c5900000, 0x00000000c5800000| Complete 
|  89|0x00000000c5900000, 0x00000000c5a00000, 0x00000000c5a00000|100%|HC|  |TAMS 0x00000000c5a00000, 0x00000000c5900000| Complete 
|  90|0x00000000c5a00000, 0x00000000c5b00000, 0x00000000c5b00000|100%|HC|  |TAMS 0x00000000c5b00000, 0x00000000c5a00000| Complete 
|  91|0x00000000c5b00000, 0x00000000c5c00000, 0x00000000c5c00000|100%|HC|  |TAMS 0x00000000c5c00000, 0x00000000c5b00000| Complete 
|  92|0x00000000c5c00000, 0x00000000c5d00000, 0x00000000c5d00000|100%|HC|  |TAMS 0x00000000c5d00000, 0x00000000c5c00000| Complete 
|  93|0x00000000c5d00000, 0x00000000c5e00000, 0x00000000c5e00000|100%|HC|  |TAMS 0x00000000c5e00000, 0x00000000c5d00000| Complete 
|  94|0x00000000c5e00000, 0x00000000c5f00000, 0x00000000c5f00000|100%|HC|  |TAMS 0x00000000c5f00000, 0x00000000c5e00000| Complete 
|  95|0x00000000c5f00000, 0x00000000c6000000, 0x00000000c6000000|100%|HC|  |TAMS 0x00000000c6000000, 0x00000000c5f00000| Complete 
|  96|0x00000000c6000000, 0x00000000c6100000, 0x00000000c6100000|100%|HC|  |TAMS 0x00000000c6100000, 0x00000000c6000000| Complete 
|  97|0x00000000c6100000, 0x00000000c6200000, 0x00000000c6200000|100%|HS|  |TAMS 0x00000000c6200000, 0x00000000c6100000| Complete 
|  98|0x00000000c6200000, 0x00000000c6300000, 0x00000000c6300000|100%|HC|  |TAMS 0x00000000c6300000, 0x00000000c6200000| Complete 
|  99|0x00000000c6300000, 0x00000000c6400000, 0x00000000c6400000|100%|HC|  |TAMS 0x00000000c6400000, 0x00000000c6300000| Complete 
| 100|0x00000000c6400000, 0x00000000c6500000, 0x00000000c6500000|100%|HC|  |TAMS 0x00000000c6500000, 0x00000000c6400000| Complete 
| 101|0x00000000c6500000, 0x00000000c6600000, 0x00000000c6600000|100%|HC|  |TAMS 0x00000000c6600000, 0x00000000c6500000| Complete 
| 102|0x00000000c6600000, 0x00000000c6700000, 0x00000000c6700000|100%|HC|  |TAMS 0x00000000c6700000, 0x00000000c6600000| Complete 
| 103|0x00000000c6700000, 0x00000000c6800000, 0x00000000c6800000|100%|HC|  |TAMS 0x00000000c6800000, 0x00000000c6700000| Complete 
| 104|0x00000000c6800000, 0x00000000c6900000, 0x00000000c6900000|100%|HC|  |TAMS 0x00000000c6900000, 0x00000000c6800000| Complete 
| 105|0x00000000c6900000, 0x00000000c6a00000, 0x00000000c6a00000|100%|HC|  |TAMS 0x00000000c6a00000, 0x00000000c6900000| Complete 
| 106|0x00000000c6a00000, 0x00000000c6b00000, 0x00000000c6b00000|100%|HC|  |TAMS 0x00000000c6b00000, 0x00000000c6a00000| Complete 
| 107|0x00000000c6b00000, 0x00000000c6c00000, 0x00000000c6c00000|100%|HC|  |TAMS 0x00000000c6c00000, 0x00000000c6b00000| Complete 
| 108|0x00000000c6c00000, 0x00000000c6d00000, 0x00000000c6d00000|100%|HC|  |TAMS 0x00000000c6d00000, 0x00000000c6c00000| Complete 
| 109|0x00000000c6d00000, 0x00000000c6e00000, 0x00000000c6e00000|100%|HC|  |TAMS 0x00000000c6e00000, 0x00000000c6d00000| Complete 
| 110|0x00000000c6e00000, 0x00000000c6f00000, 0x00000000c6f00000|100%|HC|  |TAMS 0x00000000c6f00000, 0x00000000c6e00000| Complete 
| 111|0x00000000c6f00000, 0x00000000c7000000, 0x00000000c7000000|100%|HC|  |TAMS 0x00000000c7000000, 0x00000000c6f00000| Complete 
| 112|0x00000000c7000000, 0x00000000c7100000, 0x00000000c7100000|100%|HC|  |TAMS 0x00000000c7100000, 0x00000000c7000000| Complete 
| 113|0x00000000c7100000, 0x00000000c7200000, 0x00000000c7200000|100%|HC|  |TAMS 0x00000000c7200000, 0x00000000c7100000| Complete 
| 114|0x00000000c7200000, 0x00000000c7300000, 0x00000000c7300000|100%|HS|  |TAMS 0x00000000c7300000, 0x00000000c7200000| Complete 
| 115|0x00000000c7300000, 0x00000000c7400000, 0x00000000c7400000|100%|HC|  |TAMS 0x00000000c7400000, 0x00000000c7300000| Complete 
| 116|0x00000000c7400000, 0x00000000c7500000, 0x00000000c7500000|100%|HC|  |TAMS 0x00000000c7500000, 0x00000000c7400000| Complete 
| 117|0x00000000c7500000, 0x00000000c7600000, 0x00000000c7600000|100%|HC|  |TAMS 0x00000000c7600000, 0x00000000c7500000| Complete 
| 118|0x00000000c7600000, 0x00000000c7700000, 0x00000000c7700000|100%|HC|  |TAMS 0x00000000c7700000, 0x00000000c7600000| Complete 
| 119|0x00000000c7700000, 0x00000000c7800000, 0x00000000c7800000|100%|HC|  |TAMS 0x00000000c7800000, 0x00000000c7700000| Complete 
| 120|0x00000000c7800000, 0x00000000c7900000, 0x00000000c7900000|100%|HC|  |TAMS 0x00000000c7900000, 0x00000000c7800000| Complete 
| 121|0x00000000c7900000, 0x00000000c7a00000, 0x00000000c7a00000|100%|HC|  |TAMS 0x00000000c7a00000, 0x00000000c7900000| Complete 
| 122|0x00000000c7a00000, 0x00000000c7b00000, 0x00000000c7b00000|100%|HC|  |TAMS 0x00000000c7b00000, 0x00000000c7a00000| Complete 
| 123|0x00000000c7b00000, 0x00000000c7c00000, 0x00000000c7c00000|100%|HS|  |TAMS 0x00000000c7c00000, 0x00000000c7b00000| Complete 
| 124|0x00000000c7c00000, 0x00000000c7d00000, 0x00000000c7d00000|100%|HC|  |TAMS 0x00000000c7d00000, 0x00000000c7c00000| Complete 
| 125|0x00000000c7d00000, 0x00000000c7e00000, 0x00000000c7e00000|100%|HC|  |TAMS 0x00000000c7e00000, 0x00000000c7d00000| Complete 
| 126|0x00000000c7e00000, 0x00000000c7f00000, 0x00000000c7f00000|100%|HC|  |TAMS 0x00000000c7f00000, 0x00000000c7e00000| Complete 
| 127|0x00000000c7f00000, 0x00000000c8000000, 0x00000000c8000000|100%|HC|  |TAMS 0x00000000c8000000, 0x00000000c7f00000| Complete 
| 128|0x00000000c8000000, 0x00000000c8100000, 0x00000000c8100000|100%|HC|  |TAMS 0x00000000c8100000, 0x00000000c8000000| Complete 
| 129|0x00000000c8100000, 0x00000000c8200000, 0x00000000c8200000|100%|HC|  |TAMS 0x00000000c8200000, 0x00000000c8100000| Complete 
| 130|0x00000000c8200000, 0x00000000c8300000, 0x00000000c8300000|100%|HC|  |TAMS 0x00000000c8300000, 0x00000000c8200000| Complete 
| 131|0x00000000c8300000, 0x00000000c8400000, 0x00000000c8400000|100%|HC|  |TAMS 0x00000000c8400000, 0x00000000c8300000| Complete 
| 132|0x00000000c8400000, 0x00000000c8500000, 0x00000000c8500000|100%|HS|  |TAMS 0x00000000c8500000, 0x00000000c8400000| Complete 
| 133|0x00000000c8500000, 0x00000000c8600000, 0x00000000c8600000|100%|HC|  |TAMS 0x00000000c8600000, 0x00000000c8500000| Complete 
| 134|0x00000000c8600000, 0x00000000c8700000, 0x00000000c8700000|100%|HC|  |TAMS 0x00000000c8700000, 0x00000000c8600000| Complete 
| 135|0x00000000c8700000, 0x00000000c8800000, 0x00000000c8800000|100%|HC|  |TAMS 0x00000000c8800000, 0x00000000c8700000| Complete 
| 136|0x00000000c8800000, 0x00000000c8900000, 0x00000000c8900000|100%|HC|  |TAMS 0x00000000c8900000, 0x00000000c8800000| Complete 
| 137|0x00000000c8900000, 0x00000000c8a00000, 0x00000000c8a00000|100%|HC|  |TAMS 0x00000000c8a00000, 0x00000000c8900000| Complete 
| 138|0x00000000c8a00000, 0x00000000c8b00000, 0x00000000c8b00000|100%|HC|  |TAMS 0x00000000c8b00000, 0x00000000c8a00000| Complete 
| 139|0x00000000c8b00000, 0x00000000c8c00000, 0x00000000c8c00000|100%|HC|  |TAMS 0x00000000c8c00000, 0x00000000c8b00000| Complete 
| 140|0x00000000c8c00000, 0x00000000c8d00000, 0x00000000c8d00000|100%|HC|  |TAMS 0x00000000c8d00000, 0x00000000c8c00000| Complete 
| 141|0x00000000c8d00000, 0x00000000c8e00000, 0x00000000c8e00000|100%|HS|  |TAMS 0x00000000c8e00000, 0x00000000c8d00000| Complete 
| 142|0x00000000c8e00000, 0x00000000c8f00000, 0x00000000c8f00000|100%|HC|  |TAMS 0x00000000c8f00000, 0x00000000c8e00000| Complete 
| 143|0x00000000c8f00000, 0x00000000c9000000, 0x00000000c9000000|100%|HC|  |TAMS 0x00000000c9000000, 0x00000000c8f00000| Complete 
| 144|0x00000000c9000000, 0x00000000c9100000, 0x00000000c9100000|100%|HC|  |TAMS 0x00000000c9100000, 0x00000000c9000000| Complete 
| 145|0x00000000c9100000, 0x00000000c9200000, 0x00000000c9200000|100%|HC|  |TAMS 0x00000000c9200000, 0x00000000c9100000| Complete 
| 146|0x00000000c9200000, 0x00000000c9300000, 0x00000000c9300000|100%|HC|  |TAMS 0x00000000c9300000, 0x00000000c9200000| Complete 
| 147|0x00000000c9300000, 0x00000000c9400000, 0x00000000c9400000|100%|HC|  |TAMS 0x00000000c9400000, 0x00000000c9300000| Complete 
| 148|0x00000000c9400000, 0x00000000c9500000, 0x00000000c9500000|100%|HC|  |TAMS 0x00000000c9500000, 0x00000000c9400000| Complete 
| 149|0x00000000c9500000, 0x00000000c9600000, 0x00000000c9600000|100%|HC|  |TAMS 0x00000000c9600000, 0x00000000c9500000| Complete 
| 150|0x00000000c9600000, 0x00000000c9700000, 0x00000000c9700000|100%|HS|  |TAMS 0x00000000c9700000, 0x00000000c9600000| Complete 
| 151|0x00000000c9700000, 0x00000000c9800000, 0x00000000c9800000|100%|HC|  |TAMS 0x00000000c9800000, 0x00000000c9700000| Complete 
| 152|0x00000000c9800000, 0x00000000c9900000, 0x00000000c9900000|100%|HC|  |TAMS 0x00000000c9900000, 0x00000000c9800000| Complete 
| 153|0x00000000c9900000, 0x00000000c9a00000, 0x00000000c9a00000|100%|HC|  |TAMS 0x00000000c9a00000, 0x00000000c9900000| Complete 
| 154|0x00000000c9a00000, 0x00000000c9b00000, 0x00000000c9b00000|100%|HC|  |TAMS 0x00000000c9b00000, 0x00000000c9a00000| Complete 
| 155|0x00000000c9b00000, 0x00000000c9c00000, 0x00000000c9c00000|100%|HC|  |TAMS 0x00000000c9c00000, 0x00000000c9b00000| Complete 
| 156|0x00000000c9c00000, 0x00000000c9d00000, 0x00000000c9d00000|100%|HC|  |TAMS 0x00000000c9d00000, 0x00000000c9c00000| Complete 
| 157|0x00000000c9d00000, 0x00000000c9e00000, 0x00000000c9e00000|100%|HC|  |TAMS 0x00000000c9e00000, 0x00000000c9d00000| Complete 
| 158|0x00000000c9e00000, 0x00000000c9f00000, 0x00000000c9f00000|100%|HC|  |TAMS 0x00000000c9f00000, 0x00000000c9e00000| Complete 
| 159|0x00000000c9f00000, 0x00000000c9f00000, 0x00000000ca000000|  0%| F|  |TAMS 0x00000000c9f00000, 0x00000000c9f00000| Untracked 
| 160|0x00000000ca000000, 0x00000000ca000000, 0x00000000ca100000|  0%| F|  |TAMS 0x00000000ca000000, 0x00000000ca000000| Untracked 
| 161|0x00000000ca100000, 0x00000000ca100000, 0x00000000ca200000|  0%| F|  |TAMS 0x00000000ca100000, 0x00000000ca100000| Untracked 
| 162|0x00000000ca200000, 0x00000000ca200000, 0x00000000ca300000|  0%| F|  |TAMS 0x00000000ca200000, 0x00000000ca200000| Untracked 
| 163|0x00000000ca300000, 0x00000000ca300000, 0x00000000ca400000|  0%| F|  |TAMS 0x00000000ca300000, 0x00000000ca300000| Untracked 
| 164|0x00000000ca400000, 0x00000000ca400000, 0x00000000ca500000|  0%| F|  |TAMS 0x00000000ca400000, 0x00000000ca400000| Untracked 
| 165|0x00000000ca500000, 0x00000000ca500000, 0x00000000ca600000|  0%| F|  |TAMS 0x00000000ca500000, 0x00000000ca500000| Untracked 
| 166|0x00000000ca600000, 0x00000000ca600000, 0x00000000ca700000|  0%| F|  |TAMS 0x00000000ca600000, 0x00000000ca600000| Untracked 
| 167|0x00000000ca700000, 0x00000000ca700000, 0x00000000ca800000|  0%| F|  |TAMS 0x00000000ca700000, 0x00000000ca700000| Untracked 
| 168|0x00000000ca800000, 0x00000000ca800000, 0x00000000ca900000|  0%| F|  |TAMS 0x00000000ca800000, 0x00000000ca800000| Untracked 
| 169|0x00000000ca900000, 0x00000000ca900000, 0x00000000caa00000|  0%| F|  |TAMS 0x00000000ca900000, 0x00000000ca900000| Untracked 
| 170|0x00000000caa00000, 0x00000000caa00000, 0x00000000cab00000|  0%| F|  |TAMS 0x00000000caa00000, 0x00000000caa00000| Untracked 
| 171|0x00000000cab00000, 0x00000000cab00000, 0x00000000cac00000|  0%| F|  |TAMS 0x00000000cab00000, 0x00000000cab00000| Untracked 
| 172|0x00000000cac00000, 0x00000000cac00000, 0x00000000cad00000|  0%| F|  |TAMS 0x00000000cac00000, 0x00000000cac00000| Untracked 
| 173|0x00000000cad00000, 0x00000000cad00000, 0x00000000cae00000|  0%| F|  |TAMS 0x00000000cad00000, 0x00000000cad00000| Untracked 
| 174|0x00000000cae00000, 0x00000000cae00000, 0x00000000caf00000|  0%| F|  |TAMS 0x00000000cae00000, 0x00000000cae00000| Untracked 
| 175|0x00000000caf00000, 0x00000000caf00000, 0x00000000cb000000|  0%| F|  |TAMS 0x00000000caf00000, 0x00000000caf00000| Untracked 
| 176|0x00000000cb000000, 0x00000000cb000000, 0x00000000cb100000|  0%| F|  |TAMS 0x00000000cb000000, 0x00000000cb000000| Untracked 
| 177|0x00000000cb100000, 0x00000000cb100000, 0x00000000cb200000|  0%| F|  |TAMS 0x00000000cb100000, 0x00000000cb100000| Untracked 
| 178|0x00000000cb200000, 0x00000000cb200000, 0x00000000cb300000|  0%| F|  |TAMS 0x00000000cb200000, 0x00000000cb200000| Untracked 
| 179|0x00000000cb300000, 0x00000000cb300000, 0x00000000cb400000|  0%| F|  |TAMS 0x00000000cb300000, 0x00000000cb300000| Untracked 
| 180|0x00000000cb400000, 0x00000000cb400000, 0x00000000cb500000|  0%| F|  |TAMS 0x00000000cb400000, 0x00000000cb400000| Untracked 
| 181|0x00000000cb500000, 0x00000000cb54ba00, 0x00000000cb600000| 29%| S|CS|TAMS 0x00000000cb500000, 0x00000000cb500000| Complete 
| 182|0x00000000cb600000, 0x00000000cb600000, 0x00000000cb700000|  0%| F|  |TAMS 0x00000000cb600000, 0x00000000cb600000| Untracked 
| 183|0x00000000cb700000, 0x00000000cb700000, 0x00000000cb800000|  0%| F|  |TAMS 0x00000000cb700000, 0x00000000cb700000| Untracked 
| 184|0x00000000cb800000, 0x00000000cb800000, 0x00000000cb900000|  0%| F|  |TAMS 0x00000000cb800000, 0x00000000cb800000| Untracked 
| 185|0x00000000cb900000, 0x00000000cb900000, 0x00000000cba00000|  0%| F|  |TAMS 0x00000000cb900000, 0x00000000cb900000| Untracked 
| 186|0x00000000cba00000, 0x00000000cba00000, 0x00000000cbb00000|  0%| F|  |TAMS 0x00000000cba00000, 0x00000000cba00000| Untracked 
| 187|0x00000000cbb00000, 0x00000000cbb00000, 0x00000000cbc00000|  0%| F|  |TAMS 0x00000000cbb00000, 0x00000000cbb00000| Untracked 
| 188|0x00000000cbc00000, 0x00000000cbc00000, 0x00000000cbd00000|  0%| F|  |TAMS 0x00000000cbc00000, 0x00000000cbc00000| Untracked 
| 189|0x00000000cbd00000, 0x00000000cbd00000, 0x00000000cbe00000|  0%| F|  |TAMS 0x00000000cbd00000, 0x00000000cbd00000| Untracked 
| 190|0x00000000cbe00000, 0x00000000cbe00000, 0x00000000cbf00000|  0%| F|  |TAMS 0x00000000cbe00000, 0x00000000cbe00000| Untracked 
| 191|0x00000000cbf00000, 0x00000000cbf00000, 0x00000000cc000000|  0%| F|  |TAMS 0x00000000cbf00000, 0x00000000cbf00000| Untracked 
| 192|0x00000000cc000000, 0x00000000cc000000, 0x00000000cc100000|  0%| F|  |TAMS 0x00000000cc000000, 0x00000000cc000000| Untracked 
| 193|0x00000000cc100000, 0x00000000cc100000, 0x00000000cc200000|  0%| F|  |TAMS 0x00000000cc100000, 0x00000000cc100000| Untracked 
| 194|0x00000000cc200000, 0x00000000cc200000, 0x00000000cc300000|  0%| F|  |TAMS 0x00000000cc200000, 0x00000000cc200000| Untracked 
| 195|0x00000000cc300000, 0x00000000cc300000, 0x00000000cc400000|  0%| F|  |TAMS 0x00000000cc300000, 0x00000000cc300000| Untracked 
| 196|0x00000000cc400000, 0x00000000cc400000, 0x00000000cc500000|  0%| F|  |TAMS 0x00000000cc400000, 0x00000000cc400000| Untracked 
| 197|0x00000000cc500000, 0x00000000cc500000, 0x00000000cc600000|  0%| F|  |TAMS 0x00000000cc500000, 0x00000000cc500000| Untracked 
| 198|0x00000000cc600000, 0x00000000cc600000, 0x00000000cc700000|  0%| F|  |TAMS 0x00000000cc600000, 0x00000000cc600000| Untracked 
| 199|0x00000000cc700000, 0x00000000cc700000, 0x00000000cc800000|  0%| F|  |TAMS 0x00000000cc700000, 0x00000000cc700000| Untracked 
| 200|0x00000000cc800000, 0x00000000cc800000, 0x00000000cc900000|  0%| F|  |TAMS 0x00000000cc800000, 0x00000000cc800000| Untracked 
| 201|0x00000000cc900000, 0x00000000cc900000, 0x00000000cca00000|  0%| F|  |TAMS 0x00000000cc900000, 0x00000000cc900000| Untracked 
| 202|0x00000000cca00000, 0x00000000cca00000, 0x00000000ccb00000|  0%| F|  |TAMS 0x00000000cca00000, 0x00000000cca00000| Untracked 
| 203|0x00000000ccb00000, 0x00000000ccb00000, 0x00000000ccc00000|  0%| F|  |TAMS 0x00000000ccb00000, 0x00000000ccb00000| Untracked 
| 204|0x00000000ccc00000, 0x00000000ccc00000, 0x00000000ccd00000|  0%| F|  |TAMS 0x00000000ccc00000, 0x00000000ccc00000| Untracked 
| 205|0x00000000ccd00000, 0x00000000ccd00000, 0x00000000cce00000|  0%| F|  |TAMS 0x00000000ccd00000, 0x00000000ccd00000| Untracked 
| 206|0x00000000cce00000, 0x00000000cce00000, 0x00000000ccf00000|  0%| F|  |TAMS 0x00000000cce00000, 0x00000000cce00000| Untracked 
| 207|0x00000000ccf00000, 0x00000000ccf00000, 0x00000000cd000000|  0%| F|  |TAMS 0x00000000ccf00000, 0x00000000ccf00000| Untracked 
| 208|0x00000000cd000000, 0x00000000cd000000, 0x00000000cd100000|  0%| F|  |TAMS 0x00000000cd000000, 0x00000000cd000000| Untracked 
| 209|0x00000000cd100000, 0x00000000cd100000, 0x00000000cd200000|  0%| F|  |TAMS 0x00000000cd100000, 0x00000000cd100000| Untracked 
| 210|0x00000000cd200000, 0x00000000cd200000, 0x00000000cd300000|  0%| F|  |TAMS 0x00000000cd200000, 0x00000000cd200000| Untracked 
| 211|0x00000000cd300000, 0x00000000cd300000, 0x00000000cd400000|  0%| F|  |TAMS 0x00000000cd300000, 0x00000000cd300000| Untracked 
| 212|0x00000000cd400000, 0x00000000cd400000, 0x00000000cd500000|  0%| F|  |TAMS 0x00000000cd400000, 0x00000000cd400000| Untracked 
| 213|0x00000000cd500000, 0x00000000cd500000, 0x00000000cd600000|  0%| F|  |TAMS 0x00000000cd500000, 0x00000000cd500000| Untracked 
| 214|0x00000000cd600000, 0x00000000cd600000, 0x00000000cd700000|  0%| F|  |TAMS 0x00000000cd600000, 0x00000000cd600000| Untracked 
| 215|0x00000000cd700000, 0x00000000cd700000, 0x00000000cd800000|  0%| F|  |TAMS 0x00000000cd700000, 0x00000000cd700000| Untracked 
| 216|0x00000000cd800000, 0x00000000cd800000, 0x00000000cd900000|  0%| F|  |TAMS 0x00000000cd800000, 0x00000000cd800000| Untracked 
| 217|0x00000000cd900000, 0x00000000cd900000, 0x00000000cda00000|  0%| F|  |TAMS 0x00000000cd900000, 0x00000000cd900000| Untracked 
| 218|0x00000000cda00000, 0x00000000cda00000, 0x00000000cdb00000|  0%| F|  |TAMS 0x00000000cda00000, 0x00000000cda00000| Untracked 
| 219|0x00000000cdb00000, 0x00000000cdb00000, 0x00000000cdc00000|  0%| F|  |TAMS 0x00000000cdb00000, 0x00000000cdb00000| Untracked 
| 220|0x00000000cdc00000, 0x00000000cdc00000, 0x00000000cdd00000|  0%| F|  |TAMS 0x00000000cdc00000, 0x00000000cdc00000| Untracked 
| 221|0x00000000cdd00000, 0x00000000cdd00000, 0x00000000cde00000|  0%| F|  |TAMS 0x00000000cdd00000, 0x00000000cdd00000| Untracked 
| 222|0x00000000cde00000, 0x00000000cde00000, 0x00000000cdf00000|  0%| F|  |TAMS 0x00000000cde00000, 0x00000000cde00000| Untracked 
| 223|0x00000000cdf00000, 0x00000000cdf00000, 0x00000000ce000000|  0%| F|  |TAMS 0x00000000cdf00000, 0x00000000cdf00000| Untracked 
| 224|0x00000000ce000000, 0x00000000ce000000, 0x00000000ce100000|  0%| F|  |TAMS 0x00000000ce000000, 0x00000000ce000000| Untracked 
| 225|0x00000000ce100000, 0x00000000ce100000, 0x00000000ce200000|  0%| F|  |TAMS 0x00000000ce100000, 0x00000000ce100000| Untracked 
| 226|0x00000000ce200000, 0x00000000ce200000, 0x00000000ce300000|  0%| F|  |TAMS 0x00000000ce200000, 0x00000000ce200000| Untracked 
| 227|0x00000000ce300000, 0x00000000ce300000, 0x00000000ce400000|  0%| F|  |TAMS 0x00000000ce300000, 0x00000000ce300000| Untracked 
| 228|0x00000000ce400000, 0x00000000ce400000, 0x00000000ce500000|  0%| F|  |TAMS 0x00000000ce400000, 0x00000000ce400000| Untracked 
| 229|0x00000000ce500000, 0x00000000ce500000, 0x00000000ce600000|  0%| F|  |TAMS 0x00000000ce500000, 0x00000000ce500000| Untracked 
| 230|0x00000000ce600000, 0x00000000ce600000, 0x00000000ce700000|  0%| F|  |TAMS 0x00000000ce600000, 0x00000000ce600000| Untracked 
| 231|0x00000000ce700000, 0x00000000ce700000, 0x00000000ce800000|  0%| F|  |TAMS 0x00000000ce700000, 0x00000000ce700000| Untracked 
| 232|0x00000000ce800000, 0x00000000ce800000, 0x00000000ce900000|  0%| F|  |TAMS 0x00000000ce800000, 0x00000000ce800000| Untracked 
| 233|0x00000000ce900000, 0x00000000ce900000, 0x00000000cea00000|  0%| F|  |TAMS 0x00000000ce900000, 0x00000000ce900000| Untracked 
| 234|0x00000000cea00000, 0x00000000cea00000, 0x00000000ceb00000|  0%| F|  |TAMS 0x00000000cea00000, 0x00000000cea00000| Untracked 
| 235|0x00000000ceb00000, 0x00000000ceb00000, 0x00000000cec00000|  0%| F|  |TAMS 0x00000000ceb00000, 0x00000000ceb00000| Untracked 
| 236|0x00000000cec00000, 0x00000000cec00000, 0x00000000ced00000|  0%| F|  |TAMS 0x00000000cec00000, 0x00000000cec00000| Untracked 
| 237|0x00000000ced00000, 0x00000000ced00000, 0x00000000cee00000|  0%| F|  |TAMS 0x00000000ced00000, 0x00000000ced00000| Untracked 
| 238|0x00000000cee00000, 0x00000000cee00000, 0x00000000cef00000|  0%| F|  |TAMS 0x00000000cee00000, 0x00000000cee00000| Untracked 
| 239|0x00000000cef00000, 0x00000000cef00000, 0x00000000cf000000|  0%| F|  |TAMS 0x00000000cef00000, 0x00000000cef00000| Untracked 
| 240|0x00000000cf000000, 0x00000000cf00dd28, 0x00000000cf100000|  5%| E|  |TAMS 0x00000000cf000000, 0x00000000cf000000| Complete 
| 241|0x00000000cf100000, 0x00000000cf200000, 0x00000000cf200000|100%| E|  |TAMS 0x00000000cf100000, 0x00000000cf100000| Complete 
| 242|0x00000000cf200000, 0x00000000cf300000, 0x00000000cf300000|100%| E|CS|TAMS 0x00000000cf200000, 0x00000000cf200000| Complete 
| 243|0x00000000cf300000, 0x00000000cf400000, 0x00000000cf400000|100%| E|CS|TAMS 0x00000000cf300000, 0x00000000cf300000| Complete 
| 244|0x00000000cf400000, 0x00000000cf500000, 0x00000000cf500000|100%| E|CS|TAMS 0x00000000cf400000, 0x00000000cf400000| Complete 
| 245|0x00000000cf500000, 0x00000000cf600000, 0x00000000cf600000|100%| E|CS|TAMS 0x00000000cf500000, 0x00000000cf500000| Complete 
| 246|0x00000000cf600000, 0x00000000cf700000, 0x00000000cf700000|100%| E|CS|TAMS 0x00000000cf600000, 0x00000000cf600000| Complete 
| 247|0x00000000cf700000, 0x00000000cf800000, 0x00000000cf800000|100%| E|CS|TAMS 0x00000000cf700000, 0x00000000cf700000| Complete 
| 248|0x00000000cf800000, 0x00000000cf900000, 0x00000000cf900000|100%| E|CS|TAMS 0x00000000cf800000, 0x00000000cf800000| Complete 
| 249|0x00000000cf900000, 0x00000000cfa00000, 0x00000000cfa00000|100%| E|CS|TAMS 0x00000000cf900000, 0x00000000cf900000| Complete 
| 250|0x00000000cfa00000, 0x00000000cfb00000, 0x00000000cfb00000|100%| E|CS|TAMS 0x00000000cfa00000, 0x00000000cfa00000| Complete 
| 251|0x00000000cfb00000, 0x00000000cfc00000, 0x00000000cfc00000|100%| E|CS|TAMS 0x00000000cfb00000, 0x00000000cfb00000| Complete 
| 252|0x00000000cfc00000, 0x00000000cfd00000, 0x00000000cfd00000|100%| E|CS|TAMS 0x00000000cfc00000, 0x00000000cfc00000| Complete 
| 253|0x00000000cfd00000, 0x00000000cfe00000, 0x00000000cfe00000|100%| E|CS|TAMS 0x00000000cfd00000, 0x00000000cfd00000| Complete 
| 254|0x00000000cfe00000, 0x00000000cff00000, 0x00000000cff00000|100%| E|CS|TAMS 0x00000000cfe00000, 0x00000000cfe00000| Complete 
| 255|0x00000000cff00000, 0x00000000d0000000, 0x00000000d0000000|100%| E|CS|TAMS 0x00000000cff00000, 0x00000000cff00000| Complete 
| 256|0x00000000d0000000, 0x00000000d0100000, 0x00000000d0100000|100%| E|CS|TAMS 0x00000000d0000000, 0x00000000d0000000| Complete 
| 257|0x00000000d0100000, 0x00000000d0200000, 0x00000000d0200000|100%| E|CS|TAMS 0x00000000d0100000, 0x00000000d0100000| Complete 
| 258|0x00000000d0200000, 0x00000000d0300000, 0x00000000d0300000|100%| E|CS|TAMS 0x00000000d0200000, 0x00000000d0200000| Complete 
| 259|0x00000000d0300000, 0x00000000d0400000, 0x00000000d0400000|100%| E|CS|TAMS 0x00000000d0300000, 0x00000000d0300000| Complete 

Card table byte_map: [0x0000022fd7cf0000,0x0000022fd7ef0000] _byte_map_base: 0x0000022fd76f0000

Marking Bits (Prev, Next): (CMBitMap*) 0x0000022fc0ccd3d0, (CMBitMap*) 0x0000022fc0ccd410
 Prev Bits: [0x0000022fd80f0000, 0x0000022fd90f0000)
 Next Bits: [0x0000022fd90f0000, 0x0000022fda0f0000)

Polling page: 0x0000022fbeba0000

Metaspace:

Usage:
  Non-class:     11.66 MB used.
      Class:    918.72 KB used.
       Both:     12.56 MB used.

Virtual space:
  Non-class space:       64.00 MB reserved,      11.75 MB ( 18%) committed,  1 nodes.
      Class space:        1.00 GB reserved,       1.00 MB ( <1%) committed,  1 nodes.
             Both:        1.06 GB reserved,      12.75 MB (  1%) committed. 

Chunk freelists:
   Non-Class:  4.08 MB
       Class:  14.91 MB
        Both:  18.99 MB

MaxMetaspaceSize: unlimited
CompressedClassSpaceSize: 1.00 GB
Initial GC threshold: 21.00 MB
Current GC threshold: 21.00 MB
CDS: on
MetaspaceReclaimPolicy: balanced
 - commit_granule_bytes: 65536.
 - commit_granule_words: 8192.
 - virtual_space_node_default_size: 8388608.
 - enlarge_chunks_in_place: 1.
 - new_chunks_are_fully_committed: 0.
 - uncommit_free_chunks: 1.
 - use_allocation_guard: 0.
 - handle_deallocations: 1.


Internal statistics:

num_allocs_failed_limit: 0.
num_arena_births: 106.
num_arena_deaths: 0.
num_vsnodes_births: 2.
num_vsnodes_deaths: 0.
num_space_committed: 200.
num_space_uncommitted: 0.
num_chunks_returned_to_freelist: 0.
num_chunks_taken_from_freelist: 383.
num_chunk_merges: 0.
num_chunk_splits: 300.
num_chunks_enlarged: 238.
num_inconsistent_stats: 0.

CodeHeap 'non-profiled nmethods': size=120000Kb used=837Kb max_used=837Kb free=119162Kb
 bounds [0x0000022fd0290000, 0x0000022fd0500000, 0x0000022fd77c0000]
CodeHeap 'profiled nmethods': size=120000Kb used=2818Kb max_used=2818Kb free=117181Kb
 bounds [0x0000022fc87c0000, 0x0000022fc8a90000, 0x0000022fcfcf0000]
CodeHeap 'non-nmethods': size=5760Kb used=1613Kb max_used=1656Kb free=4146Kb
 bounds [0x0000022fcfcf0000, 0x0000022fcff60000, 0x0000022fd0290000]
 total_blobs=2479 nmethods=1541 adapters=851
 compilation: enabled
              stopped_count=0, restarted_count=0
 full_count=0

Compilation events (20 events):
Event: 5.971 Thread 0x0000022fdcafb810 1528       3       processing.opengl.PGraphicsOpenGL$TessGeometry::clear (112 bytes)
Event: 5.971 Thread 0x0000022fdcafb810 nmethod 1528 0x0000022fc8a7df10 code [0x0000022fc8a7e0c0, 0x0000022fc8a7e3d8]
Event: 5.971 Thread 0x0000022fdcafb810 1530       3       processing.opengl.PGraphicsOpenGL$TexCache::clear (24 bytes)
Event: 5.971 Thread 0x0000022fdcafb810 nmethod 1530 0x0000022fc8a7e510 code [0x0000022fc8a7e6e0, 0x0000022fc8a7eb08]
Event: 6.042 Thread 0x0000022fdcafb810 1532       3       processing.opengl.PGraphicsOpenGL::report (46 bytes)
Event: 6.043 Thread 0x0000022fdcafb810 nmethod 1532 0x0000022fc8a7ec90 code [0x0000022fc8a7ee80, 0x0000022fc8a7f358]
Event: 6.043 Thread 0x0000022fdcafb810 1531       1       processing.opengl.PGraphicsOpenGL::setCurrentPG (6 bytes)
Event: 6.043 Thread 0x0000022fdcafb810 nmethod 1531 0x0000022fd0360090 code [0x0000022fd0360220, 0x0000022fd0360338]
Event: 6.109 Thread 0x0000022fdcafb810 1533       1       java.nio.DirectShortBufferU::isDirect (2 bytes)
Event: 6.109 Thread 0x0000022fdcafb810 nmethod 1533 0x0000022fd0360390 code [0x0000022fd0360520, 0x0000022fd03605f8]
Event: 6.315 Thread 0x0000022fdcafb810 1537       3       jdk.internal.misc.Unsafe::checkNativeAddress (28 bytes)
Event: 6.316 Thread 0x0000022fdcafb810 nmethod 1537 0x0000022fc8a7f690 code [0x0000022fc8a7f820, 0x0000022fc8a7f938]
Event: 6.372 Thread 0x0000022fdcafb810 1538       3       java.lang.Thread::checkAccess (14 bytes)
Event: 6.372 Thread 0x0000022fdcafb810 nmethod 1538 0x0000022fc8a7fa10 code [0x0000022fc8a7fbc0, 0x0000022fc8a7fec8]
Event: 6.403 Thread 0x0000022fdcaf8c30 1539 %     4       java.lang.StringCoding::hasNegatives @ 2 (25 bytes)
Event: 6.405 Thread 0x0000022fdcaf8c30 nmethod 1539% 0x0000022fd0361290 code [0x0000022fd0361420, 0x0000022fd0361638]
Event: 6.485 Thread 0x0000022fdcafb810 1540       3       jdk.internal.misc.Unsafe::getAndAddLong (27 bytes)
Event: 6.485 Thread 0x0000022fdcafb810 nmethod 1540 0x0000022fc8a80010 code [0x0000022fc8a801c0, 0x0000022fc8a80408]
Event: 6.485 Thread 0x0000022fdcafb810 1541       3       jdk.internal.misc.Unsafe::weakCompareAndSetLong (11 bytes)
Event: 6.485 Thread 0x0000022fdcafb810 nmethod 1541 0x0000022fc8a80510 code [0x0000022fc8a806a0, 0x0000022fc8a807d8]

GC Heap History (20 events):
Event: 1.636 GC heap before
{Heap before GC invocations=6 (full 0):
 garbage-first heap   total 155648K, used 107734K [0x00000000c0000000, 0x0000000100000000)
  region size 1024K, 2 young (2048K), 1 survivors (1024K)
 Metaspace       used 12540K, committed 12736K, reserved 1114112K
  class space    used 905K, committed 1024K, reserved 1048576K
}
Event: 1.636 GC heap after
{Heap after GC invocations=7 (full 0):
 garbage-first heap   total 155648K, used 107739K [0x00000000c0000000, 0x0000000100000000)
  region size 1024K, 1 young (1024K), 1 survivors (1024K)
 Metaspace       used 12540K, committed 12736K, reserved 1114112K
  class space    used 905K, committed 1024K, reserved 1048576K
}
Event: 1.653 GC heap before
{Heap before GC invocations=8 (full 0):
 garbage-first heap   total 230400K, used 144603K [0x00000000c0000000, 0x0000000100000000)
  region size 1024K, 2 young (2048K), 1 survivors (1024K)
 Metaspace       used 12540K, committed 12736K, reserved 1114112K
  class space    used 905K, committed 1024K, reserved 1048576K
}
Event: 1.654 GC heap after
{Heap after GC invocations=9 (full 0):
 garbage-first heap   total 230400K, used 144599K [0x00000000c0000000, 0x0000000100000000)
  region size 1024K, 1 young (1024K), 1 survivors (1024K)
 Metaspace       used 12540K, committed 12736K, reserved 1114112K
  class space    used 905K, committed 1024K, reserved 1048576K
}
Event: 2.026 GC heap before
{Heap before GC invocations=10 (full 0):
 garbage-first heap   total 261120K, used 200919K [0x00000000c0000000, 0x0000000100000000)
  region size 1024K, 47 young (48128K), 1 survivors (1024K)
 Metaspace       used 12758K, committed 12992K, reserved 1114112K
  class space    used 913K, committed 1024K, reserved 1048576K
}
Event: 2.027 GC heap after
{Heap after GC invocations=11 (full 0):
 garbage-first heap   total 261120K, used 153931K [0x00000000c0000000, 0x0000000100000000)
  region size 1024K, 1 young (1024K), 1 survivors (1024K)
 Metaspace       used 12758K, committed 12992K, reserved 1114112K
  class space    used 913K, committed 1024K, reserved 1048576K
}
Event: 2.585 GC heap before
{Heap before GC invocations=11 (full 0):
 garbage-first heap   total 261120K, used 222539K [0x00000000c0000000, 0x0000000100000000)
  region size 1024K, 68 young (69632K), 1 survivors (1024K)
 Metaspace       used 12769K, committed 12992K, reserved 1114112K
  class space    used 913K, committed 1024K, reserved 1048576K
}
Event: 2.587 GC heap after
{Heap after GC invocations=12 (full 0):
 garbage-first heap   total 261120K, used 157312K [0x00000000c0000000, 0x0000000100000000)
  region size 1024K, 4 young (4096K), 4 survivors (4096K)
 Metaspace       used 12769K, committed 12992K, reserved 1114112K
  class space    used 913K, committed 1024K, reserved 1048576K
}
Event: 3.243 GC heap before
{Heap before GC invocations=13 (full 0):
 garbage-first heap   total 266240K, used 222848K [0x00000000c0000000, 0x0000000100000000)
  region size 1024K, 69 young (70656K), 4 survivors (4096K)
 Metaspace       used 12772K, committed 12992K, reserved 1114112K
  class space    used 913K, committed 1024K, reserved 1048576K
}
Event: 3.244 GC heap after
{Heap after GC invocations=14 (full 0):
 garbage-first heap   total 266240K, used 154262K [0x00000000c0000000, 0x0000000100000000)
  region size 1024K, 2 young (2048K), 2 survivors (2048K)
 Metaspace       used 12772K, committed 12992K, reserved 1114112K
  class space    used 913K, committed 1024K, reserved 1048576K
}
Event: 3.372 GC heap before
{Heap before GC invocations=14 (full 0):
 garbage-first heap   total 266240K, used 165526K [0x00000000c0000000, 0x0000000100000000)
  region size 1024K, 13 young (13312K), 2 survivors (2048K)
 Metaspace       used 12772K, committed 12992K, reserved 1114112K
  class space    used 913K, committed 1024K, reserved 1048576K
}
Event: 3.373 GC heap after
{Heap after GC invocations=15 (full 0):
 garbage-first heap   total 266240K, used 152383K [0x00000000c0000000, 0x0000000100000000)
  region size 1024K, 1 young (1024K), 1 survivors (1024K)
 Metaspace       used 12772K, committed 12992K, reserved 1114112K
  class space    used 913K, committed 1024K, reserved 1048576K
}
Event: 4.222 GC heap before
{Heap before GC invocations=15 (full 0):
 garbage-first heap   total 266240K, used 231231K [0x00000000c0000000, 0x0000000100000000)
  region size 1024K, 78 young (79872K), 1 survivors (1024K)
 Metaspace       used 12778K, committed 12992K, reserved 1114112K
  class space    used 913K, committed 1024K, reserved 1048576K
}
Event: 4.224 GC heap after
{Heap after GC invocations=16 (full 0):
 garbage-first heap   total 266240K, used 156865K [0x00000000c0000000, 0x0000000100000000)
  region size 1024K, 5 young (5120K), 5 survivors (5120K)
 Metaspace       used 12778K, committed 12992K, reserved 1114112K
  class space    used 913K, committed 1024K, reserved 1048576K
}
Event: 5.121 GC heap before
{Heap before GC invocations=17 (full 0):
 garbage-first heap   total 266240K, used 229569K [0x00000000c0000000, 0x0000000100000000)
  region size 1024K, 76 young (77824K), 5 survivors (5120K)
 Metaspace       used 12793K, committed 12992K, reserved 1114112K
  class space    used 913K, committed 1024K, reserved 1048576K
}
Event: 5.122 GC heap after
{Heap after GC invocations=18 (full 0):
 garbage-first heap   total 266240K, used 154085K [0x00000000c0000000, 0x0000000100000000)
  region size 1024K, 2 young (2048K), 2 survivors (2048K)
 Metaspace       used 12793K, committed 12992K, reserved 1114112K
  class space    used 913K, committed 1024K, reserved 1048576K
}
Event: 5.260 GC heap before
{Heap before GC invocations=18 (full 0):
 garbage-first heap   total 266240K, used 165349K [0x00000000c0000000, 0x0000000100000000)
  region size 1024K, 13 young (13312K), 2 survivors (2048K)
 Metaspace       used 12799K, committed 12992K, reserved 1114112K
  class space    used 913K, committed 1024K, reserved 1048576K
}
Event: 5.261 GC heap after
{Heap after GC invocations=19 (full 0):
 garbage-first heap   total 266240K, used 152953K [0x00000000c0000000, 0x0000000100000000)
  region size 1024K, 2 young (2048K), 2 survivors (2048K)
 Metaspace       used 12799K, committed 12992K, reserved 1114112K
  class space    used 913K, committed 1024K, reserved 1048576K
}
Event: 6.247 GC heap before
{Heap before GC invocations=19 (full 0):
 garbage-first heap   total 266240K, used 230777K [0x00000000c0000000, 0x0000000100000000)
  region size 1024K, 78 young (79872K), 2 survivors (2048K)
 Metaspace       used 12807K, committed 12992K, reserved 1114112K
  class space    used 913K, committed 1024K, reserved 1048576K
}
Event: 6.248 GC heap after
{Heap after GC invocations=20 (full 0):
 garbage-first heap   total 266240K, used 151659K [0x00000000c0000000, 0x0000000100000000)
  region size 1024K, 1 young (1024K), 1 survivors (1024K)
 Metaspace       used 12807K, committed 12992K, reserved 1114112K
  class space    used 913K, committed 1024K, reserved 1048576K
}

Dll operation events (14 events):
Event: 0.006 Loaded shared library C:\Program Files\Processing\app\resources\jdk-17.0.14+7\bin\java.dll
Event: 0.016 Loaded shared library C:\Program Files\Processing\app\resources\jdk-17.0.14+7\bin\jsvml.dll
Event: 0.087 Loaded shared library C:\Program Files\Processing\app\resources\jdk-17.0.14+7\bin\net.dll
Event: 0.088 Loaded shared library C:\Program Files\Processing\app\resources\jdk-17.0.14+7\bin\nio.dll
Event: 0.089 Loaded shared library C:\Program Files\Processing\app\resources\jdk-17.0.14+7\bin\zip.dll
Event: 0.125 Loaded shared library C:\Program Files\Processing\app\resources\jdk-17.0.14+7\bin\jimage.dll
Event: 0.128 Loaded shared library C:\Program Files\Processing\app\resources\jdk-17.0.14+7\bin\awt.dll
Event: 0.380 Loaded shared library C:\Users\danil\AppData\Local\Temp\jogamp_0000\file_cache\jln16285481113658439463\jln17046887515019015616\natives\windows-amd64\gluegen_rt.dll
Event: 0.387 Loaded shared library C:\Program Files\Processing\app\resources\jdk-17.0.14+7\bin\jawt.dll
Event: 0.396 Loaded shared library C:\Users\danil\AppData\Local\Temp\jogamp_0000\file_cache\jln16285481113658439463\jln17046887515019015616\natives\windows-amd64\nativewindow_awt.dll
Event: 0.421 Loaded shared library C:\Users\danil\AppData\Local\Temp\jogamp_0000\file_cache\jln16285481113658439463\jln17046887515019015616\natives\windows-amd64\nativewindow_win32.dll
Event: 0.512 Loaded shared library C:\Users\danil\AppData\Local\Temp\jogamp_0000\file_cache\jln16285481113658439463\jln17046887515019015616\natives\windows-amd64\jogl_desktop.dll
Event: 0.674 Loaded shared library C:\Users\danil\AppData\Local\Temp\jogamp_0000\file_cache\jln16285481113658439463\jln17046887515019015616\natives\windows-amd64\jogl_mobile.dll
Event: 1.361 Loaded shared library C:\Users\danil\AppData\Local\Temp\jogamp_0000\file_cache\jln16285481113658439463\jln17046887515019015616\natives\windows-amd64\newt_head.dll

Deoptimization events (20 events):
Event: 1.869 Thread 0x0000023024b788d0 DEOPT PACKING pc=0x0000022fc8a3bde3 sp=0x0000003f900fe5c0
Event: 1.869 Thread 0x0000023024b788d0 DEOPT UNPACKING pc=0x0000022fcfd4ace3 sp=0x0000003f900fdb30 mode 0
Event: 1.869 Thread 0x0000023024b788d0 DEOPT PACKING pc=0x0000022fc8a3bde3 sp=0x0000003f900fe5c0
Event: 1.869 Thread 0x0000023024b788d0 DEOPT UNPACKING pc=0x0000022fcfd4ace3 sp=0x0000003f900fdb30 mode 0
Event: 1.928 Thread 0x0000023024b788d0 DEOPT PACKING pc=0x0000022fc8a4e189 sp=0x0000003f900fe850
Event: 1.928 Thread 0x0000023024b788d0 DEOPT UNPACKING pc=0x0000022fcfd4ace3 sp=0x0000003f900fdde8 mode 0
Event: 1.931 Thread 0x0000023024b788d0 DEOPT PACKING pc=0x0000022fc89e5840 sp=0x0000003f900fe640
Event: 1.931 Thread 0x0000023024b788d0 DEOPT UNPACKING pc=0x0000022fcfd4ace3 sp=0x0000003f900fdb30 mode 0
Event: 3.529 Thread 0x0000023024b788d0 Uncommon trap: trap_request=0xffffff5c fr.pc=0x0000022fd034f7a4 relative=0x0000000000001224
Event: 3.529 Thread 0x0000023024b788d0 Uncommon trap: reason=speculate_null_check action=make_not_entrant pc=0x0000022fd034f7a4 method=java.util.concurrent.locks.AbstractQueuedSynchronizer.acquire(Ljava/util/concurrent/locks/AbstractQueuedSynchronizer$Node;IZZZJ)I @ 254 c2
Event: 3.529 Thread 0x0000023024b788d0 DEOPT PACKING pc=0x0000022fd034f7a4 sp=0x0000003f900fe720
Event: 3.529 Thread 0x0000023024b788d0 DEOPT UNPACKING pc=0x0000022fcfd4a1a3 sp=0x0000003f900fe6f0 mode 2
Event: 6.478 Thread 0x0000023022a27210 Uncommon trap: trap_request=0xffffff45 fr.pc=0x0000022fd030fb68 relative=0x00000000000001e8
Event: 6.478 Thread 0x0000023022a27210 Uncommon trap: reason=unstable_if action=reinterpret pc=0x0000022fd030fb68 method=java.util.HashMap$HashIterator.<init>(Ljava/util/HashMap;)V @ 38 c2
Event: 6.478 Thread 0x0000023022a27210 DEOPT PACKING pc=0x0000022fd030fb68 sp=0x0000003f8f4feee0
Event: 6.478 Thread 0x0000023022a27210 DEOPT UNPACKING pc=0x0000022fcfd4a1a3 sp=0x0000003f8f4fee88 mode 2
Event: 6.482 Thread 0x0000023022a27210 Uncommon trap: trap_request=0xffffff45 fr.pc=0x0000022fd035a970 relative=0x00000000000000f0
Event: 6.482 Thread 0x0000023022a27210 Uncommon trap: reason=unstable_if action=reinterpret pc=0x0000022fd035a970 method=com.jogamp.common.util.IntIntHashMap.put(II)I @ 21 c2
Event: 6.482 Thread 0x0000023022a27210 DEOPT PACKING pc=0x0000022fd035a970 sp=0x0000003f8f4fec60
Event: 6.482 Thread 0x0000023022a27210 DEOPT UNPACKING pc=0x0000022fcfd4a1a3 sp=0x0000003f8f4febc8 mode 2

Classes loaded (20 events):
Event: 1.537 Loading class java/util/concurrent/Callable done
Event: 1.537 Loading class java/util/concurrent/Executors$RunnableAdapter done
Event: 1.537 Loading class java/util/concurrent/ThreadPoolExecutor$Worker
Event: 1.537 Loading class java/util/concurrent/ThreadPoolExecutor$Worker done
Event: 1.556 Loading class java/util/concurrent/locks/AbstractQueuedSynchronizer$SharedNode
Event: 1.556 Loading class java/util/concurrent/locks/AbstractQueuedSynchronizer$SharedNode done
Event: 1.698 Loading class sun/nio/cs/StreamDecoder
Event: 1.698 Loading class sun/nio/cs/StreamDecoder done
Event: 1.698 Loading class java/util/regex/Pattern$LookBehindEndNode
Event: 1.698 Loading class java/util/regex/Pattern$LookBehindEndNode done
Event: 1.698 Loading class java/util/regex/Pattern$NotBehind
Event: 1.698 Loading class java/util/regex/Pattern$NotBehind done
Event: 1.698 Loading class java/util/regex/Pattern$Neg
Event: 1.698 Loading class java/util/regex/Pattern$Neg done
Event: 1.699 Loading class java/util/regex/Pattern$Pos
Event: 1.699 Loading class java/util/regex/Pattern$Pos done
Event: 1.704 Loading class java/util/regex/Pattern$SliceS
Event: 1.704 Loading class java/util/regex/Pattern$SliceS done
Event: 6.457 Loading class java/nio/channels/ClosedChannelException
Event: 6.457 Loading class java/nio/channels/ClosedChannelException done

Classes unloaded (0 events):
No events

Classes redefined (0 events):
No events

Internal exceptions (20 events):
Event: 0.115 Thread 0x0000022fc0c8a400 Exception <a 'java/lang/NoSuchMethodError'{0x00000000c3ce65c8}: 'void java.lang.invoke.DirectMethodHandle$Holder.invokeStatic(java.lang.Object, java.lang.Object, java.lang.Object)'> (0x00000000c3ce65c8) 
thrown [s\src\hotspot\share\interpreter\linkResolver.cpp, line 759]
Event: 0.121 Thread 0x0000022fc0c8a400 Exception <a 'java/lang/ClassNotFoundException'{0x00000000c3b0de00}: sun/awt/resources/spi/awtProvider> (0x00000000c3b0de00) 
thrown [s\src\hotspot\share\classfile\systemDictionary.cpp, line 256]
Event: 0.135 Thread 0x0000022fc0c8a400 Exception <a 'java/io/FileNotFoundException'{0x00000000c3b63740}> (0x00000000c3b63740) 
thrown [s\src\hotspot\share\prims\jni.cpp, line 516]
Event: 0.139 Thread 0x0000022fc0c8a400 Exception <a 'java/io/FileNotFoundException'{0x00000000c3b90b88}> (0x00000000c3b90b88) 
thrown [s\src\hotspot\share\prims\jni.cpp, line 516]
Event: 0.164 Thread 0x0000022fc0c8a400 Exception <a 'java/lang/NoSuchMethodError'{0x00000000c3a3e218}: 'java.lang.Object java.lang.invoke.DirectMethodHandle$Holder.invokeStaticInit(java.lang.Object)'> (0x00000000c3a3e218) 
thrown [s\src\hotspot\share\interpreter\linkResolver.cpp, line 759]
Event: 0.246 Thread 0x0000022fc0c8a400 Exception <a 'java/lang/NoSuchMethodError'{0x00000000c364c2b0}: 'java.lang.Object java.lang.invoke.DirectMethodHandle$Holder.invokeStaticInit(java.lang.Object, int, int, int, int)'> (0x00000000c364c2b0) 
thrown [s\src\hotspot\share\interpreter\linkResolver.cpp, line 759]
Event: 0.280 Thread 0x0000022fc0c8a400 Exception <a 'java/lang/NoSuchMethodError'{0x00000000c3535690}: 'java.lang.Object java.lang.invoke.DirectMethodHandle$Holder.invokeStaticInit(java.lang.Object, java.lang.Object, int, int, int, int)'> (0x00000000c3535690) 
thrown [s\src\hotspot\share\interpreter\linkResolver.cpp, line 759]
Event: 0.299 Thread 0x0000022fc0c8a400 Exception <a 'java/lang/NoSuchMethodError'{0x00000000c3540d30}: 'void java.lang.invoke.DirectMethodHandle$Holder.invokeStatic(java.lang.Object, long)'> (0x00000000c3540d30) 
thrown [s\src\hotspot\share\interpreter\linkResolver.cpp, line 759]
Event: 0.299 Thread 0x0000022fc0c8a400 Exception <a 'java/lang/NoSuchMethodError'{0x00000000c3546310}: 'java.lang.Object java.lang.invoke.DirectMethodHandle$Holder.newInvokeSpecial(java.lang.Object, long)'> (0x00000000c3546310) 
thrown [s\src\hotspot\share\interpreter\linkResolver.cpp, line 759]
Event: 0.301 Thread 0x0000022fc0c8a400 Exception <a 'java/lang/NoSuchMethodError'{0x00000000c3550b28}: 'java.lang.Object java.lang.invoke.DirectMethodHandle$Holder.invokeStaticInit(java.lang.Object, java.lang.Object, long, java.lang.Object)'> (0x00000000c3550b28) 
thrown [s\src\hotspot\share\interpreter\linkResolver.cpp, line 759]
Event: 0.302 Thread 0x0000022fc0c8a400 Exception <a 'java/lang/NoSuchMethodError'{0x00000000c35570e8}: 'java.lang.Object java.lang.invoke.DirectMethodHandle$Holder.newInvokeSpecial(java.lang.Object, java.lang.Object, long)'> (0x00000000c35570e8) 
thrown [s\src\hotspot\share\interpreter\linkResolver.cpp, line 759]
Event: 0.302 Thread 0x0000022fc0c8a400 Exception <a 'java/lang/NoSuchMethodError'{0x00000000c355ac58}: 'java.lang.Object java.lang.invoke.Invokers$Holder.linkToTargetMethod(java.lang.Object, long, java.lang.Object)'> (0x00000000c355ac58) 
thrown [s\src\hotspot\share\interpreter\linkResolver.cpp, line 759]
Event: 0.405 Thread 0x0000022fc0c8a400 Exception <a 'java/lang/NoSuchMethodError'{0x00000000c34cbf68}: 'java.lang.Object java.lang.invoke.DirectMethodHandle$Holder.invokeInterface(java.lang.Object, java.lang.Object)'> (0x00000000c34cbf68) 
thrown [s\src\hotspot\share\interpreter\linkResolver.cpp, line 759]
Event: 0.405 Thread 0x0000022fc0c8a400 Exception <a 'java/lang/IncompatibleClassChangeError'{0x00000000c34cf888}: Found class java.lang.Object, but interface was expected> (0x00000000c34cf888) 
thrown [s\src\hotspot\share\interpreter\linkResolver.cpp, line 826]
Event: 1.424 Thread 0x0000022fc0c8a400 Exception <a 'java/lang/NoSuchMethodError'{0x00000000c3349880}: 'void java.lang.invoke.DirectMethodHandle$Holder.invokeSpecial(java.lang.Object, java.lang.Object, java.lang.Object, java.lang.Object, java.lang.Object)'> (0x00000000c3349880) 
thrown [s\src\hotspot\share\interpreter\linkResolver.cpp, line 759]
Event: 1.425 Thread 0x0000022fc0c8a400 Exception <a 'java/lang/NoSuchMethodError'{0x00000000c3352840}: 'void java.lang.invoke.DirectMethodHandle$Holder.invokeSpecial(java.lang.Object, java.lang.Object, java.lang.Object)'> (0x00000000c3352840) 
thrown [s\src\hotspot\share\interpreter\linkResolver.cpp, line 759]
Event: 1.426 Thread 0x0000022fc0c8a400 Exception <a 'java/lang/NoSuchMethodError'{0x00000000c3358b70}: 'void java.lang.invoke.DirectMethodHandle$Holder.invokeSpecial(java.lang.Object, java.lang.Object, int)'> (0x00000000c3358b70) 
thrown [s\src\hotspot\share\interpreter\linkResolver.cpp, line 759]
Event: 1.426 Thread 0x0000022fc0c8a400 Exception <a 'java/lang/NoSuchMethodError'{0x00000000c335eb88}: 'java.lang.Object java.lang.invoke.DirectMethodHandle$Holder.newInvokeSpecial(java.lang.Object, java.lang.Object, int)'> (0x00000000c335eb88) 
thrown [s\src\hotspot\share\interpreter\linkResolver.cpp, line 759]
Event: 6.456 Thread 0x0000023022487f10 Exception <a 'java/lang/InterruptedException'{0x00000000cf100000}> (0x00000000cf100000) 
thrown [s\src\hotspot\share\runtime\objectMonitor.cpp, line 1658]
Event: 6.482 Thread 0x0000023022a27210 Implicit null exception at 0x0000022fd035a8c4 to 0x0000022fd035a94c

VM Operations (20 events):
Event: 3.244 Executing VM operation: G1CollectForAllocation done
Event: 3.372 Executing VM operation: G1CollectForAllocation
Event: 3.373 Executing VM operation: G1CollectForAllocation done
Event: 4.222 Executing VM operation: G1CollectForAllocation
Event: 4.224 Executing VM operation: G1CollectForAllocation done
Event: 4.233 Executing VM operation: G1PauseRemark
Event: 4.234 Executing VM operation: G1PauseRemark done
Event: 4.237 Executing VM operation: G1PauseCleanup
Event: 4.237 Executing VM operation: G1PauseCleanup done
Event: 5.121 Executing VM operation: G1CollectForAllocation
Event: 5.122 Executing VM operation: G1CollectForAllocation done
Event: 5.260 Executing VM operation: G1CollectForAllocation
Event: 5.261 Executing VM operation: G1CollectForAllocation done
Event: 6.247 Executing VM operation: G1CollectForAllocation
Event: 6.248 Executing VM operation: G1CollectForAllocation done
Event: 6.254 Executing VM operation: G1PauseRemark
Event: 6.255 Executing VM operation: G1PauseRemark done
Event: 6.257 Executing VM operation: G1PauseCleanup
Event: 6.257 Executing VM operation: G1PauseCleanup done
Event: 6.558 Executing VM operation: Exit

Memory protections (0 events):
No events

Nmethod flushes (0 events):
No events

Events (20 events):
Event: 1.556 Thread 0x0000023024b788d0 Thread added: 0x00000230327ad8c0
Event: 1.556 Thread 0x0000023024b788d0 Thread added: 0x00000230327aa110
Event: 1.556 Thread 0x0000023024b788d0 Thread added: 0x00000230327aed00
Event: 1.556 Thread 0x0000023024b788d0 Thread added: 0x00000230327b0b60
Event: 1.556 Thread 0x0000023024b788d0 Thread added: 0x00000230327addd0
Event: 1.556 Thread 0x0000023024b788d0 Thread added: 0x00000230327ae2e0
Event: 1.868 Thread 0x0000023024bb2e00 Thread exited: 0x0000023024bb2e00
Event: 2.098 Thread 0x0000023024bb28e0 Thread exited: 0x0000023024bb28e0
Event: 6.372 Thread 0x000002302248a800 Thread added: 0x00000230327b1070
Event: 6.456 Thread 0x0000023024b788d0 Thread added: 0x00000230327b0140
Event: 6.456 Thread 0x0000023024b788d0 Thread added: 0x00000230327af210
Event: 6.456 Thread 0x0000023022487f10 Thread exited: 0x0000023022487f10
Event: 6.456 Thread 0x0000023024b788d0 Thread added: 0x00000230327af720
Event: 6.457 Thread 0x00000230327af720 Thread exited: 0x00000230327af720
Event: 6.457 Thread 0x000002302478f670 Thread exited: 0x000002302478f670
Event: 6.458 Thread 0x000002302248a800 Thread exited: 0x000002302248a800
Event: 6.483 Thread 0x0000023022a27210 Thread exited: 0x0000023022a27210
Event: 6.485 Thread 0x00000230327b0140 Thread exited: 0x00000230327b0140
Event: 6.557 Thread 0x00000230327af210 Thread exited: 0x00000230327af210
Event: 6.557 Thread 0x0000023024b788d0 Before exit entered


Dynamic libraries:
0x00007ff7c9de0000 - 0x00007ff7c9dee000 	C:\Program Files\Processing\app\resources\jdk-17.0.14+7\bin\java.exe
0x00007ffa7da60000 - 0x00007ffa7dcc7000 	C:\WINDOWS\SYSTEM32\ntdll.dll
0x00007ffa7c020000 - 0x00007ffa7c0e9000 	C:\WINDOWS\System32\KERNEL32.DLL
0x00007ffa7a540000 - 0x00007ffa7a937000 	C:\WINDOWS\System32\KERNELBASE.dll
0x00007ffa7ab20000 - 0x00007ffa7ac6b000 	C:\WINDOWS\System32\ucrtbase.dll
0x00007ffa4d920000 - 0x00007ffa4d937000 	C:\Program Files\Processing\app\resources\jdk-17.0.14+7\bin\jli.dll
0x00007ffa4d900000 - 0x00007ffa4d91e000 	C:\Program Files\Processing\app\resources\jdk-17.0.14+7\bin\VCRUNTIME140.dll
0x00007ffa7bdd0000 - 0x00007ffa7bf96000 	C:\WINDOWS\System32\USER32.dll
0x00007ffa7b630000 - 0x00007ffa7b657000 	C:\WINDOWS\System32\win32u.dll
0x00007ffa61590000 - 0x00007ffa61822000 	C:\WINDOWS\WinSxS\amd64_microsoft.windows.common-controls_6595b64144ccf1df_6.0.26100.8457_none_3e0b2faee331e92d\COMCTL32.dll
0x00007ffa7cc40000 - 0x00007ffa7cc6b000 	C:\WINDOWS\System32\GDI32.dll
0x00007ffa7b7e0000 - 0x00007ffa7b889000 	C:\WINDOWS\System32\msvcrt.dll
0x00007ffa7a940000 - 0x00007ffa7aa6c000 	C:\WINDOWS\System32\gdi32full.dll
0x00007ffa7a490000 - 0x00007ffa7a533000 	C:\WINDOWS\System32\msvcp_win.dll
0x00007ffa7ba00000 - 0x00007ffa7ba32000 	C:\WINDOWS\System32\IMM32.DLL
0x00007ffa73680000 - 0x00007ffa7368c000 	C:\Program Files\Processing\app\resources\jdk-17.0.14+7\bin\vcruntime140_1.dll
0x00007ffa457d0000 - 0x00007ffa4585d000 	C:\Program Files\Processing\app\resources\jdk-17.0.14+7\bin\msvcp140.dll
0x00007ff9b1440000 - 0x00007ff9b20ab000 	C:\Program Files\Processing\app\resources\jdk-17.0.14+7\bin\server\jvm.dll
0x00007ffa7d380000 - 0x00007ffa7d436000 	C:\WINDOWS\System32\ADVAPI32.dll
0x00007ffa7d450000 - 0x00007ffa7d4f7000 	C:\WINDOWS\System32\sechost.dll
0x00007ffa7d610000 - 0x00007ffa7d728000 	C:\WINDOWS\System32\RPCRT4.dll
0x00007ffa7d500000 - 0x00007ffa7d580000 	C:\WINDOWS\System32\WS2_32.dll
0x00007ffa7a310000 - 0x00007ffa7a36e000 	C:\WINDOWS\SYSTEM32\POWRPROF.dll
0x00007ffa61e60000 - 0x00007ffa61e96000 	C:\WINDOWS\SYSTEM32\WINMM.dll
0x00007ffa704a0000 - 0x00007ffa704ab000 	C:\WINDOWS\SYSTEM32\VERSION.dll
0x00007ffa7a2f0000 - 0x00007ffa7a304000 	C:\WINDOWS\SYSTEM32\UMPDC.dll
0x00007ffa79220000 - 0x00007ffa7923b000 	C:\WINDOWS\SYSTEM32\kernel.appcore.dll
0x00007ffa6a5b0000 - 0x00007ffa6a5ba000 	C:\Program Files\Processing\app\resources\jdk-17.0.14+7\bin\jimage.dll
0x00007ffa72470000 - 0x00007ffa726b2000 	C:\WINDOWS\SYSTEM32\DBGHELP.DLL
0x00007ffa7c870000 - 0x00007ffa7cbf3000 	C:\WINDOWS\System32\combase.dll
0x00007ffa7bc30000 - 0x00007ffa7bd09000 	C:\WINDOWS\System32\OLEAUT32.dll
0x00007ffa410a0000 - 0x00007ffa410db000 	C:\WINDOWS\SYSTEM32\dbgcore.DLL
0x00007ffa7aa70000 - 0x00007ffa7ab18000 	C:\WINDOWS\System32\bcryptPrimitives.dll
0x00007ffa478a0000 - 0x00007ffa478db000 	C:\Program Files\Processing\app\resources\jdk-17.0.14+7\bin\jdwp.dll
0x00007ffa4c330000 - 0x00007ffa4c355000 	C:\Program Files\Processing\app\resources\jdk-17.0.14+7\bin\java.dll
0x00007ffa24100000 - 0x00007ffa241d7000 	C:\Program Files\Processing\app\resources\jdk-17.0.14+7\bin\jsvml.dll
0x00007ffa7c0f0000 - 0x00007ffa7c85e000 	C:\WINDOWS\System32\SHELL32.dll
0x00007ffa7ac70000 - 0x00007ffa7b4dc000 	C:\WINDOWS\System32\windows.storage.dll
0x00007ffa7d730000 - 0x00007ffa7d826000 	C:\WINDOWS\System32\SHCORE.dll
0x00007ffa7d210000 - 0x00007ffa7d276000 	C:\WINDOWS\System32\shlwapi.dll
0x00007ffa7a3b0000 - 0x00007ffa7a3d9000 	C:\WINDOWS\SYSTEM32\profapi.dll
0x00007ffa4cd80000 - 0x00007ffa4cd8c000 	C:\Program Files\Processing\app\resources\jdk-17.0.14+7\bin\dt_socket.dll
0x00007ffa78c30000 - 0x00007ffa78c62000 	C:\WINDOWS\SYSTEM32\IPHLPAPI.DLL
0x00007ffa79790000 - 0x00007ffa797fc000 	C:\WINDOWS\system32\mswsock.dll
0x00007ffa47880000 - 0x00007ffa47899000 	C:\Program Files\Processing\app\resources\jdk-17.0.14+7\bin\net.dll
0x00007ffa775b0000 - 0x00007ffa776d9000 	C:\WINDOWS\SYSTEM32\WINHTTP.dll
0x00007ffa44850000 - 0x00007ffa44866000 	C:\Program Files\Processing\app\resources\jdk-17.0.14+7\bin\nio.dll
0x00007ffa419e0000 - 0x00007ffa419f8000 	C:\Program Files\Processing\app\resources\jdk-17.0.14+7\bin\zip.dll
0x00007ff9ec680000 - 0x00007ff9ec810000 	C:\Program Files\Processing\app\resources\jdk-17.0.14+7\bin\awt.dll
0x00007ffa76060000 - 0x00007ffa76100000 	C:\WINDOWS\SYSTEM32\apphelp.dll
0x00007ffa77ee0000 - 0x00007ffa77f8a000 	C:\WINDOWS\system32\uxtheme.dll
0x00007ffa7b890000 - 0x00007ffa7b9ec000 	C:\WINDOWS\System32\MSCTF.dll
0x00007ffa7ba40000 - 0x00007ffa7bbd7000 	C:\WINDOWS\System32\ole32.dll
0x00007ffa781d0000 - 0x00007ffa781ff000 	C:\WINDOWS\system32\DWMAPI.DLL
0x00007ffa33d40000 - 0x00007ffa33e4f000 	C:\WINDOWS\system32\opengl32.dll
0x00007ffa36620000 - 0x00007ffa3664d000 	C:\WINDOWS\SYSTEM32\GLU32.dll
0x00007ffa77ff0000 - 0x00007ffa78035000 	C:\WINDOWS\SYSTEM32\dxcore.dll
0x00007ffa79a70000 - 0x00007ffa79a8b000 	C:\WINDOWS\SYSTEM32\CRYPTSP.dll
0x00007ffa79180000 - 0x00007ffa791b9000 	C:\WINDOWS\system32\rsaenh.dll
0x00007ffa79840000 - 0x00007ffa79873000 	C:\WINDOWS\SYSTEM32\USERENV.dll
0x00007ffa7a380000 - 0x00007ffa7a3aa000 	C:\WINDOWS\SYSTEM32\bcrypt.dll
0x00007ffa79a90000 - 0x00007ffa79a9c000 	C:\WINDOWS\SYSTEM32\CRYPTBASE.dll
0x00007ffa7cc00000 - 0x00007ffa7cc0a000 	C:\WINDOWS\System32\NSI.dll
0x00007ffa77800000 - 0x00007ffa7781d000 	C:\WINDOWS\SYSTEM32\dhcpcsvc6.DLL
0x00007ffa77750000 - 0x00007ffa77775000 	C:\WINDOWS\SYSTEM32\dhcpcsvc.DLL
0x00007ffa78ce0000 - 0x00007ffa78e12000 	C:\WINDOWS\SYSTEM32\DNSAPI.dll
0x00007ffa41800000 - 0x00007ffa41813000 	C:\Users\danil\AppData\Local\Temp\jogamp_0000\file_cache\jln16285481113658439463\jln17046887515019015616\natives\windows-amd64\gluegen_rt.dll
0x00007ffa4cd70000 - 0x00007ffa4cd77000 	C:\Program Files\Processing\app\resources\jdk-17.0.14+7\bin\jawt.dll
0x00007ffa4cd50000 - 0x00007ffa4cd5d000 	C:\Users\danil\AppData\Local\Temp\jogamp_0000\file_cache\jln16285481113658439463\jln17046887515019015616\natives\windows-amd64\nativewindow_awt.dll
0x00007ffa3fb30000 - 0x00007ffa3fb45000 	C:\Users\danil\AppData\Local\Temp\jogamp_0000\file_cache\jln16285481113658439463\jln17046887515019015616\natives\windows-amd64\nativewindow_win32.dll
0x00007ffa24070000 - 0x00007ffa240f3000 	C:\Users\danil\AppData\Local\Temp\jogamp_0000\file_cache\jln16285481113658439463\jln17046887515019015616\natives\windows-amd64\jogl_desktop.dll
0x00007ffa3fad0000 - 0x00007ffa3fb22000 	C:\Users\danil\AppData\Local\Temp\jogamp_0000\file_cache\jln16285481113658439463\jln17046887515019015616\natives\windows-amd64\jogl_mobile.dll
0x00007ffa73470000 - 0x00007ffa734d1000 	C:\WINDOWS\SYSTEM32\directxdatabasehelper.dll
0x00007ffa665e0000 - 0x00007ffa665fd000 	C:\WINDOWS\SYSTEM32\windows.staterepositorycore.dll
0x00007ff9b0460000 - 0x00007ff9b1433000 	C:\WINDOWS\System32\DriverStore\FileRepository\iigd_dch.inf_amd64_225f37aa3862fc3f\igxelpicd64.dll
0x00007ffa78040000 - 0x00007ffa7817e000 	C:\WINDOWS\system32\dxgi.dll
0x00007ff9ceb30000 - 0x00007ff9cefb7000 	C:\WINDOWS\System32\DriverStore\FileRepository\iigd_dch.inf_amd64_225f37aa3862fc3f\igdml64.dll
0x00007ffa7a000000 - 0x00007ffa7a051000 	C:\WINDOWS\SYSTEM32\cfgmgr32.dll
0x00007ffa704b0000 - 0x00007ffa70871000 	C:\WINDOWS\System32\DriverStore\FileRepository\iigd_dch.inf_amd64_225f37aa3862fc3f\igdgmm64.dll
0x00007ffa6d290000 - 0x00007ffa70496000 	C:\WINDOWS\System32\DriverStore\FileRepository\iigd_dch.inf_amd64_225f37aa3862fc3f\igc64.dll
0x00007ffa3ade0000 - 0x00007ffa3adf9000 	C:\Users\danil\AppData\Local\Temp\jogamp_0000\file_cache\jln16285481113658439463\jln17046887515019015616\natives\windows-amd64\newt_head.dll
0x00007ffa6bce0000 - 0x00007ffa6bd9f000 	C:\WINDOWS\SYSTEM32\mscms.dll
0x00007ffa111b0000 - 0x00007ffa111f9000 	C:\WINDOWS\SYSTEM32\icm32.dll
0x00007ffa7cc70000 - 0x00007ffa7d0f7000 	C:\WINDOWS\System32\setupapi.dll
0x00007ffa79fd0000 - 0x00007ffa79ffd000 	C:\WINDOWS\SYSTEM32\DEVOBJ.dll
0x00007ffa7b4e0000 - 0x00007ffa7b562000 	C:\WINDOWS\System32\WINTRUST.dll
0x00007ffa7b660000 - 0x00007ffa7b7d8000 	C:\WINDOWS\System32\CRYPT32.dll
0x00007ffa79ba0000 - 0x00007ffa79bb3000 	C:\WINDOWS\SYSTEM32\MSASN1.dll
0x00007ffa4d4c0000 - 0x00007ffa4d606000 	C:\WINDOWS\SYSTEM32\textinputframework.dll
0x00007ffa76ea0000 - 0x00007ffa76fc7000 	C:\WINDOWS\SYSTEM32\CoreMessaging.dll
0x00007ffa726c0000 - 0x00007ffa729a2000 	C:\WINDOWS\SYSTEM32\CoreUIComponents.dll
0x00007ffa737b0000 - 0x00007ffa7391a000 	C:\WINDOWS\SYSTEM32\wintypes.dll

dbghelp: loaded successfully - version: 4.0.5 - missing functions: none
symbol engine: initialized successfully - sym options: 0x614 - pdb path: .;C:\Program Files\Processing\app\resources\jdk-17.0.14+7\bin;C:\WINDOWS\SYSTEM32;C:\WINDOWS\WinSxS\amd64_microsoft.windows.common-controls_6595b64144ccf1df_6.0.26100.8457_none_3e0b2faee331e92d;C:\Program Files\Processing\app\resources\jdk-17.0.14+7\bin\server;C:\Users\danil\AppData\Local\Temp\jogamp_0000\file_cache\jln16285481113658439463\jln17046887515019015616\natives\windows-amd64;C:\WINDOWS\System32\DriverStore\FileRepository\iigd_dch.inf_amd64_225f37aa3862fc3f

VM Arguments:
jvm_args: -agentlib:jdwp=transport=dt_socket,address=8851,server=y,suspend=y,quiet=y -Xms64m -Xmx1024m -Djna.nosys=true -Djava.library.path=;C:\Program Files\Processing\app\resources\core\library;C:\Program Files\Processing;C:\WINDOWS\system32;C:\WINDOWS;C:\Program Files\PlasticSCM5\server;C:\Program Files\PlasticSCM5\client;C:\Program Files\Common Files\Oracle\Java\javapath;C:\Program Files (x86)\Common Files\Oracle\Java\javapath;C:\Windows\System32\HWAudioDriverLibs;C:\Windows\system32;C:\Windows;C:\Windows\System32\Wbem;C:\Windows\System32\WindowsPowerShell\v1.0;C:\Windows\System32\OpenSSH;C:\Program Files\Microsoft SQL Server\150\Tools\Binn;C:\Program Files\Microsoft SQL Server\Client SDK\ODBC\170\Tools\Binn;C:\Program Files\dotnet;D:\Windows Kits\10\Windows Performance Toolkit;C:\Program Files\Java\jdk-23\bin;C:\WINDOWS\system32;C:\WINDOWS;C:\WINDOWS\System32\Wbem;C:\WINDOWS\System32\WindowsPowerShell\v1.0;C:\WINDOWS\System32\OpenSSH;C:\Program Files\nodejs;C:\Program Files\Docker\Docker\resources\bin;C:\Program Files\TortoiseGit\bin;C:\Program Files\Git\cmd;C:\Users\danil\AppData\Local\Programs\Python\Python312\Scripts;C:\Users\danil\AppData\Local\Programs\Python\Python312;C:\Users\danil\AppData\Local\Microsoft\WindowsApps;C:\Users\danil\AppData\Local\Programs\Microsoft VS Code\bin;C:\Users\danil\AppData\Roaming\npm;D:\DataBase\18\bin;C:\Program Files\Processing\app;. -ea 
java_command: processing.core.PApplet --editor-location=-7,-7 --external --display=1 --sketch-path=C:\Users\danil\Desktop\Gravity_simul Gravity_simul
java_class_path (initial): C:\Users\danil\AppData\Local\Temp\processing\Gravity_simul6146449824834527623temp;C:\Program Files\Processing\app\resources\core\library\annotations-13.0.jar;C:\Program Files\Processing\app\resources\core\library\antlr-2.7.7.jar;C:\Program Files\Processing\app\resources\core\library\core-4.4.1.jar;C:\Program Files\Processing\app\resources\core\library\gluegen-rt-2.5.0-natives-android-aarch64.jar;C:\Program Files\Processing\app\resources\core\library\gluegen-rt-2.5.0-natives-linux-aarch64.jar;C:\Program Files\Processing\app\resources\core\library\gluegen-rt-2.5.0-natives-linux-amd64.jar;C:\Program Files\Processing\app\resources\core\library\gluegen-rt-2.5.0-natives-linux-armv6hf.jar;C:\Program Files\Processing\app\resources\core\library\gluegen-rt-2.5.0-natives-macosx-universal.jar;C:\Program Files\Processing\app\resources\core\library\gluegen-rt-2.5.0-natives-windows-amd64.jar;C:\Program Files\Processing\app\resources\core\library\gluegen-rt-2.5.0.jar;C:\Program Files\Processing\app\resources\core\library\gluegen-rt-main-2.5.0.jar;C:\Program Files\Processing\app\resources\core\library\jogl-all-2.5.0-natives-android-aarch64.jar;C:\Program Files\Processing\app\resources\core\library\jogl-all-2.5.0-natives-linux-aarch64.jar;C:\Program Files\Processing\app\resources\core\library\jogl-all-2.5.0-natives-linux-amd64.jar;C:\Program Files\Processing\app\resources\core\library\jogl-all-2.5.0-natives-linux-armv6hf.jar;C:\Program Files\Processing\app\resources\core\library\jogl-all-2.5.0-natives-macosx-universal.jar;C:\Program Files\Processing\app\resources\core\library\jogl-all-2.5.0-natives-windows-amd64.jar;C:\Program Files\Processing\app\resources\core\library\jogl-all-2.5.0.jar;C:\Program Files\Processing\app\resources\core\library\jogl-all-main-2.5.0.jar;C:\Program Files\Processing\app\resources\core\library\kotlin-stdlib-2.0.20.jar
Launcher Type: SUN_STANDARD

[Global flags]
     intx CICompilerCount                          = 4                                         {product} {ergonomic}
     uint ConcGCThreads                            = 2                                         {product} {ergonomic}
     uint G1ConcRefinementThreads                  = 8                                         {product} {ergonomic}
   size_t G1HeapRegionSize                         = 1048576                                   {product} {ergonomic}
    uintx GCDrainStackTargetSize                   = 64                                        {product} {ergonomic}
   size_t InitialHeapSize                          = 67108864                                  {product} {command line}
   size_t MarkStackSize                            = 4194304                                   {product} {ergonomic}
   size_t MaxHeapSize                              = 1073741824                                {product} {command line}
   size_t MaxNewSize                               = 643825664                                 {product} {ergonomic}
   size_t MinHeapDeltaBytes                        = 1048576                                   {product} {ergonomic}
   size_t MinHeapSize                              = 67108864                                  {product} {command line}
    uintx NonNMethodCodeHeapSize                   = 5839372                                {pd product} {ergonomic}
    uintx NonProfiledCodeHeapSize                  = 122909434                              {pd product} {ergonomic}
    uintx ProfiledCodeHeapSize                     = 122909434                              {pd product} {ergonomic}
    uintx ReservedCodeCacheSize                    = 251658240                              {pd product} {ergonomic}
     bool SegmentedCodeCache                       = true                                      {product} {ergonomic}
   size_t SoftMaxHeapSize                          = 1073741824                             {manageable} {ergonomic}
     bool UseCompressedClassPointers               = true                           {product lp64_product} {ergonomic}
     bool UseCompressedOops                        = true                           {product lp64_product} {ergonomic}
     bool UseG1GC                                  = true                                      {product} {ergonomic}
     bool UseLargePagesIndividualAllocation        = false                                  {pd product} {ergonomic}

Logging:
Log output configuration:
 #0: stdout all=off uptime,level,tags
 #1: stderr all=off uptime,level,tags

Environment Variables:
JAVA_HOME=C:\Program Files\Java\jdk-23
PATH=C:\Program Files\PlasticSCM5\server;C:\Program Files\PlasticSCM5\client;C:\Program Files\Common Files\Oracle\Java\javapath;C:\Program Files (x86)\Common Files\Oracle\Java\javapath;C:\Windows\System32\HWAudioDriverLibs;C:\Windows\system32;C:\Windows;C:\Windows\System32\Wbem;C:\Windows\System32\WindowsPowerShell\v1.0\;C:\Windows\System32\OpenSSH\;C:\Users\Administrator\AppData\Local\Microsoft\WindowsApps;C:\Program Files\Microsoft SQL Server\150\Tools\Binn\;C:\Program Files\Microsoft SQL Server\Client SDK\ODBC\170\Tools\Binn\;C:\Program Files\dotnet\;D:\Windows Kits\10\Windows Performance Toolkit\;C:\Program Files\Java\jdk-23\bin;C:\WINDOWS\system32;C:\WINDOWS;C:\WINDOWS\System32\Wbem;C:\WINDOWS\System32\WindowsPowerShell\v1.0\;C:\WINDOWS\System32\OpenSSH\;C:\Program Files\nodejs\;C:\Program Files\Docker\Docker\resources\bin;C:\Program Files\TortoiseGit\bin;C:\Program Files\Git\cmd;C:\Users\danil\AppData\Local\Programs\Python\Python312\Scripts\;C:\Users\danil\AppData\Local\Programs\Python\Python312\;C:\Users\danil\AppData\Local\Microsoft\WindowsApps;C:\Users\danil\.dotnet\tools;C:\Users\danil\AppData\Local\Programs\Microsoft VS Code\bin;C:\Users\danil\AppData\Roaming\npm;D:\DataBase\18\bin;C:\Program Files\Processing\app
USERNAME=danil
OS=Windows_NT
PROCESSOR_IDENTIFIER=Intel64 Family 6 Model 140 Stepping 2, GenuineIntel
TMP=C:\Users\danil\AppData\Local\Temp
TEMP=C:\Users\danil\AppData\Local\Temp



Periodic native trim disabled


---------------  S Y S T E M  ---------------

OS:
 Windows 11 , 64 bit Build 26100 (10.0.26100.8328)
OS uptime: 0 days 4:06 hours
Hyper-V role detected

CPU: total 8 (initial active 8) (4 cores per cpu, 2 threads per core) family 6 model 140 stepping 2 microcode 0x16, cx8, cmov, fxsr, ht, mmx, 3dnowpref, sse, sse2, sse3, ssse3, sse4.1, sse4.2, popcnt, lzcnt, tsc, tscinvbit, avx, avx2, aes, erms, clmul, bmi1, bmi2, adx, avx512f, avx512dq, avx512cd, avx512bw, avx512vl, sha, fma, vzeroupper, avx512_vpopcntdq, avx512_vpclmulqdq, avx512_vaes, avx512_vnni, clflush, clflushopt, clwb, avx512_vbmi2, avx512_vbmi, hv
Processor Information for processor 0
  Max Mhz: 2496, Current Mhz: 2496, Mhz Limit: 2496
Processor Information for processor 1
  Max Mhz: 2496, Current Mhz: 2496, Mhz Limit: 2496
Processor Information for processor 2
  Max Mhz: 2496, Current Mhz: 2496, Mhz Limit: 2496
Processor Information for processor 3
  Max Mhz: 2496, Current Mhz: 2496, Mhz Limit: 2496
Processor Information for processor 4
  Max Mhz: 2496, Current Mhz: 1198, Mhz Limit: 2496
Processor Information for processor 5
  Max Mhz: 2496, Current Mhz: 2496, Mhz Limit: 2496
Processor Information for processor 6
  Max Mhz: 2496, Current Mhz: 2496, Mhz Limit: 2496
Processor Information for processor 7
  Max Mhz: 2496, Current Mhz: 2496, Mhz Limit: 2496

Memory: 4k page, system-wide physical 7975M (2106M free)
TotalPageFile size 17703M (AvailPageFile size 8018M)
current process WorkingSet (physical memory assigned to process): 730M, peak: 745M
current process commit charge ("private bytes"): 738M, peak: 762M

vm_info: OpenJDK 64-Bit Server VM (17.0.14+7) for windows-amd64 JRE (17.0.14+7), built on Jan 21 2025 23:40:15 by "admin" with MS VC++ 17.7 (VS2022)

END.
