#
# A fatal error has been detected by the Java Runtime Environment:
#
#  EXCEPTION_ACCESS_VIOLATION (0xc0000005) at pc=0x00007ff9b069b386, pid=41924, tid=41800
#
# JRE version: OpenJDK Runtime Environment Temurin-17.0.14+7 (17.0.14+7) (build 17.0.14+7)
# Java VM: OpenJDK 64-Bit Server VM Temurin-17.0.14+7 (17.0.14+7, mixed mode, sharing, tiered, compressed oops, compressed class ptrs, g1 gc, windows-amd64)
# Problematic frame:
# C  [igxelpicd64.dll+0x23b386]
#
# No core dump will be written. Minidumps are not enabled by default on client versions of Windows
#
# If you would like to submit a bug report, please visit:
#   https://github.com/adoptium/adoptium-support/issues
#

---------------  S U M M A R Y ------------

Command Line: -agentlib:jdwp=transport=dt_socket,address=8509,server=y,suspend=y,quiet=y -Xms64m -Xmx1024m -Djna.nosys=true -Djava.library.path=;C:\Program Files\Processing\app\resources\core\library;C:\Program Files\Processing;C:\WINDOWS\system32;C:\WINDOWS;C:\Program Files\PlasticSCM5\server;C:\Program Files\PlasticSCM5\client;C:\Program Files\Common Files\Oracle\Java\javapath;C:\Program Files (x86)\Common Files\Oracle\Java\javapath;C:\Windows\System32\HWAudioDriverLibs;C:\Windows\system32;C:\Windows;C:\Windows\System32\Wbem;C:\Windows\System32\WindowsPowerShell\v1.0;C:\Windows\System32\OpenSSH;C:\Program Files\Microsoft SQL Server\150\Tools\Binn;C:\Program Files\Microsoft SQL Server\Client SDK\ODBC\170\Tools\Binn;C:\Program Files\dotnet;D:\Windows Kits\10\Windows Performance Toolkit;C:\Program Files\Java\jdk-23\bin;C:\WINDOWS\system32;C:\WINDOWS;C:\WINDOWS\System32\Wbem;C:\WINDOWS\System32\WindowsPowerShell\v1.0;C:\WINDOWS\System32\OpenSSH;C:\Program Files\nodejs;C:\Program Files\Docker\Docker\resources\bin;C:\Program Files\TortoiseGit\bin;C:\Program Files\Git\cmd;C:\Users\danil\AppData\Local\Programs\Python\Python312\Scripts;C:\Users\danil\AppData\Local\Programs\Python\Python312;C:\Users\danil\AppData\Local\Microsoft\WindowsApps;C:\Users\danil\AppData\Local\Programs\Microsoft VS Code\bin;C:\Users\danil\AppData\Roaming\npm;D:\DataBase\18\bin;C:\Program Files\Processing\app;. -ea processing.core.PApplet --editor-location=-7,-7 --external --display=1 --sketch-path=C:\Users\danil\Desktop\Gravity_simul Gravity_simul

Host: 11th Gen Intel(R) Core(TM) i5-1155G7 @ 2.50GHz, 8 cores, 7G,  Windows 11 , 64 bit Build 26100 (10.0.26100.8328)
Time: Sat Jun 27 23:23:00 2026 RTZ 3 (s 11 , 64 bit Build 26100 (10.0.26100.8328) elapsed time: 12.476505 seconds (0d 0h 0m 12s)

---------------  T H R E A D  ---------------

Current thread (0x000002a256f32390):  VMThread "VM Thread" [stack: 0x000000fe44b00000,0x000000fe44c00000] [id=41800]

Stack: [0x000000fe44b00000,0x000000fe44c00000],  sp=0x000000fe44bfdf60,  free space=1015k
Native frames: (J=compiled Java code, j=interpreted, Vv=VM code, C=native code)
C  [igxelpicd64.dll+0x23b386]


siginfo: EXCEPTION_ACCESS_VIOLATION (0xc0000005), reading address 0x0000000000035468


Registers:
RAX=0x000002a29f37f260, RBX=0x000002a29ce60810, RCX=0x0000000000000004, RDX=0x0000000000000000
RSP=0x000000fe44bfdf60, RBP=0x0000000000000000, RSI=0x000002a29f37f060, RDI=0x000002a29c710a00
R8 =0x000002a29f37f160, R9 =0x000000fe440c6000, R10=0x0000000000000000, R11=0x0000000000000246
R12=0x000002a29f37f060, R13=0x0000000000000000, R14=0x000002a29f37f5a8, R15=0x000002a29f381ee0
RIP=0x00007ff9b069b386, EFLAGS=0x0000000000010206


Register to memory mapping:

RIP=0x00007ff9b069b386 igxelpicd64.dll
RAX=0x000002a29f37f260 points into unknown readable memory: 0x0000000000002cc6 | c6 2c 00 00 00 00 00 00
RBX=0x000002a29ce60810 points into unknown readable memory: 0xffffffffffffffff | ff ff ff ff ff ff ff ff
RCX=0x0000000000000004 is an unknown value
RDX=0x0 is NULL
RSP=0x000000fe44bfdf60 points into unknown readable memory: 0x000002a29ce60810 | 10 08 e6 9c a2 02 00 00
RBP=0x0 is NULL
RSI=0x000002a29f37f060 points into unknown readable memory: 0x000002a29ccd1a30 | 30 1a cd 9c a2 02 00 00
RDI=0x000002a29c710a00 points into unknown readable memory: 0x62756f442f6f6900 | 00 69 6f 2f 44 6f 75 62
R8 =0x000002a29f37f160 points into unknown readable memory: 0x0000000000000000 | 00 00 00 00 00 00 00 00
R9 =0x000000fe440c6000 points into unknown readable memory: 0x0000000000000000 | 00 00 00 00 00 00 00 00
R10=0x0 is NULL
R11=0x0000000000000246 is an unknown value
R12=0x000002a29f37f060 points into unknown readable memory: 0x000002a29ccd1a30 | 30 1a cd 9c a2 02 00 00
R13=0x0 is NULL
R14=0x000002a29f37f5a8 points into unknown readable memory: 0x000002a29f381ee0 | e0 1e 38 9f a2 02 00 00
R15=0x000002a29f381ee0 points into unknown readable memory: 0x000002a29ccd1a30 | 30 1a cd 9c a2 02 00 00


Top of Stack: (sp=0x000000fe44bfdf60)
0x000000fe44bfdf60:   000002a29ce60810 00007ff9b04d0ab4
0x000000fe44bfdf70:   0000000000000000 000002a29f237260
0x000000fe44bfdf80:   0000001600000000 0000000000000000
0x000000fe44bfdf90:   000002a200000000 000002a29f233440
0x000000fe44bfdfa0:   000002a29ce60810 000002a29f1f6ec0
0x000000fe44bfdfb0:   000002a2a196051c 000002a2a1635000
0x000000fe44bfdfc0:   02db39a602a81c00 000002a29f237860
0x000000fe44bfdfd0:   00b3e9a603a7cba6 00007000196fe000
0x000000fe44bfdfe0:   0326f4a70133c2a7 031e5ea90399e2a8
0x000000fe44bfdff0:   036a28aa00000000 035b9aaa02fe53aa
0x000000fe44bfe000:   022dceaa02eccdaa 02fe53ab02bf12ab
0x000000fe44bfe010:   02b97dab02e266ab 036fedab021f82ab
0x000000fe44bfe020:   03990eac01e702ac 02c01eac039d16ac
0x000000fe44bfe030:   0000000000000000 0000000000000000
0x000000fe44bfe040:   0366020000000000 00007ffa7dbc5b54
0x000000fe44bfe050:   0000000000000000 0000000000000000
0x000000fe44bfe060:   000000fe44bfe200 00007ffa7be21259
0x000000fe44bfe070:   000000fe44bfe0f8 0000000000000000
0x000000fe44bfe080:   0000000000000054 0000000000000000
0x000000fe44bfe090:   0000000000000000 00007ffa7dbc5cc4
0x000000fe44bfe0a0:   000000007a000004 005273b3035461b3
0x000000fe44bfe0b0:   0000a97358e88c00 001040007a000004
0x000000fe44bfe0c0:   000002a29f22baf8 00000000000030f8
0x000000fe44bfe0d0:   0000000000000000 0000000000000016
0x000000fe44bfe0e0:   0000000000000000 0000000000000000
0x000000fe44bfe0f0:   000000fe44bfe200 00007ff9b06c82ae
0x000000fe44bfe100:   000002a29c710a00 0000000000000000
0x000000fe44bfe110:   000002a29c710a00 000010027a000004
0x000000fe44bfe120:   000000fe00000a00 0000740400840000
0x000000fe44bfe130:   0000000000000000 033838be036430be
0x000000fe44bfe140:   0000000000000000 000010027a000004
0x000000fe44bfe150:   038ec2bf02f831bf 0000000000000000 

Instructions: (pc=0x00007ff9b069b386)
0x00007ff9b069b286:   00 90 4c 8b bf 80 02 00 00 48 8b 05 9a 85 bd 00
0x00007ff9b069b296:   8b 80 c8 0a 00 00 89 44 24 24 c6 44 24 20 00 48
0x00007ff9b069b2a6:   c7 87 80 02 00 00 00 00 00 00 c7 87 88 02 00 00
0x00007ff9b069b2b6:   00 00 00 00 48 c7 87 a0 02 00 00 00 00 00 00 48
0x00007ff9b069b2c6:   c7 87 90 02 00 00 00 00 00 00 48 85 ed 75 3d 8b
0x00007ff9b069b2d6:   35 0d 77 cd 00 65 48 8b 04 25 58 00 00 00 b9 14
0x00007ff9b069b2e6:   00 00 00 48 8b 04 f0 40 38 2c 01 0f 84 c9 e7 75
0x00007ff9b069b2f6:   00 65 48 8b 04 25 58 00 00 00 bd 20 00 00 00 48
0x00007ff9b069b306:   8b 04 f0 48 8b 2c 28 48 89 6c 24 28 48 3b 2d 07
0x00007ff9b069b316:   9b cd 00 0f 84 9b 10 00 00 4d 85 ff 0f 84 3a 01
0x00007ff9b069b326:   00 00 0f 1f 84 00 00 00 00 00 49 8b f7 4d 8b e7
0x00007ff9b069b336:   4d 8d b7 48 05 00 00 4d 8b 3e 45 84 ed 0f 85 d9
0x00007ff9b069b346:   0e 00 00 8b 8f d0 01 00 00 48 8b 05 da 84 bd 00
0x00007ff9b069b356:   83 b8 64 03 00 00 02 75 34 4d 8d 84 24 00 01 00
0x00007ff9b069b366:   00 83 f9 10 0f 83 3a 01 00 00 8b c1 48 c1 e0 06
0x00007ff9b069b376:   49 03 c0 48 85 c0 0f 84 9b 01 00 00 48 8b 50 08
0x00007ff9b069b386:   48 3b 95 68 54 03 00 0f 87 b6 0e 00 00 48 83 be
0x00007ff9b069b396:   c0 05 00 00 00 0f 85 50 e7 75 00 44 8b 8f d0 01
0x00007ff9b069b3a6:   00 00 48 8b 87 e8 01 00 00 4c 8b 00 8b 8f d0 01
0x00007ff9b069b3b6:   00 00 48 8d 9e 00 01 00 00 83 f9 10 0f 83 1e 01
0x00007ff9b069b3c6:   00 00 8b c1 48 c1 e0 06 48 03 c3 48 85 c0 0f 84
0x00007ff9b069b3d6:   4a 01 00 00 4c 39 40 08 0f 86 40 01 00 00 48 8b
0x00007ff9b069b3e6:   87 80 02 00 00 49 89 06 48 89 b7 80 02 00 00 ff
0x00007ff9b069b3f6:   87 88 02 00 00 48 8b 4e 08 48 8b 01 ba 01 00 00
0x00007ff9b069b406:   00 48 8b 80 e0 02 00 00 ff 15 f4 c1 88 00 0f b7
0x00007ff9b069b416:   c8 48 2b c1 48 05 00 00 01 00 48 01 87 90 02 00
0x00007ff9b069b426:   00 48 8b 4e 08 48 8b 01 ba 01 00 00 00 48 8b 80
0x00007ff9b069b436:   e0 02 00 00 ff 15 c8 c1 88 00 48 01 87 a0 02 00
0x00007ff9b069b446:   00 0f b6 54 24 20 4d 85 ff 0f 85 db fe ff ff 84
0x00007ff9b069b456:   d2 0f 85 37 0f 00 00 48 8b 5c 24 40 48 8b cf 80
0x00007ff9b069b466:   7c 24 22 00 0f 85 40 0f 00 00 e8 3b f9 ff ff 90
0x00007ff9b069b476:   48 8b cb ff 15 99 bc 88 00 48 8b 8c 24 50 01 00 


Stack slot to memory mapping:
stack at sp + 0 slots: 0x000002a29ce60810 points into unknown readable memory: 0xffffffffffffffff | ff ff ff ff ff ff ff ff
stack at sp + 1 slots: 0x00007ff9b04d0ab4 igxelpicd64.dll
stack at sp + 2 slots: 0x0 is NULL
stack at sp + 3 slots: 0x000002a29f237260 points into unknown readable memory: 0x00000000000000a2 | a2 00 00 00 00 00 00 00
stack at sp + 4 slots: 0x0000001600000000 is an unknown value
stack at sp + 5 slots: 0x0 is NULL
stack at sp + 6 slots: 0x000002a200000000 is an unknown value
stack at sp + 7 slots: 0x000002a29f233440 points into unknown readable memory: 0x000002a29f2334b0 | b0 34 23 9f a2 02 00 00

VM_Operation (0x000000fe46ffeda0): Exit, mode: safepoint, requested by thread 0x000002a29c2091d0


---------------  P R O C E S S  ---------------

Threads class SMR info:
_java_thread_list=0x000002a29f12f480, length=219, elements={
0x000002a256f37350, 0x000002a256f3a130, 0x000002a256f52c90, 0x000002a256f53560,
0x000002a256f589f0, 0x000002a256f56240, 0x000002a256f712f0, 0x000002a256f793f0,
0x000002a256f79d00, 0x000002a29c1f1870, 0x000002a29c1f2720, 0x000002a29c2051b0,
0x000002a29c20b030, 0x000002a29c20a100, 0x000002a29c20b540, 0x000002a29c2087b0,
0x000002a29c2091d0, 0x000002a29c2096e0, 0x000002a29c20a610, 0x000002a29c20ab20,
0x000002a2af8a02b0, 0x000002a2af8a1c00, 0x000002a2af89e450, 0x000002a2af89f890,
0x000002a2af89ee70, 0x000002a2af89f380, 0x000002a2af8a11e0, 0x000002a2af8a16f0,
0x000002a2af89fda0, 0x000002a2af89e960, 0x000002a2af8a3040, 0x000002a2af8a3a60,
0x000002a2af8a3550, 0x000002a2af8a3f70, 0x000002a2af8a2110, 0x000002a2af8a07c0,
0x000002a2af8a4480, 0x000002a2af8a2620, 0x000002a2af8a0cd0, 0x000002a2af8a4990,
0x000002a2af8a4ea0, 0x000002a2af8a53b0, 0x000002a2af8a58c0, 0x000002a2af8a5dd0,
0x000002a2af8a2b30, 0x000002a2af706250, 0x000002a2af705830, 0x000002a2af706c70,
0x000002a2af705320, 0x000002a2af706760, 0x000002a2af704e10, 0x000002a2af705d40,
0x000002a2af7034c0, 0x000002a2af707180, 0x000002a2af7039d0, 0x000002a2af707690,
0x000002a2af7043f0, 0x000002a2af703ee0, 0x000002a2af707ba0, 0x000002a2af7080b0,
0x000002a2af704900, 0x000002a2af708fe0, 0x000002a2af7085c0, 0x000002a2af70a420,
0x000002a2af709f10, 0x000002a2af7094f0, 0x000002a2af70a930, 0x000002a2af709a00,
0x000002a2af70ae40, 0x000002a2af708ad0, 0x000002a2af5c3820, 0x000002a2af5c23e0,
0x000002a2af5c3310, 0x000002a2af5c2e00, 0x000002a2af5c28f0, 0x000002a2af5c0070,
0x000002a2af5c3d30, 0x000002a2af5c1ed0, 0x000002a2af5c0580, 0x000002a2af5c4240,
0x000002a2af5c19c0, 0x000002a2af5c0a90, 0x000002a2af5c4750, 0x000002a2af5c0fa0,
0x000002a2af5c4c60, 0x000002a2af5c14b0, 0x000002a2af5c74e0, 0x000002a2af5c65b0,
0x000002a2af5c5170, 0x000002a2af5c79f0, 0x000002a2af5c5680, 0x000002a2af5c5b90,
0x000002a2af5c60a0, 0x000002a2af5c6ac0, 0x000002a2af5c6fd0, 0x000002a2af716780,
0x000002a2af7139f0, 0x000002a2af715340, 0x000002a2af715850, 0x000002a2af714410,
0x000002a2af713f00, 0x000002a2af715d60, 0x000002a2af716270, 0x000002a2af716c90,
0x000002a2af7134e0, 0x000002a2af7171a0, 0x000002a2af714920, 0x000002a2af7176b0,
0x000002a2af717bc0, 0x000002a2af7180d0, 0x000002a2af7185e0, 0x000002a2af714e30,
0x000002a2af719510, 0x000002a2af718af0, 0x000002a2af719000, 0x000002a2af719f30,
0x000002a2af719a20, 0x000002a2af71a440, 0x000002a2af71a950, 0x000002a2af71ae60,
0x000002a2af809800, 0x000002a2af8092f0, 0x000002a2af80a730, 0x000002a2af80b660,
0x000002a2af80ac40, 0x000002a2af808de0, 0x000002a2af809d10, 0x000002a2af807eb0,
0x000002a2af80bb70, 0x000002a2af8083c0, 0x000002a2af80a220, 0x000002a2af8088d0,
0x000002a2af80e900, 0x000002a2af80b150, 0x000002a2af80d9d0, 0x000002a2af80ee10,
0x000002a2af80d4c0, 0x000002a2af80c080, 0x000002a2af80e3f0, 0x000002a2af80c590,
0x000002a2af80dee0, 0x000002a2af80f320, 0x000002a2af80f830, 0x000002a2af80caa0,
0x000002a2af80cfb0, 0x000002a2afba1f60, 0x000002a2afba2470, 0x000002a2afba2e90,
0x000002a2afba38b0, 0x000002a2afba4cf0, 0x000002a2afba3dc0, 0x000002a2afba42d0,
0x000002a2afba33a0, 0x000002a2afba47e0, 0x000002a2afba2980, 0x000002a2afba1a50,
0x000002a2afba6130, 0x000002a2afba5710, 0x000002a2afba5c20, 0x000002a2afba7060,
0x000002a2afba6640, 0x000002a2afba89b0, 0x000002a2afba7f90, 0x000002a2afba5200,
0x000002a2afba8ec0, 0x000002a2afba7a80, 0x000002a2afba7570, 0x000002a2afba84a0,
0x000002a2afba93d0, 0x000002a2afba6b50, 0x000002a2afbc9d10, 0x000002a2afbcb660,
0x000002a2afbcac40, 0x000002a2afbcbb70, 0x000002a2afbca220, 0x000002a2afbca730,
0x000002a2afbcc080, 0x000002a2afbcc590, 0x000002a2afbcb150, 0x000002a2afbc8de0,
0x000002a2afbccaa0, 0x000002a2afbc92f0, 0x000002a2afbccfb0, 0x000002a2afbc9800,
0x000002a2afbce3f0, 0x000002a2afbd0760, 0x000002a2afbcf320, 0x000002a2afbcf830,
0x000002a2afbcee10, 0x000002a2afbcd4c0, 0x000002a2afbcd9d0, 0x000002a2afbcdee0,
0x000002a2afbce900, 0x000002a2afbcfd40, 0x000002a2afbd0250, 0x000002a2afccfcc0,
0x000002a2afcce880, 0x000002a2afccc510, 0x000002a2afcd01d0, 0x000002a2afccca20,
0x000002a2afcd06e0, 0x000002a2afcccf30, 0x000002a2afcd0bf0, 0x000002a2afccd440,
0x000002a2afcd1100, 0x000002a2afccd950, 0x000002a2afcce370, 0x000002a2afcced90,
0x000002a2afcd1610, 0x000002a2afccde60, 0x000002a2afcd1b20, 0x000002a2afcd2a50,
0x000002a2afcd2030, 0x000002a2afcd2540, 0x000002a2afccf2a0, 0x000002a2afcd2f60,
0x000002a2afccf7b0, 0x000002a2afcd3470, 0x000002a29c8c2f20
}

Java Threads: ( => current thread )
  0x000002a256f37350 JavaThread "Reference Handler" daemon [_thread_blocked, id=41860, stack(0x000000fe44c00000,0x000000fe44d00000)]
  0x000002a256f3a130 JavaThread "Finalizer" daemon [_thread_blocked, id=41856, stack(0x000000fe44d00000,0x000000fe44e00000)]
  0x000002a256f52c90 JavaThread "Signal Dispatcher" daemon [_thread_blocked, id=41852, stack(0x000000fe44e00000,0x000000fe44f00000)]
  0x000002a256f53560 JavaThread "Attach Listener" daemon [_thread_blocked, id=41816, stack(0x000000fe44f00000,0x000000fe45000000)]
  0x000002a256f589f0 JavaThread "Service Thread" daemon [_thread_blocked, id=41872, stack(0x000000fe45000000,0x000000fe45100000)]
  0x000002a256f56240 JavaThread "Monitor Deflation Thread" daemon [_thread_blocked, id=41868, stack(0x000000fe45100000,0x000000fe45200000)]
  0x000002a256f712f0 JavaThread "C2 CompilerThread0" daemon [_thread_blocked, id=41864, stack(0x000000fe45200000,0x000000fe45300000)]
  0x000002a256f793f0 JavaThread "C1 CompilerThread0" daemon [_thread_blocked, id=41888, stack(0x000000fe45300000,0x000000fe45400000)]
  0x000002a256f79d00 JavaThread "Sweeper thread" daemon [_thread_blocked, id=41796, stack(0x000000fe45400000,0x000000fe45500000)]
  0x000002a29c1f1870 JavaThread "JDWP Transport Listener: dt_socket" daemon [_thread_blocked, id=41792, stack(0x000000fe45500000,0x000000fe45600000)]
  0x000002a29c1f2720 JavaThread "JDWP Event Helper Thread" daemon [_thread_blocked, id=41848, stack(0x000000fe45600000,0x000000fe45700000)]
  0x000002a29c2051b0 JavaThread "JDWP Command Reader" daemon [_thread_blocked, id=41840, stack(0x000000fe45700000,0x000000fe45800000)]
  0x000002a29c20b030 JavaThread "Notification Thread" daemon [_thread_blocked, id=39532, stack(0x000000fe45800000,0x000000fe45900000)]
  0x000002a29c20a100 JavaThread "Common-Cleaner" daemon [_thread_blocked, id=42020, stack(0x000000fe45a00000,0x000000fe45b00000)]
  0x000002a29c20b540 JavaThread "Java2D Disposer" daemon [_thread_blocked, id=42052, stack(0x000000fe45b00000,0x000000fe45c00000)]
  0x000002a29c2087b0 JavaThread "HighResTimerThread" daemon [_thread_blocked, id=41972, stack(0x000000fe46d00000,0x000000fe46e00000)]
  0x000002a29c2091d0 JavaThread "main-FPSAWTAnimator#00-Timer0" [_thread_blocked, id=41988, stack(0x000000fe46f00000,0x000000fe47000000)]
  0x000002a29c2096e0 JavaThread "DestroyJavaVM" [_thread_blocked, id=41884, stack(0x000000fe44500000,0x000000fe44600000)]
  0x000002a29c20a610 JavaThread "pool-1-thread-1" [_thread_blocked, id=41964, stack(0x000000fe47000000,0x000000fe47100000)]
  0x000002a29c20ab20 JavaThread "pool-1-thread-2" [_thread_blocked, id=9292, stack(0x000000fe47100000,0x000000fe47200000)]
  0x000002a2af8a02b0 JavaThread "pool-1-thread-3" [_thread_blocked, id=4256, stack(0x000000fe47200000,0x000000fe47300000)]
  0x000002a2af8a1c00 JavaThread "pool-1-thread-4" [_thread_blocked, id=34596, stack(0x000000fe47300000,0x000000fe47400000)]
  0x000002a2af89e450 JavaThread "pool-1-thread-5" [_thread_blocked, id=30072, stack(0x000000fe47400000,0x000000fe47500000)]
  0x000002a2af89f890 JavaThread "pool-1-thread-6" [_thread_blocked, id=33268, stack(0x000000fe47500000,0x000000fe47600000)]
  0x000002a2af89ee70 JavaThread "pool-1-thread-7" [_thread_blocked, id=38516, stack(0x000000fe47600000,0x000000fe47700000)]
  0x000002a2af89f380 JavaThread "pool-1-thread-8" [_thread_blocked, id=42736, stack(0x000000fe47700000,0x000000fe47800000)]
  0x000002a2af8a11e0 JavaThread "pool-1-thread-9" [_thread_blocked, id=42740, stack(0x000000fe47800000,0x000000fe47900000)]
  0x000002a2af8a16f0 JavaThread "pool-1-thread-10" [_thread_blocked, id=42732, stack(0x000000fe47900000,0x000000fe47a00000)]
  0x000002a2af89fda0 JavaThread "pool-1-thread-11" [_thread_blocked, id=42728, stack(0x000000fe47a00000,0x000000fe47b00000)]
  0x000002a2af89e960 JavaThread "pool-1-thread-12" [_thread_blocked, id=42792, stack(0x000000fe47b00000,0x000000fe47c00000)]
  0x000002a2af8a3040 JavaThread "pool-1-thread-13" [_thread_blocked, id=42796, stack(0x000000fe47c00000,0x000000fe47d00000)]
  0x000002a2af8a3a60 JavaThread "pool-1-thread-14" [_thread_blocked, id=42780, stack(0x000000fe47d00000,0x000000fe47e00000)]
  0x000002a2af8a3550 JavaThread "pool-1-thread-15" [_thread_blocked, id=42844, stack(0x000000fe47e00000,0x000000fe47f00000)]
  0x000002a2af8a3f70 JavaThread "pool-1-thread-16" [_thread_blocked, id=42820, stack(0x000000fe47f00000,0x000000fe48000000)]
  0x000002a2af8a2110 JavaThread "pool-1-thread-17" [_thread_blocked, id=42816, stack(0x000000fe48000000,0x000000fe48100000)]
  0x000002a2af8a07c0 JavaThread "pool-1-thread-18" [_thread_blocked, id=42812, stack(0x000000fe48100000,0x000000fe48200000)]
  0x000002a2af8a4480 JavaThread "pool-1-thread-19" [_thread_blocked, id=42848, stack(0x000000fe48200000,0x000000fe48300000)]
  0x000002a2af8a2620 JavaThread "pool-1-thread-20" [_thread_blocked, id=42852, stack(0x000000fe48300000,0x000000fe48400000)]
  0x000002a2af8a0cd0 JavaThread "pool-1-thread-21" [_thread_blocked, id=42868, stack(0x000000fe48400000,0x000000fe48500000)]
  0x000002a2af8a4990 JavaThread "pool-1-thread-22" [_thread_blocked, id=42788, stack(0x000000fe48500000,0x000000fe48600000)]
  0x000002a2af8a4ea0 JavaThread "pool-1-thread-23" [_thread_blocked, id=42864, stack(0x000000fe48600000,0x000000fe48700000)]
  0x000002a2af8a53b0 JavaThread "pool-1-thread-24" [_thread_blocked, id=42860, stack(0x000000fe48700000,0x000000fe48800000)]
  0x000002a2af8a58c0 JavaThread "pool-1-thread-25" [_thread_blocked, id=42856, stack(0x000000fe48800000,0x000000fe48900000)]
  0x000002a2af8a5dd0 JavaThread "pool-1-thread-26" [_thread_blocked, id=42872, stack(0x000000fe48900000,0x000000fe48a00000)]
  0x000002a2af8a2b30 JavaThread "pool-1-thread-27" [_thread_blocked, id=42876, stack(0x000000fe48a00000,0x000000fe48b00000)]
  0x000002a2af706250 JavaThread "pool-1-thread-28" [_thread_blocked, id=42772, stack(0x000000fe48b00000,0x000000fe48c00000)]
  0x000002a2af705830 JavaThread "pool-1-thread-29" [_thread_blocked, id=42768, stack(0x000000fe48c00000,0x000000fe48d00000)]
  0x000002a2af706c70 JavaThread "pool-1-thread-30" [_thread_blocked, id=42764, stack(0x000000fe48d00000,0x000000fe48e00000)]
  0x000002a2af705320 JavaThread "pool-1-thread-31" [_thread_blocked, id=42840, stack(0x000000fe48e00000,0x000000fe48f00000)]
  0x000002a2af706760 JavaThread "pool-1-thread-32" [_thread_blocked, id=42784, stack(0x000000fe48f00000,0x000000fe49000000)]
  0x000002a2af704e10 JavaThread "pool-1-thread-33" [_thread_blocked, id=42720, stack(0x000000fe49000000,0x000000fe49100000)]
  0x000002a2af705d40 JavaThread "pool-1-thread-34" [_thread_blocked, id=42716, stack(0x000000fe49100000,0x000000fe49200000)]
  0x000002a2af7034c0 JavaThread "pool-1-thread-35" [_thread_blocked, id=42752, stack(0x000000fe49200000,0x000000fe49300000)]
  0x000002a2af707180 JavaThread "pool-1-thread-36" [_thread_blocked, id=42748, stack(0x000000fe49300000,0x000000fe49400000)]
  0x000002a2af7039d0 JavaThread "pool-1-thread-37" [_thread_blocked, id=42744, stack(0x000000fe49400000,0x000000fe49500000)]
  0x000002a2af707690 JavaThread "pool-1-thread-38" [_thread_blocked, id=42724, stack(0x000000fe49500000,0x000000fe49600000)]
  0x000002a2af7043f0 JavaThread "pool-1-thread-39" [_thread_blocked, id=42832, stack(0x000000fe49600000,0x000000fe49700000)]
  0x000002a2af703ee0 JavaThread "pool-1-thread-40" [_thread_blocked, id=42828, stack(0x000000fe49700000,0x000000fe49800000)]
  0x000002a2af707ba0 JavaThread "pool-1-thread-41" [_thread_blocked, id=42824, stack(0x000000fe49800000,0x000000fe49900000)]
  0x000002a2af7080b0 JavaThread "pool-1-thread-42" [_thread_blocked, id=42836, stack(0x000000fe49900000,0x000000fe49a00000)]
  0x000002a2af704900 JavaThread "pool-1-thread-43" [_thread_blocked, id=42760, stack(0x000000fe49a00000,0x000000fe49b00000)]
  0x000002a2af708fe0 JavaThread "pool-1-thread-44" [_thread_blocked, id=42756, stack(0x000000fe49b00000,0x000000fe49c00000)]
  0x000002a2af7085c0 JavaThread "pool-1-thread-45" [_thread_blocked, id=42808, stack(0x000000fe49c00000,0x000000fe49d00000)]
  0x000002a2af70a420 JavaThread "pool-1-thread-46" [_thread_blocked, id=42804, stack(0x000000fe49d00000,0x000000fe49e00000)]
  0x000002a2af709f10 JavaThread "pool-1-thread-47" [_thread_blocked, id=42800, stack(0x000000fe49e00000,0x000000fe49f00000)]
  0x000002a2af7094f0 JavaThread "pool-1-thread-48" [_thread_blocked, id=42776, stack(0x000000fe49f00000,0x000000fe4a000000)]
  0x000002a2af70a930 JavaThread "pool-1-thread-49" [_thread_blocked, id=16828, stack(0x000000fe4a000000,0x000000fe4a100000)]
  0x000002a2af709a00 JavaThread "pool-1-thread-50" [_thread_blocked, id=42520, stack(0x000000fe4a100000,0x000000fe4a200000)]
  0x000002a2af70ae40 JavaThread "pool-1-thread-51" [_thread_blocked, id=42388, stack(0x000000fe4a200000,0x000000fe4a300000)]
  0x000002a2af708ad0 JavaThread "pool-1-thread-52" [_thread_blocked, id=42940, stack(0x000000fe4a300000,0x000000fe4a400000)]
  0x000002a2af5c3820 JavaThread "pool-1-thread-53" [_thread_blocked, id=42952, stack(0x000000fe4a400000,0x000000fe4a500000)]
  0x000002a2af5c23e0 JavaThread "pool-1-thread-54" [_thread_blocked, id=39556, stack(0x000000fe4a500000,0x000000fe4a600000)]
  0x000002a2af5c3310 JavaThread "pool-1-thread-55" [_thread_blocked, id=38704, stack(0x000000fe4a600000,0x000000fe4a700000)]
  0x000002a2af5c2e00 JavaThread "pool-1-thread-56" [_thread_blocked, id=15056, stack(0x000000fe4a700000,0x000000fe4a800000)]
  0x000002a2af5c28f0 JavaThread "pool-1-thread-57" [_thread_blocked, id=43076, stack(0x000000fe4a800000,0x000000fe4a900000)]
  0x000002a2af5c0070 JavaThread "pool-1-thread-58" [_thread_blocked, id=43072, stack(0x000000fe4a900000,0x000000fe4aa00000)]
  0x000002a2af5c3d30 JavaThread "pool-1-thread-59" [_thread_blocked, id=43060, stack(0x000000fe4aa00000,0x000000fe4ab00000)]
  0x000002a2af5c1ed0 JavaThread "pool-1-thread-60" [_thread_blocked, id=43068, stack(0x000000fe4ab00000,0x000000fe4ac00000)]
  0x000002a2af5c0580 JavaThread "pool-1-thread-61" [_thread_blocked, id=43052, stack(0x000000fe4ac00000,0x000000fe4ad00000)]
  0x000002a2af5c4240 JavaThread "pool-1-thread-62" [_thread_blocked, id=43172, stack(0x000000fe4ad00000,0x000000fe4ae00000)]
  0x000002a2af5c19c0 JavaThread "pool-1-thread-63" [_thread_blocked, id=43156, stack(0x000000fe4ae00000,0x000000fe4af00000)]
  0x000002a2af5c0a90 JavaThread "pool-1-thread-64" [_thread_blocked, id=43152, stack(0x000000fe4af00000,0x000000fe4b000000)]
  0x000002a2af5c4750 JavaThread "pool-1-thread-65" [_thread_blocked, id=43148, stack(0x000000fe4b000000,0x000000fe4b100000)]
  0x000002a2af5c0fa0 JavaThread "pool-1-thread-66" [_thread_blocked, id=43180, stack(0x000000fe4b100000,0x000000fe4b200000)]
  0x000002a2af5c4c60 JavaThread "pool-1-thread-67" [_thread_blocked, id=43176, stack(0x000000fe4b200000,0x000000fe4b300000)]
  0x000002a2af5c14b0 JavaThread "pool-1-thread-68" [_thread_blocked, id=43132, stack(0x000000fe4b300000,0x000000fe4b400000)]
  0x000002a2af5c74e0 JavaThread "pool-1-thread-69" [_thread_blocked, id=43160, stack(0x000000fe4b400000,0x000000fe4b500000)]
  0x000002a2af5c65b0 JavaThread "pool-1-thread-70" [_thread_blocked, id=43116, stack(0x000000fe4b500000,0x000000fe4b600000)]
  0x000002a2af5c5170 JavaThread "pool-1-thread-71" [_thread_blocked, id=43112, stack(0x000000fe4b600000,0x000000fe4b700000)]
  0x000002a2af5c79f0 JavaThread "pool-1-thread-72" [_thread_blocked, id=43128, stack(0x000000fe4b700000,0x000000fe4b800000)]
  0x000002a2af5c5680 JavaThread "pool-1-thread-73" [_thread_blocked, id=43144, stack(0x000000fe4b800000,0x000000fe4b900000)]
  0x000002a2af5c5b90 JavaThread "pool-1-thread-74" [_thread_blocked, id=43140, stack(0x000000fe4b900000,0x000000fe4ba00000)]
  0x000002a2af5c60a0 JavaThread "pool-1-thread-75" [_thread_blocked, id=43136, stack(0x000000fe4ba00000,0x000000fe4bb00000)]
  0x000002a2af5c6ac0 JavaThread "pool-1-thread-76" [_thread_blocked, id=43168, stack(0x000000fe4bb00000,0x000000fe4bc00000)]
  0x000002a2af5c6fd0 JavaThread "pool-1-thread-77" [_thread_blocked, id=43164, stack(0x000000fe4bc00000,0x000000fe4bd00000)]
  0x000002a2af716780 JavaThread "pool-1-thread-78" [_thread_blocked, id=43044, stack(0x000000fe4bd00000,0x000000fe4be00000)]
  0x000002a2af7139f0 JavaThread "pool-1-thread-79" [_thread_blocked, id=43040, stack(0x000000fe4be00000,0x000000fe4bf00000)]
  0x000002a2af715340 JavaThread "pool-1-thread-80" [_thread_blocked, id=43100, stack(0x000000fe4bf00000,0x000000fe4c000000)]
  0x000002a2af715850 JavaThread "pool-1-thread-81" [_thread_blocked, id=43092, stack(0x000000fe4c000000,0x000000fe4c100000)]
  0x000002a2af714410 JavaThread "pool-1-thread-82" [_thread_blocked, id=43124, stack(0x000000fe4c100000,0x000000fe4c200000)]
  0x000002a2af713f00 JavaThread "pool-1-thread-83" [_thread_blocked, id=43088, stack(0x000000fe4c200000,0x000000fe4c300000)]
  0x000002a2af715d60 JavaThread "pool-1-thread-84" [_thread_blocked, id=43056, stack(0x000000fe4c300000,0x000000fe4c400000)]
  0x000002a2af716270 JavaThread "pool-1-thread-85" [_thread_blocked, id=43108, stack(0x000000fe4c400000,0x000000fe4c500000)]
  0x000002a2af716c90 JavaThread "pool-1-thread-86" [_thread_blocked, id=43104, stack(0x000000fe4c500000,0x000000fe4c600000)]
  0x000002a2af7134e0 JavaThread "pool-1-thread-87" [_thread_blocked, id=43096, stack(0x000000fe4c600000,0x000000fe4c700000)]
  0x000002a2af7171a0 JavaThread "pool-1-thread-88" [_thread_blocked, id=43120, stack(0x000000fe4c700000,0x000000fe4c800000)]
  0x000002a2af714920 JavaThread "pool-1-thread-89" [_thread_blocked, id=43036, stack(0x000000fe4c800000,0x000000fe4c900000)]
  0x000002a2af7176b0 JavaThread "pool-1-thread-90" [_thread_blocked, id=43032, stack(0x000000fe4c900000,0x000000fe4ca00000)]
  0x000002a2af717bc0 JavaThread "pool-1-thread-91" [_thread_blocked, id=43064, stack(0x000000fe4ca00000,0x000000fe4cb00000)]
  0x000002a2af7180d0 JavaThread "pool-1-thread-92" [_thread_blocked, id=43084, stack(0x000000fe4cb00000,0x000000fe4cc00000)]
  0x000002a2af7185e0 JavaThread "pool-1-thread-93" [_thread_blocked, id=43080, stack(0x000000fe4cc00000,0x000000fe4cd00000)]
  0x000002a2af714e30 JavaThread "pool-1-thread-94" [_thread_blocked, id=43048, stack(0x000000fe4cd00000,0x000000fe4ce00000)]
  0x000002a2af719510 JavaThread "pool-1-thread-95" [_thread_blocked, id=41624, stack(0x000000fe4ce00000,0x000000fe4cf00000)]
  0x000002a2af718af0 JavaThread "pool-1-thread-96" [_thread_blocked, id=33364, stack(0x000000fe4cf00000,0x000000fe4d000000)]
  0x000002a2af719000 JavaThread "pool-1-thread-97" [_thread_blocked, id=29308, stack(0x000000fe4d000000,0x000000fe4d100000)]
  0x000002a2af719f30 JavaThread "pool-1-thread-98" [_thread_blocked, id=20440, stack(0x000000fe4d100000,0x000000fe4d200000)]
  0x000002a2af719a20 JavaThread "pool-1-thread-99" [_thread_blocked, id=40116, stack(0x000000fe4d200000,0x000000fe4d300000)]
  0x000002a2af71a440 JavaThread "pool-1-thread-100" [_thread_blocked, id=27728, stack(0x000000fe4d300000,0x000000fe4d400000)]
  0x000002a2af71a950 JavaThread "pool-1-thread-101" [_thread_blocked, id=43232, stack(0x000000fe4d400000,0x000000fe4d500000)]
  0x000002a2af71ae60 JavaThread "pool-1-thread-102" [_thread_blocked, id=43236, stack(0x000000fe4d500000,0x000000fe4d600000)]
  0x000002a2af809800 JavaThread "pool-1-thread-103" [_thread_blocked, id=43220, stack(0x000000fe4d600000,0x000000fe4d700000)]
  0x000002a2af8092f0 JavaThread "pool-1-thread-104" [_thread_blocked, id=43240, stack(0x000000fe4d700000,0x000000fe4d800000)]
  0x000002a2af80a730 JavaThread "pool-1-thread-105" [_thread_blocked, id=43244, stack(0x000000fe4d800000,0x000000fe4d900000)]
  0x000002a2af80b660 JavaThread "pool-1-thread-106" [_thread_blocked, id=43228, stack(0x000000fe4d900000,0x000000fe4da00000)]
  0x000002a2af80ac40 JavaThread "pool-1-thread-107" [_thread_blocked, id=43348, stack(0x000000fe4da00000,0x000000fe4db00000)]
  0x000002a2af808de0 JavaThread "pool-1-thread-108" [_thread_blocked, id=43336, stack(0x000000fe4db00000,0x000000fe4dc00000)]
  0x000002a2af809d10 JavaThread "pool-1-thread-109" [_thread_blocked, id=43332, stack(0x000000fe4dc00000,0x000000fe4dd00000)]
  0x000002a2af807eb0 JavaThread "pool-1-thread-110" [_thread_blocked, id=43328, stack(0x000000fe4dd00000,0x000000fe4de00000)]
  0x000002a2af80bb70 JavaThread "pool-1-thread-111" [_thread_blocked, id=43324, stack(0x000000fe4de00000,0x000000fe4df00000)]
  0x000002a2af8083c0 JavaThread "pool-1-thread-112" [_thread_blocked, id=43352, stack(0x000000fe4df00000,0x000000fe4e000000)]
  0x000002a2af80a220 JavaThread "pool-1-thread-113" [_thread_blocked, id=43356, stack(0x000000fe4e000000,0x000000fe4e100000)]
  0x000002a2af8088d0 JavaThread "pool-1-thread-114" [_thread_blocked, id=43320, stack(0x000000fe4e100000,0x000000fe4e200000)]
  0x000002a2af80e900 JavaThread "pool-1-thread-115" [_thread_blocked, id=43316, stack(0x000000fe4e200000,0x000000fe4e300000)]
  0x000002a2af80b150 JavaThread "pool-1-thread-116" [_thread_blocked, id=43312, stack(0x000000fe4e300000,0x000000fe4e400000)]
  0x000002a2af80d9d0 JavaThread "pool-1-thread-117" [_thread_blocked, id=43340, stack(0x000000fe4e400000,0x000000fe4e500000)]
  0x000002a2af80ee10 JavaThread "pool-1-thread-118" [_thread_blocked, id=43344, stack(0x000000fe4e500000,0x000000fe4e600000)]
  0x000002a2af80d4c0 JavaThread "pool-1-thread-119" [_thread_blocked, id=43308, stack(0x000000fe4e600000,0x000000fe4e700000)]
  0x000002a2af80c080 JavaThread "pool-1-thread-120" [_thread_blocked, id=43300, stack(0x000000fe4e700000,0x000000fe4e800000)]
  0x000002a2af80e3f0 JavaThread "pool-1-thread-121" [_thread_blocked, id=43292, stack(0x000000fe4e800000,0x000000fe4e900000)]
  0x000002a2af80c590 JavaThread "pool-1-thread-122" [_thread_blocked, id=43288, stack(0x000000fe4e900000,0x000000fe4ea00000)]
  0x000002a2af80dee0 JavaThread "pool-1-thread-123" [_thread_blocked, id=43284, stack(0x000000fe4ea00000,0x000000fe4eb00000)]
  0x000002a2af80f320 JavaThread "pool-1-thread-124" [_thread_blocked, id=43304, stack(0x000000fe4eb00000,0x000000fe4ec00000)]
  0x000002a2af80f830 JavaThread "pool-1-thread-125" [_thread_blocked, id=43212, stack(0x000000fe4ec00000,0x000000fe4ed00000)]
  0x000002a2af80caa0 JavaThread "pool-1-thread-126" [_thread_blocked, id=43280, stack(0x000000fe4ed00000,0x000000fe4ee00000)]
  0x000002a2af80cfb0 JavaThread "pool-1-thread-127" [_thread_blocked, id=43276, stack(0x000000fe4ee00000,0x000000fe4ef00000)]
  0x000002a2afba1f60 JavaThread "pool-1-thread-128" [_thread_blocked, id=43272, stack(0x000000fe4ef00000,0x000000fe4f000000)]
  0x000002a2afba2470 JavaThread "pool-1-thread-129" [_thread_blocked, id=43296, stack(0x000000fe4f000000,0x000000fe4f100000)]
  0x000002a2afba2e90 JavaThread "pool-1-thread-130" [_thread_blocked, id=43208, stack(0x000000fe4f100000,0x000000fe4f200000)]
  0x000002a2afba38b0 JavaThread "pool-1-thread-131" [_thread_blocked, id=43268, stack(0x000000fe4f200000,0x000000fe4f300000)]
  0x000002a2afba4cf0 JavaThread "pool-1-thread-132" [_thread_blocked, id=43264, stack(0x000000fe4f300000,0x000000fe4f400000)]
  0x000002a2afba3dc0 JavaThread "pool-1-thread-133" [_thread_blocked, id=43204, stack(0x000000fe4f400000,0x000000fe4f500000)]
  0x000002a2afba42d0 JavaThread "pool-1-thread-134" [_thread_blocked, id=43200, stack(0x000000fe4f500000,0x000000fe4f600000)]
  0x000002a2afba33a0 JavaThread "pool-1-thread-135" [_thread_blocked, id=43256, stack(0x000000fe4f600000,0x000000fe4f700000)]
  0x000002a2afba47e0 JavaThread "pool-1-thread-136" [_thread_blocked, id=43252, stack(0x000000fe4f700000,0x000000fe4f800000)]
  0x000002a2afba2980 JavaThread "pool-1-thread-137" [_thread_blocked, id=43260, stack(0x000000fe4f800000,0x000000fe4f900000)]
  0x000002a2afba1a50 JavaThread "pool-1-thread-138" [_thread_blocked, id=43224, stack(0x000000fe4f900000,0x000000fe4fa00000)]
  0x000002a2afba6130 JavaThread "pool-1-thread-139" [_thread_blocked, id=43248, stack(0x000000fe4fa00000,0x000000fe4fb00000)]
  0x000002a2afba5710 JavaThread "pool-1-thread-140" [_thread_blocked, id=43216, stack(0x000000fe4fb00000,0x000000fe4fc00000)]
  0x000002a2afba5c20 JavaThread "pool-1-thread-141" [_thread_blocked, id=35460, stack(0x000000fe4fc00000,0x000000fe4fd00000)]
  0x000002a2afba7060 JavaThread "pool-1-thread-142" [_thread_blocked, id=35396, stack(0x000000fe4fd00000,0x000000fe4fe00000)]
  0x000002a2afba6640 JavaThread "pool-1-thread-143" [_thread_blocked, id=41436, stack(0x000000fe4fe00000,0x000000fe4ff00000)]
  0x000002a2afba89b0 JavaThread "pool-1-thread-144" [_thread_blocked, id=43428, stack(0x000000fe4ff00000,0x000000fe50000000)]
  0x000002a2afba7f90 JavaThread "pool-1-thread-145" [_thread_blocked, id=43432, stack(0x000000fe50000000,0x000000fe50100000)]
  0x000002a2afba5200 JavaThread "pool-1-thread-146" [_thread_blocked, id=43416, stack(0x000000fe50100000,0x000000fe50200000)]
  0x000002a2afba8ec0 JavaThread "pool-1-thread-147" [_thread_blocked, id=43440, stack(0x000000fe50200000,0x000000fe50300000)]
  0x000002a2afba7a80 JavaThread "pool-1-thread-148" [_thread_blocked, id=43436, stack(0x000000fe50300000,0x000000fe50400000)]
  0x000002a2afba7570 JavaThread "pool-1-thread-149" [_thread_blocked, id=43424, stack(0x000000fe50400000,0x000000fe50500000)]
  0x000002a2afba84a0 JavaThread "pool-1-thread-150" [_thread_blocked, id=43536, stack(0x000000fe50500000,0x000000fe50600000)]
  0x000002a2afba93d0 JavaThread "pool-1-thread-151" [_thread_blocked, id=43520, stack(0x000000fe50600000,0x000000fe50700000)]
  0x000002a2afba6b50 JavaThread "pool-1-thread-152" [_thread_blocked, id=43516, stack(0x000000fe50700000,0x000000fe50800000)]
  0x000002a2afbc9d10 JavaThread "pool-1-thread-153" [_thread_blocked, id=43512, stack(0x000000fe50800000,0x000000fe50900000)]
  0x000002a2afbcb660 JavaThread "pool-1-thread-154" [_thread_blocked, id=43540, stack(0x000000fe50900000,0x000000fe50a00000)]
  0x000002a2afbcac40 JavaThread "pool-1-thread-155" [_thread_blocked, id=43544, stack(0x000000fe50a00000,0x000000fe50b00000)]
  0x000002a2afbcbb70 JavaThread "pool-1-thread-156" [_thread_blocked, id=43500, stack(0x000000fe50b00000,0x000000fe50c00000)]
  0x000002a2afbca220 JavaThread "pool-1-thread-157" [_thread_blocked, id=43548, stack(0x000000fe50c00000,0x000000fe50d00000)]
  0x000002a2afbca730 JavaThread "pool-1-thread-158" [_thread_blocked, id=43480, stack(0x000000fe50d00000,0x000000fe50e00000)]
  0x000002a2afbcc080 JavaThread "pool-1-thread-159" [_thread_blocked, id=43476, stack(0x000000fe50e00000,0x000000fe50f00000)]
  0x000002a2afbcc590 JavaThread "pool-1-thread-160" [_thread_blocked, id=43472, stack(0x000000fe50f00000,0x000000fe51000000)]
  0x000002a2afbcb150 JavaThread "pool-1-thread-161" [_thread_blocked, id=43532, stack(0x000000fe51000000,0x000000fe51100000)]
  0x000002a2afbc8de0 JavaThread "pool-1-thread-162" [_thread_blocked, id=43528, stack(0x000000fe51100000,0x000000fe51200000)]
  0x000002a2afbccaa0 JavaThread "pool-1-thread-163" [_thread_blocked, id=43524, stack(0x000000fe51200000,0x000000fe51300000)]
  0x000002a2afbc92f0 JavaThread "pool-1-thread-164" [_thread_blocked, id=43552, stack(0x000000fe51300000,0x000000fe51400000)]
  0x000002a2afbccfb0 JavaThread "pool-1-thread-165" [_thread_blocked, id=43556, stack(0x000000fe51400000,0x000000fe51500000)]
  0x000002a2afbc9800 JavaThread "pool-1-thread-166" [_thread_blocked, id=43496, stack(0x000000fe51500000,0x000000fe51600000)]
  0x000002a2afbce3f0 JavaThread "pool-1-thread-167" [_thread_blocked, id=43400, stack(0x000000fe51600000,0x000000fe51700000)]
  0x000002a2afbd0760 JavaThread "pool-1-thread-168" [_thread_blocked, id=43508, stack(0x000000fe51700000,0x000000fe51800000)]
  0x000002a2afbcf320 JavaThread "pool-1-thread-169" [_thread_blocked, id=43396, stack(0x000000fe51800000,0x000000fe51900000)]
  0x000002a2afbcf830 JavaThread "pool-1-thread-170" [_thread_blocked, id=43456, stack(0x000000fe51900000,0x000000fe51a00000)]
  0x000002a2afbcee10 JavaThread "pool-1-thread-171" [_thread_blocked, id=43452, stack(0x000000fe51a00000,0x000000fe51b00000)]
  0x000002a2afbcd4c0 JavaThread "pool-1-thread-172" [_thread_blocked, id=43448, stack(0x000000fe51b00000,0x000000fe51c00000)]
  0x000002a2afbcd9d0 JavaThread "pool-1-thread-173" [_thread_blocked, id=43412, stack(0x000000fe51c00000,0x000000fe51d00000)]
  0x000002a2afbcdee0 JavaThread "pool-1-thread-174" [_thread_blocked, id=43492, stack(0x000000fe51d00000,0x000000fe51e00000)]
  0x000002a2afbce900 JavaThread "pool-1-thread-175" [_thread_blocked, id=43488, stack(0x000000fe51e00000,0x000000fe51f00000)]
  0x000002a2afbcfd40 JavaThread "pool-1-thread-176" [_thread_blocked, id=43484, stack(0x000000fe51f00000,0x000000fe52000000)]
  0x000002a2afbd0250 JavaThread "pool-1-thread-177" [_thread_blocked, id=43504, stack(0x000000fe52000000,0x000000fe52100000)]
  0x000002a2afccfcc0 JavaThread "pool-1-thread-178" [_thread_blocked, id=43408, stack(0x000000fe52100000,0x000000fe52200000)]
  0x000002a2afcce880 JavaThread "pool-1-thread-179" [_thread_blocked, id=43404, stack(0x000000fe52200000,0x000000fe52300000)]
  0x000002a2afccc510 JavaThread "pool-1-thread-180" [_thread_blocked, id=43468, stack(0x000000fe52300000,0x000000fe52400000)]
  0x000002a2afcd01d0 JavaThread "pool-1-thread-181" [_thread_blocked, id=43464, stack(0x000000fe52400000,0x000000fe52500000)]
  0x000002a2afccca20 JavaThread "pool-1-thread-182" [_thread_blocked, id=43460, stack(0x000000fe52500000,0x000000fe52600000)]
  0x000002a2afcd06e0 JavaThread "pool-1-thread-183" [_thread_blocked, id=43420, stack(0x000000fe52600000,0x000000fe52700000)]
  0x000002a2afcccf30 JavaThread "pool-1-thread-184" [_thread_blocked, id=40284, stack(0x000000fe52700000,0x000000fe52800000)]
  0x000002a2afcd0bf0 JavaThread "pool-1-thread-185" [_thread_blocked, id=41728, stack(0x000000fe52800000,0x000000fe52900000)]
  0x000002a2afccd440 JavaThread "pool-1-thread-186" [_thread_blocked, id=42900, stack(0x000000fe52900000,0x000000fe52a00000)]
  0x000002a2afcd1100 JavaThread "pool-1-thread-187" [_thread_blocked, id=42400, stack(0x000000fe52a00000,0x000000fe52b00000)]
  0x000002a2afccd950 JavaThread "pool-1-thread-188" [_thread_blocked, id=43580, stack(0x000000fe52b00000,0x000000fe52c00000)]
  0x000002a2afcce370 JavaThread "pool-1-thread-189" [_thread_blocked, id=42392, stack(0x000000fe52c00000,0x000000fe52d00000)]
  0x000002a2afcced90 JavaThread "pool-1-thread-190" [_thread_blocked, id=42208, stack(0x000000fe52d00000,0x000000fe52e00000)]
  0x000002a2afcd1610 JavaThread "pool-1-thread-191" [_thread_blocked, id=42328, stack(0x000000fe52e00000,0x000000fe52f00000)]
  0x000002a2afccde60 JavaThread "pool-1-thread-192" [_thread_blocked, id=43572, stack(0x000000fe52f00000,0x000000fe53000000)]
  0x000002a2afcd1b20 JavaThread "pool-1-thread-193" [_thread_blocked, id=42016, stack(0x000000fe53000000,0x000000fe53100000)]
  0x000002a2afcd2a50 JavaThread "pool-1-thread-194" [_thread_blocked, id=43576, stack(0x000000fe53100000,0x000000fe53200000)]
  0x000002a2afcd2030 JavaThread "pool-1-thread-195" [_thread_blocked, id=42036, stack(0x000000fe53200000,0x000000fe53300000)]
  0x000002a2afcd2540 JavaThread "pool-1-thread-196" [_thread_blocked, id=43592, stack(0x000000fe53300000,0x000000fe53400000)]
  0x000002a2afccf2a0 JavaThread "pool-1-thread-197" [_thread_blocked, id=43588, stack(0x000000fe53400000,0x000000fe53500000)]
  0x000002a2afcd2f60 JavaThread "pool-1-thread-198" [_thread_blocked, id=42080, stack(0x000000fe53500000,0x000000fe53600000)]
  0x000002a2afccf7b0 JavaThread "pool-1-thread-199" [_thread_blocked, id=42076, stack(0x000000fe53600000,0x000000fe53700000)]
  0x000002a2afcd3470 JavaThread "pool-1-thread-200" [_thread_blocked, id=42072, stack(0x000000fe53700000,0x000000fe53800000)]
  0x000002a29c8c2f20 JavaThread "AWT-Shutdown" [_thread_blocked, id=38712, stack(0x000000fe46e00000,0x000000fe46f00000)]

Other Threads:
=>0x000002a256f32390 VMThread "VM Thread" [stack: 0x000000fe44b00000,0x000000fe44c00000] [id=41800]
  0x000002a23b14c3a0 GCTaskThread "GC Thread#0" [stack: 0x000000fe44600000,0x000000fe44700000] [id=41880]
  0x000002a29e85d380 GCTaskThread "GC Thread#1" [stack: 0x000000fe46300000,0x000000fe46400000] [id=42536]
  0x000002a29e85d640 GCTaskThread "GC Thread#2" [stack: 0x000000fe46400000,0x000000fe46500000] [id=42532]
  0x000002a29e85d900 GCTaskThread "GC Thread#3" [stack: 0x000000fe46500000,0x000000fe46600000] [id=42592]
  0x000002a29e85dbc0 GCTaskThread "GC Thread#4" [stack: 0x000000fe46600000,0x000000fe46700000] [id=42588]
  0x000002a29e85de80 GCTaskThread "GC Thread#5" [stack: 0x000000fe46700000,0x000000fe46800000] [id=42584]
  0x000002a29e89cd20 GCTaskThread "GC Thread#6" [stack: 0x000000fe46800000,0x000000fe46900000] [id=42548]
  0x000002a29e8a0ff0 GCTaskThread "GC Thread#7" [stack: 0x000000fe46900000,0x000000fe46a00000] [id=42436]
  0x000002a23b157210 ConcurrentGCThread "G1 Main Marker" terminated
  0x000002a23b158810 ConcurrentGCThread "G1 Conc#0" [stack: 0x000000fe44800000,0x000000fe44900000] [id=41896]
  0x000002a2b00825b0 ConcurrentGCThread "G1 Conc#1" [stack: 0x000000fe53800000,0x000000fe53900000] [id=42088]
  0x000002a256e00090 ConcurrentGCThread "G1 Refine#0" terminated
  0x000002a256e00870 ConcurrentGCThread "G1 Service" terminated

Threads with active compile tasks:

VM state: at safepoint (shutting down)

VM Mutex/Monitor currently owned by a thread:  ([mutex/lock_event])
[0x000002a23b108b80] Threads_lock - owner thread: 0x000002a256f32390
[0x000002a23b107aa0] Heap_lock - owner thread: 0x000002a29c2091d0

Heap address: 0x00000000c0000000, size: 1024 MB, Compressed Oops mode: 32-bit

CDS archive(s) mapped at: [0x000002a257000000-0x000002a257bb0000-0x000002a257bb0000), size 12255232, SharedBaseAddress: 0x000002a257000000, ArchiveRelocationMode: 1.
Compressed class space mapped at: 0x000002a258000000-0x000002a298000000, reserved size: 1073741824
Narrow klass base: 0x000002a257000000, Narrow klass shift: 0, Narrow klass range: 0x100000000

GC Precious Log:
 CPUs: 8 total, 8 available
 Memory: 7975M
 Large Page Support: Disabled
 NUMA Support: Disabled
 Compressed Oops: Enabled (32-bit)
 Heap Region Size: 1M
 Heap Min Capacity: 64M
 Heap Initial Capacity: 64M
 Heap Max Capacity: 1G
 Pre-touch: Disabled
 Parallel Workers: 8
 Concurrent Workers: 2
 Concurrent Refinement Workers: 8
 Periodic GC: Disabled

Heap:
 garbage-first heap   total 185344K, used 124013K [0x00000000c0000000, 0x0000000100000000)
  region size 1024K, 30 young (30720K), 2 survivors (2048K)
 Metaspace       used 12941K, committed 13120K, reserved 1114112K
  class space    used 918K, committed 1024K, reserved 1048576K

Heap Regions: E=young(eden), S=young(survivor), O=old, HS=humongous(starts), HC=humongous(continues), CS=collection set, F=free, OA=open archive, CA=closed archive, TAMS=top-at-mark-start (previous, next)
|   0|0x00000000c0000000, 0x00000000c0100000, 0x00000000c0100000|100%| O|  |TAMS 0x00000000c0100000, 0x00000000c0000000| Untracked 
|   1|0x00000000c0100000, 0x00000000c0200000, 0x00000000c0200000|100%| O|  |TAMS 0x00000000c0200000, 0x00000000c0100000| Untracked 
|   2|0x00000000c0200000, 0x00000000c0300000, 0x00000000c0300000|100%| O|  |TAMS 0x00000000c0300000, 0x00000000c0200000| Untracked 
|   3|0x00000000c0300000, 0x00000000c0400000, 0x00000000c0400000|100%| O|  |TAMS 0x00000000c0400000, 0x00000000c0300000| Untracked 
|   4|0x00000000c0400000, 0x00000000c0500000, 0x00000000c0500000|100%| O|  |TAMS 0x00000000c0500000, 0x00000000c0400000| Untracked 
|   5|0x00000000c0500000, 0x00000000c0600000, 0x00000000c0600000|100%| O|  |TAMS 0x00000000c0600000, 0x00000000c0500000| Untracked 
|   6|0x00000000c0600000, 0x00000000c0700000, 0x00000000c0700000|100%| O|  |TAMS 0x00000000c0700000, 0x00000000c0600000| Untracked 
|   7|0x00000000c0700000, 0x00000000c0800000, 0x00000000c0800000|100%| O|  |TAMS 0x00000000c0800000, 0x00000000c0700000| Untracked 
|   8|0x00000000c0800000, 0x00000000c0900000, 0x00000000c0900000|100%| O|  |TAMS 0x00000000c0900000, 0x00000000c0800000| Untracked 
|   9|0x00000000c0900000, 0x00000000c0a00000, 0x00000000c0a00000|100%| O|  |TAMS 0x00000000c0a00000, 0x00000000c0900000| Untracked 
|  10|0x00000000c0a00000, 0x00000000c0a00000, 0x00000000c0b00000|  0%| F|  |TAMS 0x00000000c0a00000, 0x00000000c0a00000| Untracked 
|  11|0x00000000c0b00000, 0x00000000c0c00000, 0x00000000c0c00000|100%| O|  |TAMS 0x00000000c0c00000, 0x00000000c0b00000| Untracked 
|  12|0x00000000c0c00000, 0x00000000c0c00000, 0x00000000c0d00000|  0%| F|  |TAMS 0x00000000c0c00000, 0x00000000c0c00000| Untracked 
|  13|0x00000000c0d00000, 0x00000000c0e00000, 0x00000000c0e00000|100%| O|  |TAMS 0x00000000c0e00000, 0x00000000c0d00000| Untracked 
|  14|0x00000000c0e00000, 0x00000000c0f00000, 0x00000000c0f00000|100%|HS|  |TAMS 0x00000000c0f00000, 0x00000000c0e00000| Complete 
|  15|0x00000000c0f00000, 0x00000000c1000000, 0x00000000c1000000|100%|HS|  |TAMS 0x00000000c1000000, 0x00000000c0f00000| Complete 
|  16|0x00000000c1000000, 0x00000000c1100000, 0x00000000c1100000|100%|HS|  |TAMS 0x00000000c1100000, 0x00000000c1000000| Complete 
|  17|0x00000000c1100000, 0x00000000c1200000, 0x00000000c1200000|100%|HS|  |TAMS 0x00000000c1200000, 0x00000000c1100000| Complete 
|  18|0x00000000c1200000, 0x00000000c1300000, 0x00000000c1300000|100%|HC|  |TAMS 0x00000000c1300000, 0x00000000c1200000| Complete 
|  19|0x00000000c1300000, 0x00000000c1400000, 0x00000000c1400000|100%|HC|  |TAMS 0x00000000c1400000, 0x00000000c1300000| Complete 
|  20|0x00000000c1400000, 0x00000000c1500000, 0x00000000c1500000|100%|HC|  |TAMS 0x00000000c1500000, 0x00000000c1400000| Complete 
|  21|0x00000000c1500000, 0x00000000c1600000, 0x00000000c1600000|100%|HC|  |TAMS 0x00000000c1600000, 0x00000000c1500000| Complete 
|  22|0x00000000c1600000, 0x00000000c1700000, 0x00000000c1700000|100%|HC|  |TAMS 0x00000000c1700000, 0x00000000c1600000| Complete 
|  23|0x00000000c1700000, 0x00000000c1800000, 0x00000000c1800000|100%|HC|  |TAMS 0x00000000c1800000, 0x00000000c1700000| Complete 
|  24|0x00000000c1800000, 0x00000000c1900000, 0x00000000c1900000|100%|HC|  |TAMS 0x00000000c1900000, 0x00000000c1800000| Complete 
|  25|0x00000000c1900000, 0x00000000c1a00000, 0x00000000c1a00000|100%|HC|  |TAMS 0x00000000c1a00000, 0x00000000c1900000| Complete 
|  26|0x00000000c1a00000, 0x00000000c1b00000, 0x00000000c1b00000|100%|HC|  |TAMS 0x00000000c1b00000, 0x00000000c1a00000| Complete 
|  27|0x00000000c1b00000, 0x00000000c1c00000, 0x00000000c1c00000|100%|HC|  |TAMS 0x00000000c1c00000, 0x00000000c1b00000| Complete 
|  28|0x00000000c1c00000, 0x00000000c1d00000, 0x00000000c1d00000|100%|HC|  |TAMS 0x00000000c1d00000, 0x00000000c1c00000| Complete 
|  29|0x00000000c1d00000, 0x00000000c1e00000, 0x00000000c1e00000|100%|HC|  |TAMS 0x00000000c1e00000, 0x00000000c1d00000| Complete 
|  30|0x00000000c1e00000, 0x00000000c1f00000, 0x00000000c1f00000|100%|HC|  |TAMS 0x00000000c1f00000, 0x00000000c1e00000| Complete 
|  31|0x00000000c1f00000, 0x00000000c2000000, 0x00000000c2000000|100%|HC|  |TAMS 0x00000000c2000000, 0x00000000c1f00000| Complete 
|  32|0x00000000c2000000, 0x00000000c2100000, 0x00000000c2100000|100%|HC|  |TAMS 0x00000000c2100000, 0x00000000c2000000| Complete 
|  33|0x00000000c2100000, 0x00000000c2200000, 0x00000000c2200000|100%|HC|  |TAMS 0x00000000c2200000, 0x00000000c2100000| Complete 
|  34|0x00000000c2200000, 0x00000000c2300000, 0x00000000c2300000|100%|HS|  |TAMS 0x00000000c2300000, 0x00000000c2200000| Complete 
|  35|0x00000000c2300000, 0x00000000c2400000, 0x00000000c2400000|100%|HC|  |TAMS 0x00000000c2400000, 0x00000000c2300000| Complete 
|  36|0x00000000c2400000, 0x00000000c2500000, 0x00000000c2500000|100%|HC|  |TAMS 0x00000000c2500000, 0x00000000c2400000| Complete 
|  37|0x00000000c2500000, 0x00000000c2600000, 0x00000000c2600000|100%|HC|  |TAMS 0x00000000c2600000, 0x00000000c2500000| Complete 
|  38|0x00000000c2600000, 0x00000000c2700000, 0x00000000c2700000|100%|HC|  |TAMS 0x00000000c2700000, 0x00000000c2600000| Complete 
|  39|0x00000000c2700000, 0x00000000c2800000, 0x00000000c2800000|100%|HS|  |TAMS 0x00000000c2800000, 0x00000000c2700000| Complete 
|  40|0x00000000c2800000, 0x00000000c2900000, 0x00000000c2900000|100%|HC|  |TAMS 0x00000000c2900000, 0x00000000c2800000| Complete 
|  41|0x00000000c2900000, 0x00000000c2a00000, 0x00000000c2a00000|100%|HC|  |TAMS 0x00000000c2a00000, 0x00000000c2900000| Complete 
|  42|0x00000000c2a00000, 0x00000000c2b00000, 0x00000000c2b00000|100%|HC|  |TAMS 0x00000000c2b00000, 0x00000000c2a00000| Complete 
|  43|0x00000000c2b00000, 0x00000000c2c00000, 0x00000000c2c00000|100%|HC|  |TAMS 0x00000000c2c00000, 0x00000000c2b00000| Complete 
|  44|0x00000000c2c00000, 0x00000000c2d00000, 0x00000000c2d00000|100%|HC|  |TAMS 0x00000000c2d00000, 0x00000000c2c00000| Complete 
|  45|0x00000000c2d00000, 0x00000000c2e00000, 0x00000000c2e00000|100%|HC|  |TAMS 0x00000000c2e00000, 0x00000000c2d00000| Complete 
|  46|0x00000000c2e00000, 0x00000000c2f00000, 0x00000000c2f00000|100%|HC|  |TAMS 0x00000000c2f00000, 0x00000000c2e00000| Complete 
|  47|0x00000000c2f00000, 0x00000000c3000000, 0x00000000c3000000|100%|HC|  |TAMS 0x00000000c3000000, 0x00000000c2f00000| Complete 
|  48|0x00000000c3000000, 0x00000000c3100000, 0x00000000c3100000|100%|HC|  |TAMS 0x00000000c3100000, 0x00000000c3000000| Complete 
|  49|0x00000000c3100000, 0x00000000c3200000, 0x00000000c3200000|100%|HC|  |TAMS 0x00000000c3200000, 0x00000000c3100000| Complete 
|  50|0x00000000c3200000, 0x00000000c3300000, 0x00000000c3300000|100%|HC|  |TAMS 0x00000000c3300000, 0x00000000c3200000| Complete 
|  51|0x00000000c3300000, 0x00000000c3400000, 0x00000000c3400000|100%|HC|  |TAMS 0x00000000c3400000, 0x00000000c3300000| Complete 
|  52|0x00000000c3400000, 0x00000000c3500000, 0x00000000c3500000|100%|HS|  |TAMS 0x00000000c3500000, 0x00000000c3400000| Complete 
|  53|0x00000000c3500000, 0x00000000c3600000, 0x00000000c3600000|100%|HC|  |TAMS 0x00000000c3600000, 0x00000000c3500000| Complete 
|  54|0x00000000c3600000, 0x00000000c3700000, 0x00000000c3700000|100%|HC|  |TAMS 0x00000000c3700000, 0x00000000c3600000| Complete 
|  55|0x00000000c3700000, 0x00000000c3800000, 0x00000000c3800000|100%|HC|  |TAMS 0x00000000c3800000, 0x00000000c3700000| Complete 
|  56|0x00000000c3800000, 0x00000000c3900000, 0x00000000c3900000|100%|HC|  |TAMS 0x00000000c3900000, 0x00000000c3800000| Complete 
|  57|0x00000000c3900000, 0x00000000c3a00000, 0x00000000c3a00000|100%| O|  |TAMS 0x00000000c3a00000, 0x00000000c3900000| Untracked 
|  58|0x00000000c3a00000, 0x00000000c3b00000, 0x00000000c3b00000|100%| O|  |TAMS 0x00000000c3b00000, 0x00000000c3a00000| Untracked 
|  59|0x00000000c3b00000, 0x00000000c3c00000, 0x00000000c3c00000|100%| O|  |TAMS 0x00000000c3c00000, 0x00000000c3b00000| Untracked 
|  60|0x00000000c3c00000, 0x00000000c3d00000, 0x00000000c3d00000|100%| O|  |TAMS 0x00000000c3d00000, 0x00000000c3c00000| Complete 
|  61|0x00000000c3d00000, 0x00000000c3d00000, 0x00000000c3e00000|  0%| F|  |TAMS 0x00000000c3d00000, 0x00000000c3d00000| Untracked 
|  62|0x00000000c3e00000, 0x00000000c3e00000, 0x00000000c3f00000|  0%| F|  |TAMS 0x00000000c3e00000, 0x00000000c3e00000| Untracked 
|  63|0x00000000c3f00000, 0x00000000c3f00000, 0x00000000c4000000|  0%| F|  |TAMS 0x00000000c3f00000, 0x00000000c3f00000| Untracked 
|  64|0x00000000c4000000, 0x00000000c4100000, 0x00000000c4100000|100%|HS|  |TAMS 0x00000000c4100000, 0x00000000c4000000| Complete 
|  65|0x00000000c4100000, 0x00000000c4200000, 0x00000000c4200000|100%|HC|  |TAMS 0x00000000c4200000, 0x00000000c4100000| Complete 
|  66|0x00000000c4200000, 0x00000000c4300000, 0x00000000c4300000|100%|HC|  |TAMS 0x00000000c4300000, 0x00000000c4200000| Complete 
|  67|0x00000000c4300000, 0x00000000c4400000, 0x00000000c4400000|100%|HC|  |TAMS 0x00000000c4400000, 0x00000000c4300000| Complete 
|  68|0x00000000c4400000, 0x00000000c4500000, 0x00000000c4500000|100%|HC|  |TAMS 0x00000000c4500000, 0x00000000c4400000| Complete 
|  69|0x00000000c4500000, 0x00000000c4600000, 0x00000000c4600000|100%|HC|  |TAMS 0x00000000c4600000, 0x00000000c4500000| Complete 
|  70|0x00000000c4600000, 0x00000000c4700000, 0x00000000c4700000|100%|HC|  |TAMS 0x00000000c4700000, 0x00000000c4600000| Complete 
|  71|0x00000000c4700000, 0x00000000c4800000, 0x00000000c4800000|100%|HC|  |TAMS 0x00000000c4800000, 0x00000000c4700000| Complete 
|  72|0x00000000c4800000, 0x00000000c4900000, 0x00000000c4900000|100%|HC|  |TAMS 0x00000000c4900000, 0x00000000c4800000| Complete 
|  73|0x00000000c4900000, 0x00000000c4a00000, 0x00000000c4a00000|100%|HS|  |TAMS 0x00000000c4a00000, 0x00000000c4900000| Complete 
|  74|0x00000000c4a00000, 0x00000000c4b00000, 0x00000000c4b00000|100%|HC|  |TAMS 0x00000000c4b00000, 0x00000000c4a00000| Complete 
|  75|0x00000000c4b00000, 0x00000000c4c00000, 0x00000000c4c00000|100%|HC|  |TAMS 0x00000000c4c00000, 0x00000000c4b00000| Complete 
|  76|0x00000000c4c00000, 0x00000000c4d00000, 0x00000000c4d00000|100%|HC|  |TAMS 0x00000000c4d00000, 0x00000000c4c00000| Complete 
|  77|0x00000000c4d00000, 0x00000000c4e00000, 0x00000000c4e00000|100%|HC|  |TAMS 0x00000000c4e00000, 0x00000000c4d00000| Complete 
|  78|0x00000000c4e00000, 0x00000000c4f00000, 0x00000000c4f00000|100%|HS|  |TAMS 0x00000000c4f00000, 0x00000000c4e00000| Complete 
|  79|0x00000000c4f00000, 0x00000000c5000000, 0x00000000c5000000|100%|HC|  |TAMS 0x00000000c5000000, 0x00000000c4f00000| Complete 
|  80|0x00000000c5000000, 0x00000000c5100000, 0x00000000c5100000|100%|HC|  |TAMS 0x00000000c5100000, 0x00000000c5000000| Complete 
|  81|0x00000000c5100000, 0x00000000c5200000, 0x00000000c5200000|100%|HC|  |TAMS 0x00000000c5200000, 0x00000000c5100000| Complete 
|  82|0x00000000c5200000, 0x00000000c5300000, 0x00000000c5300000|100%|HC|  |TAMS 0x00000000c5300000, 0x00000000c5200000| Complete 
|  83|0x00000000c5300000, 0x00000000c5400000, 0x00000000c5400000|100%|HS|  |TAMS 0x00000000c5400000, 0x00000000c5300000| Complete 
|  84|0x00000000c5400000, 0x00000000c5500000, 0x00000000c5500000|100%|HC|  |TAMS 0x00000000c5500000, 0x00000000c5400000| Complete 
|  85|0x00000000c5500000, 0x00000000c5600000, 0x00000000c5600000|100%|HC|  |TAMS 0x00000000c5600000, 0x00000000c5500000| Complete 
|  86|0x00000000c5600000, 0x00000000c5700000, 0x00000000c5700000|100%|HC|  |TAMS 0x00000000c5700000, 0x00000000c5600000| Complete 
|  87|0x00000000c5700000, 0x00000000c5800000, 0x00000000c5800000|100%|HC|  |TAMS 0x00000000c5800000, 0x00000000c5700000| Complete 
|  88|0x00000000c5800000, 0x00000000c5900000, 0x00000000c5900000|100%|HS|  |TAMS 0x00000000c5900000, 0x00000000c5800000| Complete 
|  89|0x00000000c5900000, 0x00000000c5a00000, 0x00000000c5a00000|100%|HC|  |TAMS 0x00000000c5a00000, 0x00000000c5900000| Complete 
|  90|0x00000000c5a00000, 0x00000000c5b00000, 0x00000000c5b00000|100%|HC|  |TAMS 0x00000000c5b00000, 0x00000000c5a00000| Complete 
|  91|0x00000000c5b00000, 0x00000000c5c00000, 0x00000000c5c00000|100%|HC|  |TAMS 0x00000000c5c00000, 0x00000000c5b00000| Complete 
|  92|0x00000000c5c00000, 0x00000000c5d00000, 0x00000000c5d00000|100%|HC|  |TAMS 0x00000000c5d00000, 0x00000000c5c00000| Complete 
|  93|0x00000000c5d00000, 0x00000000c5e00000, 0x00000000c5e00000|100%|HC|  |TAMS 0x00000000c5e00000, 0x00000000c5d00000| Complete 
|  94|0x00000000c5e00000, 0x00000000c5f00000, 0x00000000c5f00000|100%|HC|  |TAMS 0x00000000c5f00000, 0x00000000c5e00000| Complete 
|  95|0x00000000c5f00000, 0x00000000c6000000, 0x00000000c6000000|100%|HC|  |TAMS 0x00000000c6000000, 0x00000000c5f00000| Complete 
|  96|0x00000000c6000000, 0x00000000c6100000, 0x00000000c6100000|100%|HC|  |TAMS 0x00000000c6100000, 0x00000000c6000000| Complete 
|  97|0x00000000c6100000, 0x00000000c6200000, 0x00000000c6200000|100%| O|  |TAMS 0x00000000c6200000, 0x00000000c6100000| Untracked 
|  98|0x00000000c6200000, 0x00000000c6200000, 0x00000000c6300000|  0%| F|  |TAMS 0x00000000c6200000, 0x00000000c6200000| Untracked 
|  99|0x00000000c6300000, 0x00000000c6300000, 0x00000000c6400000|  0%| F|  |TAMS 0x00000000c6300000, 0x00000000c6300000| Untracked 
| 100|0x00000000c6400000, 0x00000000c6400000, 0x00000000c6500000|  0%| F|  |TAMS 0x00000000c6400000, 0x00000000c6400000| Untracked 
| 101|0x00000000c6500000, 0x00000000c6500000, 0x00000000c6600000|  0%| F|  |TAMS 0x00000000c6500000, 0x00000000c6500000| Untracked 
| 102|0x00000000c6600000, 0x00000000c6600000, 0x00000000c6700000|  0%| F|  |TAMS 0x00000000c6600000, 0x00000000c6600000| Untracked 
| 103|0x00000000c6700000, 0x00000000c6700000, 0x00000000c6800000|  0%| F|  |TAMS 0x00000000c6700000, 0x00000000c6700000| Untracked 
| 104|0x00000000c6800000, 0x00000000c6800000, 0x00000000c6900000|  0%| F|  |TAMS 0x00000000c6800000, 0x00000000c6800000| Untracked 
| 105|0x00000000c6900000, 0x00000000c6900000, 0x00000000c6a00000|  0%| F|  |TAMS 0x00000000c6900000, 0x00000000c6900000| Untracked 
| 106|0x00000000c6a00000, 0x00000000c6a00000, 0x00000000c6b00000|  0%| F|  |TAMS 0x00000000c6a00000, 0x00000000c6a00000| Untracked 
| 107|0x00000000c6b00000, 0x00000000c6b00000, 0x00000000c6c00000|  0%| F|  |TAMS 0x00000000c6b00000, 0x00000000c6b00000| Untracked 
| 108|0x00000000c6c00000, 0x00000000c6c00000, 0x00000000c6d00000|  0%| F|  |TAMS 0x00000000c6c00000, 0x00000000c6c00000| Untracked 
| 109|0x00000000c6d00000, 0x00000000c6d00000, 0x00000000c6e00000|  0%| F|  |TAMS 0x00000000c6d00000, 0x00000000c6d00000| Untracked 
| 110|0x00000000c6e00000, 0x00000000c6e00000, 0x00000000c6f00000|  0%| F|  |TAMS 0x00000000c6e00000, 0x00000000c6e00000| Untracked 
| 111|0x00000000c6f00000, 0x00000000c6f00000, 0x00000000c7000000|  0%| F|  |TAMS 0x00000000c6f00000, 0x00000000c6f00000| Untracked 
| 112|0x00000000c7000000, 0x00000000c7000000, 0x00000000c7100000|  0%| F|  |TAMS 0x00000000c7000000, 0x00000000c7000000| Untracked 
| 113|0x00000000c7100000, 0x00000000c7100000, 0x00000000c7200000|  0%| F|  |TAMS 0x00000000c7100000, 0x00000000c7100000| Untracked 
| 114|0x00000000c7200000, 0x00000000c7200000, 0x00000000c7300000|  0%| F|  |TAMS 0x00000000c7200000, 0x00000000c7200000| Untracked 
| 115|0x00000000c7300000, 0x00000000c7300000, 0x00000000c7400000|  0%| F|  |TAMS 0x00000000c7300000, 0x00000000c7300000| Untracked 
| 116|0x00000000c7400000, 0x00000000c7400000, 0x00000000c7500000|  0%| F|  |TAMS 0x00000000c7400000, 0x00000000c7400000| Untracked 
| 117|0x00000000c7500000, 0x00000000c7500000, 0x00000000c7600000|  0%| F|  |TAMS 0x00000000c7500000, 0x00000000c7500000| Untracked 
| 118|0x00000000c7600000, 0x00000000c7600000, 0x00000000c7700000|  0%| F|  |TAMS 0x00000000c7600000, 0x00000000c7600000| Untracked 
| 119|0x00000000c7700000, 0x00000000c771b6d0, 0x00000000c7800000| 10%| S|CS|TAMS 0x00000000c7700000, 0x00000000c7700000| Complete 
| 120|0x00000000c7800000, 0x00000000c7900000, 0x00000000c7900000|100%| S|CS|TAMS 0x00000000c7800000, 0x00000000c7800000| Complete 
| 121|0x00000000c7900000, 0x00000000c7900000, 0x00000000c7a00000|  0%| F|  |TAMS 0x00000000c7900000, 0x00000000c7900000| Untracked 
| 122|0x00000000c7a00000, 0x00000000c7a00000, 0x00000000c7b00000|  0%| F|  |TAMS 0x00000000c7a00000, 0x00000000c7a00000| Untracked 
| 123|0x00000000c7b00000, 0x00000000c7b00000, 0x00000000c7c00000|  0%| F|  |TAMS 0x00000000c7b00000, 0x00000000c7b00000| Untracked 
| 124|0x00000000c7c00000, 0x00000000c7c00000, 0x00000000c7d00000|  0%| F|  |TAMS 0x00000000c7c00000, 0x00000000c7c00000| Untracked 
| 125|0x00000000c7d00000, 0x00000000c7d00000, 0x00000000c7e00000|  0%| F|  |TAMS 0x00000000c7d00000, 0x00000000c7d00000| Untracked 
| 126|0x00000000c7e00000, 0x00000000c7e00000, 0x00000000c7f00000|  0%| F|  |TAMS 0x00000000c7e00000, 0x00000000c7e00000| Untracked 
| 127|0x00000000c7f00000, 0x00000000c7f00000, 0x00000000c8000000|  0%| F|  |TAMS 0x00000000c7f00000, 0x00000000c7f00000| Untracked 
| 128|0x00000000c8000000, 0x00000000c8000000, 0x00000000c8100000|  0%| F|  |TAMS 0x00000000c8000000, 0x00000000c8000000| Untracked 
| 129|0x00000000c8100000, 0x00000000c8100000, 0x00000000c8200000|  0%| F|  |TAMS 0x00000000c8100000, 0x00000000c8100000| Untracked 
| 130|0x00000000c8200000, 0x00000000c8200000, 0x00000000c8300000|  0%| F|  |TAMS 0x00000000c8200000, 0x00000000c8200000| Untracked 
| 131|0x00000000c8300000, 0x00000000c8300000, 0x00000000c8400000|  0%| F|  |TAMS 0x00000000c8300000, 0x00000000c8300000| Untracked 
| 132|0x00000000c8400000, 0x00000000c8400000, 0x00000000c8500000|  0%| F|  |TAMS 0x00000000c8400000, 0x00000000c8400000| Untracked 
| 133|0x00000000c8500000, 0x00000000c8500000, 0x00000000c8600000|  0%| F|  |TAMS 0x00000000c8500000, 0x00000000c8500000| Untracked 
| 134|0x00000000c8600000, 0x00000000c8600000, 0x00000000c8700000|  0%| F|  |TAMS 0x00000000c8600000, 0x00000000c8600000| Untracked 
| 135|0x00000000c8700000, 0x00000000c8700000, 0x00000000c8800000|  0%| F|  |TAMS 0x00000000c8700000, 0x00000000c8700000| Untracked 
| 136|0x00000000c8800000, 0x00000000c8800000, 0x00000000c8900000|  0%| F|  |TAMS 0x00000000c8800000, 0x00000000c8800000| Untracked 
| 137|0x00000000c8900000, 0x00000000c8900000, 0x00000000c8a00000|  0%| F|  |TAMS 0x00000000c8900000, 0x00000000c8900000| Untracked 
| 138|0x00000000c8a00000, 0x00000000c8a00000, 0x00000000c8b00000|  0%| F|  |TAMS 0x00000000c8a00000, 0x00000000c8a00000| Untracked 
| 139|0x00000000c8b00000, 0x00000000c8b00000, 0x00000000c8c00000|  0%| F|  |TAMS 0x00000000c8b00000, 0x00000000c8b00000| Untracked 
| 140|0x00000000c8c00000, 0x00000000c8c00000, 0x00000000c8d00000|  0%| F|  |TAMS 0x00000000c8c00000, 0x00000000c8c00000| Untracked 
| 141|0x00000000c8d00000, 0x00000000c8d00000, 0x00000000c8e00000|  0%| F|  |TAMS 0x00000000c8d00000, 0x00000000c8d00000| Untracked 
| 142|0x00000000c8e00000, 0x00000000c8e00000, 0x00000000c8f00000|  0%| F|  |TAMS 0x00000000c8e00000, 0x00000000c8e00000| Untracked 
| 143|0x00000000c8f00000, 0x00000000c8f00000, 0x00000000c9000000|  0%| F|  |TAMS 0x00000000c8f00000, 0x00000000c8f00000| Untracked 
| 144|0x00000000c9000000, 0x00000000c9000000, 0x00000000c9100000|  0%| F|  |TAMS 0x00000000c9000000, 0x00000000c9000000| Untracked 
| 145|0x00000000c9100000, 0x00000000c9100000, 0x00000000c9200000|  0%| F|  |TAMS 0x00000000c9100000, 0x00000000c9100000| Untracked 
| 146|0x00000000c9200000, 0x00000000c9200000, 0x00000000c9300000|  0%| F|  |TAMS 0x00000000c9200000, 0x00000000c9200000| Untracked 
| 147|0x00000000c9300000, 0x00000000c9300000, 0x00000000c9400000|  0%| F|  |TAMS 0x00000000c9300000, 0x00000000c9300000| Untracked 
| 148|0x00000000c9400000, 0x00000000c9400000, 0x00000000c9500000|  0%| F|  |TAMS 0x00000000c9400000, 0x00000000c9400000| Untracked 
| 149|0x00000000c9500000, 0x00000000c9500000, 0x00000000c9600000|  0%| F|  |TAMS 0x00000000c9500000, 0x00000000c9500000| Untracked 
| 150|0x00000000c9600000, 0x00000000c9600000, 0x00000000c9700000|  0%| F|  |TAMS 0x00000000c9600000, 0x00000000c9600000| Untracked 
| 151|0x00000000c9700000, 0x00000000c9700000, 0x00000000c9800000|  0%| F|  |TAMS 0x00000000c9700000, 0x00000000c9700000| Untracked 
| 152|0x00000000c9800000, 0x00000000c9800000, 0x00000000c9900000|  0%| F|  |TAMS 0x00000000c9800000, 0x00000000c9800000| Untracked 
| 153|0x00000000c9900000, 0x00000000c9921ca0, 0x00000000c9a00000| 13%| E|  |TAMS 0x00000000c9900000, 0x00000000c9900000| Complete 
| 154|0x00000000c9a00000, 0x00000000c9b00000, 0x00000000c9b00000|100%| E|CS|TAMS 0x00000000c9a00000, 0x00000000c9a00000| Complete 
| 155|0x00000000c9b00000, 0x00000000c9c00000, 0x00000000c9c00000|100%| E|CS|TAMS 0x00000000c9b00000, 0x00000000c9b00000| Complete 
| 156|0x00000000c9c00000, 0x00000000c9d00000, 0x00000000c9d00000|100%| E|CS|TAMS 0x00000000c9c00000, 0x00000000c9c00000| Complete 
| 157|0x00000000c9d00000, 0x00000000c9e00000, 0x00000000c9e00000|100%| E|CS|TAMS 0x00000000c9d00000, 0x00000000c9d00000| Complete 
| 158|0x00000000c9e00000, 0x00000000c9f00000, 0x00000000c9f00000|100%| E|CS|TAMS 0x00000000c9e00000, 0x00000000c9e00000| Complete 
| 159|0x00000000c9f00000, 0x00000000ca000000, 0x00000000ca000000|100%| E|CS|TAMS 0x00000000c9f00000, 0x00000000c9f00000| Complete 
| 160|0x00000000ca000000, 0x00000000ca100000, 0x00000000ca100000|100%| E|CS|TAMS 0x00000000ca000000, 0x00000000ca000000| Complete 
| 161|0x00000000ca100000, 0x00000000ca200000, 0x00000000ca200000|100%| E|CS|TAMS 0x00000000ca100000, 0x00000000ca100000| Complete 
| 162|0x00000000ca200000, 0x00000000ca300000, 0x00000000ca300000|100%| E|CS|TAMS 0x00000000ca200000, 0x00000000ca200000| Complete 
| 163|0x00000000ca300000, 0x00000000ca400000, 0x00000000ca400000|100%| E|CS|TAMS 0x00000000ca300000, 0x00000000ca300000| Complete 
| 164|0x00000000ca400000, 0x00000000ca500000, 0x00000000ca500000|100%| E|CS|TAMS 0x00000000ca400000, 0x00000000ca400000| Complete 
| 165|0x00000000ca500000, 0x00000000ca600000, 0x00000000ca600000|100%| E|CS|TAMS 0x00000000ca500000, 0x00000000ca500000| Complete 
| 166|0x00000000ca600000, 0x00000000ca700000, 0x00000000ca700000|100%| E|CS|TAMS 0x00000000ca600000, 0x00000000ca600000| Complete 
| 167|0x00000000ca700000, 0x00000000ca800000, 0x00000000ca800000|100%| E|CS|TAMS 0x00000000ca700000, 0x00000000ca700000| Complete 
| 168|0x00000000ca800000, 0x00000000ca900000, 0x00000000ca900000|100%| E|CS|TAMS 0x00000000ca800000, 0x00000000ca800000| Complete 
| 169|0x00000000ca900000, 0x00000000caa00000, 0x00000000caa00000|100%| E|CS|TAMS 0x00000000ca900000, 0x00000000ca900000| Complete 
| 170|0x00000000caa00000, 0x00000000cab00000, 0x00000000cab00000|100%| E|CS|TAMS 0x00000000caa00000, 0x00000000caa00000| Complete 
| 171|0x00000000cab00000, 0x00000000cac00000, 0x00000000cac00000|100%| E|CS|TAMS 0x00000000cab00000, 0x00000000cab00000| Complete 
| 172|0x00000000cac00000, 0x00000000cad00000, 0x00000000cad00000|100%| E|CS|TAMS 0x00000000cac00000, 0x00000000cac00000| Complete 
| 173|0x00000000cad00000, 0x00000000cae00000, 0x00000000cae00000|100%| E|CS|TAMS 0x00000000cad00000, 0x00000000cad00000| Complete 
| 174|0x00000000cae00000, 0x00000000caf00000, 0x00000000caf00000|100%| E|CS|TAMS 0x00000000cae00000, 0x00000000cae00000| Complete 
| 175|0x00000000caf00000, 0x00000000cb000000, 0x00000000cb000000|100%| E|CS|TAMS 0x00000000caf00000, 0x00000000caf00000| Complete 
| 176|0x00000000cb000000, 0x00000000cb100000, 0x00000000cb100000|100%| E|CS|TAMS 0x00000000cb000000, 0x00000000cb000000| Complete 
| 177|0x00000000cb100000, 0x00000000cb200000, 0x00000000cb200000|100%| E|CS|TAMS 0x00000000cb100000, 0x00000000cb100000| Complete 
| 178|0x00000000cb200000, 0x00000000cb300000, 0x00000000cb300000|100%| E|CS|TAMS 0x00000000cb200000, 0x00000000cb200000| Complete 
| 179|0x00000000cb300000, 0x00000000cb400000, 0x00000000cb400000|100%| E|CS|TAMS 0x00000000cb300000, 0x00000000cb300000| Complete 
| 180|0x00000000cb400000, 0x00000000cb500000, 0x00000000cb500000|100%| E|CS|TAMS 0x00000000cb400000, 0x00000000cb400000| Complete 

Card table byte_map: [0x000002a252170000,0x000002a252370000] _byte_map_base: 0x000002a251b70000

Marking Bits (Prev, Next): (CMBitMap*) 0x000002a23b14e8e0, (CMBitMap*) 0x000002a23b14e920
 Prev Bits: [0x000002a252570000, 0x000002a253570000)
 Next Bits: [0x000002a253570000, 0x000002a254570000)

Polling page: 0x000002a2392c0000

Metaspace:

Usage:
  Non-class:     11.74 MB used.
      Class:    918.72 KB used.
       Both:     12.64 MB used.

Virtual space:
  Non-class space:       64.00 MB reserved,      11.81 MB ( 18%) committed,  1 nodes.
      Class space:        1.00 GB reserved,       1.00 MB ( <1%) committed,  1 nodes.
             Both:        1.06 GB reserved,      12.81 MB (  1%) committed. 

Chunk freelists:
   Non-Class:  3.58 MB
       Class:  14.91 MB
        Both:  18.49 MB

MaxMetaspaceSize: unlimited
CompressedClassSpaceSize: 1.00 GB
Initial GC threshold: 21.00 MB
Current GC threshold: 21.38 MB
CDS: on
MetaspaceReclaimPolicy: balanced
 - commit_granule_bytes: 65536.
 - commit_granule_words: 8192.
 - virtual_space_node_default_size: 8388608.
 - enlarge_chunks_in_place: 1.
 - new_chunks_are_fully_committed: 0.
 - uncommit_free_chunks: 1.
 - use_allocation_guard: 0.
 - handle_deallocations: 1.


Internal statistics:

num_allocs_failed_limit: 0.
num_arena_births: 106.
num_arena_deaths: 0.
num_vsnodes_births: 2.
num_vsnodes_deaths: 0.
num_space_committed: 201.
num_space_uncommitted: 0.
num_chunks_returned_to_freelist: 0.
num_chunks_taken_from_freelist: 385.
num_chunk_merges: 0.
num_chunk_splits: 302.
num_chunks_enlarged: 240.
num_inconsistent_stats: 0.

CodeHeap 'non-profiled nmethods': size=120000Kb used=895Kb max_used=895Kb free=119105Kb
 bounds [0x000002a24a710000, 0x000002a24a980000, 0x000002a251c40000]
CodeHeap 'profiled nmethods': size=120000Kb used=2876Kb max_used=2876Kb free=117123Kb
 bounds [0x000002a242c40000, 0x000002a242f10000, 0x000002a24a170000]
CodeHeap 'non-nmethods': size=5760Kb used=1613Kb max_used=1661Kb free=4146Kb
 bounds [0x000002a24a170000, 0x000002a24a3e0000, 0x000002a24a710000]
 total_blobs=2574 nmethods=1636 adapters=851
 compilation: enabled
              stopped_count=0, restarted_count=0
 full_count=0

Compilation events (20 events):
Event: 9.536 Thread 0x000002a256f793f0 1626       3       processing.opengl.PGraphicsOpenGL$Tessellator::setLastTexIndex (70 bytes)
Event: 9.537 Thread 0x000002a256f793f0 nmethod 1626 0x000002a242f0cb10 code [0x000002a242f0cce0, 0x000002a242f0d048]
Event: 9.541 Thread 0x000002a256f793f0 1628       3       java.nio.FloatBuffer::rewind (7 bytes)
Event: 9.541 Thread 0x000002a256f793f0 nmethod 1628 0x000002a242f0d210 code [0x000002a242f0d3a0, 0x000002a242f0d518]
Event: 9.541 Thread 0x000002a256f793f0 1627       1       processing.opengl.PShader::setRenderer (6 bytes)
Event: 9.541 Thread 0x000002a256f793f0 nmethod 1627 0x000002a24a7ef510 code [0x000002a24a7ef6a0, 0x000002a24a7ef7b8]
Event: 9.679 Thread 0x000002a256f793f0 1630       3       com.jogamp.opengl.GLException::<init> (6 bytes)
Event: 9.680 Thread 0x000002a256f793f0 nmethod 1630 0x000002a242f0d610 code [0x000002a242f0d7c0, 0x000002a242f0d9c8]
Event: 10.935 Thread 0x000002a256f793f0 1631       3       processing.opengl.PGraphicsOpenGL::updateProjmodelview (23 bytes)
Event: 10.935 Thread 0x000002a256f793f0 nmethod 1631 0x000002a242f0db10 code [0x000002a242f0dcc0, 0x000002a242f0de78]
Event: 10.935 Thread 0x000002a256f793f0 1632       3       processing.core.PMatrix3D::apply (69 bytes)
Event: 10.936 Thread 0x000002a256f793f0 nmethod 1632 0x000002a242f0df90 code [0x000002a242f0e140, 0x000002a242f0e328]
Event: 11.638 Thread 0x000002a256f793f0 1633       3       java.util.HashMap$KeySet::iterator (12 bytes)
Event: 11.638 Thread 0x000002a256f793f0 nmethod 1633 0x000002a242f0e410 code [0x000002a242f0e5c0, 0x000002a242f0e848]
Event: 11.850 Thread 0x000002a256f712f0 1634       4       java.util.HashMap::keySet (25 bytes)
Event: 11.852 Thread 0x000002a256f712f0 nmethod 1634 0x000002a24a7ef810 code [0x000002a24a7ef9a0, 0x000002a24a7efb58]
Event: 12.396 Thread 0x000002a256f793f0 1635       3       jdk.internal.misc.Unsafe::getAndAddLong (27 bytes)
Event: 12.397 Thread 0x000002a256f793f0 nmethod 1635 0x000002a242f0e990 code [0x000002a242f0eb40, 0x000002a242f0ed88]
Event: 12.397 Thread 0x000002a256f793f0 1636       3       jdk.internal.misc.Unsafe::weakCompareAndSetLong (11 bytes)
Event: 12.397 Thread 0x000002a256f793f0 nmethod 1636 0x000002a242f0ee90 code [0x000002a242f0f020, 0x000002a242f0f158]

GC Heap History (20 events):
Event: 6.037 GC heap before
{Heap before GC invocations=20 (full 0):
 garbage-first heap   total 185344K, used 156289K [0x00000000c0000000, 0x0000000100000000)
  region size 1024K, 59 young (60416K), 2 survivors (2048K)
 Metaspace       used 12812K, committed 12992K, reserved 1114112K
  class space    used 914K, committed 1024K, reserved 1048576K
}
Event: 6.039 GC heap after
{Heap after GC invocations=21 (full 0):
 garbage-first heap   total 185344K, used 99785K [0x00000000c0000000, 0x0000000100000000)
  region size 1024K, 4 young (4096K), 4 survivors (4096K)
 Metaspace       used 12812K, committed 12992K, reserved 1114112K
  class space    used 914K, committed 1024K, reserved 1048576K
}
Event: 6.812 GC heap before
{Heap before GC invocations=22 (full 0):
 garbage-first heap   total 185344K, used 155464K [0x00000000c0000000, 0x0000000100000000)
  region size 1024K, 59 young (60416K), 4 survivors (4096K)
 Metaspace       used 12851K, committed 13056K, reserved 1114112K
  class space    used 914K, committed 1024K, reserved 1048576K
}
Event: 6.813 GC heap after
{Heap after GC invocations=23 (full 0):
 garbage-first heap   total 185344K, used 97142K [0x00000000c0000000, 0x0000000100000000)
  region size 1024K, 2 young (2048K), 2 survivors (2048K)
 Metaspace       used 12851K, committed 13056K, reserved 1114112K
  class space    used 914K, committed 1024K, reserved 1048576K
}
Event: 6.891 GC heap before
{Heap before GC invocations=23 (full 0):
 garbage-first heap   total 185344K, used 104310K [0x00000000c0000000, 0x0000000100000000)
  region size 1024K, 9 young (9216K), 2 survivors (2048K)
 Metaspace       used 12851K, committed 13056K, reserved 1114112K
  class space    used 914K, committed 1024K, reserved 1048576K
}
Event: 6.893 GC heap after
{Heap after GC invocations=24 (full 0):
 garbage-first heap   total 185344K, used 97647K [0x00000000c0000000, 0x0000000100000000)
  region size 1024K, 2 young (2048K), 2 survivors (2048K)
 Metaspace       used 12851K, committed 13056K, reserved 1114112K
  class space    used 914K, committed 1024K, reserved 1048576K
}
Event: 7.848 GC heap before
{Heap before GC invocations=24 (full 0):
 garbage-first heap   total 185344K, used 156015K [0x00000000c0000000, 0x0000000100000000)
  region size 1024K, 59 young (60416K), 2 survivors (2048K)
 Metaspace       used 12851K, committed 13056K, reserved 1114112K
  class space    used 914K, committed 1024K, reserved 1048576K
}
Event: 7.850 GC heap after
{Heap after GC invocations=25 (full 0):
 garbage-first heap   total 185344K, used 99371K [0x00000000c0000000, 0x0000000100000000)
  region size 1024K, 4 young (4096K), 4 survivors (4096K)
 Metaspace       used 12851K, committed 13056K, reserved 1114112K
  class space    used 914K, committed 1024K, reserved 1048576K
}
Event: 8.777 GC heap before
{Heap before GC invocations=26 (full 0):
 garbage-first heap   total 185344K, used 155324K [0x00000000c0000000, 0x0000000100000000)
  region size 1024K, 59 young (60416K), 4 survivors (4096K)
 Metaspace       used 12852K, committed 13056K, reserved 1114112K
  class space    used 914K, committed 1024K, reserved 1048576K
}
Event: 8.778 GC heap after
{Heap after GC invocations=27 (full 0):
 garbage-first heap   total 185344K, used 97439K [0x00000000c0000000, 0x0000000100000000)
  region size 1024K, 3 young (3072K), 3 survivors (3072K)
 Metaspace       used 12852K, committed 13056K, reserved 1114112K
  class space    used 914K, committed 1024K, reserved 1048576K
}
Event: 8.853 GC heap before
{Heap before GC invocations=27 (full 0):
 garbage-first heap   total 185344K, used 103583K [0x00000000c0000000, 0x0000000100000000)
  region size 1024K, 9 young (9216K), 3 survivors (3072K)
 Metaspace       used 12854K, committed 13056K, reserved 1114112K
  class space    used 914K, committed 1024K, reserved 1048576K
}
Event: 8.854 GC heap after
{Heap after GC invocations=28 (full 0):
 garbage-first heap   total 185344K, used 97336K [0x00000000c0000000, 0x0000000100000000)
  region size 1024K, 2 young (2048K), 2 survivors (2048K)
 Metaspace       used 12854K, committed 13056K, reserved 1114112K
  class space    used 914K, committed 1024K, reserved 1048576K
}
Event: 9.818 GC heap before
{Heap before GC invocations=28 (full 0):
 garbage-first heap   total 185344K, used 156728K [0x00000000c0000000, 0x0000000100000000)
  region size 1024K, 60 young (61440K), 2 survivors (2048K)
 Metaspace       used 12895K, committed 13120K, reserved 1114112K
  class space    used 914K, committed 1024K, reserved 1048576K
}
Event: 9.819 GC heap after
{Heap after GC invocations=29 (full 0):
 garbage-first heap   total 185344K, used 95699K [0x00000000c0000000, 0x0000000100000000)
  region size 1024K, 1 young (1024K), 1 survivors (1024K)
 Metaspace       used 12895K, committed 13120K, reserved 1114112K
  class space    used 914K, committed 1024K, reserved 1048576K
}
Event: 10.785 GC heap before
{Heap before GC invocations=30 (full 0):
 garbage-first heap   total 185344K, used 157139K [0x00000000c0000000, 0x0000000100000000)
  region size 1024K, 61 young (62464K), 1 survivors (1024K)
 Metaspace       used 12895K, committed 13120K, reserved 1114112K
  class space    used 914K, committed 1024K, reserved 1048576K
}
Event: 10.787 GC heap after
{Heap after GC invocations=31 (full 0):
 garbage-first heap   total 185344K, used 98632K [0x00000000c0000000, 0x0000000100000000)
  region size 1024K, 4 young (4096K), 4 survivors (4096K)
 Metaspace       used 12895K, committed 13120K, reserved 1114112K
  class space    used 914K, committed 1024K, reserved 1048576K
}
Event: 10.871 GC heap before
{Heap before GC invocations=31 (full 0):
 garbage-first heap   total 185344K, used 103752K [0x00000000c0000000, 0x0000000100000000)
  region size 1024K, 9 young (9216K), 4 survivors (4096K)
 Metaspace       used 12895K, committed 13120K, reserved 1114112K
  class space    used 914K, committed 1024K, reserved 1048576K
}
Event: 10.873 GC heap after
{Heap after GC invocations=32 (full 0):
 garbage-first heap   total 185344K, used 97790K [0x00000000c0000000, 0x0000000100000000)
  region size 1024K, 2 young (2048K), 2 survivors (2048K)
 Metaspace       used 12895K, committed 13120K, reserved 1114112K
  class space    used 914K, committed 1024K, reserved 1048576K
}
Event: 11.922 GC heap before
{Heap before GC invocations=32 (full 0):
 garbage-first heap   total 185344K, used 157182K [0x00000000c0000000, 0x0000000100000000)
  region size 1024K, 60 young (61440K), 2 survivors (2048K)
 Metaspace       used 12895K, committed 13120K, reserved 1114112K
  class space    used 914K, committed 1024K, reserved 1048576K
}
Event: 11.924 GC heap after
{Heap after GC invocations=33 (full 0):
 garbage-first heap   total 185344K, used 96875K [0x00000000c0000000, 0x0000000100000000)
  region size 1024K, 2 young (2048K), 2 survivors (2048K)
 Metaspace       used 12895K, committed 13120K, reserved 1114112K
  class space    used 914K, committed 1024K, reserved 1048576K
}

Dll operation events (14 events):
Event: 0.005 Loaded shared library C:\Program Files\Processing\app\resources\jdk-17.0.14+7\bin\java.dll
Event: 0.016 Loaded shared library C:\Program Files\Processing\app\resources\jdk-17.0.14+7\bin\jsvml.dll
Event: 0.086 Loaded shared library C:\Program Files\Processing\app\resources\jdk-17.0.14+7\bin\net.dll
Event: 0.086 Loaded shared library C:\Program Files\Processing\app\resources\jdk-17.0.14+7\bin\nio.dll
Event: 0.088 Loaded shared library C:\Program Files\Processing\app\resources\jdk-17.0.14+7\bin\zip.dll
Event: 0.124 Loaded shared library C:\Program Files\Processing\app\resources\jdk-17.0.14+7\bin\jimage.dll
Event: 0.127 Loaded shared library C:\Program Files\Processing\app\resources\jdk-17.0.14+7\bin\awt.dll
Event: 0.398 Loaded shared library C:\Users\danil\AppData\Local\Temp\jogamp_0000\file_cache\jln16602308067757603582\jln16242007282141545518\natives\windows-amd64\gluegen_rt.dll
Event: 0.404 Loaded shared library C:\Program Files\Processing\app\resources\jdk-17.0.14+7\bin\jawt.dll
Event: 0.413 Loaded shared library C:\Users\danil\AppData\Local\Temp\jogamp_0000\file_cache\jln16602308067757603582\jln16242007282141545518\natives\windows-amd64\nativewindow_awt.dll
Event: 0.436 Loaded shared library C:\Users\danil\AppData\Local\Temp\jogamp_0000\file_cache\jln16602308067757603582\jln16242007282141545518\natives\windows-amd64\nativewindow_win32.dll
Event: 0.511 Loaded shared library C:\Users\danil\AppData\Local\Temp\jogamp_0000\file_cache\jln16602308067757603582\jln16242007282141545518\natives\windows-amd64\jogl_desktop.dll
Event: 0.670 Loaded shared library C:\Users\danil\AppData\Local\Temp\jogamp_0000\file_cache\jln16602308067757603582\jln16242007282141545518\natives\windows-amd64\jogl_mobile.dll
Event: 1.363 Loaded shared library C:\Users\danil\AppData\Local\Temp\jogamp_0000\file_cache\jln16602308067757603582\jln16242007282141545518\natives\windows-amd64\newt_head.dll

Deoptimization events (20 events):
Event: 1.878 Thread 0x000002a29c2091d0 DEOPT PACKING pc=0x000002a242eb445e sp=0x000000fe46ffee80
Event: 1.878 Thread 0x000002a29c2091d0 DEOPT UNPACKING pc=0x000002a24a1cace3 sp=0x000000fe46ffe3f0 mode 0
Event: 1.915 Thread 0x000002a29c2091d0 DEOPT PACKING pc=0x000002a242e59080 sp=0x000000fe46ffec40
Event: 1.915 Thread 0x000002a29c2091d0 DEOPT UNPACKING pc=0x000002a24a1cace3 sp=0x000000fe46ffe130 mode 0
Event: 3.486 Thread 0x000002a29c2091d0 Uncommon trap: trap_request=0xffffff5c fr.pc=0x000002a24a7d7030 relative=0x00000000000011b0
Event: 3.486 Thread 0x000002a29c2091d0 Uncommon trap: reason=speculate_null_check action=make_not_entrant pc=0x000002a24a7d7030 method=java.util.concurrent.locks.AbstractQueuedSynchronizer.acquire(Ljava/util/concurrent/locks/AbstractQueuedSynchronizer$Node;IZZZJ)I @ 254 c2
Event: 3.486 Thread 0x000002a29c2091d0 DEOPT PACKING pc=0x000002a24a7d7030 sp=0x000000fe46ffed20
Event: 3.486 Thread 0x000002a29c2091d0 DEOPT UNPACKING pc=0x000002a24a1ca1a3 sp=0x000000fe46ffecf0 mode 2
Event: 7.197 Thread 0x000002a2afcd3980 Uncommon trap: trap_request=0xffffff45 fr.pc=0x000002a24a78fe80 relative=0x00000000000000e0
Event: 7.197 Thread 0x000002a2afcd3980 Uncommon trap: reason=unstable_if action=reinterpret pc=0x000002a24a78fe80 method=java.util.HashMap$HashIterator.<init>(Ljava/util/HashMap;)V @ 38 c2
Event: 7.197 Thread 0x000002a2afcd3980 DEOPT PACKING pc=0x000002a24a78fe80 sp=0x000000fe45fff150
Event: 7.197 Thread 0x000002a2afcd3980 DEOPT UNPACKING pc=0x000002a24a1ca1a3 sp=0x000000fe45fff030 mode 2
Event: 12.386 Thread 0x000002a29c20ba50 Uncommon trap: trap_request=0xffffff45 fr.pc=0x000002a24a790368 relative=0x00000000000001e8
Event: 12.386 Thread 0x000002a29c20ba50 Uncommon trap: reason=unstable_if action=reinterpret pc=0x000002a24a790368 method=java.util.HashMap$HashIterator.<init>(Ljava/util/HashMap;)V @ 38 c2
Event: 12.386 Thread 0x000002a29c20ba50 DEOPT PACKING pc=0x000002a24a790368 sp=0x000000fe460ff0f0
Event: 12.386 Thread 0x000002a29c20ba50 DEOPT UNPACKING pc=0x000002a24a1ca1a3 sp=0x000000fe460ff098 mode 2
Event: 12.391 Thread 0x000002a29c20ba50 Uncommon trap: trap_request=0xffffff45 fr.pc=0x000002a24a7df570 relative=0x00000000000000f0
Event: 12.391 Thread 0x000002a29c20ba50 Uncommon trap: reason=unstable_if action=reinterpret pc=0x000002a24a7df570 method=com.jogamp.common.util.IntIntHashMap.put(II)I @ 21 c2
Event: 12.391 Thread 0x000002a29c20ba50 DEOPT PACKING pc=0x000002a24a7df570 sp=0x000000fe460fee70
Event: 12.391 Thread 0x000002a29c20ba50 DEOPT UNPACKING pc=0x000002a24a1ca1a3 sp=0x000000fe460fedd8 mode 2

Classes loaded (20 events):
Event: 1.520 Loading class java/util/concurrent/Callable done
Event: 1.520 Loading class java/util/concurrent/Executors$RunnableAdapter done
Event: 1.520 Loading class java/util/concurrent/ThreadPoolExecutor$Worker
Event: 1.520 Loading class java/util/concurrent/ThreadPoolExecutor$Worker done
Event: 1.534 Loading class java/util/concurrent/locks/AbstractQueuedSynchronizer$SharedNode
Event: 1.534 Loading class java/util/concurrent/locks/AbstractQueuedSynchronizer$SharedNode done
Event: 1.645 Loading class sun/nio/cs/StreamDecoder
Event: 1.646 Loading class sun/nio/cs/StreamDecoder done
Event: 1.646 Loading class java/util/regex/Pattern$LookBehindEndNode
Event: 1.646 Loading class java/util/regex/Pattern$LookBehindEndNode done
Event: 1.646 Loading class java/util/regex/Pattern$NotBehind
Event: 1.646 Loading class java/util/regex/Pattern$NotBehind done
Event: 1.646 Loading class java/util/regex/Pattern$Neg
Event: 1.646 Loading class java/util/regex/Pattern$Neg done
Event: 1.647 Loading class java/util/regex/Pattern$Pos
Event: 1.647 Loading class java/util/regex/Pattern$Pos done
Event: 1.653 Loading class java/util/regex/Pattern$SliceS
Event: 1.653 Loading class java/util/regex/Pattern$SliceS done
Event: 12.364 Loading class java/nio/channels/ClosedChannelException
Event: 12.364 Loading class java/nio/channels/ClosedChannelException done

Classes unloaded (0 events):
No events

Classes redefined (0 events):
No events

Internal exceptions (20 events):
Event: 0.114 Thread 0x000002a23b10c230 Exception <a 'java/lang/NoSuchMethodError'{0x00000000c3ce7518}: 'void java.lang.invoke.DirectMethodHandle$Holder.invokeStatic(java.lang.Object, java.lang.Object, java.lang.Object)'> (0x00000000c3ce7518) 
thrown [s\src\hotspot\share\interpreter\linkResolver.cpp, line 759]
Event: 0.120 Thread 0x000002a23b10c230 Exception <a 'java/lang/ClassNotFoundException'{0x00000000c3b0e5a8}: sun/awt/resources/spi/awtProvider> (0x00000000c3b0e5a8) 
thrown [s\src\hotspot\share\classfile\systemDictionary.cpp, line 256]
Event: 0.134 Thread 0x000002a23b10c230 Exception <a 'java/io/FileNotFoundException'{0x00000000c3b63ee8}> (0x00000000c3b63ee8) 
thrown [s\src\hotspot\share\prims\jni.cpp, line 516]
Event: 0.138 Thread 0x000002a23b10c230 Exception <a 'java/io/FileNotFoundException'{0x00000000c3b91320}> (0x00000000c3b91320) 
thrown [s\src\hotspot\share\prims\jni.cpp, line 516]
Event: 0.163 Thread 0x000002a23b10c230 Exception <a 'java/lang/NoSuchMethodError'{0x00000000c3a3e3c8}: 'java.lang.Object java.lang.invoke.DirectMethodHandle$Holder.invokeStaticInit(java.lang.Object)'> (0x00000000c3a3e3c8) 
thrown [s\src\hotspot\share\interpreter\linkResolver.cpp, line 759]
Event: 0.245 Thread 0x000002a23b10c230 Exception <a 'java/lang/NoSuchMethodError'{0x00000000c364c348}: 'java.lang.Object java.lang.invoke.DirectMethodHandle$Holder.invokeStaticInit(java.lang.Object, int, int, int, int)'> (0x00000000c364c348) 
thrown [s\src\hotspot\share\interpreter\linkResolver.cpp, line 759]
Event: 0.287 Thread 0x000002a23b10c230 Exception <a 'java/lang/NoSuchMethodError'{0x00000000c3536e58}: 'java.lang.Object java.lang.invoke.DirectMethodHandle$Holder.invokeStaticInit(java.lang.Object, java.lang.Object, int, int, int, int)'> (0x00000000c3536e58) 
thrown [s\src\hotspot\share\interpreter\linkResolver.cpp, line 759]
Event: 0.312 Thread 0x000002a23b10c230 Exception <a 'java/lang/NoSuchMethodError'{0x00000000c35424f8}: 'void java.lang.invoke.DirectMethodHandle$Holder.invokeStatic(java.lang.Object, long)'> (0x00000000c35424f8) 
thrown [s\src\hotspot\share\interpreter\linkResolver.cpp, line 759]
Event: 0.313 Thread 0x000002a23b10c230 Exception <a 'java/lang/NoSuchMethodError'{0x00000000c3547ad8}: 'java.lang.Object java.lang.invoke.DirectMethodHandle$Holder.newInvokeSpecial(java.lang.Object, long)'> (0x00000000c3547ad8) 
thrown [s\src\hotspot\share\interpreter\linkResolver.cpp, line 759]
Event: 0.315 Thread 0x000002a23b10c230 Exception <a 'java/lang/NoSuchMethodError'{0x00000000c35522f0}: 'java.lang.Object java.lang.invoke.DirectMethodHandle$Holder.invokeStaticInit(java.lang.Object, java.lang.Object, long, java.lang.Object)'> (0x00000000c35522f0) 
thrown [s\src\hotspot\share\interpreter\linkResolver.cpp, line 759]
Event: 0.315 Thread 0x000002a23b10c230 Exception <a 'java/lang/NoSuchMethodError'{0x00000000c35588b0}: 'java.lang.Object java.lang.invoke.DirectMethodHandle$Holder.newInvokeSpecial(java.lang.Object, java.lang.Object, long)'> (0x00000000c35588b0) 
thrown [s\src\hotspot\share\interpreter\linkResolver.cpp, line 759]
Event: 0.316 Thread 0x000002a23b10c230 Exception <a 'java/lang/NoSuchMethodError'{0x00000000c355c420}: 'java.lang.Object java.lang.invoke.Invokers$Holder.linkToTargetMethod(java.lang.Object, long, java.lang.Object)'> (0x00000000c355c420) 
thrown [s\src\hotspot\share\interpreter\linkResolver.cpp, line 759]
Event: 0.421 Thread 0x000002a23b10c230 Exception <a 'java/lang/NoSuchMethodError'{0x00000000c34cdf20}: 'java.lang.Object java.lang.invoke.DirectMethodHandle$Holder.invokeInterface(java.lang.Object, java.lang.Object)'> (0x00000000c34cdf20) 
thrown [s\src\hotspot\share\interpreter\linkResolver.cpp, line 759]
Event: 0.422 Thread 0x000002a23b10c230 Exception <a 'java/lang/IncompatibleClassChangeError'{0x00000000c34d1840}: Found class java.lang.Object, but interface was expected> (0x00000000c34d1840) 
thrown [s\src\hotspot\share\interpreter\linkResolver.cpp, line 826]
Event: 1.425 Thread 0x000002a23b10c230 Exception <a 'java/lang/NoSuchMethodError'{0x00000000c334c658}: 'void java.lang.invoke.DirectMethodHandle$Holder.invokeSpecial(java.lang.Object, java.lang.Object, java.lang.Object, java.lang.Object, java.lang.Object)'> (0x00000000c334c658) 
thrown [s\src\hotspot\share\interpreter\linkResolver.cpp, line 759]
Event: 1.426 Thread 0x000002a23b10c230 Exception <a 'java/lang/NoSuchMethodError'{0x00000000c33555e8}: 'void java.lang.invoke.DirectMethodHandle$Holder.invokeSpecial(java.lang.Object, java.lang.Object, java.lang.Object)'> (0x00000000c33555e8) 
thrown [s\src\hotspot\share\interpreter\linkResolver.cpp, line 759]
Event: 1.426 Thread 0x000002a23b10c230 Exception <a 'java/lang/NoSuchMethodError'{0x00000000c335b918}: 'void java.lang.invoke.DirectMethodHandle$Holder.invokeSpecial(java.lang.Object, java.lang.Object, int)'> (0x00000000c335b918) 
thrown [s\src\hotspot\share\interpreter\linkResolver.cpp, line 759]
Event: 1.427 Thread 0x000002a23b10c230 Exception <a 'java/lang/NoSuchMethodError'{0x00000000c3361930}: 'java.lang.Object java.lang.invoke.DirectMethodHandle$Holder.newInvokeSpecial(java.lang.Object, java.lang.Object, int)'> (0x00000000c3361930) 
thrown [s\src\hotspot\share\interpreter\linkResolver.cpp, line 759]
Event: 12.363 Thread 0x000002a29c208cc0 Exception <a 'java/lang/InterruptedException'{0x00000000c9a0ff70}> (0x00000000c9a0ff70) 
thrown [s\src\hotspot\share\runtime\objectMonitor.cpp, line 1658]
Event: 12.391 Thread 0x000002a29c20ba50 Implicit null exception at 0x000002a24a7df4c4 to 0x000002a24a7df54c

VM Operations (20 events):
Event: 8.778 Executing VM operation: G1CollectForAllocation done
Event: 8.852 Executing VM operation: G1CollectForAllocation
Event: 8.854 Executing VM operation: G1CollectForAllocation done
Event: 9.818 Executing VM operation: G1CollectForAllocation
Event: 9.819 Executing VM operation: G1CollectForAllocation done
Event: 9.825 Executing VM operation: G1PauseRemark
Event: 9.826 Executing VM operation: G1PauseRemark done
Event: 9.829 Executing VM operation: G1PauseCleanup
Event: 9.829 Executing VM operation: G1PauseCleanup done
Event: 10.785 Executing VM operation: G1CollectForAllocation
Event: 10.787 Executing VM operation: G1CollectForAllocation done
Event: 10.871 Executing VM operation: G1CollectForAllocation
Event: 10.873 Executing VM operation: G1CollectForAllocation done
Event: 11.922 Executing VM operation: G1CollectForAllocation
Event: 11.924 Executing VM operation: G1CollectForAllocation done
Event: 11.933 Executing VM operation: G1PauseRemark
Event: 11.934 Executing VM operation: G1PauseRemark done
Event: 11.937 Executing VM operation: G1PauseCleanup
Event: 11.937 Executing VM operation: G1PauseCleanup done
Event: 12.465 Executing VM operation: Exit

Memory protections (0 events):
No events

Nmethod flushes (0 events):
No events

Events (20 events):
Event: 1.534 Thread 0x000002a29c2091d0 Thread added: 0x000002a2afccf2a0
Event: 1.534 Thread 0x000002a29c2091d0 Thread added: 0x000002a2afcd2f60
Event: 1.534 Thread 0x000002a29c2091d0 Thread added: 0x000002a2afccf7b0
Event: 1.534 Thread 0x000002a29c2091d0 Thread added: 0x000002a2afcd3470
Event: 2.013 Thread 0x000002a2af5eece0 Thread exited: 0x000002a2af5eece0
Event: 2.727 Thread 0x000002a29eb57050 Thread exited: 0x000002a29eb57050
Event: 6.189 Thread 0x000002a29c209bf0 Thread added: 0x000002a2afcd3980
Event: 7.198 Thread 0x000002a2afcd3980 Thread exited: 0x000002a2afcd3980
Event: 12.363 Thread 0x000002a29c2091d0 Thread added: 0x000002a2afcd3980
Event: 12.363 Thread 0x000002a29c2091d0 Thread added: 0x000002a2afcd3e90
Event: 12.363 Thread 0x000002a29c2091d0 Thread added: 0x000002a29c8c3430
Event: 12.363 Thread 0x000002a29c208cc0 Thread exited: 0x000002a29c208cc0
Event: 12.364 Thread 0x000002a29c209bf0 Thread added: 0x000002a29c8c2f20
Event: 12.364 Thread 0x000002a29c8c3430 Thread exited: 0x000002a29c8c3430
Event: 12.364 Thread 0x000002a29c2082a0 Thread exited: 0x000002a29c2082a0
Event: 12.365 Thread 0x000002a29c209bf0 Thread exited: 0x000002a29c209bf0
Event: 12.392 Thread 0x000002a29c20ba50 Thread exited: 0x000002a29c20ba50
Event: 12.397 Thread 0x000002a2afcd3980 Thread exited: 0x000002a2afcd3980
Event: 12.465 Thread 0x000002a2afcd3e90 Thread exited: 0x000002a2afcd3e90
Event: 12.465 Thread 0x000002a29c2091d0 Before exit entered


Dynamic libraries:
0x00007ff7c9de0000 - 0x00007ff7c9dee000 	C:\Program Files\Processing\app\resources\jdk-17.0.14+7\bin\java.exe
0x00007ffa7da60000 - 0x00007ffa7dcc7000 	C:\WINDOWS\SYSTEM32\ntdll.dll
0x00007ffa7c020000 - 0x00007ffa7c0e9000 	C:\WINDOWS\System32\KERNEL32.DLL
0x00007ffa7a540000 - 0x00007ffa7a937000 	C:\WINDOWS\System32\KERNELBASE.dll
0x00007ffa7ab20000 - 0x00007ffa7ac6b000 	C:\WINDOWS\System32\ucrtbase.dll
0x00007ffa4d920000 - 0x00007ffa4d937000 	C:\Program Files\Processing\app\resources\jdk-17.0.14+7\bin\jli.dll
0x00007ffa4d900000 - 0x00007ffa4d91e000 	C:\Program Files\Processing\app\resources\jdk-17.0.14+7\bin\VCRUNTIME140.dll
0x00007ffa7bdd0000 - 0x00007ffa7bf96000 	C:\WINDOWS\System32\USER32.dll
0x00007ffa61590000 - 0x00007ffa61822000 	C:\WINDOWS\WinSxS\amd64_microsoft.windows.common-controls_6595b64144ccf1df_6.0.26100.8457_none_3e0b2faee331e92d\COMCTL32.dll
0x00007ffa7b630000 - 0x00007ffa7b657000 	C:\WINDOWS\System32\win32u.dll
0x00007ffa7b7e0000 - 0x00007ffa7b889000 	C:\WINDOWS\System32\msvcrt.dll
0x00007ffa7cc40000 - 0x00007ffa7cc6b000 	C:\WINDOWS\System32\GDI32.dll
0x00007ffa7a940000 - 0x00007ffa7aa6c000 	C:\WINDOWS\System32\gdi32full.dll
0x00007ffa7a490000 - 0x00007ffa7a533000 	C:\WINDOWS\System32\msvcp_win.dll
0x00007ffa7ba00000 - 0x00007ffa7ba32000 	C:\WINDOWS\System32\IMM32.DLL
0x00007ffa73680000 - 0x00007ffa7368c000 	C:\Program Files\Processing\app\resources\jdk-17.0.14+7\bin\vcruntime140_1.dll
0x00007ffa457d0000 - 0x00007ffa4585d000 	C:\Program Files\Processing\app\resources\jdk-17.0.14+7\bin\msvcp140.dll
0x00007ff9b1440000 - 0x00007ff9b20ab000 	C:\Program Files\Processing\app\resources\jdk-17.0.14+7\bin\server\jvm.dll
0x00007ffa7d380000 - 0x00007ffa7d436000 	C:\WINDOWS\System32\ADVAPI32.dll
0x00007ffa7d450000 - 0x00007ffa7d4f7000 	C:\WINDOWS\System32\sechost.dll
0x00007ffa7d610000 - 0x00007ffa7d728000 	C:\WINDOWS\System32\RPCRT4.dll
0x00007ffa7d500000 - 0x00007ffa7d580000 	C:\WINDOWS\System32\WS2_32.dll
0x00007ffa61e60000 - 0x00007ffa61e96000 	C:\WINDOWS\SYSTEM32\WINMM.dll
0x00007ffa7a310000 - 0x00007ffa7a36e000 	C:\WINDOWS\SYSTEM32\POWRPROF.dll
0x00007ffa704a0000 - 0x00007ffa704ab000 	C:\WINDOWS\SYSTEM32\VERSION.dll
0x00007ffa7a2f0000 - 0x00007ffa7a304000 	C:\WINDOWS\SYSTEM32\UMPDC.dll
0x00007ffa79220000 - 0x00007ffa7923b000 	C:\WINDOWS\SYSTEM32\kernel.appcore.dll
0x00007ffa6a5b0000 - 0x00007ffa6a5ba000 	C:\Program Files\Processing\app\resources\jdk-17.0.14+7\bin\jimage.dll
0x00007ffa72470000 - 0x00007ffa726b2000 	C:\WINDOWS\SYSTEM32\DBGHELP.DLL
0x00007ffa7c870000 - 0x00007ffa7cbf3000 	C:\WINDOWS\System32\combase.dll
0x00007ffa7bc30000 - 0x00007ffa7bd09000 	C:\WINDOWS\System32\OLEAUT32.dll
0x00007ffa410a0000 - 0x00007ffa410db000 	C:\WINDOWS\SYSTEM32\dbgcore.DLL
0x00007ffa7aa70000 - 0x00007ffa7ab18000 	C:\WINDOWS\System32\bcryptPrimitives.dll
0x00007ffa478a0000 - 0x00007ffa478db000 	C:\Program Files\Processing\app\resources\jdk-17.0.14+7\bin\jdwp.dll
0x00007ffa4c330000 - 0x00007ffa4c355000 	C:\Program Files\Processing\app\resources\jdk-17.0.14+7\bin\java.dll
0x00007ffa41a00000 - 0x00007ffa41ad7000 	C:\Program Files\Processing\app\resources\jdk-17.0.14+7\bin\jsvml.dll
0x00007ffa7c0f0000 - 0x00007ffa7c85e000 	C:\WINDOWS\System32\SHELL32.dll
0x00007ffa7ac70000 - 0x00007ffa7b4dc000 	C:\WINDOWS\System32\windows.storage.dll
0x00007ffa7d730000 - 0x00007ffa7d826000 	C:\WINDOWS\System32\SHCORE.dll
0x00007ffa7d210000 - 0x00007ffa7d276000 	C:\WINDOWS\System32\shlwapi.dll
0x00007ffa7a3b0000 - 0x00007ffa7a3d9000 	C:\WINDOWS\SYSTEM32\profapi.dll
0x00007ffa4d410000 - 0x00007ffa4d41c000 	C:\Program Files\Processing\app\resources\jdk-17.0.14+7\bin\dt_socket.dll
0x00007ffa78c30000 - 0x00007ffa78c62000 	C:\WINDOWS\SYSTEM32\IPHLPAPI.DLL
0x00007ffa79790000 - 0x00007ffa797fc000 	C:\WINDOWS\system32\mswsock.dll
0x00007ffa4ce10000 - 0x00007ffa4ce29000 	C:\Program Files\Processing\app\resources\jdk-17.0.14+7\bin\net.dll
0x00007ffa775b0000 - 0x00007ffa776d9000 	C:\WINDOWS\SYSTEM32\WINHTTP.dll
0x00007ffa4cd70000 - 0x00007ffa4cd86000 	C:\Program Files\Processing\app\resources\jdk-17.0.14+7\bin\nio.dll
0x00007ffa47880000 - 0x00007ffa47898000 	C:\Program Files\Processing\app\resources\jdk-17.0.14+7\bin\zip.dll
0x00007ffa24050000 - 0x00007ffa241e0000 	C:\Program Files\Processing\app\resources\jdk-17.0.14+7\bin\awt.dll
0x00007ffa76060000 - 0x00007ffa76100000 	C:\WINDOWS\SYSTEM32\apphelp.dll
0x00007ffa77ee0000 - 0x00007ffa77f8a000 	C:\WINDOWS\system32\uxtheme.dll
0x00007ffa7b890000 - 0x00007ffa7b9ec000 	C:\WINDOWS\System32\MSCTF.dll
0x00007ffa7ba40000 - 0x00007ffa7bbd7000 	C:\WINDOWS\System32\ole32.dll
0x00007ffa781d0000 - 0x00007ffa781ff000 	C:\WINDOWS\system32\DWMAPI.DLL
0x00007ffa33d40000 - 0x00007ffa33e4f000 	C:\WINDOWS\system32\opengl32.dll
0x00007ffa36620000 - 0x00007ffa3664d000 	C:\WINDOWS\SYSTEM32\GLU32.dll
0x00007ffa77ff0000 - 0x00007ffa78035000 	C:\WINDOWS\SYSTEM32\dxcore.dll
0x00007ffa79a70000 - 0x00007ffa79a8b000 	C:\WINDOWS\SYSTEM32\CRYPTSP.dll
0x00007ffa79180000 - 0x00007ffa791b9000 	C:\WINDOWS\system32\rsaenh.dll
0x00007ffa79840000 - 0x00007ffa79873000 	C:\WINDOWS\SYSTEM32\USERENV.dll
0x00007ffa7a380000 - 0x00007ffa7a3aa000 	C:\WINDOWS\SYSTEM32\bcrypt.dll
0x00007ffa79a90000 - 0x00007ffa79a9c000 	C:\WINDOWS\SYSTEM32\CRYPTBASE.dll
0x00007ffa7cc00000 - 0x00007ffa7cc0a000 	C:\WINDOWS\System32\NSI.dll
0x00007ffa77800000 - 0x00007ffa7781d000 	C:\WINDOWS\SYSTEM32\dhcpcsvc6.DLL
0x00007ffa77750000 - 0x00007ffa77775000 	C:\WINDOWS\SYSTEM32\dhcpcsvc.DLL
0x00007ffa78ce0000 - 0x00007ffa78e12000 	C:\WINDOWS\SYSTEM32\DNSAPI.dll
0x00007ffa44850000 - 0x00007ffa44863000 	C:\Users\danil\AppData\Local\Temp\jogamp_0000\file_cache\jln16602308067757603582\jln16242007282141545518\natives\windows-amd64\gluegen_rt.dll
0x00007ffa4d400000 - 0x00007ffa4d407000 	C:\Program Files\Processing\app\resources\jdk-17.0.14+7\bin\jawt.dll
0x00007ffa4cd50000 - 0x00007ffa4cd5d000 	C:\Users\danil\AppData\Local\Temp\jogamp_0000\file_cache\jln16602308067757603582\jln16242007282141545518\natives\windows-amd64\nativewindow_awt.dll
0x00007ffa419e0000 - 0x00007ffa419f5000 	C:\Users\danil\AppData\Local\Temp\jogamp_0000\file_cache\jln16602308067757603582\jln16242007282141545518\natives\windows-amd64\nativewindow_win32.dll
0x00007ffa3fac0000 - 0x00007ffa3fb43000 	C:\Users\danil\AppData\Local\Temp\jogamp_0000\file_cache\jln16602308067757603582\jln16242007282141545518\natives\windows-amd64\jogl_desktop.dll
0x00007ffa24380000 - 0x00007ffa243d2000 	C:\Users\danil\AppData\Local\Temp\jogamp_0000\file_cache\jln16602308067757603582\jln16242007282141545518\natives\windows-amd64\jogl_mobile.dll
0x00007ffa73470000 - 0x00007ffa734d1000 	C:\WINDOWS\SYSTEM32\directxdatabasehelper.dll
0x00007ffa665e0000 - 0x00007ffa665fd000 	C:\WINDOWS\SYSTEM32\windows.staterepositorycore.dll
0x00007ff9b0460000 - 0x00007ff9b1433000 	C:\WINDOWS\System32\DriverStore\FileRepository\iigd_dch.inf_amd64_225f37aa3862fc3f\igxelpicd64.dll
0x00007ffa78040000 - 0x00007ffa7817e000 	C:\WINDOWS\system32\dxgi.dll
0x00007ff9ec6a0000 - 0x00007ff9ecb27000 	C:\WINDOWS\System32\DriverStore\FileRepository\iigd_dch.inf_amd64_225f37aa3862fc3f\igdml64.dll
0x00007ffa7a000000 - 0x00007ffa7a051000 	C:\WINDOWS\SYSTEM32\cfgmgr32.dll
0x00007ffa704b0000 - 0x00007ffa70871000 	C:\WINDOWS\System32\DriverStore\FileRepository\iigd_dch.inf_amd64_225f37aa3862fc3f\igdgmm64.dll
0x00007ffa6d290000 - 0x00007ffa70496000 	C:\WINDOWS\System32\DriverStore\FileRepository\iigd_dch.inf_amd64_225f37aa3862fc3f\igc64.dll
0x00007ffa41800000 - 0x00007ffa41819000 	C:\Users\danil\AppData\Local\Temp\jogamp_0000\file_cache\jln16602308067757603582\jln16242007282141545518\natives\windows-amd64\newt_head.dll
0x00007ffa6bce0000 - 0x00007ffa6bd9f000 	C:\WINDOWS\SYSTEM32\mscms.dll
0x00007ffa111b0000 - 0x00007ffa111f9000 	C:\WINDOWS\SYSTEM32\icm32.dll
0x00007ffa7cc70000 - 0x00007ffa7d0f7000 	C:\WINDOWS\System32\setupapi.dll
0x00007ffa79fd0000 - 0x00007ffa79ffd000 	C:\WINDOWS\SYSTEM32\DEVOBJ.dll
0x00007ffa7b4e0000 - 0x00007ffa7b562000 	C:\WINDOWS\System32\WINTRUST.dll
0x00007ffa7b660000 - 0x00007ffa7b7d8000 	C:\WINDOWS\System32\CRYPT32.dll
0x00007ffa79ba0000 - 0x00007ffa79bb3000 	C:\WINDOWS\SYSTEM32\MSASN1.dll
0x00007ffa4d4c0000 - 0x00007ffa4d606000 	C:\WINDOWS\SYSTEM32\textinputframework.dll
0x00007ffa76ea0000 - 0x00007ffa76fc7000 	C:\WINDOWS\SYSTEM32\CoreMessaging.dll
0x00007ffa726c0000 - 0x00007ffa729a2000 	C:\WINDOWS\SYSTEM32\CoreUIComponents.dll
0x00007ffa737b0000 - 0x00007ffa7391a000 	C:\WINDOWS\SYSTEM32\wintypes.dll

dbghelp: loaded successfully - version: 4.0.5 - missing functions: none
symbol engine: initialized successfully - sym options: 0x614 - pdb path: .;C:\Program Files\Processing\app\resources\jdk-17.0.14+7\bin;C:\WINDOWS\SYSTEM32;C:\WINDOWS\WinSxS\amd64_microsoft.windows.common-controls_6595b64144ccf1df_6.0.26100.8457_none_3e0b2faee331e92d;C:\Program Files\Processing\app\resources\jdk-17.0.14+7\bin\server;C:\Users\danil\AppData\Local\Temp\jogamp_0000\file_cache\jln16602308067757603582\jln16242007282141545518\natives\windows-amd64;C:\WINDOWS\System32\DriverStore\FileRepository\iigd_dch.inf_amd64_225f37aa3862fc3f

VM Arguments:
jvm_args: -agentlib:jdwp=transport=dt_socket,address=8509,server=y,suspend=y,quiet=y -Xms64m -Xmx1024m -Djna.nosys=true -Djava.library.path=;C:\Program Files\Processing\app\resources\core\library;C:\Program Files\Processing;C:\WINDOWS\system32;C:\WINDOWS;C:\Program Files\PlasticSCM5\server;C:\Program Files\PlasticSCM5\client;C:\Program Files\Common Files\Oracle\Java\javapath;C:\Program Files (x86)\Common Files\Oracle\Java\javapath;C:\Windows\System32\HWAudioDriverLibs;C:\Windows\system32;C:\Windows;C:\Windows\System32\Wbem;C:\Windows\System32\WindowsPowerShell\v1.0;C:\Windows\System32\OpenSSH;C:\Program Files\Microsoft SQL Server\150\Tools\Binn;C:\Program Files\Microsoft SQL Server\Client SDK\ODBC\170\Tools\Binn;C:\Program Files\dotnet;D:\Windows Kits\10\Windows Performance Toolkit;C:\Program Files\Java\jdk-23\bin;C:\WINDOWS\system32;C:\WINDOWS;C:\WINDOWS\System32\Wbem;C:\WINDOWS\System32\WindowsPowerShell\v1.0;C:\WINDOWS\System32\OpenSSH;C:\Program Files\nodejs;C:\Program Files\Docker\Docker\resources\bin;C:\Program Files\TortoiseGit\bin;C:\Program Files\Git\cmd;C:\Users\danil\AppData\Local\Programs\Python\Python312\Scripts;C:\Users\danil\AppData\Local\Programs\Python\Python312;C:\Users\danil\AppData\Local\Microsoft\WindowsApps;C:\Users\danil\AppData\Local\Programs\Microsoft VS Code\bin;C:\Users\danil\AppData\Roaming\npm;D:\DataBase\18\bin;C:\Program Files\Processing\app;. -ea 
java_command: processing.core.PApplet --editor-location=-7,-7 --external --display=1 --sketch-path=C:\Users\danil\Desktop\Gravity_simul Gravity_simul
java_class_path (initial): C:\Users\danil\AppData\Local\Temp\processing\Gravity_simul18303546862872410442temp;C:\Program Files\Processing\app\resources\core\library\annotations-13.0.jar;C:\Program Files\Processing\app\resources\core\library\antlr-2.7.7.jar;C:\Program Files\Processing\app\resources\core\library\core-4.4.1.jar;C:\Program Files\Processing\app\resources\core\library\gluegen-rt-2.5.0-natives-android-aarch64.jar;C:\Program Files\Processing\app\resources\core\library\gluegen-rt-2.5.0-natives-linux-aarch64.jar;C:\Program Files\Processing\app\resources\core\library\gluegen-rt-2.5.0-natives-linux-amd64.jar;C:\Program Files\Processing\app\resources\core\library\gluegen-rt-2.5.0-natives-linux-armv6hf.jar;C:\Program Files\Processing\app\resources\core\library\gluegen-rt-2.5.0-natives-macosx-universal.jar;C:\Program Files\Processing\app\resources\core\library\gluegen-rt-2.5.0-natives-windows-amd64.jar;C:\Program Files\Processing\app\resources\core\library\gluegen-rt-2.5.0.jar;C:\Program Files\Processing\app\resources\core\library\gluegen-rt-main-2.5.0.jar;C:\Program Files\Processing\app\resources\core\library\jogl-all-2.5.0-natives-android-aarch64.jar;C:\Program Files\Processing\app\resources\core\library\jogl-all-2.5.0-natives-linux-aarch64.jar;C:\Program Files\Processing\app\resources\core\library\jogl-all-2.5.0-natives-linux-amd64.jar;C:\Program Files\Processing\app\resources\core\library\jogl-all-2.5.0-natives-linux-armv6hf.jar;C:\Program Files\Processing\app\resources\core\library\jogl-all-2.5.0-natives-macosx-universal.jar;C:\Program Files\Processing\app\resources\core\library\jogl-all-2.5.0-natives-windows-amd64.jar;C:\Program Files\Processing\app\resources\core\library\jogl-all-2.5.0.jar;C:\Program Files\Processing\app\resources\core\library\jogl-all-main-2.5.0.jar;C:\Program Files\Processing\app\resources\core\library\kotlin-stdlib-2.0.20.jar
Launcher Type: SUN_STANDARD

[Global flags]
     intx CICompilerCount                          = 4                                         {product} {ergonomic}
     uint ConcGCThreads                            = 2                                         {product} {ergonomic}
     uint G1ConcRefinementThreads                  = 8                                         {product} {ergonomic}
   size_t G1HeapRegionSize                         = 1048576                                   {product} {ergonomic}
    uintx GCDrainStackTargetSize                   = 64                                        {product} {ergonomic}
   size_t InitialHeapSize                          = 67108864                                  {product} {command line}
   size_t MarkStackSize                            = 4194304                                   {product} {ergonomic}
   size_t MaxHeapSize                              = 1073741824                                {product} {command line}
   size_t MaxNewSize                               = 643825664                                 {product} {ergonomic}
   size_t MinHeapDeltaBytes                        = 1048576                                   {product} {ergonomic}
   size_t MinHeapSize                              = 67108864                                  {product} {command line}
    uintx NonNMethodCodeHeapSize                   = 5839372                                {pd product} {ergonomic}
    uintx NonProfiledCodeHeapSize                  = 122909434                              {pd product} {ergonomic}
    uintx ProfiledCodeHeapSize                     = 122909434                              {pd product} {ergonomic}
    uintx ReservedCodeCacheSize                    = 251658240                              {pd product} {ergonomic}
     bool SegmentedCodeCache                       = true                                      {product} {ergonomic}
   size_t SoftMaxHeapSize                          = 1073741824                             {manageable} {ergonomic}
     bool UseCompressedClassPointers               = true                           {product lp64_product} {ergonomic}
     bool UseCompressedOops                        = true                           {product lp64_product} {ergonomic}
     bool UseG1GC                                  = true                                      {product} {ergonomic}
     bool UseLargePagesIndividualAllocation        = false                                  {pd product} {ergonomic}

Logging:
Log output configuration:
 #0: stdout all=off uptime,level,tags
 #1: stderr all=off uptime,level,tags

Environment Variables:
JAVA_HOME=C:\Program Files\Java\jdk-23
PATH=C:\Program Files\PlasticSCM5\server;C:\Program Files\PlasticSCM5\client;C:\Program Files\Common Files\Oracle\Java\javapath;C:\Program Files (x86)\Common Files\Oracle\Java\javapath;C:\Windows\System32\HWAudioDriverLibs;C:\Windows\system32;C:\Windows;C:\Windows\System32\Wbem;C:\Windows\System32\WindowsPowerShell\v1.0\;C:\Windows\System32\OpenSSH\;C:\Users\Administrator\AppData\Local\Microsoft\WindowsApps;C:\Program Files\Microsoft SQL Server\150\Tools\Binn\;C:\Program Files\Microsoft SQL Server\Client SDK\ODBC\170\Tools\Binn\;C:\Program Files\dotnet\;D:\Windows Kits\10\Windows Performance Toolkit\;C:\Program Files\Java\jdk-23\bin;C:\WINDOWS\system32;C:\WINDOWS;C:\WINDOWS\System32\Wbem;C:\WINDOWS\System32\WindowsPowerShell\v1.0\;C:\WINDOWS\System32\OpenSSH\;C:\Program Files\nodejs\;C:\Program Files\Docker\Docker\resources\bin;C:\Program Files\TortoiseGit\bin;C:\Program Files\Git\cmd;C:\Users\danil\AppData\Local\Programs\Python\Python312\Scripts\;C:\Users\danil\AppData\Local\Programs\Python\Python312\;C:\Users\danil\AppData\Local\Microsoft\WindowsApps;C:\Users\danil\.dotnet\tools;C:\Users\danil\AppData\Local\Programs\Microsoft VS Code\bin;C:\Users\danil\AppData\Roaming\npm;D:\DataBase\18\bin;C:\Program Files\Processing\app
USERNAME=danil
OS=Windows_NT
PROCESSOR_IDENTIFIER=Intel64 Family 6 Model 140 Stepping 2, GenuineIntel
TMP=C:\Users\danil\AppData\Local\Temp
TEMP=C:\Users\danil\AppData\Local\Temp



Periodic native trim disabled


---------------  S Y S T E M  ---------------

OS:
 Windows 11 , 64 bit Build 26100 (10.0.26100.8328)
OS uptime: 0 days 3:58 hours
Hyper-V role detected

CPU: total 8 (initial active 8) (4 cores per cpu, 2 threads per core) family 6 model 140 stepping 2 microcode 0x16, cx8, cmov, fxsr, ht, mmx, 3dnowpref, sse, sse2, sse3, ssse3, sse4.1, sse4.2, popcnt, lzcnt, tsc, tscinvbit, avx, avx2, aes, erms, clmul, bmi1, bmi2, adx, avx512f, avx512dq, avx512cd, avx512bw, avx512vl, sha, fma, vzeroupper, avx512_vpopcntdq, avx512_vpclmulqdq, avx512_vaes, avx512_vnni, clflush, clflushopt, clwb, avx512_vbmi2, avx512_vbmi, hv
Processor Information for processor 0
  Max Mhz: 2496, Current Mhz: 2496, Mhz Limit: 2496
Processor Information for processor 1
  Max Mhz: 2496, Current Mhz: 2496, Mhz Limit: 2496
Processor Information for processor 2
  Max Mhz: 2496, Current Mhz: 2496, Mhz Limit: 2496
Processor Information for processor 3
  Max Mhz: 2496, Current Mhz: 2496, Mhz Limit: 2496
Processor Information for processor 4
  Max Mhz: 2496, Current Mhz: 1198, Mhz Limit: 2496
Processor Information for processor 5
  Max Mhz: 2496, Current Mhz: 2496, Mhz Limit: 2496
Processor Information for processor 6
  Max Mhz: 2496, Current Mhz: 2496, Mhz Limit: 2496
Processor Information for processor 7
  Max Mhz: 2496, Current Mhz: 2496, Mhz Limit: 2496

Memory: 4k page, system-wide physical 7975M (2426M free)
TotalPageFile size 17703M (AvailPageFile size 8150M)
current process WorkingSet (physical memory assigned to process): 591M, peak: 608M
current process commit charge ("private bytes"): 587M, peak: 618M

vm_info: OpenJDK 64-Bit Server VM (17.0.14+7) for windows-amd64 JRE (17.0.14+7), built on Jan 21 2025 23:40:15 by "admin" with MS VC++ 17.7 (VS2022)

END.
