#
# A fatal error has been detected by the Java Runtime Environment:
#
#  EXCEPTION_ACCESS_VIOLATION (0xc0000005) at pc=0x00007ff9b069b386, pid=48476, tid=43900
#
# JRE version: OpenJDK Runtime Environment Temurin-17.0.14+7 (17.0.14+7) (build 17.0.14+7)
# Java VM: OpenJDK 64-Bit Server VM Temurin-17.0.14+7 (17.0.14+7, mixed mode, sharing, tiered, compressed oops, compressed class ptrs, g1 gc, windows-amd64)
# Problematic frame:
# C  [igxelpicd64.dll+0x23b386]
#
# No core dump will be written. Minidumps are not enabled by default on client versions of Windows
#
# If you would like to submit a bug report, please visit:
#   https://github.com/adoptium/adoptium-support/issues
#

---------------  S U M M A R Y ------------

Command Line: -agentlib:jdwp=transport=dt_socket,address=8560,server=y,suspend=y,quiet=y -Xms64m -Xmx1024m -Djna.nosys=true -Djava.library.path=;C:\Program Files\Processing\app\resources\core\library;C:\Program Files\Processing;C:\WINDOWS\system32;C:\WINDOWS;C:\Program Files\PlasticSCM5\server;C:\Program Files\PlasticSCM5\client;C:\Program Files\Common Files\Oracle\Java\javapath;C:\Program Files (x86)\Common Files\Oracle\Java\javapath;C:\Windows\System32\HWAudioDriverLibs;C:\Windows\system32;C:\Windows;C:\Windows\System32\Wbem;C:\Windows\System32\WindowsPowerShell\v1.0;C:\Windows\System32\OpenSSH;C:\Program Files\Microsoft SQL Server\150\Tools\Binn;C:\Program Files\Microsoft SQL Server\Client SDK\ODBC\170\Tools\Binn;C:\Program Files\dotnet;D:\Windows Kits\10\Windows Performance Toolkit;C:\Program Files\Java\jdk-23\bin;C:\WINDOWS\system32;C:\WINDOWS;C:\WINDOWS\System32\Wbem;C:\WINDOWS\System32\WindowsPowerShell\v1.0;C:\WINDOWS\System32\OpenSSH;C:\Program Files\nodejs;C:\Program Files\Docker\Docker\resources\bin;C:\Program Files\TortoiseGit\bin;C:\Program Files\Git\cmd;C:\Users\danil\AppData\Local\Programs\Python\Python312\Scripts;C:\Users\danil\AppData\Local\Programs\Python\Python312;C:\Users\danil\AppData\Local\Microsoft\WindowsApps;C:\Users\danil\AppData\Local\Programs\Microsoft VS Code\bin;C:\Users\danil\AppData\Roaming\npm;D:\DataBase\18\bin;C:\Program Files\Processing\app;. -ea processing.core.PApplet --editor-location=-7,-7 --external --display=1 --sketch-path=C:\Users\danil\Desktop\Gravity_simul Gravity_simul

Host: 11th Gen Intel(R) Core(TM) i5-1155G7 @ 2.50GHz, 8 cores, 7G,  Windows 11 , 64 bit Build 26100 (10.0.26100.8328)
Time: Sat Jun 27 23:24:09 2026 RTZ 3 (s 11 , 64 bit Build 26100 (10.0.26100.8328) elapsed time: 16.686605 seconds (0d 0h 0m 16s)

---------------  T H R E A D  ---------------

Current thread (0x0000020fc54b9420):  VMThread "VM Thread" [stack: 0x0000006ba2c00000,0x0000006ba2d00000] [id=43900]

Stack: [0x0000006ba2c00000,0x0000006ba2d00000],  sp=0x0000006ba2cfdfa0,  free space=1015k
Native frames: (J=compiled Java code, j=interpreted, Vv=VM code, C=native code)
C  [igxelpicd64.dll+0x23b386]


siginfo: EXCEPTION_ACCESS_VIOLATION (0xc0000005), reading address 0x0000000000035468


Registers:
RAX=0x000002100d961730, RBX=0x000002100b603d90, RCX=0x0000000000000004, RDX=0x0000000000000000
RSP=0x0000006ba2cfdfa0, RBP=0x0000000000000000, RSI=0x000002100d961530, RDI=0x000002100b0bced0
R8 =0x000002100d961630, R9 =0x0000006ba20a7000, R10=0x0000000000000000, R11=0x0000000000000246
R12=0x000002100d961530, R13=0x0000000000000000, R14=0x000002100d961a78, R15=0x000002100d9620d0
RIP=0x00007ff9b069b386, EFLAGS=0x0000000000010206


Register to memory mapping:

RIP=0x00007ff9b069b386 igxelpicd64.dll
RAX=0x000002100d961730 points into unknown readable memory: 0x0000000000003d40 | 40 3d 00 00 00 00 00 00
RBX=0x000002100b603d90 points into unknown readable memory: 0xffffffffffffffff | ff ff ff ff ff ff ff ff
RCX=0x0000000000000004 is an unknown value
RDX=0x0 is NULL
RSP=0x0000006ba2cfdfa0 points into unknown readable memory: 0x000002100b603d90 | 90 3d 60 0b 10 02 00 00
RBP=0x0 is NULL
RSI=0x000002100d961530 points into unknown readable memory: 0x000002100b675fa0 | a0 5f 67 0b 10 02 00 00
RDI=0x000002100b0bced0 points into unknown readable memory: 0x34000000bebafe00 | 00 fe ba be 00 00 00 34
R8 =0x000002100d961630 points into unknown readable memory: 0x0000000000000000 | 00 00 00 00 00 00 00 00
R9 =0x0000006ba20a7000 points into unknown readable memory: 0x0000000000000000 | 00 00 00 00 00 00 00 00
R10=0x0 is NULL
R11=0x0000000000000246 is an unknown value
R12=0x000002100d961530 points into unknown readable memory: 0x000002100b675fa0 | a0 5f 67 0b 10 02 00 00
R13=0x0 is NULL
R14=0x000002100d961a78 points into unknown readable memory: 0x000002100d9620d0 | d0 20 96 0d 10 02 00 00
R15=0x000002100d9620d0 points into unknown readable memory: 0x000002100b675fa0 | a0 5f 67 0b 10 02 00 00


Top of Stack: (sp=0x0000006ba2cfdfa0)
0x0000006ba2cfdfa0:   000002100b603d90 0255429d03862e9d
0x0000006ba2cfdfb0:   0391939f00929d9d 0250f39f03309c9f
0x0000006ba2cfdfc0:   0000001603000000 0000000000000000
0x0000006ba2cfdfd0:   032b66a303b02aa3 0365e2a3036987a3
0x0000006ba2cfdfe0:   000002100b603d90 031d81a403732ea4
0x0000006ba2cfdff0:   032a3ea502743ca5 02de81a503725aa5
0x0000006ba2cfe000:   02db39a602a81ca6 0353bba603a49ca6
0x0000006ba2cfe010:   00b3e9a603a7cba6 039039a700a836a7
0x0000006ba2cfe020:   0326f4a70133c2a7 031e5ea90399e2a8
0x0000006ba2cfe030:   036a28aa035e61a9 035b9aaa02fe53aa
0x0000006ba2cfe040:   022dceaa02eccdaa 02fe53ab02bf12ab
0x0000006ba2cfe050:   02b97dab02e266ab 036fedab021f82ab
0x0000006ba2cfe060:   03990eac01e702ac 02c01eac039d16ac
0x0000006ba2cfe070:   01d979ac034833ac 02db8cac03a986ac
0x0000006ba2cfe080:   036602ad03a4d0ac 00007ffa7dbc5b54
0x0000006ba2cfe090:   0000000000000000 0000000000000000
0x0000006ba2cfe0a0:   0000006ba2cfe240 00007ffa7be21259
0x0000006ba2cfe0b0:   0000006ba2cfe138 0000000000000000
0x0000006ba2cfe0c0:   0000000000000054 0000000000000000
0x0000006ba2cfe0d0:   032eb8b1029d98b1 00007ffa7dbc5cc4
0x0000006ba2cfe0e0:   039650b302c0ccb2 005273b3035461b3
0x0000006ba2cfe0f0:   00007b02192030f7 036c27b5039305b5
0x0000006ba2cfe100:   000002100d7fda38 0000000000003d90
0x0000006ba2cfe110:   0000000000000000 0000000000000016
0x0000006ba2cfe120:   0000000000000000 0000000000000000
0x0000006ba2cfe130:   0000006ba2cfe240 00007ff9b06c82ae
0x0000006ba2cfe140:   000002100b0bced0 0000000000000000
0x0000006ba2cfe150:   000002100b0bced0 0329a6bb033875bb
0x0000006ba2cfe160:   0000006b00001094 0000740400840000
0x0000006ba2cfe170:   0000000000000000 033838be036430be
0x0000006ba2cfe180:   02aa5abe029d43be 03a6fcbe02eec1be
0x0000006ba2cfe190:   038ec2bf02f831bf 00ad46c00276c4bf 

Instructions: (pc=0x00007ff9b069b386)
0x00007ff9b069b286:   00 90 4c 8b bf 80 02 00 00 48 8b 05 9a 85 bd 00
0x00007ff9b069b296:   8b 80 c8 0a 00 00 89 44 24 24 c6 44 24 20 00 48
0x00007ff9b069b2a6:   c7 87 80 02 00 00 00 00 00 00 c7 87 88 02 00 00
0x00007ff9b069b2b6:   00 00 00 00 48 c7 87 a0 02 00 00 00 00 00 00 48
0x00007ff9b069b2c6:   c7 87 90 02 00 00 00 00 00 00 48 85 ed 75 3d 8b
0x00007ff9b069b2d6:   35 0d 77 cd 00 65 48 8b 04 25 58 00 00 00 b9 14
0x00007ff9b069b2e6:   00 00 00 48 8b 04 f0 40 38 2c 01 0f 84 c9 e7 75
0x00007ff9b069b2f6:   00 65 48 8b 04 25 58 00 00 00 bd 20 00 00 00 48
0x00007ff9b069b306:   8b 04 f0 48 8b 2c 28 48 89 6c 24 28 48 3b 2d 07
0x00007ff9b069b316:   9b cd 00 0f 84 9b 10 00 00 4d 85 ff 0f 84 3a 01
0x00007ff9b069b326:   00 00 0f 1f 84 00 00 00 00 00 49 8b f7 4d 8b e7
0x00007ff9b069b336:   4d 8d b7 48 05 00 00 4d 8b 3e 45 84 ed 0f 85 d9
0x00007ff9b069b346:   0e 00 00 8b 8f d0 01 00 00 48 8b 05 da 84 bd 00
0x00007ff9b069b356:   83 b8 64 03 00 00 02 75 34 4d 8d 84 24 00 01 00
0x00007ff9b069b366:   00 83 f9 10 0f 83 3a 01 00 00 8b c1 48 c1 e0 06
0x00007ff9b069b376:   49 03 c0 48 85 c0 0f 84 9b 01 00 00 48 8b 50 08
0x00007ff9b069b386:   48 3b 95 68 54 03 00 0f 87 b6 0e 00 00 48 83 be
0x00007ff9b069b396:   c0 05 00 00 00 0f 85 50 e7 75 00 44 8b 8f d0 01
0x00007ff9b069b3a6:   00 00 48 8b 87 e8 01 00 00 4c 8b 00 8b 8f d0 01
0x00007ff9b069b3b6:   00 00 48 8d 9e 00 01 00 00 83 f9 10 0f 83 1e 01
0x00007ff9b069b3c6:   00 00 8b c1 48 c1 e0 06 48 03 c3 48 85 c0 0f 84
0x00007ff9b069b3d6:   4a 01 00 00 4c 39 40 08 0f 86 40 01 00 00 48 8b
0x00007ff9b069b3e6:   87 80 02 00 00 49 89 06 48 89 b7 80 02 00 00 ff
0x00007ff9b069b3f6:   87 88 02 00 00 48 8b 4e 08 48 8b 01 ba 01 00 00
0x00007ff9b069b406:   00 48 8b 80 e0 02 00 00 ff 15 f4 c1 88 00 0f b7
0x00007ff9b069b416:   c8 48 2b c1 48 05 00 00 01 00 48 01 87 90 02 00
0x00007ff9b069b426:   00 48 8b 4e 08 48 8b 01 ba 01 00 00 00 48 8b 80
0x00007ff9b069b436:   e0 02 00 00 ff 15 c8 c1 88 00 48 01 87 a0 02 00
0x00007ff9b069b446:   00 0f b6 54 24 20 4d 85 ff 0f 85 db fe ff ff 84
0x00007ff9b069b456:   d2 0f 85 37 0f 00 00 48 8b 5c 24 40 48 8b cf 80
0x00007ff9b069b466:   7c 24 22 00 0f 85 40 0f 00 00 e8 3b f9 ff ff 90
0x00007ff9b069b476:   48 8b cb ff 15 99 bc 88 00 48 8b 8c 24 50 01 00 


Stack slot to memory mapping:
stack at sp + 0 slots: 0x000002100b603d90 points into unknown readable memory: 0xffffffffffffffff | ff ff ff ff ff ff ff ff
stack at sp + 1 slots: 0x0255429d03862e9d is an unknown value
stack at sp + 2 slots: 0x0391939f00929d9d is an unknown value
stack at sp + 3 slots: 0x0250f39f03309c9f is an unknown value
stack at sp + 4 slots: 0x0000001603000000 is an unknown value
stack at sp + 5 slots: 0x0 is NULL
stack at sp + 6 slots: 0x032b66a303b02aa3 is an unknown value
stack at sp + 7 slots: 0x0365e2a3036987a3 is an unknown value

VM_Operation (0x0000006ba4efe830): Exit, mode: safepoint, requested by thread 0x000002100d26eb70


---------------  P R O C E S S  ---------------

Threads class SMR info:
_java_thread_list=0x000002101dedb280, length=219, elements={
0x0000020fc54bffb0, 0x0000020fc54c0880, 0x0000020fc54d9030, 0x0000020fc54d9900,
0x0000020fc54da1d0, 0x0000020fc54daaa0, 0x0000020fc54dc6b0, 0x0000020fc54df080,
0x0000020fc54df990, 0x0000020fc57556e0, 0x0000020fc5766e30, 0x0000020fc5787f70,
0x0000020fc578c970, 0x0000020fc579b920, 0x000002100b0956f0, 0x000002100d5a6f20,
0x000002100d26eb70, 0x000002100d28ad70, 0x000002100d28a860, 0x000002100d28a350,
0x000002100d289e40, 0x000002100d28b280, 0x000002100d28b790, 0x000002101df72720,
0x000002101df74070, 0x000002101df73b60, 0x000002101df74580, 0x000002101df73140,
0x000002101df74a90, 0x000002101df74fa0, 0x000002101df754b0, 0x000002101df759c0,
0x000002101df75ed0, 0x000002101df763e0, 0x000002101df73650, 0x000002101df72c30,
0x000002101df7a0a0, 0x000002101df78750, 0x000002101df77d30, 0x000002101df79680,
0x000002101df768f0, 0x000002101df76e00, 0x000002101df77310, 0x000002101df79b90,
0x000002101df78240, 0x000002101df77820, 0x000002101df78c60, 0x000002101df79170,
0x000002101db16400, 0x000002101db14ab0, 0x000002101db17330, 0x000002101db159e0,
0x000002101db145a0, 0x000002101db17840, 0x000002101db14fc0, 0x000002101db15ef0,
0x000002101db154d0, 0x000002101db14090, 0x000002101db18770, 0x000002101db17d50,
0x000002101db18c80, 0x000002101db18260, 0x000002101db196a0, 0x000002101db19190,
0x000002101db19bb0, 0x000002101db1a0c0, 0x000002101db16910, 0x000002101db1a5d0,
0x000002101db16e20, 0x000002101db1b500, 0x000002101db1aae0, 0x000002101db1aff0,
0x000002101db1ba10, 0x000002101de3f140, 0x000002101de41ed0, 0x000002101de40580,
0x000002101de3f650, 0x000002101de419c0, 0x000002101de40a90, 0x000002101de40fa0,
0x000002101de414b0, 0x000002101de3fb60, 0x000002101de3e720, 0x000002101de40070,
0x000002101de423e0, 0x000002101de3ec30, 0x000002101de45680, 0x000002101de460a0,
0x000002101de42e00, 0x000002101de44750, 0x000002101de428f0, 0x000002101de43d30,
0x000002101de44240, 0x000002101de43310, 0x000002101de44c60, 0x000002101de45b90,
0x000002101de45170, 0x000002101de43820, 0x000002101e210d60, 0x000002101e2135e0,
0x000002101e20fe30, 0x000002101e2121a0, 0x000002101e211780, 0x000002101e211270,
0x000002101e210850, 0x000002101e2126b0, 0x000002101e212bc0, 0x000002101e211c90,
0x000002101e2130d0, 0x000002101e210340, 0x000002101e0e8cd0, 0x000002101e0eba60,
0x000002101e0e91e0, 0x000002101e0e9c00, 0x000002101e0ea110, 0x000002101e0eb040,
0x000002101e0ea620, 0x000002101e0ebf70, 0x000002101e0eab30, 0x000002101e0eb550,
0x000002101e0ec480, 0x000002101e0ec990, 0x000002101e0ecea0, 0x000002101e0e96f0,
0x000002101e0ef210, 0x000002101e0eddd0, 0x000002101e0ee7f0, 0x000002101e0eed00,
0x000002101e0ed8c0, 0x000002101e0ef720, 0x000002101e0f0650, 0x000002101e0ee2e0,
0x000002101e0ed3b0, 0x000002101e0efc30, 0x000002101e0f0140, 0x000002101e263b60,
0x000002101e264070, 0x000002101e2612e0, 0x000002101e264580, 0x000002101e262720,
0x000002101e260dd0, 0x000002101e262210, 0x000002101e262c30, 0x000002101e263140,
0x000002101e2617f0, 0x000002101e264a90, 0x000002101e263650, 0x000002101e264fa0,
0x000002101e261d00, 0x000002101e267820, 0x000002101e267d30, 0x000002101e2654b0,
0x000002101e266e00, 0x000002101e2659c0, 0x000002101e265ed0, 0x000002101e2663e0,
0x000002101e2668f0, 0x000002101e267310, 0x000002101e268240, 0x000002101e268750,
0x000002101e308030, 0x000002101e309e90, 0x000002101e308540, 0x000002101e308a50,
0x000002101e307610, 0x000002101e307100, 0x000002101e309470, 0x000002101e3066e0,
0x000002101e308f60, 0x000002101e306bf0, 0x000002101e307b20, 0x000002101e30b2d0,
0x000002101e30bcf0, 0x000002101e30a3a0, 0x000002101e30adc0, 0x000002101e30b7e0,
0x000002101e30c200, 0x000002101e30c710, 0x000002101e30cc20, 0x000002101e30d130,
0x000002101e309980, 0x000002101e30d640, 0x000002101e30db50, 0x000002101e30e060,
0x000002101e30a8b0, 0x000002101e4478f0, 0x000002101e448310, 0x000002101e447e00,
0x000002101e4473e0, 0x000002101e446ed0, 0x000002101e4464b0, 0x000002101e445a90,
0x000002101e448820, 0x000002101e445070, 0x000002101e448d30, 0x000002101e445580,
0x000002101e449240, 0x000002101e449750, 0x000002101e445fa0, 0x000002101e44a170,
0x000002101e4469c0, 0x000002101e44a680, 0x000002101e449c60, 0x000002101e44ab90,
0x000002101e44b0a0, 0x000002101e44b5b0, 0x000002101e44bac0, 0x000002101e44bfd0,
0x000002101e44c4e0, 0x000002101e44c9f0, 0x000002101e48f9f0, 0x000002101e492270,
0x000002101e490920, 0x000002101e492780, 0x000002101e4936b0, 0x000002101e491340,
0x000002101e48ff00, 0x000002101e490e30, 0x000002101e490410
}

Java Threads: ( => current thread )
  0x0000020fc54bffb0 JavaThread "Reference Handler" daemon [_thread_blocked, id=43904, stack(0x0000006ba2d00000,0x0000006ba2e00000)]
  0x0000020fc54c0880 JavaThread "Finalizer" daemon [_thread_blocked, id=18224, stack(0x0000006ba2e00000,0x0000006ba2f00000)]
  0x0000020fc54d9030 JavaThread "Signal Dispatcher" daemon [_thread_blocked, id=49068, stack(0x0000006ba2f00000,0x0000006ba3000000)]
  0x0000020fc54d9900 JavaThread "Attach Listener" daemon [_thread_blocked, id=49072, stack(0x0000006ba3000000,0x0000006ba3100000)]
  0x0000020fc54da1d0 JavaThread "Service Thread" daemon [_thread_blocked, id=49076, stack(0x0000006ba3100000,0x0000006ba3200000)]
  0x0000020fc54daaa0 JavaThread "Monitor Deflation Thread" daemon [_thread_blocked, id=49148, stack(0x0000006ba3200000,0x0000006ba3300000)]
  0x0000020fc54dc6b0 JavaThread "C2 CompilerThread0" daemon [_thread_blocked, id=49112, stack(0x0000006ba3300000,0x0000006ba3400000)]
  0x0000020fc54df080 JavaThread "C1 CompilerThread0" daemon [_thread_blocked, id=9296, stack(0x0000006ba3400000,0x0000006ba3500000)]
  0x0000020fc54df990 JavaThread "Sweeper thread" daemon [_thread_blocked, id=49056, stack(0x0000006ba3500000,0x0000006ba3600000)]
  0x0000020fc57556e0 JavaThread "JDWP Transport Listener: dt_socket" daemon [_thread_blocked, id=8196, stack(0x0000006ba3600000,0x0000006ba3700000)]
  0x0000020fc5766e30 JavaThread "JDWP Event Helper Thread" daemon [_thread_blocked, id=49080, stack(0x0000006ba3700000,0x0000006ba3800000)]
  0x0000020fc5787f70 JavaThread "JDWP Command Reader" daemon [_thread_blocked, id=49124, stack(0x0000006ba3800000,0x0000006ba3900000)]
  0x0000020fc578c970 JavaThread "Notification Thread" daemon [_thread_blocked, id=48912, stack(0x0000006ba3900000,0x0000006ba3a00000)]
  0x0000020fc579b920 JavaThread "Common-Cleaner" daemon [_thread_blocked, id=48276, stack(0x0000006ba3b00000,0x0000006ba3c00000)]
  0x000002100b0956f0 JavaThread "Java2D Disposer" daemon [_thread_blocked, id=48856, stack(0x0000006ba3c00000,0x0000006ba3d00000)]
  0x000002100d5a6f20 JavaThread "HighResTimerThread" daemon [_thread_blocked, id=16604, stack(0x0000006ba3d00000,0x0000006ba3e00000)]
  0x000002100d26eb70 JavaThread "main-FPSAWTAnimator#00-Timer0" [_thread_blocked, id=6552, stack(0x0000006ba4e00000,0x0000006ba4f00000)]
  0x000002100d28ad70 JavaThread "DestroyJavaVM" [_thread_blocked, id=48324, stack(0x0000006ba2600000,0x0000006ba2700000)]
  0x000002100d28a860 JavaThread "pool-1-thread-1" [_thread_blocked, id=49100, stack(0x0000006ba5000000,0x0000006ba5100000)]
  0x000002100d28a350 JavaThread "pool-1-thread-2" [_thread_blocked, id=49092, stack(0x0000006ba5100000,0x0000006ba5200000)]
  0x000002100d289e40 JavaThread "pool-1-thread-3" [_thread_blocked, id=49120, stack(0x0000006ba5200000,0x0000006ba5300000)]
  0x000002100d28b280 JavaThread "pool-1-thread-4" [_thread_blocked, id=9920, stack(0x0000006ba5300000,0x0000006ba5400000)]
  0x000002100d28b790 JavaThread "pool-1-thread-5" [_thread_blocked, id=7808, stack(0x0000006ba5400000,0x0000006ba5500000)]
  0x000002101df72720 JavaThread "pool-1-thread-6" [_thread_blocked, id=44948, stack(0x0000006ba5500000,0x0000006ba5600000)]
  0x000002101df74070 JavaThread "pool-1-thread-7" [_thread_blocked, id=18068, stack(0x0000006ba5600000,0x0000006ba5700000)]
  0x000002101df73b60 JavaThread "pool-1-thread-8" [_thread_blocked, id=46200, stack(0x0000006ba5700000,0x0000006ba5800000)]
  0x000002101df74580 JavaThread "pool-1-thread-9" [_thread_blocked, id=19368, stack(0x0000006ba5800000,0x0000006ba5900000)]
  0x000002101df73140 JavaThread "pool-1-thread-10" [_thread_blocked, id=18324, stack(0x0000006ba5900000,0x0000006ba5a00000)]
  0x000002101df74a90 JavaThread "pool-1-thread-11" [_thread_blocked, id=46204, stack(0x0000006ba5a00000,0x0000006ba5b00000)]
  0x000002101df74fa0 JavaThread "pool-1-thread-12" [_thread_blocked, id=10380, stack(0x0000006ba5b00000,0x0000006ba5c00000)]
  0x000002101df754b0 JavaThread "pool-1-thread-13" [_thread_blocked, id=12360, stack(0x0000006ba5c00000,0x0000006ba5d00000)]
  0x000002101df759c0 JavaThread "pool-1-thread-14" [_thread_blocked, id=48996, stack(0x0000006ba5d00000,0x0000006ba5e00000)]
  0x000002101df75ed0 JavaThread "pool-1-thread-15" [_thread_blocked, id=16516, stack(0x0000006ba5e00000,0x0000006ba5f00000)]
  0x000002101df763e0 JavaThread "pool-1-thread-16" [_thread_blocked, id=17936, stack(0x0000006ba5f00000,0x0000006ba6000000)]
  0x000002101df73650 JavaThread "pool-1-thread-17" [_thread_blocked, id=6644, stack(0x0000006ba6000000,0x0000006ba6100000)]
  0x000002101df72c30 JavaThread "pool-1-thread-18" [_thread_blocked, id=19468, stack(0x0000006ba6100000,0x0000006ba6200000)]
  0x000002101df7a0a0 JavaThread "pool-1-thread-19" [_thread_blocked, id=20016, stack(0x0000006ba6200000,0x0000006ba6300000)]
  0x000002101df78750 JavaThread "pool-1-thread-20" [_thread_blocked, id=11396, stack(0x0000006ba6300000,0x0000006ba6400000)]
  0x000002101df77d30 JavaThread "pool-1-thread-21" [_thread_blocked, id=18644, stack(0x0000006ba6400000,0x0000006ba6500000)]
  0x000002101df79680 JavaThread "pool-1-thread-22" [_thread_blocked, id=2140, stack(0x0000006ba6500000,0x0000006ba6600000)]
  0x000002101df768f0 JavaThread "pool-1-thread-23" [_thread_blocked, id=7012, stack(0x0000006ba6600000,0x0000006ba6700000)]
  0x000002101df76e00 JavaThread "pool-1-thread-24" [_thread_blocked, id=10640, stack(0x0000006ba6700000,0x0000006ba6800000)]
  0x000002101df77310 JavaThread "pool-1-thread-25" [_thread_blocked, id=18560, stack(0x0000006ba6800000,0x0000006ba6900000)]
  0x000002101df79b90 JavaThread "pool-1-thread-26" [_thread_blocked, id=12364, stack(0x0000006ba6900000,0x0000006ba6a00000)]
  0x000002101df78240 JavaThread "pool-1-thread-27" [_thread_blocked, id=11332, stack(0x0000006ba6a00000,0x0000006ba6b00000)]
  0x000002101df77820 JavaThread "pool-1-thread-28" [_thread_blocked, id=18712, stack(0x0000006ba6b00000,0x0000006ba6c00000)]
  0x000002101df78c60 JavaThread "pool-1-thread-29" [_thread_blocked, id=15356, stack(0x0000006ba6c00000,0x0000006ba6d00000)]
  0x000002101df79170 JavaThread "pool-1-thread-30" [_thread_blocked, id=18084, stack(0x0000006ba6d00000,0x0000006ba6e00000)]
  0x000002101db16400 JavaThread "pool-1-thread-31" [_thread_blocked, id=6364, stack(0x0000006ba6e00000,0x0000006ba6f00000)]
  0x000002101db14ab0 JavaThread "pool-1-thread-32" [_thread_blocked, id=48568, stack(0x0000006ba6f00000,0x0000006ba7000000)]
  0x000002101db17330 JavaThread "pool-1-thread-33" [_thread_blocked, id=48584, stack(0x0000006ba7000000,0x0000006ba7100000)]
  0x000002101db159e0 JavaThread "pool-1-thread-34" [_thread_blocked, id=48624, stack(0x0000006ba7100000,0x0000006ba7200000)]
  0x000002101db145a0 JavaThread "pool-1-thread-35" [_thread_blocked, id=7288, stack(0x0000006ba7200000,0x0000006ba7300000)]
  0x000002101db17840 JavaThread "pool-1-thread-36" [_thread_blocked, id=6708, stack(0x0000006ba7300000,0x0000006ba7400000)]
  0x000002101db14fc0 JavaThread "pool-1-thread-37" [_thread_blocked, id=48628, stack(0x0000006ba7400000,0x0000006ba7500000)]
  0x000002101db15ef0 JavaThread "pool-1-thread-38" [_thread_blocked, id=15020, stack(0x0000006ba7500000,0x0000006ba7600000)]
  0x000002101db154d0 JavaThread "pool-1-thread-39" [_thread_blocked, id=14656, stack(0x0000006ba7600000,0x0000006ba7700000)]
  0x000002101db14090 JavaThread "pool-1-thread-40" [_thread_blocked, id=18680, stack(0x0000006ba7700000,0x0000006ba7800000)]
  0x000002101db18770 JavaThread "pool-1-thread-41" [_thread_blocked, id=15396, stack(0x0000006ba7800000,0x0000006ba7900000)]
  0x000002101db17d50 JavaThread "pool-1-thread-42" [_thread_blocked, id=5980, stack(0x0000006ba7900000,0x0000006ba7a00000)]
  0x000002101db18c80 JavaThread "pool-1-thread-43" [_thread_blocked, id=48632, stack(0x0000006ba7a00000,0x0000006ba7b00000)]
  0x000002101db18260 JavaThread "pool-1-thread-44" [_thread_blocked, id=48616, stack(0x0000006ba7b00000,0x0000006ba7c00000)]
  0x000002101db196a0 JavaThread "pool-1-thread-45" [_thread_blocked, id=48636, stack(0x0000006ba7c00000,0x0000006ba7d00000)]
  0x000002101db19190 JavaThread "pool-1-thread-46" [_thread_blocked, id=48620, stack(0x0000006ba7d00000,0x0000006ba7e00000)]
  0x000002101db19bb0 JavaThread "pool-1-thread-47" [_thread_blocked, id=16716, stack(0x0000006ba7e00000,0x0000006ba7f00000)]
  0x000002101db1a0c0 JavaThread "pool-1-thread-48" [_thread_blocked, id=6608, stack(0x0000006ba7f00000,0x0000006ba8000000)]
  0x000002101db16910 JavaThread "pool-1-thread-49" [_thread_blocked, id=18492, stack(0x0000006ba8000000,0x0000006ba8100000)]
  0x000002101db1a5d0 JavaThread "pool-1-thread-50" [_thread_blocked, id=48592, stack(0x0000006ba8100000,0x0000006ba8200000)]
  0x000002101db16e20 JavaThread "pool-1-thread-51" [_thread_blocked, id=2772, stack(0x0000006ba8200000,0x0000006ba8300000)]
  0x000002101db1b500 JavaThread "pool-1-thread-52" [_thread_blocked, id=46208, stack(0x0000006ba8300000,0x0000006ba8400000)]
  0x000002101db1aae0 JavaThread "pool-1-thread-53" [_thread_blocked, id=46228, stack(0x0000006ba8400000,0x0000006ba8500000)]
  0x000002101db1aff0 JavaThread "pool-1-thread-54" [_thread_blocked, id=43664, stack(0x0000006ba8500000,0x0000006ba8600000)]
  0x000002101db1ba10 JavaThread "pool-1-thread-55" [_thread_blocked, id=46212, stack(0x0000006ba8600000,0x0000006ba8700000)]
  0x000002101de3f140 JavaThread "pool-1-thread-56" [_thread_blocked, id=46220, stack(0x0000006ba8700000,0x0000006ba8800000)]
  0x000002101de41ed0 JavaThread "pool-1-thread-57" [_thread_blocked, id=46232, stack(0x0000006ba8800000,0x0000006ba8900000)]
  0x000002101de40580 JavaThread "pool-1-thread-58" [_thread_blocked, id=46248, stack(0x0000006ba8900000,0x0000006ba8a00000)]
  0x000002101de3f650 JavaThread "pool-1-thread-59" [_thread_blocked, id=46236, stack(0x0000006ba8a00000,0x0000006ba8b00000)]
  0x000002101de419c0 JavaThread "pool-1-thread-60" [_thread_blocked, id=46244, stack(0x0000006ba8b00000,0x0000006ba8c00000)]
  0x000002101de40a90 JavaThread "pool-1-thread-61" [_thread_blocked, id=45028, stack(0x0000006ba8c00000,0x0000006ba8d00000)]
  0x000002101de40fa0 JavaThread "pool-1-thread-62" [_thread_blocked, id=46260, stack(0x0000006ba8d00000,0x0000006ba8e00000)]
  0x000002101de414b0 JavaThread "pool-1-thread-63" [_thread_blocked, id=46256, stack(0x0000006ba8e00000,0x0000006ba8f00000)]
  0x000002101de3fb60 JavaThread "pool-1-thread-64" [_thread_blocked, id=46252, stack(0x0000006ba8f00000,0x0000006ba9000000)]
  0x000002101de3e720 JavaThread "pool-1-thread-65" [_thread_blocked, id=46268, stack(0x0000006ba9000000,0x0000006ba9100000)]
  0x000002101de40070 JavaThread "pool-1-thread-66" [_thread_blocked, id=46264, stack(0x0000006ba9100000,0x0000006ba9200000)]
  0x000002101de423e0 JavaThread "pool-1-thread-67" [_thread_blocked, id=46280, stack(0x0000006ba9200000,0x0000006ba9300000)]
  0x000002101de3ec30 JavaThread "pool-1-thread-68" [_thread_blocked, id=46272, stack(0x0000006ba9300000,0x0000006ba9400000)]
  0x000002101de45680 JavaThread "pool-1-thread-69" [_thread_blocked, id=46276, stack(0x0000006ba9400000,0x0000006ba9500000)]
  0x000002101de460a0 JavaThread "pool-1-thread-70" [_thread_blocked, id=7892, stack(0x0000006ba9500000,0x0000006ba9600000)]
  0x000002101de42e00 JavaThread "pool-1-thread-71" [_thread_blocked, id=47976, stack(0x0000006ba9600000,0x0000006ba9700000)]
  0x000002101de44750 JavaThread "pool-1-thread-72" [_thread_blocked, id=47980, stack(0x0000006ba9700000,0x0000006ba9800000)]
  0x000002101de428f0 JavaThread "pool-1-thread-73" [_thread_blocked, id=46804, stack(0x0000006ba9800000,0x0000006ba9900000)]
  0x000002101de43d30 JavaThread "pool-1-thread-74" [_thread_blocked, id=6104, stack(0x0000006ba9900000,0x0000006ba9a00000)]
  0x000002101de44240 JavaThread "pool-1-thread-75" [_thread_blocked, id=5764, stack(0x0000006ba9a00000,0x0000006ba9b00000)]
  0x000002101de43310 JavaThread "pool-1-thread-76" [_thread_blocked, id=8108, stack(0x0000006ba9b00000,0x0000006ba9c00000)]
  0x000002101de44c60 JavaThread "pool-1-thread-77" [_thread_blocked, id=4788, stack(0x0000006ba9c00000,0x0000006ba9d00000)]
  0x000002101de45b90 JavaThread "pool-1-thread-78" [_thread_blocked, id=13388, stack(0x0000006ba9d00000,0x0000006ba9e00000)]
  0x000002101de45170 JavaThread "pool-1-thread-79" [_thread_blocked, id=14104, stack(0x0000006ba9e00000,0x0000006ba9f00000)]
  0x000002101de43820 JavaThread "pool-1-thread-80" [_thread_blocked, id=17672, stack(0x0000006ba9f00000,0x0000006baa000000)]
  0x000002101e210d60 JavaThread "pool-1-thread-81" [_thread_blocked, id=7752, stack(0x0000006baa000000,0x0000006baa100000)]
  0x000002101e2135e0 JavaThread "pool-1-thread-82" [_thread_blocked, id=16484, stack(0x0000006baa100000,0x0000006baa200000)]
  0x000002101e20fe30 JavaThread "pool-1-thread-83" [_thread_blocked, id=48844, stack(0x0000006baa200000,0x0000006baa300000)]
  0x000002101e2121a0 JavaThread "pool-1-thread-84" [_thread_blocked, id=18744, stack(0x0000006baa300000,0x0000006baa400000)]
  0x000002101e211780 JavaThread "pool-1-thread-85" [_thread_blocked, id=3380, stack(0x0000006baa400000,0x0000006baa500000)]
  0x000002101e211270 JavaThread "pool-1-thread-86" [_thread_blocked, id=1388, stack(0x0000006baa500000,0x0000006baa600000)]
  0x000002101e210850 JavaThread "pool-1-thread-87" [_thread_blocked, id=2760, stack(0x0000006baa600000,0x0000006baa700000)]
  0x000002101e2126b0 JavaThread "pool-1-thread-88" [_thread_blocked, id=16524, stack(0x0000006baa700000,0x0000006baa800000)]
  0x000002101e212bc0 JavaThread "pool-1-thread-89" [_thread_blocked, id=16168, stack(0x0000006baa800000,0x0000006baa900000)]
  0x000002101e211c90 JavaThread "pool-1-thread-90" [_thread_blocked, id=12372, stack(0x0000006baa900000,0x0000006baaa00000)]
  0x000002101e2130d0 JavaThread "pool-1-thread-91" [_thread_blocked, id=48904, stack(0x0000006baaa00000,0x0000006baab00000)]
  0x000002101e210340 JavaThread "pool-1-thread-92" [_thread_blocked, id=48896, stack(0x0000006baab00000,0x0000006baac00000)]
  0x000002101e0e8cd0 JavaThread "pool-1-thread-93" [_thread_blocked, id=4108, stack(0x0000006baac00000,0x0000006baad00000)]
  0x000002101e0eba60 JavaThread "pool-1-thread-94" [_thread_blocked, id=8976, stack(0x0000006baad00000,0x0000006baae00000)]
  0x000002101e0e91e0 JavaThread "pool-1-thread-95" [_thread_blocked, id=48852, stack(0x0000006baae00000,0x0000006baaf00000)]
  0x000002101e0e9c00 JavaThread "pool-1-thread-96" [_thread_blocked, id=6460, stack(0x0000006baaf00000,0x0000006bab000000)]
  0x000002101e0ea110 JavaThread "pool-1-thread-97" [_thread_blocked, id=16504, stack(0x0000006bab000000,0x0000006bab100000)]
  0x000002101e0eb040 JavaThread "pool-1-thread-98" [_thread_blocked, id=48828, stack(0x0000006bab100000,0x0000006bab200000)]
  0x000002101e0ea620 JavaThread "pool-1-thread-99" [_thread_blocked, id=48908, stack(0x0000006bab200000,0x0000006bab300000)]
  0x000002101e0ebf70 JavaThread "pool-1-thread-100" [_thread_blocked, id=1820, stack(0x0000006bab300000,0x0000006bab400000)]
  0x000002101e0eab30 JavaThread "pool-1-thread-101" [_thread_blocked, id=5452, stack(0x0000006bab400000,0x0000006bab500000)]
  0x000002101e0eb550 JavaThread "pool-1-thread-102" [_thread_blocked, id=13744, stack(0x0000006bab500000,0x0000006bab600000)]
  0x000002101e0ec480 JavaThread "pool-1-thread-103" [_thread_blocked, id=6272, stack(0x0000006bab600000,0x0000006bab700000)]
  0x000002101e0ec990 JavaThread "pool-1-thread-104" [_thread_blocked, id=18684, stack(0x0000006bab700000,0x0000006bab800000)]
  0x000002101e0ecea0 JavaThread "pool-1-thread-105" [_thread_blocked, id=14948, stack(0x0000006bab800000,0x0000006bab900000)]
  0x000002101e0e96f0 JavaThread "pool-1-thread-106" [_thread_blocked, id=10928, stack(0x0000006bab900000,0x0000006baba00000)]
  0x000002101e0ef210 JavaThread "pool-1-thread-107" [_thread_blocked, id=16236, stack(0x0000006baba00000,0x0000006babb00000)]
  0x000002101e0eddd0 JavaThread "pool-1-thread-108" [_thread_blocked, id=4104, stack(0x0000006babb00000,0x0000006babc00000)]
  0x000002101e0ee7f0 JavaThread "pool-1-thread-109" [_thread_blocked, id=20196, stack(0x0000006babc00000,0x0000006babd00000)]
  0x000002101e0eed00 JavaThread "pool-1-thread-110" [_thread_blocked, id=18692, stack(0x0000006babd00000,0x0000006babe00000)]
  0x000002101e0ed8c0 JavaThread "pool-1-thread-111" [_thread_blocked, id=11252, stack(0x0000006babe00000,0x0000006babf00000)]
  0x000002101e0ef720 JavaThread "pool-1-thread-112" [_thread_blocked, id=19628, stack(0x0000006babf00000,0x0000006bac000000)]
  0x000002101e0f0650 JavaThread "pool-1-thread-113" [_thread_blocked, id=20020, stack(0x0000006bac000000,0x0000006bac100000)]
  0x000002101e0ee2e0 JavaThread "pool-1-thread-114" [_thread_blocked, id=48608, stack(0x0000006bac100000,0x0000006bac200000)]
  0x000002101e0ed3b0 JavaThread "pool-1-thread-115" [_thread_blocked, id=6592, stack(0x0000006bac200000,0x0000006bac300000)]
  0x000002101e0efc30 JavaThread "pool-1-thread-116" [_thread_blocked, id=48612, stack(0x0000006bac300000,0x0000006bac400000)]
  0x000002101e0f0140 JavaThread "pool-1-thread-117" [_thread_blocked, id=48576, stack(0x0000006bac400000,0x0000006bac500000)]
  0x000002101e263b60 JavaThread "pool-1-thread-118" [_thread_blocked, id=48868, stack(0x0000006bac500000,0x0000006bac600000)]
  0x000002101e264070 JavaThread "pool-1-thread-119" [_thread_blocked, id=46608, stack(0x0000006bac600000,0x0000006bac700000)]
  0x000002101e2612e0 JavaThread "pool-1-thread-120" [_thread_blocked, id=46612, stack(0x0000006bac700000,0x0000006bac800000)]
  0x000002101e264580 JavaThread "pool-1-thread-121" [_thread_blocked, id=46620, stack(0x0000006bac800000,0x0000006bac900000)]
  0x000002101e262720 JavaThread "pool-1-thread-122" [_thread_blocked, id=46616, stack(0x0000006bac900000,0x0000006baca00000)]
  0x000002101e260dd0 JavaThread "pool-1-thread-123" [_thread_blocked, id=46632, stack(0x0000006baca00000,0x0000006bacb00000)]
  0x000002101e262210 JavaThread "pool-1-thread-124" [_thread_blocked, id=46628, stack(0x0000006bacb00000,0x0000006bacc00000)]
  0x000002101e262c30 JavaThread "pool-1-thread-125" [_thread_blocked, id=46880, stack(0x0000006bacc00000,0x0000006bacd00000)]
  0x000002101e263140 JavaThread "pool-1-thread-126" [_thread_blocked, id=46896, stack(0x0000006bacd00000,0x0000006bace00000)]
  0x000002101e2617f0 JavaThread "pool-1-thread-127" [_thread_blocked, id=2440, stack(0x0000006bace00000,0x0000006bacf00000)]
  0x000002101e264a90 JavaThread "pool-1-thread-128" [_thread_blocked, id=46460, stack(0x0000006bacf00000,0x0000006bad000000)]
  0x000002101e263650 JavaThread "pool-1-thread-129" [_thread_blocked, id=46464, stack(0x0000006bad000000,0x0000006bad100000)]
  0x000002101e264fa0 JavaThread "pool-1-thread-130" [_thread_blocked, id=46468, stack(0x0000006bad100000,0x0000006bad200000)]
  0x000002101e261d00 JavaThread "pool-1-thread-131" [_thread_blocked, id=46472, stack(0x0000006bad200000,0x0000006bad300000)]
  0x000002101e267820 JavaThread "pool-1-thread-132" [_thread_blocked, id=46480, stack(0x0000006bad300000,0x0000006bad400000)]
  0x000002101e267d30 JavaThread "pool-1-thread-133" [_thread_blocked, id=46484, stack(0x0000006bad400000,0x0000006bad500000)]
  0x000002101e2654b0 JavaThread "pool-1-thread-134" [_thread_blocked, id=46476, stack(0x0000006bad500000,0x0000006bad600000)]
  0x000002101e266e00 JavaThread "pool-1-thread-135" [_thread_blocked, id=46496, stack(0x0000006bad600000,0x0000006bad700000)]
  0x000002101e2659c0 JavaThread "pool-1-thread-136" [_thread_blocked, id=46456, stack(0x0000006bad700000,0x0000006bad800000)]
  0x000002101e265ed0 JavaThread "pool-1-thread-137" [_thread_blocked, id=46516, stack(0x0000006bad800000,0x0000006bad900000)]
  0x000002101e2663e0 JavaThread "pool-1-thread-138" [_thread_blocked, id=46520, stack(0x0000006bad900000,0x0000006bada00000)]
  0x000002101e2668f0 JavaThread "pool-1-thread-139" [_thread_blocked, id=46528, stack(0x0000006bada00000,0x0000006badb00000)]
  0x000002101e267310 JavaThread "pool-1-thread-140" [_thread_blocked, id=46512, stack(0x0000006badb00000,0x0000006badc00000)]
  0x000002101e268240 JavaThread "pool-1-thread-141" [_thread_blocked, id=46492, stack(0x0000006badc00000,0x0000006badd00000)]
  0x000002101e268750 JavaThread "pool-1-thread-142" [_thread_blocked, id=46544, stack(0x0000006badd00000,0x0000006bade00000)]
  0x000002101e308030 JavaThread "pool-1-thread-143" [_thread_blocked, id=48200, stack(0x0000006bade00000,0x0000006badf00000)]
  0x000002101e309e90 JavaThread "pool-1-thread-144" [_thread_blocked, id=48204, stack(0x0000006badf00000,0x0000006bae000000)]
  0x000002101e308540 JavaThread "pool-1-thread-145" [_thread_blocked, id=48192, stack(0x0000006bae000000,0x0000006bae100000)]
  0x000002101e308a50 JavaThread "pool-1-thread-146" [_thread_blocked, id=48196, stack(0x0000006bae100000,0x0000006bae200000)]
  0x000002101e307610 JavaThread "pool-1-thread-147" [_thread_blocked, id=46488, stack(0x0000006bae200000,0x0000006bae300000)]
  0x000002101e307100 JavaThread "pool-1-thread-148" [_thread_blocked, id=46452, stack(0x0000006bae300000,0x0000006bae400000)]
  0x000002101e309470 JavaThread "pool-1-thread-149" [_thread_blocked, id=46900, stack(0x0000006bae400000,0x0000006bae500000)]
  0x000002101e3066e0 JavaThread "pool-1-thread-150" [_thread_blocked, id=20240, stack(0x0000006bae500000,0x0000006bae600000)]
  0x000002101e308f60 JavaThread "pool-1-thread-151" [_thread_blocked, id=10428, stack(0x0000006bae600000,0x0000006bae700000)]
  0x000002101e306bf0 JavaThread "pool-1-thread-152" [_thread_blocked, id=4156, stack(0x0000006bae700000,0x0000006bae800000)]
  0x000002101e307b20 JavaThread "pool-1-thread-153" [_thread_blocked, id=268, stack(0x0000006bae800000,0x0000006bae900000)]
  0x000002101e30b2d0 JavaThread "pool-1-thread-154" [_thread_blocked, id=7796, stack(0x0000006bae900000,0x0000006baea00000)]
  0x000002101e30bcf0 JavaThread "pool-1-thread-155" [_thread_blocked, id=17336, stack(0x0000006baea00000,0x0000006baeb00000)]
  0x000002101e30a3a0 JavaThread "pool-1-thread-156" [_thread_blocked, id=18288, stack(0x0000006baeb00000,0x0000006baec00000)]
  0x000002101e30adc0 JavaThread "pool-1-thread-157" [_thread_blocked, id=1476, stack(0x0000006baec00000,0x0000006baed00000)]
  0x000002101e30b7e0 JavaThread "pool-1-thread-158" [_thread_blocked, id=13004, stack(0x0000006baed00000,0x0000006baee00000)]
  0x000002101e30c200 JavaThread "pool-1-thread-159" [_thread_blocked, id=48900, stack(0x0000006baee00000,0x0000006baef00000)]
  0x000002101e30c710 JavaThread "pool-1-thread-160" [_thread_blocked, id=48892, stack(0x0000006baef00000,0x0000006baf000000)]
  0x000002101e30cc20 JavaThread "pool-1-thread-161" [_thread_blocked, id=48928, stack(0x0000006baf000000,0x0000006baf100000)]
  0x000002101e30d130 JavaThread "pool-1-thread-162" [_thread_blocked, id=48888, stack(0x0000006baf100000,0x0000006baf200000)]
  0x000002101e309980 JavaThread "pool-1-thread-163" [_thread_blocked, id=48932, stack(0x0000006baf200000,0x0000006baf300000)]
  0x000002101e30d640 JavaThread "pool-1-thread-164" [_thread_blocked, id=17916, stack(0x0000006baf300000,0x0000006baf400000)]
  0x000002101e30db50 JavaThread "pool-1-thread-165" [_thread_blocked, id=19328, stack(0x0000006baf400000,0x0000006baf500000)]
  0x000002101e30e060 JavaThread "pool-1-thread-166" [_thread_blocked, id=8420, stack(0x0000006baf500000,0x0000006baf600000)]
  0x000002101e30a8b0 JavaThread "pool-1-thread-167" [_thread_blocked, id=12696, stack(0x0000006baf600000,0x0000006baf700000)]
  0x000002101e4478f0 JavaThread "pool-1-thread-168" [_thread_blocked, id=12136, stack(0x0000006baf700000,0x0000006baf800000)]
  0x000002101e448310 JavaThread "pool-1-thread-169" [_thread_blocked, id=16928, stack(0x0000006baf800000,0x0000006baf900000)]
  0x000002101e447e00 JavaThread "pool-1-thread-170" [_thread_blocked, id=14284, stack(0x0000006baf900000,0x0000006bafa00000)]
  0x000002101e4473e0 JavaThread "pool-1-thread-171" [_thread_blocked, id=8524, stack(0x0000006bafa00000,0x0000006bafb00000)]
  0x000002101e446ed0 JavaThread "pool-1-thread-172" [_thread_blocked, id=12772, stack(0x0000006bafb00000,0x0000006bafc00000)]
  0x000002101e4464b0 JavaThread "pool-1-thread-173" [_thread_blocked, id=2948, stack(0x0000006bafc00000,0x0000006bafd00000)]
  0x000002101e445a90 JavaThread "pool-1-thread-174" [_thread_blocked, id=16248, stack(0x0000006bafd00000,0x0000006bafe00000)]
  0x000002101e448820 JavaThread "pool-1-thread-175" [_thread_blocked, id=2372, stack(0x0000006bafe00000,0x0000006baff00000)]
  0x000002101e445070 JavaThread "pool-1-thread-176" [_thread_blocked, id=352, stack(0x0000006baff00000,0x0000006bb0000000)]
  0x000002101e448d30 JavaThread "pool-1-thread-177" [_thread_blocked, id=14256, stack(0x0000006bb0000000,0x0000006bb0100000)]
  0x000002101e445580 JavaThread "pool-1-thread-178" [_thread_blocked, id=1844, stack(0x0000006bb0100000,0x0000006bb0200000)]
  0x000002101e449240 JavaThread "pool-1-thread-179" [_thread_blocked, id=18520, stack(0x0000006bb0200000,0x0000006bb0300000)]
  0x000002101e449750 JavaThread "pool-1-thread-180" [_thread_blocked, id=2040, stack(0x0000006bb0300000,0x0000006bb0400000)]
  0x000002101e445fa0 JavaThread "pool-1-thread-181" [_thread_blocked, id=15812, stack(0x0000006bb0400000,0x0000006bb0500000)]
  0x000002101e44a170 JavaThread "pool-1-thread-182" [_thread_blocked, id=20136, stack(0x0000006bb0500000,0x0000006bb0600000)]
  0x000002101e4469c0 JavaThread "pool-1-thread-183" [_thread_blocked, id=18124, stack(0x0000006bb0600000,0x0000006bb0700000)]
  0x000002101e44a680 JavaThread "pool-1-thread-184" [_thread_blocked, id=14452, stack(0x0000006bb0700000,0x0000006bb0800000)]
  0x000002101e449c60 JavaThread "pool-1-thread-185" [_thread_blocked, id=4424, stack(0x0000006bb0800000,0x0000006bb0900000)]
  0x000002101e44ab90 JavaThread "pool-1-thread-186" [_thread_blocked, id=3132, stack(0x0000006bb0900000,0x0000006bb0a00000)]
  0x000002101e44b0a0 JavaThread "pool-1-thread-187" [_thread_blocked, id=2128, stack(0x0000006bb0a00000,0x0000006bb0b00000)]
  0x000002101e44b5b0 JavaThread "pool-1-thread-188" [_thread_blocked, id=15672, stack(0x0000006bb0b00000,0x0000006bb0c00000)]
  0x000002101e44bac0 JavaThread "pool-1-thread-189" [_thread_blocked, id=12040, stack(0x0000006bb0c00000,0x0000006bb0d00000)]
  0x000002101e44bfd0 JavaThread "pool-1-thread-190" [_thread_blocked, id=46912, stack(0x0000006bb0d00000,0x0000006bb0e00000)]
  0x000002101e44c4e0 JavaThread "pool-1-thread-191" [_thread_blocked, id=47276, stack(0x0000006bb0e00000,0x0000006bb0f00000)]
  0x000002101e44c9f0 JavaThread "pool-1-thread-192" [_thread_blocked, id=47092, stack(0x0000006bb0f00000,0x0000006bb1000000)]
  0x000002101e48f9f0 JavaThread "pool-1-thread-193" [_thread_blocked, id=44336, stack(0x0000006bb1000000,0x0000006bb1100000)]
  0x000002101e492270 JavaThread "pool-1-thread-194" [_thread_blocked, id=17900, stack(0x0000006bb1100000,0x0000006bb1200000)]
  0x000002101e490920 JavaThread "pool-1-thread-195" [_thread_blocked, id=17096, stack(0x0000006bb1200000,0x0000006bb1300000)]
  0x000002101e492780 JavaThread "pool-1-thread-196" [_thread_blocked, id=4292, stack(0x0000006bb1300000,0x0000006bb1400000)]
  0x000002101e4936b0 JavaThread "pool-1-thread-197" [_thread_blocked, id=10364, stack(0x0000006bb1400000,0x0000006bb1500000)]
  0x000002101e491340 JavaThread "pool-1-thread-198" [_thread_blocked, id=4484, stack(0x0000006bb1500000,0x0000006bb1600000)]
  0x000002101e48ff00 JavaThread "pool-1-thread-199" [_thread_blocked, id=15692, stack(0x0000006bb1600000,0x0000006bb1700000)]
  0x000002101e490e30 JavaThread "pool-1-thread-200" [_thread_blocked, id=18900, stack(0x0000006bb1700000,0x0000006bb1800000)]
  0x000002101e490410 JavaThread "AWT-Shutdown" [_thread_blocked, id=18628, stack(0x0000006ba4000000,0x0000006ba4100000)]

Other Threads:
=>0x0000020fc54b9420 VMThread "VM Thread" [stack: 0x0000006ba2c00000,0x0000006ba2d00000] [id=43900]
  0x0000020fa96ceb10 GCTaskThread "GC Thread#0" [stack: 0x0000006ba2700000,0x0000006ba2800000] [id=15528]
  0x000002100ce4c720 GCTaskThread "GC Thread#1" [stack: 0x0000006ba4400000,0x0000006ba4500000] [id=48296]
  0x000002100ce4c9e0 GCTaskThread "GC Thread#2" [stack: 0x0000006ba4500000,0x0000006ba4600000] [id=19776]
  0x000002100ce4cca0 GCTaskThread "GC Thread#3" [stack: 0x0000006ba4600000,0x0000006ba4700000] [id=12624]
  0x000002100ce4cf60 GCTaskThread "GC Thread#4" [stack: 0x0000006ba4700000,0x0000006ba4800000] [id=16496]
  0x000002100ce4d220 GCTaskThread "GC Thread#5" [stack: 0x0000006ba4800000,0x0000006ba4900000] [id=19616]
  0x000002100ce82b40 GCTaskThread "GC Thread#6" [stack: 0x0000006ba4900000,0x0000006ba4a00000] [id=19364]
  0x000002100ce82e00 GCTaskThread "GC Thread#7" [stack: 0x0000006ba4a00000,0x0000006ba4b00000] [id=49048]
  0x0000020fa96d7970 ConcurrentGCThread "G1 Main Marker" terminated
  0x0000020fa96d8f70 ConcurrentGCThread "G1 Conc#0" [stack: 0x0000006ba2900000,0x0000006ba2a00000] [id=5164]
  0x000002101e195c90 ConcurrentGCThread "G1 Conc#1" [stack: 0x0000006bb1900000,0x0000006bb1a00000] [id=12852]
  0x0000020fa97314c0 ConcurrentGCThread "G1 Refine#0" terminated
  0x0000020fa9731ba0 ConcurrentGCThread "G1 Service" terminated

Threads with active compile tasks:

VM state: at safepoint (shutting down)

VM Mutex/Monitor currently owned by a thread:  ([mutex/lock_event])
[0x0000020fa74cd750] Threads_lock - owner thread: 0x0000020fc54b9420
[0x0000020fa758ac80] Heap_lock - owner thread: 0x000002100d26eb70

Heap address: 0x00000000c0000000, size: 1024 MB, Compressed Oops mode: 32-bit

CDS archive(s) mapped at: [0x0000020fc6000000-0x0000020fc6bb0000-0x0000020fc6bb0000), size 12255232, SharedBaseAddress: 0x0000020fc6000000, ArchiveRelocationMode: 1.
Compressed class space mapped at: 0x0000020fc7000000-0x0000021007000000, reserved size: 1073741824
Narrow klass base: 0x0000020fc6000000, Narrow klass shift: 0, Narrow klass range: 0x100000000

GC Precious Log:
 CPUs: 8 total, 8 available
 Memory: 7975M
 Large Page Support: Disabled
 NUMA Support: Disabled
 Compressed Oops: Enabled (32-bit)
 Heap Region Size: 1M
 Heap Min Capacity: 64M
 Heap Initial Capacity: 64M
 Heap Max Capacity: 1G
 Pre-touch: Disabled
 Parallel Workers: 8
 Concurrent Workers: 2
 Concurrent Refinement Workers: 8
 Periodic GC: Disabled

Heap:
 garbage-first heap   total 275456K, used 162696K [0x00000000c0000000, 0x0000000100000000)
  region size 1024K, 13 young (13312K), 1 survivors (1024K)
 Metaspace       used 12948K, committed 13120K, reserved 1114112K
  class space    used 919K, committed 1024K, reserved 1048576K

Heap Regions: E=young(eden), S=young(survivor), O=old, HS=humongous(starts), HC=humongous(continues), CS=collection set, F=free, OA=open archive, CA=closed archive, TAMS=top-at-mark-start (previous, next)
|   0|0x00000000c0000000, 0x00000000c0100000, 0x00000000c0100000|100%| O|  |TAMS 0x00000000c0100000, 0x00000000c0000000| Untracked 
|   1|0x00000000c0100000, 0x00000000c0200000, 0x00000000c0200000|100%| O|  |TAMS 0x00000000c0200000, 0x00000000c0100000| Untracked 
|   2|0x00000000c0200000, 0x00000000c0300000, 0x00000000c0300000|100%| O|  |TAMS 0x00000000c0300000, 0x00000000c0200000| Untracked 
|   3|0x00000000c0300000, 0x00000000c0400000, 0x00000000c0400000|100%| O|  |TAMS 0x00000000c0400000, 0x00000000c0300000| Untracked 
|   4|0x00000000c0400000, 0x00000000c0500000, 0x00000000c0500000|100%| O|  |TAMS 0x00000000c0500000, 0x00000000c0400000| Untracked 
|   5|0x00000000c0500000, 0x00000000c0600000, 0x00000000c0600000|100%| O|  |TAMS 0x00000000c0600000, 0x00000000c0500000| Untracked 
|   6|0x00000000c0600000, 0x00000000c0700000, 0x00000000c0700000|100%| O|  |TAMS 0x00000000c0700000, 0x00000000c0600000| Untracked 
|   7|0x00000000c0700000, 0x00000000c0800000, 0x00000000c0800000|100%| O|  |TAMS 0x00000000c0800000, 0x00000000c0700000| Untracked 
|   8|0x00000000c0800000, 0x00000000c0900000, 0x00000000c0900000|100%| O|  |TAMS 0x00000000c0900000, 0x00000000c0800000| Untracked 
|   9|0x00000000c0900000, 0x00000000c0a00000, 0x00000000c0a00000|100%| O|  |TAMS 0x00000000c0a00000, 0x00000000c0900000| Untracked 
|  10|0x00000000c0a00000, 0x00000000c0a00000, 0x00000000c0b00000|  0%| F|  |TAMS 0x00000000c0a00000, 0x00000000c0a00000| Untracked 
|  11|0x00000000c0b00000, 0x00000000c0b00000, 0x00000000c0c00000|  0%| F|  |TAMS 0x00000000c0b00000, 0x00000000c0b00000| Untracked 
|  12|0x00000000c0c00000, 0x00000000c0d00000, 0x00000000c0d00000|100%| O|  |TAMS 0x00000000c0d00000, 0x00000000c0c00000| Untracked 
|  13|0x00000000c0d00000, 0x00000000c0e00000, 0x00000000c0e00000|100%| O|  |TAMS 0x00000000c0e00000, 0x00000000c0d00000| Untracked 
|  14|0x00000000c0e00000, 0x00000000c0e93200, 0x00000000c0f00000| 57%| O|  |TAMS 0x00000000c0e93200, 0x00000000c0e00000| Untracked 
|  15|0x00000000c0f00000, 0x00000000c1000000, 0x00000000c1000000|100%|HS|  |TAMS 0x00000000c1000000, 0x00000000c0f00000| Complete 
|  16|0x00000000c1000000, 0x00000000c1100000, 0x00000000c1100000|100%|HS|  |TAMS 0x00000000c1100000, 0x00000000c1000000| Complete 
|  17|0x00000000c1100000, 0x00000000c1200000, 0x00000000c1200000|100%|HS|  |TAMS 0x00000000c1200000, 0x00000000c1100000| Complete 
|  18|0x00000000c1200000, 0x00000000c1300000, 0x00000000c1300000|100%|HS|  |TAMS 0x00000000c1300000, 0x00000000c1200000| Complete 
|  19|0x00000000c1300000, 0x00000000c1400000, 0x00000000c1400000|100%|HC|  |TAMS 0x00000000c1400000, 0x00000000c1300000| Complete 
|  20|0x00000000c1400000, 0x00000000c1500000, 0x00000000c1500000|100%|HC|  |TAMS 0x00000000c1500000, 0x00000000c1400000| Complete 
|  21|0x00000000c1500000, 0x00000000c1600000, 0x00000000c1600000|100%|HC|  |TAMS 0x00000000c1600000, 0x00000000c1500000| Complete 
|  22|0x00000000c1600000, 0x00000000c1700000, 0x00000000c1700000|100%|HC|  |TAMS 0x00000000c1700000, 0x00000000c1600000| Complete 
|  23|0x00000000c1700000, 0x00000000c1800000, 0x00000000c1800000|100%|HC|  |TAMS 0x00000000c1800000, 0x00000000c1700000| Complete 
|  24|0x00000000c1800000, 0x00000000c1900000, 0x00000000c1900000|100%|HC|  |TAMS 0x00000000c1900000, 0x00000000c1800000| Complete 
|  25|0x00000000c1900000, 0x00000000c1a00000, 0x00000000c1a00000|100%|HC|  |TAMS 0x00000000c1a00000, 0x00000000c1900000| Complete 
|  26|0x00000000c1a00000, 0x00000000c1b00000, 0x00000000c1b00000|100%|HC|  |TAMS 0x00000000c1b00000, 0x00000000c1a00000| Complete 
|  27|0x00000000c1b00000, 0x00000000c1c00000, 0x00000000c1c00000|100%|HC|  |TAMS 0x00000000c1c00000, 0x00000000c1b00000| Complete 
|  28|0x00000000c1c00000, 0x00000000c1d00000, 0x00000000c1d00000|100%|HC|  |TAMS 0x00000000c1d00000, 0x00000000c1c00000| Complete 
|  29|0x00000000c1d00000, 0x00000000c1e00000, 0x00000000c1e00000|100%|HC|  |TAMS 0x00000000c1e00000, 0x00000000c1d00000| Complete 
|  30|0x00000000c1e00000, 0x00000000c1f00000, 0x00000000c1f00000|100%|HC|  |TAMS 0x00000000c1f00000, 0x00000000c1e00000| Complete 
|  31|0x00000000c1f00000, 0x00000000c2000000, 0x00000000c2000000|100%|HC|  |TAMS 0x00000000c2000000, 0x00000000c1f00000| Complete 
|  32|0x00000000c2000000, 0x00000000c2100000, 0x00000000c2100000|100%|HC|  |TAMS 0x00000000c2100000, 0x00000000c2000000| Complete 
|  33|0x00000000c2100000, 0x00000000c2200000, 0x00000000c2200000|100%|HC|  |TAMS 0x00000000c2200000, 0x00000000c2100000| Complete 
|  34|0x00000000c2200000, 0x00000000c2300000, 0x00000000c2300000|100%|HC|  |TAMS 0x00000000c2300000, 0x00000000c2200000| Complete 
|  35|0x00000000c2300000, 0x00000000c2400000, 0x00000000c2400000|100%|HC|  |TAMS 0x00000000c2400000, 0x00000000c2300000| Complete 
|  36|0x00000000c2400000, 0x00000000c2500000, 0x00000000c2500000|100%|HC|  |TAMS 0x00000000c2500000, 0x00000000c2400000| Complete 
|  37|0x00000000c2500000, 0x00000000c2600000, 0x00000000c2600000|100%|HC|  |TAMS 0x00000000c2600000, 0x00000000c2500000| Complete 
|  38|0x00000000c2600000, 0x00000000c2700000, 0x00000000c2700000|100%|HC|  |TAMS 0x00000000c2700000, 0x00000000c2600000| Complete 
|  39|0x00000000c2700000, 0x00000000c2800000, 0x00000000c2800000|100%|HC|  |TAMS 0x00000000c2800000, 0x00000000c2700000| Complete 
|  40|0x00000000c2800000, 0x00000000c2900000, 0x00000000c2900000|100%|HC|  |TAMS 0x00000000c2900000, 0x00000000c2800000| Complete 
|  41|0x00000000c2900000, 0x00000000c2a00000, 0x00000000c2a00000|100%|HC|  |TAMS 0x00000000c2a00000, 0x00000000c2900000| Complete 
|  42|0x00000000c2a00000, 0x00000000c2b00000, 0x00000000c2b00000|100%|HC|  |TAMS 0x00000000c2b00000, 0x00000000c2a00000| Complete 
|  43|0x00000000c2b00000, 0x00000000c2c00000, 0x00000000c2c00000|100%|HC|  |TAMS 0x00000000c2c00000, 0x00000000c2b00000| Complete 
|  44|0x00000000c2c00000, 0x00000000c2d00000, 0x00000000c2d00000|100%|HC|  |TAMS 0x00000000c2d00000, 0x00000000c2c00000| Complete 
|  45|0x00000000c2d00000, 0x00000000c2e00000, 0x00000000c2e00000|100%|HC|  |TAMS 0x00000000c2e00000, 0x00000000c2d00000| Complete 
|  46|0x00000000c2e00000, 0x00000000c2f00000, 0x00000000c2f00000|100%|HC|  |TAMS 0x00000000c2f00000, 0x00000000c2e00000| Complete 
|  47|0x00000000c2f00000, 0x00000000c3000000, 0x00000000c3000000|100%|HC|  |TAMS 0x00000000c3000000, 0x00000000c2f00000| Complete 
|  48|0x00000000c3000000, 0x00000000c3100000, 0x00000000c3100000|100%|HC|  |TAMS 0x00000000c3100000, 0x00000000c3000000| Complete 
|  49|0x00000000c3100000, 0x00000000c3200000, 0x00000000c3200000|100%|HC|  |TAMS 0x00000000c3200000, 0x00000000c3100000| Complete 
|  50|0x00000000c3200000, 0x00000000c3300000, 0x00000000c3300000|100%|HC|  |TAMS 0x00000000c3300000, 0x00000000c3200000| Complete 
|  51|0x00000000c3300000, 0x00000000c3300000, 0x00000000c3400000|  0%| F|  |TAMS 0x00000000c3300000, 0x00000000c3300000| Untracked 
|  52|0x00000000c3400000, 0x00000000c3500000, 0x00000000c3500000|100%| O|  |TAMS 0x00000000c3500000, 0x00000000c3400000| Untracked 
|  53|0x00000000c3500000, 0x00000000c3600000, 0x00000000c3600000|100%| O|  |TAMS 0x00000000c3600000, 0x00000000c3500000| Untracked 
|  54|0x00000000c3600000, 0x00000000c3600000, 0x00000000c3700000|  0%| F|  |TAMS 0x00000000c3600000, 0x00000000c3600000| Untracked 
|  55|0x00000000c3700000, 0x00000000c3700000, 0x00000000c3800000|  0%| F|  |TAMS 0x00000000c3700000, 0x00000000c3700000| Untracked 
|  56|0x00000000c3800000, 0x00000000c3900000, 0x00000000c3900000|100%| O|  |TAMS 0x00000000c3900000, 0x00000000c3800000| Complete 
|  57|0x00000000c3900000, 0x00000000c3900000, 0x00000000c3a00000|  0%| F|  |TAMS 0x00000000c3900000, 0x00000000c3900000| Untracked 
|  58|0x00000000c3a00000, 0x00000000c3a00000, 0x00000000c3b00000|  0%| F|  |TAMS 0x00000000c3a00000, 0x00000000c3a00000| Untracked 
|  59|0x00000000c3b00000, 0x00000000c3b00000, 0x00000000c3c00000|  0%| F|  |TAMS 0x00000000c3b00000, 0x00000000c3b00000| Untracked 
|  60|0x00000000c3c00000, 0x00000000c3c00000, 0x00000000c3d00000|  0%| F|  |TAMS 0x00000000c3c00000, 0x00000000c3c00000| Untracked 
|  61|0x00000000c3d00000, 0x00000000c3d00000, 0x00000000c3e00000|  0%| F|  |TAMS 0x00000000c3d00000, 0x00000000c3d00000| Untracked 
|  62|0x00000000c3e00000, 0x00000000c3e00000, 0x00000000c3f00000|  0%| F|  |TAMS 0x00000000c3e00000, 0x00000000c3e00000| Untracked 
|  63|0x00000000c3f00000, 0x00000000c4000000, 0x00000000c4000000|100%|HS|  |TAMS 0x00000000c4000000, 0x00000000c3f00000| Complete 
|  64|0x00000000c4000000, 0x00000000c4100000, 0x00000000c4100000|100%|HC|  |TAMS 0x00000000c4100000, 0x00000000c4000000| Complete 
|  65|0x00000000c4100000, 0x00000000c4200000, 0x00000000c4200000|100%|HC|  |TAMS 0x00000000c4200000, 0x00000000c4100000| Complete 
|  66|0x00000000c4200000, 0x00000000c4300000, 0x00000000c4300000|100%|HC|  |TAMS 0x00000000c4300000, 0x00000000c4200000| Complete 
|  67|0x00000000c4300000, 0x00000000c4400000, 0x00000000c4400000|100%|HC|  |TAMS 0x00000000c4400000, 0x00000000c4300000| Complete 
|  68|0x00000000c4400000, 0x00000000c4500000, 0x00000000c4500000|100%|HC|  |TAMS 0x00000000c4500000, 0x00000000c4400000| Complete 
|  69|0x00000000c4500000, 0x00000000c4600000, 0x00000000c4600000|100%|HC|  |TAMS 0x00000000c4600000, 0x00000000c4500000| Complete 
|  70|0x00000000c4600000, 0x00000000c4700000, 0x00000000c4700000|100%|HC|  |TAMS 0x00000000c4700000, 0x00000000c4600000| Complete 
|  71|0x00000000c4700000, 0x00000000c4800000, 0x00000000c4800000|100%|HC|  |TAMS 0x00000000c4800000, 0x00000000c4700000| Complete 
|  72|0x00000000c4800000, 0x00000000c4900000, 0x00000000c4900000|100%|HS|  |TAMS 0x00000000c4900000, 0x00000000c4800000| Complete 
|  73|0x00000000c4900000, 0x00000000c4a00000, 0x00000000c4a00000|100%|HC|  |TAMS 0x00000000c4a00000, 0x00000000c4900000| Complete 
|  74|0x00000000c4a00000, 0x00000000c4b00000, 0x00000000c4b00000|100%|HC|  |TAMS 0x00000000c4b00000, 0x00000000c4a00000| Complete 
|  75|0x00000000c4b00000, 0x00000000c4c00000, 0x00000000c4c00000|100%|HC|  |TAMS 0x00000000c4c00000, 0x00000000c4b00000| Complete 
|  76|0x00000000c4c00000, 0x00000000c4d00000, 0x00000000c4d00000|100%|HC|  |TAMS 0x00000000c4d00000, 0x00000000c4c00000| Complete 
|  77|0x00000000c4d00000, 0x00000000c4e00000, 0x00000000c4e00000|100%|HC|  |TAMS 0x00000000c4e00000, 0x00000000c4d00000| Complete 
|  78|0x00000000c4e00000, 0x00000000c4f00000, 0x00000000c4f00000|100%|HC|  |TAMS 0x00000000c4f00000, 0x00000000c4e00000| Complete 
|  79|0x00000000c4f00000, 0x00000000c5000000, 0x00000000c5000000|100%|HC|  |TAMS 0x00000000c5000000, 0x00000000c4f00000| Complete 
|  80|0x00000000c5000000, 0x00000000c5100000, 0x00000000c5100000|100%|HC|  |TAMS 0x00000000c5100000, 0x00000000c5000000| Complete 
|  81|0x00000000c5100000, 0x00000000c5200000, 0x00000000c5200000|100%|HC|  |TAMS 0x00000000c5200000, 0x00000000c5100000| Complete 
|  82|0x00000000c5200000, 0x00000000c5300000, 0x00000000c5300000|100%|HC|  |TAMS 0x00000000c5300000, 0x00000000c5200000| Complete 
|  83|0x00000000c5300000, 0x00000000c5400000, 0x00000000c5400000|100%|HC|  |TAMS 0x00000000c5400000, 0x00000000c5300000| Complete 
|  84|0x00000000c5400000, 0x00000000c5500000, 0x00000000c5500000|100%|HC|  |TAMS 0x00000000c5500000, 0x00000000c5400000| Complete 
|  85|0x00000000c5500000, 0x00000000c5600000, 0x00000000c5600000|100%|HC|  |TAMS 0x00000000c5600000, 0x00000000c5500000| Complete 
|  86|0x00000000c5600000, 0x00000000c5700000, 0x00000000c5700000|100%|HC|  |TAMS 0x00000000c5700000, 0x00000000c5600000| Complete 
|  87|0x00000000c5700000, 0x00000000c5800000, 0x00000000c5800000|100%|HC|  |TAMS 0x00000000c5800000, 0x00000000c5700000| Complete 
|  88|0x00000000c5800000, 0x00000000c5900000, 0x00000000c5900000|100%|HC|  |TAMS 0x00000000c5900000, 0x00000000c5800000| Complete 
|  89|0x00000000c5900000, 0x00000000c5a00000, 0x00000000c5a00000|100%|HC|  |TAMS 0x00000000c5a00000, 0x00000000c5900000| Complete 
|  90|0x00000000c5a00000, 0x00000000c5b00000, 0x00000000c5b00000|100%|HC|  |TAMS 0x00000000c5b00000, 0x00000000c5a00000| Complete 
|  91|0x00000000c5b00000, 0x00000000c5c00000, 0x00000000c5c00000|100%|HC|  |TAMS 0x00000000c5c00000, 0x00000000c5b00000| Complete 
|  92|0x00000000c5c00000, 0x00000000c5d00000, 0x00000000c5d00000|100%|HC|  |TAMS 0x00000000c5d00000, 0x00000000c5c00000| Complete 
|  93|0x00000000c5d00000, 0x00000000c5e00000, 0x00000000c5e00000|100%|HC|  |TAMS 0x00000000c5e00000, 0x00000000c5d00000| Complete 
|  94|0x00000000c5e00000, 0x00000000c5f00000, 0x00000000c5f00000|100%|HC|  |TAMS 0x00000000c5f00000, 0x00000000c5e00000| Complete 
|  95|0x00000000c5f00000, 0x00000000c6000000, 0x00000000c6000000|100%|HC|  |TAMS 0x00000000c6000000, 0x00000000c5f00000| Complete 
|  96|0x00000000c6000000, 0x00000000c6100000, 0x00000000c6100000|100%|HC|  |TAMS 0x00000000c6100000, 0x00000000c6000000| Complete 
|  97|0x00000000c6100000, 0x00000000c6200000, 0x00000000c6200000|100%|HS|  |TAMS 0x00000000c6200000, 0x00000000c6100000| Complete 
|  98|0x00000000c6200000, 0x00000000c6300000, 0x00000000c6300000|100%|HC|  |TAMS 0x00000000c6300000, 0x00000000c6200000| Complete 
|  99|0x00000000c6300000, 0x00000000c6400000, 0x00000000c6400000|100%|HC|  |TAMS 0x00000000c6400000, 0x00000000c6300000| Complete 
| 100|0x00000000c6400000, 0x00000000c6500000, 0x00000000c6500000|100%|HC|  |TAMS 0x00000000c6500000, 0x00000000c6400000| Complete 
| 101|0x00000000c6500000, 0x00000000c6600000, 0x00000000c6600000|100%|HC|  |TAMS 0x00000000c6600000, 0x00000000c6500000| Complete 
| 102|0x00000000c6600000, 0x00000000c6700000, 0x00000000c6700000|100%|HC|  |TAMS 0x00000000c6700000, 0x00000000c6600000| Complete 
| 103|0x00000000c6700000, 0x00000000c6800000, 0x00000000c6800000|100%|HC|  |TAMS 0x00000000c6800000, 0x00000000c6700000| Complete 
| 104|0x00000000c6800000, 0x00000000c6900000, 0x00000000c6900000|100%|HC|  |TAMS 0x00000000c6900000, 0x00000000c6800000| Complete 
| 105|0x00000000c6900000, 0x00000000c6a00000, 0x00000000c6a00000|100%|HC|  |TAMS 0x00000000c6a00000, 0x00000000c6900000| Complete 
| 106|0x00000000c6a00000, 0x00000000c6b00000, 0x00000000c6b00000|100%|HC|  |TAMS 0x00000000c6b00000, 0x00000000c6a00000| Complete 
| 107|0x00000000c6b00000, 0x00000000c6c00000, 0x00000000c6c00000|100%|HC|  |TAMS 0x00000000c6c00000, 0x00000000c6b00000| Complete 
| 108|0x00000000c6c00000, 0x00000000c6d00000, 0x00000000c6d00000|100%|HC|  |TAMS 0x00000000c6d00000, 0x00000000c6c00000| Complete 
| 109|0x00000000c6d00000, 0x00000000c6e00000, 0x00000000c6e00000|100%|HC|  |TAMS 0x00000000c6e00000, 0x00000000c6d00000| Complete 
| 110|0x00000000c6e00000, 0x00000000c6f00000, 0x00000000c6f00000|100%|HC|  |TAMS 0x00000000c6f00000, 0x00000000c6e00000| Complete 
| 111|0x00000000c6f00000, 0x00000000c7000000, 0x00000000c7000000|100%|HC|  |TAMS 0x00000000c7000000, 0x00000000c6f00000| Complete 
| 112|0x00000000c7000000, 0x00000000c7100000, 0x00000000c7100000|100%|HC|  |TAMS 0x00000000c7100000, 0x00000000c7000000| Complete 
| 113|0x00000000c7100000, 0x00000000c7200000, 0x00000000c7200000|100%|HC|  |TAMS 0x00000000c7200000, 0x00000000c7100000| Complete 
| 114|0x00000000c7200000, 0x00000000c7300000, 0x00000000c7300000|100%|HS|  |TAMS 0x00000000c7300000, 0x00000000c7200000| Complete 
| 115|0x00000000c7300000, 0x00000000c7400000, 0x00000000c7400000|100%|HC|  |TAMS 0x00000000c7400000, 0x00000000c7300000| Complete 
| 116|0x00000000c7400000, 0x00000000c7500000, 0x00000000c7500000|100%|HC|  |TAMS 0x00000000c7500000, 0x00000000c7400000| Complete 
| 117|0x00000000c7500000, 0x00000000c7600000, 0x00000000c7600000|100%|HC|  |TAMS 0x00000000c7600000, 0x00000000c7500000| Complete 
| 118|0x00000000c7600000, 0x00000000c7700000, 0x00000000c7700000|100%|HC|  |TAMS 0x00000000c7700000, 0x00000000c7600000| Complete 
| 119|0x00000000c7700000, 0x00000000c7800000, 0x00000000c7800000|100%|HC|  |TAMS 0x00000000c7800000, 0x00000000c7700000| Complete 
| 120|0x00000000c7800000, 0x00000000c7900000, 0x00000000c7900000|100%|HC|  |TAMS 0x00000000c7900000, 0x00000000c7800000| Complete 
| 121|0x00000000c7900000, 0x00000000c7a00000, 0x00000000c7a00000|100%|HC|  |TAMS 0x00000000c7a00000, 0x00000000c7900000| Complete 
| 122|0x00000000c7a00000, 0x00000000c7b00000, 0x00000000c7b00000|100%|HC|  |TAMS 0x00000000c7b00000, 0x00000000c7a00000| Complete 
| 123|0x00000000c7b00000, 0x00000000c7c00000, 0x00000000c7c00000|100%|HS|  |TAMS 0x00000000c7c00000, 0x00000000c7b00000| Complete 
| 124|0x00000000c7c00000, 0x00000000c7d00000, 0x00000000c7d00000|100%|HC|  |TAMS 0x00000000c7d00000, 0x00000000c7c00000| Complete 
| 125|0x00000000c7d00000, 0x00000000c7e00000, 0x00000000c7e00000|100%|HC|  |TAMS 0x00000000c7e00000, 0x00000000c7d00000| Complete 
| 126|0x00000000c7e00000, 0x00000000c7f00000, 0x00000000c7f00000|100%|HC|  |TAMS 0x00000000c7f00000, 0x00000000c7e00000| Complete 
| 127|0x00000000c7f00000, 0x00000000c8000000, 0x00000000c8000000|100%|HC|  |TAMS 0x00000000c8000000, 0x00000000c7f00000| Complete 
| 128|0x00000000c8000000, 0x00000000c8100000, 0x00000000c8100000|100%|HC|  |TAMS 0x00000000c8100000, 0x00000000c8000000| Complete 
| 129|0x00000000c8100000, 0x00000000c8200000, 0x00000000c8200000|100%|HC|  |TAMS 0x00000000c8200000, 0x00000000c8100000| Complete 
| 130|0x00000000c8200000, 0x00000000c8300000, 0x00000000c8300000|100%|HC|  |TAMS 0x00000000c8300000, 0x00000000c8200000| Complete 
| 131|0x00000000c8300000, 0x00000000c8400000, 0x00000000c8400000|100%|HC|  |TAMS 0x00000000c8400000, 0x00000000c8300000| Complete 
| 132|0x00000000c8400000, 0x00000000c8500000, 0x00000000c8500000|100%|HS|  |TAMS 0x00000000c8500000, 0x00000000c8400000| Complete 
| 133|0x00000000c8500000, 0x00000000c8600000, 0x00000000c8600000|100%|HC|  |TAMS 0x00000000c8600000, 0x00000000c8500000| Complete 
| 134|0x00000000c8600000, 0x00000000c8700000, 0x00000000c8700000|100%|HC|  |TAMS 0x00000000c8700000, 0x00000000c8600000| Complete 
| 135|0x00000000c8700000, 0x00000000c8800000, 0x00000000c8800000|100%|HC|  |TAMS 0x00000000c8800000, 0x00000000c8700000| Complete 
| 136|0x00000000c8800000, 0x00000000c8900000, 0x00000000c8900000|100%|HC|  |TAMS 0x00000000c8900000, 0x00000000c8800000| Complete 
| 137|0x00000000c8900000, 0x00000000c8a00000, 0x00000000c8a00000|100%|HC|  |TAMS 0x00000000c8a00000, 0x00000000c8900000| Complete 
| 138|0x00000000c8a00000, 0x00000000c8b00000, 0x00000000c8b00000|100%|HC|  |TAMS 0x00000000c8b00000, 0x00000000c8a00000| Complete 
| 139|0x00000000c8b00000, 0x00000000c8c00000, 0x00000000c8c00000|100%|HC|  |TAMS 0x00000000c8c00000, 0x00000000c8b00000| Complete 
| 140|0x00000000c8c00000, 0x00000000c8d00000, 0x00000000c8d00000|100%|HC|  |TAMS 0x00000000c8d00000, 0x00000000c8c00000| Complete 
| 141|0x00000000c8d00000, 0x00000000c8e00000, 0x00000000c8e00000|100%|HS|  |TAMS 0x00000000c8e00000, 0x00000000c8d00000| Complete 
| 142|0x00000000c8e00000, 0x00000000c8f00000, 0x00000000c8f00000|100%|HC|  |TAMS 0x00000000c8f00000, 0x00000000c8e00000| Complete 
| 143|0x00000000c8f00000, 0x00000000c9000000, 0x00000000c9000000|100%|HC|  |TAMS 0x00000000c9000000, 0x00000000c8f00000| Complete 
| 144|0x00000000c9000000, 0x00000000c9100000, 0x00000000c9100000|100%|HC|  |TAMS 0x00000000c9100000, 0x00000000c9000000| Complete 
| 145|0x00000000c9100000, 0x00000000c9200000, 0x00000000c9200000|100%|HC|  |TAMS 0x00000000c9200000, 0x00000000c9100000| Complete 
| 146|0x00000000c9200000, 0x00000000c9300000, 0x00000000c9300000|100%|HC|  |TAMS 0x00000000c9300000, 0x00000000c9200000| Complete 
| 147|0x00000000c9300000, 0x00000000c9400000, 0x00000000c9400000|100%|HC|  |TAMS 0x00000000c9400000, 0x00000000c9300000| Complete 
| 148|0x00000000c9400000, 0x00000000c9500000, 0x00000000c9500000|100%|HC|  |TAMS 0x00000000c9500000, 0x00000000c9400000| Complete 
| 149|0x00000000c9500000, 0x00000000c9600000, 0x00000000c9600000|100%|HC|  |TAMS 0x00000000c9600000, 0x00000000c9500000| Complete 
| 150|0x00000000c9600000, 0x00000000c9700000, 0x00000000c9700000|100%|HS|  |TAMS 0x00000000c9700000, 0x00000000c9600000| Complete 
| 151|0x00000000c9700000, 0x00000000c9800000, 0x00000000c9800000|100%|HC|  |TAMS 0x00000000c9800000, 0x00000000c9700000| Complete 
| 152|0x00000000c9800000, 0x00000000c9900000, 0x00000000c9900000|100%|HC|  |TAMS 0x00000000c9900000, 0x00000000c9800000| Complete 
| 153|0x00000000c9900000, 0x00000000c9a00000, 0x00000000c9a00000|100%|HC|  |TAMS 0x00000000c9a00000, 0x00000000c9900000| Complete 
| 154|0x00000000c9a00000, 0x00000000c9b00000, 0x00000000c9b00000|100%|HC|  |TAMS 0x00000000c9b00000, 0x00000000c9a00000| Complete 
| 155|0x00000000c9b00000, 0x00000000c9c00000, 0x00000000c9c00000|100%|HC|  |TAMS 0x00000000c9c00000, 0x00000000c9b00000| Complete 
| 156|0x00000000c9c00000, 0x00000000c9d00000, 0x00000000c9d00000|100%|HC|  |TAMS 0x00000000c9d00000, 0x00000000c9c00000| Complete 
| 157|0x00000000c9d00000, 0x00000000c9e00000, 0x00000000c9e00000|100%|HC|  |TAMS 0x00000000c9e00000, 0x00000000c9d00000| Complete 
| 158|0x00000000c9e00000, 0x00000000c9f00000, 0x00000000c9f00000|100%|HC|  |TAMS 0x00000000c9f00000, 0x00000000c9e00000| Complete 
| 159|0x00000000c9f00000, 0x00000000c9f00000, 0x00000000ca000000|  0%| F|  |TAMS 0x00000000c9f00000, 0x00000000c9f00000| Untracked 
| 160|0x00000000ca000000, 0x00000000ca000000, 0x00000000ca100000|  0%| F|  |TAMS 0x00000000ca000000, 0x00000000ca000000| Untracked 
| 161|0x00000000ca100000, 0x00000000ca100000, 0x00000000ca200000|  0%| F|  |TAMS 0x00000000ca100000, 0x00000000ca100000| Untracked 
| 162|0x00000000ca200000, 0x00000000ca200000, 0x00000000ca300000|  0%| F|  |TAMS 0x00000000ca200000, 0x00000000ca200000| Untracked 
| 163|0x00000000ca300000, 0x00000000ca300000, 0x00000000ca400000|  0%| F|  |TAMS 0x00000000ca300000, 0x00000000ca300000| Untracked 
| 164|0x00000000ca400000, 0x00000000ca400000, 0x00000000ca500000|  0%| F|  |TAMS 0x00000000ca400000, 0x00000000ca400000| Untracked 
| 165|0x00000000ca500000, 0x00000000ca500000, 0x00000000ca600000|  0%| F|  |TAMS 0x00000000ca500000, 0x00000000ca500000| Untracked 
| 166|0x00000000ca600000, 0x00000000ca600000, 0x00000000ca700000|  0%| F|  |TAMS 0x00000000ca600000, 0x00000000ca600000| Untracked 
| 167|0x00000000ca700000, 0x00000000ca700000, 0x00000000ca800000|  0%| F|  |TAMS 0x00000000ca700000, 0x00000000ca700000| Untracked 
| 168|0x00000000ca800000, 0x00000000ca800000, 0x00000000ca900000|  0%| F|  |TAMS 0x00000000ca800000, 0x00000000ca800000| Untracked 
| 169|0x00000000ca900000, 0x00000000ca900000, 0x00000000caa00000|  0%| F|  |TAMS 0x00000000ca900000, 0x00000000ca900000| Untracked 
| 170|0x00000000caa00000, 0x00000000caa00000, 0x00000000cab00000|  0%| F|  |TAMS 0x00000000caa00000, 0x00000000caa00000| Untracked 
| 171|0x00000000cab00000, 0x00000000cab00000, 0x00000000cac00000|  0%| F|  |TAMS 0x00000000cab00000, 0x00000000cab00000| Untracked 
| 172|0x00000000cac00000, 0x00000000cac00000, 0x00000000cad00000|  0%| F|  |TAMS 0x00000000cac00000, 0x00000000cac00000| Untracked 
| 173|0x00000000cad00000, 0x00000000cad00000, 0x00000000cae00000|  0%| F|  |TAMS 0x00000000cad00000, 0x00000000cad00000| Untracked 
| 174|0x00000000cae00000, 0x00000000cae00000, 0x00000000caf00000|  0%| F|  |TAMS 0x00000000cae00000, 0x00000000cae00000| Untracked 
| 175|0x00000000caf00000, 0x00000000caf00000, 0x00000000cb000000|  0%| F|  |TAMS 0x00000000caf00000, 0x00000000caf00000| Untracked 
| 176|0x00000000cb000000, 0x00000000cb000000, 0x00000000cb100000|  0%| F|  |TAMS 0x00000000cb000000, 0x00000000cb000000| Untracked 
| 177|0x00000000cb100000, 0x00000000cb100000, 0x00000000cb200000|  0%| F|  |TAMS 0x00000000cb100000, 0x00000000cb100000| Untracked 
| 178|0x00000000cb200000, 0x00000000cb200000, 0x00000000cb300000|  0%| F|  |TAMS 0x00000000cb200000, 0x00000000cb200000| Untracked 
| 179|0x00000000cb300000, 0x00000000cb300000, 0x00000000cb400000|  0%| F|  |TAMS 0x00000000cb300000, 0x00000000cb300000| Untracked 
| 180|0x00000000cb400000, 0x00000000cb44f000, 0x00000000cb500000| 30%| S|CS|TAMS 0x00000000cb400000, 0x00000000cb400000| Complete 
| 181|0x00000000cb500000, 0x00000000cb500000, 0x00000000cb600000|  0%| F|  |TAMS 0x00000000cb500000, 0x00000000cb500000| Untracked 
| 182|0x00000000cb600000, 0x00000000cb600000, 0x00000000cb700000|  0%| F|  |TAMS 0x00000000cb600000, 0x00000000cb600000| Untracked 
| 183|0x00000000cb700000, 0x00000000cb700000, 0x00000000cb800000|  0%| F|  |TAMS 0x00000000cb700000, 0x00000000cb700000| Untracked 
| 184|0x00000000cb800000, 0x00000000cb800000, 0x00000000cb900000|  0%| F|  |TAMS 0x00000000cb800000, 0x00000000cb800000| Untracked 
| 185|0x00000000cb900000, 0x00000000cb900000, 0x00000000cba00000|  0%| F|  |TAMS 0x00000000cb900000, 0x00000000cb900000| Untracked 
| 186|0x00000000cba00000, 0x00000000cba00000, 0x00000000cbb00000|  0%| F|  |TAMS 0x00000000cba00000, 0x00000000cba00000| Untracked 
| 187|0x00000000cbb00000, 0x00000000cbb00000, 0x00000000cbc00000|  0%| F|  |TAMS 0x00000000cbb00000, 0x00000000cbb00000| Untracked 
| 188|0x00000000cbc00000, 0x00000000cbc00000, 0x00000000cbd00000|  0%| F|  |TAMS 0x00000000cbc00000, 0x00000000cbc00000| Untracked 
| 189|0x00000000cbd00000, 0x00000000cbd00000, 0x00000000cbe00000|  0%| F|  |TAMS 0x00000000cbd00000, 0x00000000cbd00000| Untracked 
| 190|0x00000000cbe00000, 0x00000000cbe00000, 0x00000000cbf00000|  0%| F|  |TAMS 0x00000000cbe00000, 0x00000000cbe00000| Untracked 
| 191|0x00000000cbf00000, 0x00000000cbf00000, 0x00000000cc000000|  0%| F|  |TAMS 0x00000000cbf00000, 0x00000000cbf00000| Untracked 
| 192|0x00000000cc000000, 0x00000000cc000000, 0x00000000cc100000|  0%| F|  |TAMS 0x00000000cc000000, 0x00000000cc000000| Untracked 
| 193|0x00000000cc100000, 0x00000000cc100000, 0x00000000cc200000|  0%| F|  |TAMS 0x00000000cc100000, 0x00000000cc100000| Untracked 
| 194|0x00000000cc200000, 0x00000000cc200000, 0x00000000cc300000|  0%| F|  |TAMS 0x00000000cc200000, 0x00000000cc200000| Untracked 
| 195|0x00000000cc300000, 0x00000000cc300000, 0x00000000cc400000|  0%| F|  |TAMS 0x00000000cc300000, 0x00000000cc300000| Untracked 
| 196|0x00000000cc400000, 0x00000000cc400000, 0x00000000cc500000|  0%| F|  |TAMS 0x00000000cc400000, 0x00000000cc400000| Untracked 
| 197|0x00000000cc500000, 0x00000000cc500000, 0x00000000cc600000|  0%| F|  |TAMS 0x00000000cc500000, 0x00000000cc500000| Untracked 
| 198|0x00000000cc600000, 0x00000000cc600000, 0x00000000cc700000|  0%| F|  |TAMS 0x00000000cc600000, 0x00000000cc600000| Untracked 
| 199|0x00000000cc700000, 0x00000000cc700000, 0x00000000cc800000|  0%| F|  |TAMS 0x00000000cc700000, 0x00000000cc700000| Untracked 
| 200|0x00000000cc800000, 0x00000000cc800000, 0x00000000cc900000|  0%| F|  |TAMS 0x00000000cc800000, 0x00000000cc800000| Untracked 
| 201|0x00000000cc900000, 0x00000000cc900000, 0x00000000cca00000|  0%| F|  |TAMS 0x00000000cc900000, 0x00000000cc900000| Untracked 
| 202|0x00000000cca00000, 0x00000000cca00000, 0x00000000ccb00000|  0%| F|  |TAMS 0x00000000cca00000, 0x00000000cca00000| Untracked 
| 203|0x00000000ccb00000, 0x00000000ccb00000, 0x00000000ccc00000|  0%| F|  |TAMS 0x00000000ccb00000, 0x00000000ccb00000| Untracked 
| 204|0x00000000ccc00000, 0x00000000ccc00000, 0x00000000ccd00000|  0%| F|  |TAMS 0x00000000ccc00000, 0x00000000ccc00000| Untracked 
| 205|0x00000000ccd00000, 0x00000000ccd00000, 0x00000000cce00000|  0%| F|  |TAMS 0x00000000ccd00000, 0x00000000ccd00000| Untracked 
| 206|0x00000000cce00000, 0x00000000cce00000, 0x00000000ccf00000|  0%| F|  |TAMS 0x00000000cce00000, 0x00000000cce00000| Untracked 
| 207|0x00000000ccf00000, 0x00000000ccf00000, 0x00000000cd000000|  0%| F|  |TAMS 0x00000000ccf00000, 0x00000000ccf00000| Untracked 
| 208|0x00000000cd000000, 0x00000000cd000000, 0x00000000cd100000|  0%| F|  |TAMS 0x00000000cd000000, 0x00000000cd000000| Untracked 
| 209|0x00000000cd100000, 0x00000000cd100000, 0x00000000cd200000|  0%| F|  |TAMS 0x00000000cd100000, 0x00000000cd100000| Untracked 
| 210|0x00000000cd200000, 0x00000000cd200000, 0x00000000cd300000|  0%| F|  |TAMS 0x00000000cd200000, 0x00000000cd200000| Untracked 
| 211|0x00000000cd300000, 0x00000000cd300000, 0x00000000cd400000|  0%| F|  |TAMS 0x00000000cd300000, 0x00000000cd300000| Untracked 
| 212|0x00000000cd400000, 0x00000000cd400000, 0x00000000cd500000|  0%| F|  |TAMS 0x00000000cd400000, 0x00000000cd400000| Untracked 
| 213|0x00000000cd500000, 0x00000000cd500000, 0x00000000cd600000|  0%| F|  |TAMS 0x00000000cd500000, 0x00000000cd500000| Untracked 
| 214|0x00000000cd600000, 0x00000000cd600000, 0x00000000cd700000|  0%| F|  |TAMS 0x00000000cd600000, 0x00000000cd600000| Untracked 
| 215|0x00000000cd700000, 0x00000000cd700000, 0x00000000cd800000|  0%| F|  |TAMS 0x00000000cd700000, 0x00000000cd700000| Untracked 
| 216|0x00000000cd800000, 0x00000000cd800000, 0x00000000cd900000|  0%| F|  |TAMS 0x00000000cd800000, 0x00000000cd800000| Untracked 
| 217|0x00000000cd900000, 0x00000000cd900000, 0x00000000cda00000|  0%| F|  |TAMS 0x00000000cd900000, 0x00000000cd900000| Untracked 
| 218|0x00000000cda00000, 0x00000000cda00000, 0x00000000cdb00000|  0%| F|  |TAMS 0x00000000cda00000, 0x00000000cda00000| Untracked 
| 219|0x00000000cdb00000, 0x00000000cdb00000, 0x00000000cdc00000|  0%| F|  |TAMS 0x00000000cdb00000, 0x00000000cdb00000| Untracked 
| 220|0x00000000cdc00000, 0x00000000cdc00000, 0x00000000cdd00000|  0%| F|  |TAMS 0x00000000cdc00000, 0x00000000cdc00000| Untracked 
| 221|0x00000000cdd00000, 0x00000000cdd00000, 0x00000000cde00000|  0%| F|  |TAMS 0x00000000cdd00000, 0x00000000cdd00000| Untracked 
| 222|0x00000000cde00000, 0x00000000cde00000, 0x00000000cdf00000|  0%| F|  |TAMS 0x00000000cde00000, 0x00000000cde00000| Untracked 
| 223|0x00000000cdf00000, 0x00000000cdf00000, 0x00000000ce000000|  0%| F|  |TAMS 0x00000000cdf00000, 0x00000000cdf00000| Untracked 
| 224|0x00000000ce000000, 0x00000000ce000000, 0x00000000ce100000|  0%| F|  |TAMS 0x00000000ce000000, 0x00000000ce000000| Untracked 
| 225|0x00000000ce100000, 0x00000000ce100000, 0x00000000ce200000|  0%| F|  |TAMS 0x00000000ce100000, 0x00000000ce100000| Untracked 
| 226|0x00000000ce200000, 0x00000000ce200000, 0x00000000ce300000|  0%| F|  |TAMS 0x00000000ce200000, 0x00000000ce200000| Untracked 
| 227|0x00000000ce300000, 0x00000000ce300000, 0x00000000ce400000|  0%| F|  |TAMS 0x00000000ce300000, 0x00000000ce300000| Untracked 
| 228|0x00000000ce400000, 0x00000000ce400000, 0x00000000ce500000|  0%| F|  |TAMS 0x00000000ce400000, 0x00000000ce400000| Untracked 
| 229|0x00000000ce500000, 0x00000000ce500000, 0x00000000ce600000|  0%| F|  |TAMS 0x00000000ce500000, 0x00000000ce500000| Untracked 
| 230|0x00000000ce600000, 0x00000000ce600000, 0x00000000ce700000|  0%| F|  |TAMS 0x00000000ce600000, 0x00000000ce600000| Untracked 
| 231|0x00000000ce700000, 0x00000000ce700000, 0x00000000ce800000|  0%| F|  |TAMS 0x00000000ce700000, 0x00000000ce700000| Untracked 
| 232|0x00000000ce800000, 0x00000000ce800000, 0x00000000ce900000|  0%| F|  |TAMS 0x00000000ce800000, 0x00000000ce800000| Untracked 
| 233|0x00000000ce900000, 0x00000000ce900000, 0x00000000cea00000|  0%| F|  |TAMS 0x00000000ce900000, 0x00000000ce900000| Untracked 
| 234|0x00000000cea00000, 0x00000000cea00000, 0x00000000ceb00000|  0%| F|  |TAMS 0x00000000cea00000, 0x00000000cea00000| Untracked 
| 235|0x00000000ceb00000, 0x00000000ceb00000, 0x00000000cec00000|  0%| F|  |TAMS 0x00000000ceb00000, 0x00000000ceb00000| Untracked 
| 236|0x00000000cec00000, 0x00000000cec00000, 0x00000000ced00000|  0%| F|  |TAMS 0x00000000cec00000, 0x00000000cec00000| Untracked 
| 237|0x00000000ced00000, 0x00000000ced00000, 0x00000000cee00000|  0%| F|  |TAMS 0x00000000ced00000, 0x00000000ced00000| Untracked 
| 238|0x00000000cee00000, 0x00000000cee00000, 0x00000000cef00000|  0%| F|  |TAMS 0x00000000cee00000, 0x00000000cee00000| Untracked 
| 239|0x00000000cef00000, 0x00000000cef00000, 0x00000000cf000000|  0%| F|  |TAMS 0x00000000cef00000, 0x00000000cef00000| Untracked 
| 240|0x00000000cf000000, 0x00000000cf000000, 0x00000000cf100000|  0%| F|  |TAMS 0x00000000cf000000, 0x00000000cf000000| Untracked 
| 241|0x00000000cf100000, 0x00000000cf100000, 0x00000000cf200000|  0%| F|  |TAMS 0x00000000cf100000, 0x00000000cf100000| Untracked 
| 242|0x00000000cf200000, 0x00000000cf200000, 0x00000000cf300000|  0%| F|  |TAMS 0x00000000cf200000, 0x00000000cf200000| Untracked 
| 243|0x00000000cf300000, 0x00000000cf300000, 0x00000000cf400000|  0%| F|  |TAMS 0x00000000cf300000, 0x00000000cf300000| Untracked 
| 244|0x00000000cf400000, 0x00000000cf400000, 0x00000000cf500000|  0%| F|  |TAMS 0x00000000cf400000, 0x00000000cf400000| Untracked 
| 245|0x00000000cf500000, 0x00000000cf500000, 0x00000000cf600000|  0%| F|  |TAMS 0x00000000cf500000, 0x00000000cf500000| Untracked 
| 246|0x00000000cf600000, 0x00000000cf600000, 0x00000000cf700000|  0%| F|  |TAMS 0x00000000cf600000, 0x00000000cf600000| Untracked 
| 247|0x00000000cf700000, 0x00000000cf700000, 0x00000000cf800000|  0%| F|  |TAMS 0x00000000cf700000, 0x00000000cf700000| Untracked 
| 248|0x00000000cf800000, 0x00000000cf800000, 0x00000000cf900000|  0%| F|  |TAMS 0x00000000cf800000, 0x00000000cf800000| Untracked 
| 249|0x00000000cf900000, 0x00000000cf900000, 0x00000000cfa00000|  0%| F|  |TAMS 0x00000000cf900000, 0x00000000cf900000| Untracked 
| 250|0x00000000cfa00000, 0x00000000cfa00000, 0x00000000cfb00000|  0%| F|  |TAMS 0x00000000cfa00000, 0x00000000cfa00000| Untracked 
| 251|0x00000000cfb00000, 0x00000000cfb00000, 0x00000000cfc00000|  0%| F|  |TAMS 0x00000000cfb00000, 0x00000000cfb00000| Untracked 
| 252|0x00000000cfc00000, 0x00000000cfc00000, 0x00000000cfd00000|  0%| F|  |TAMS 0x00000000cfc00000, 0x00000000cfc00000| Untracked 
| 253|0x00000000cfd00000, 0x00000000cfd00000, 0x00000000cfe00000|  0%| F|  |TAMS 0x00000000cfd00000, 0x00000000cfd00000| Untracked 
| 254|0x00000000cfe00000, 0x00000000cfe00000, 0x00000000cff00000|  0%| F|  |TAMS 0x00000000cfe00000, 0x00000000cfe00000| Untracked 
| 255|0x00000000cff00000, 0x00000000cff00000, 0x00000000d0000000|  0%| F|  |TAMS 0x00000000cff00000, 0x00000000cff00000| Untracked 
| 256|0x00000000d0000000, 0x00000000d0000000, 0x00000000d0100000|  0%| F|  |TAMS 0x00000000d0000000, 0x00000000d0000000| Untracked 
| 257|0x00000000d0100000, 0x00000000d01a5688, 0x00000000d0200000| 64%| E|  |TAMS 0x00000000d0100000, 0x00000000d0100000| Complete 
| 258|0x00000000d0200000, 0x00000000d0300000, 0x00000000d0300000|100%| E|CS|TAMS 0x00000000d0200000, 0x00000000d0200000| Complete 
| 259|0x00000000d0300000, 0x00000000d0400000, 0x00000000d0400000|100%| E|CS|TAMS 0x00000000d0300000, 0x00000000d0300000| Complete 
| 260|0x00000000d0400000, 0x00000000d0500000, 0x00000000d0500000|100%| E|CS|TAMS 0x00000000d0400000, 0x00000000d0400000| Complete 
| 261|0x00000000d0500000, 0x00000000d0600000, 0x00000000d0600000|100%| E|CS|TAMS 0x00000000d0500000, 0x00000000d0500000| Complete 
| 262|0x00000000d0600000, 0x00000000d0700000, 0x00000000d0700000|100%| E|CS|TAMS 0x00000000d0600000, 0x00000000d0600000| Complete 
| 263|0x00000000d0700000, 0x00000000d0800000, 0x00000000d0800000|100%| E|CS|TAMS 0x00000000d0700000, 0x00000000d0700000| Complete 
| 264|0x00000000d0800000, 0x00000000d0900000, 0x00000000d0900000|100%| E|CS|TAMS 0x00000000d0800000, 0x00000000d0800000| Complete 
| 265|0x00000000d0900000, 0x00000000d0a00000, 0x00000000d0a00000|100%| E|CS|TAMS 0x00000000d0900000, 0x00000000d0900000| Complete 
| 266|0x00000000d0a00000, 0x00000000d0b00000, 0x00000000d0b00000|100%| E|CS|TAMS 0x00000000d0a00000, 0x00000000d0a00000| Complete 
| 267|0x00000000d0b00000, 0x00000000d0c00000, 0x00000000d0c00000|100%| E|CS|TAMS 0x00000000d0b00000, 0x00000000d0b00000| Complete 
| 268|0x00000000d0c00000, 0x00000000d0d00000, 0x00000000d0d00000|100%| E|CS|TAMS 0x00000000d0c00000, 0x00000000d0c00000| Complete 

Card table byte_map: [0x0000020fc06f0000,0x0000020fc08f0000] _byte_map_base: 0x0000020fc00f0000

Marking Bits (Prev, Next): (CMBitMap*) 0x0000020fa96cf040, (CMBitMap*) 0x0000020fa96cf080
 Prev Bits: [0x0000020fc0af0000, 0x0000020fc1af0000)
 Next Bits: [0x0000020fc1af0000, 0x0000020fc2af0000)

Polling page: 0x0000020fa7470000

Metaspace:

Usage:
  Non-class:     11.75 MB used.
      Class:    919.25 KB used.
       Both:     12.65 MB used.

Virtual space:
  Non-class space:       64.00 MB reserved,      11.81 MB ( 18%) committed,  1 nodes.
      Class space:        1.00 GB reserved,       1.00 MB ( <1%) committed,  1 nodes.
             Both:        1.06 GB reserved,      12.81 MB (  1%) committed. 

Chunk freelists:
   Non-Class:  3.58 MB
       Class:  14.91 MB
        Both:  18.49 MB

MaxMetaspaceSize: unlimited
CompressedClassSpaceSize: 1.00 GB
Initial GC threshold: 21.00 MB
Current GC threshold: 21.38 MB
CDS: on
MetaspaceReclaimPolicy: balanced
 - commit_granule_bytes: 65536.
 - commit_granule_words: 8192.
 - virtual_space_node_default_size: 8388608.
 - enlarge_chunks_in_place: 1.
 - new_chunks_are_fully_committed: 0.
 - uncommit_free_chunks: 1.
 - use_allocation_guard: 0.
 - handle_deallocations: 1.


Internal statistics:

num_allocs_failed_limit: 0.
num_arena_births: 106.
num_arena_deaths: 0.
num_vsnodes_births: 2.
num_vsnodes_deaths: 0.
num_space_committed: 201.
num_space_uncommitted: 0.
num_chunks_returned_to_freelist: 0.
num_chunks_taken_from_freelist: 385.
num_chunk_merges: 0.
num_chunk_splits: 300.
num_chunks_enlarged: 238.
num_inconsistent_stats: 0.

CodeHeap 'non-profiled nmethods': size=120000Kb used=889Kb max_used=889Kb free=119111Kb
 bounds [0x0000020fb8c90000, 0x0000020fb8f00000, 0x0000020fc01c0000]
CodeHeap 'profiled nmethods': size=120000Kb used=2927Kb max_used=2927Kb free=117073Kb
 bounds [0x0000020fb11c0000, 0x0000020fb14a0000, 0x0000020fb86f0000]
CodeHeap 'non-nmethods': size=5760Kb used=1612Kb max_used=1645Kb free=4148Kb
 bounds [0x0000020fb86f0000, 0x0000020fb8960000, 0x0000020fb8c90000]
 total_blobs=2587 nmethods=1649 adapters=851
 compilation: enabled
              stopped_count=0, restarted_count=0
 full_count=0

Compilation events (20 events):
Event: 14.662 Thread 0x0000020fc54dc6b0 1640       4       java.lang.StringLatin1::toLowerCase (186 bytes)
Event: 14.671 Thread 0x0000020fc54dc6b0 nmethod 1640 0x0000020fb8d6ca90 code [0x0000020fb8d6cc40, 0x0000020fb8d6d698]
Event: 14.928 Thread 0x0000020fc54dc6b0 1641       4       jogamp.opengl.gl4.GL4bcImpl::glDrawElements (57 bytes)
Event: 14.931 Thread 0x0000020fc54dc6b0 nmethod 1641 0x0000020fb8d6db10 code [0x0000020fb8d6dca0, 0x0000020fb8d6e048]
Event: 16.308 Thread 0x0000020fc54df080 1642       3       com.jogamp.opengl.GLContext::isGLES2 (37 bytes)
Event: 16.308 Thread 0x0000020fc54df080 nmethod 1642 0x0000020fb1498a90 code [0x0000020fb1498c40, 0x0000020fb1498e58]
Event: 16.474 Thread 0x0000020fc54df080 1643       3       jogamp.opengl.GLDrawableImpl::unlockSurface (10 bytes)
Event: 16.474 Thread 0x0000020fc54df080 nmethod 1643 0x0000020fb1498f10 code [0x0000020fb14990c0, 0x0000020fb14992a8]
Event: 16.474 Thread 0x0000020fc54df080 1644       3       java.util.TaskQueue::isEmpty (13 bytes)
Event: 16.474 Thread 0x0000020fc54df080 nmethod 1644 0x0000020fb1499390 code [0x0000020fb1499520, 0x0000020fb1499678]
Event: 16.474 Thread 0x0000020fc54df080 1645       3       processing.opengl.PSurfaceJOGL::getPixelScale (27 bytes)
Event: 16.474 Thread 0x0000020fc54df080 nmethod 1645 0x0000020fb1499710 code [0x0000020fb1499900, 0x0000020fb1499c48]
Event: 16.474 Thread 0x0000020fc54df080 1646       3       processing.opengl.PGL::isES (20 bytes)
Event: 16.475 Thread 0x0000020fc54df080 nmethod 1646 0x0000020fb1499e10 code [0x0000020fb149a060, 0x0000020fb149a918]
Event: 16.475 Thread 0x0000020fc54df080 1647       3       processing.core.PGraphics::colorCalc (202 bytes)
Event: 16.475 Thread 0x0000020fc54df080 nmethod 1647 0x0000020fb149ac90 code [0x0000020fb149ae80, 0x0000020fb149b2f8]
Event: 16.601 Thread 0x0000020fc54df080 1648       3       jdk.internal.misc.Unsafe::getAndAddLong (27 bytes)
Event: 16.601 Thread 0x0000020fc54df080 nmethod 1648 0x0000020fb149b390 code [0x0000020fb149b540, 0x0000020fb149b788]
Event: 16.601 Thread 0x0000020fc54df080 1649       3       jdk.internal.misc.Unsafe::weakCompareAndSetLong (11 bytes)
Event: 16.601 Thread 0x0000020fc54df080 nmethod 1649 0x0000020fb149b890 code [0x0000020fb149ba20, 0x0000020fb149bb58]

GC Heap History (20 events):
Event: 8.212 GC heap before
{Heap before GC invocations=23 (full 0):
 garbage-first heap   total 275456K, used 235938K [0x00000000c0000000, 0x0000000100000000)
  region size 1024K, 81 young (82944K), 4 survivors (4096K)
 Metaspace       used 12854K, committed 13056K, reserved 1114112K
  class space    used 915K, committed 1024K, reserved 1048576K
}
Event: 8.213 GC heap after
{Heap after GC invocations=24 (full 0):
 garbage-first heap   total 275456K, used 157781K [0x00000000c0000000, 0x0000000100000000)
  region size 1024K, 4 young (4096K), 4 survivors (4096K)
 Metaspace       used 12854K, committed 13056K, reserved 1114112K
  class space    used 915K, committed 1024K, reserved 1048576K
}
Event: 8.354 GC heap before
{Heap before GC invocations=24 (full 0):
 garbage-first heap   total 275456K, used 166997K [0x00000000c0000000, 0x0000000100000000)
  region size 1024K, 13 young (13312K), 4 survivors (4096K)
 Metaspace       used 12854K, committed 13056K, reserved 1114112K
  class space    used 915K, committed 1024K, reserved 1048576K
}
Event: 8.355 GC heap after
{Heap after GC invocations=25 (full 0):
 garbage-first heap   total 275456K, used 154731K [0x00000000c0000000, 0x0000000100000000)
  region size 1024K, 2 young (2048K), 2 survivors (2048K)
 Metaspace       used 12854K, committed 13056K, reserved 1114112K
  class space    used 915K, committed 1024K, reserved 1048576K
}
Event: 9.477 GC heap before
{Heap before GC invocations=25 (full 0):
 garbage-first heap   total 275456K, used 236651K [0x00000000c0000000, 0x0000000100000000)
  region size 1024K, 82 young (83968K), 2 survivors (2048K)
 Metaspace       used 12854K, committed 13056K, reserved 1114112K
  class space    used 915K, committed 1024K, reserved 1048576K
}
Event: 9.478 GC heap after
{Heap after GC invocations=26 (full 0):
 garbage-first heap   total 275456K, used 153162K [0x00000000c0000000, 0x0000000100000000)
  region size 1024K, 1 young (1024K), 1 survivors (1024K)
 Metaspace       used 12854K, committed 13056K, reserved 1114112K
  class space    used 915K, committed 1024K, reserved 1048576K
}
Event: 10.607 GC heap before
{Heap before GC invocations=27 (full 0):
 garbage-first heap   total 275456K, used 238154K [0x00000000c0000000, 0x0000000100000000)
  region size 1024K, 84 young (86016K), 1 survivors (1024K)
 Metaspace       used 12871K, committed 13056K, reserved 1114112K
  class space    used 915K, committed 1024K, reserved 1048576K
}
Event: 10.608 GC heap after
{Heap after GC invocations=28 (full 0):
 garbage-first heap   total 275456K, used 154286K [0x00000000c0000000, 0x0000000100000000)
  region size 1024K, 2 young (2048K), 2 survivors (2048K)
 Metaspace       used 12871K, committed 13056K, reserved 1114112K
  class space    used 915K, committed 1024K, reserved 1048576K
}
Event: 10.757 GC heap before
{Heap before GC invocations=28 (full 0):
 garbage-first heap   total 275456K, used 165550K [0x00000000c0000000, 0x0000000100000000)
  region size 1024K, 13 young (13312K), 2 survivors (2048K)
 Metaspace       used 12876K, committed 13056K, reserved 1114112K
  class space    used 915K, committed 1024K, reserved 1048576K
}
Event: 10.758 GC heap after
{Heap after GC invocations=29 (full 0):
 garbage-first heap   total 275456K, used 153042K [0x00000000c0000000, 0x0000000100000000)
  region size 1024K, 2 young (2048K), 2 survivors (2048K)
 Metaspace       used 12876K, committed 13056K, reserved 1114112K
  class space    used 915K, committed 1024K, reserved 1048576K
}
Event: 11.921 GC heap before
{Heap before GC invocations=29 (full 0):
 garbage-first heap   total 275456K, used 239058K [0x00000000c0000000, 0x0000000100000000)
  region size 1024K, 86 young (88064K), 2 survivors (2048K)
 Metaspace       used 12899K, committed 13120K, reserved 1114112K
  class space    used 915K, committed 1024K, reserved 1048576K
}
Event: 11.923 GC heap after
{Heap after GC invocations=30 (full 0):
 garbage-first heap   total 275456K, used 155164K [0x00000000c0000000, 0x0000000100000000)
  region size 1024K, 4 young (4096K), 4 survivors (4096K)
 Metaspace       used 12899K, committed 13120K, reserved 1114112K
  class space    used 915K, committed 1024K, reserved 1048576K
}
Event: 13.352 GC heap before
{Heap before GC invocations=31 (full 0):
 garbage-first heap   total 275456K, used 238108K [0x00000000c0000000, 0x0000000100000000)
  region size 1024K, 85 young (87040K), 4 survivors (4096K)
 Metaspace       used 12900K, committed 13120K, reserved 1114112K
  class space    used 915K, committed 1024K, reserved 1048576K
}
Event: 13.354 GC heap after
{Heap after GC invocations=32 (full 0):
 garbage-first heap   total 275456K, used 154972K [0x00000000c0000000, 0x0000000100000000)
  region size 1024K, 4 young (4096K), 4 survivors (4096K)
 Metaspace       used 12900K, committed 13120K, reserved 1114112K
  class space    used 915K, committed 1024K, reserved 1048576K
}
Event: 13.534 GC heap before
{Heap before GC invocations=32 (full 0):
 garbage-first heap   total 275456K, used 164188K [0x00000000c0000000, 0x0000000100000000)
  region size 1024K, 13 young (13312K), 4 survivors (4096K)
 Metaspace       used 12900K, committed 13120K, reserved 1114112K
  class space    used 915K, committed 1024K, reserved 1048576K
}
Event: 13.535 GC heap after
{Heap after GC invocations=33 (full 0):
 garbage-first heap   total 275456K, used 152140K [0x00000000c0000000, 0x0000000100000000)
  region size 1024K, 1 young (1024K), 1 survivors (1024K)
 Metaspace       used 12900K, committed 13120K, reserved 1114112K
  class space    used 915K, committed 1024K, reserved 1048576K
}
Event: 14.929 GC heap before
{Heap before GC invocations=33 (full 0):
 garbage-first heap   total 275456K, used 240204K [0x00000000c0000000, 0x0000000100000000)
  region size 1024K, 87 young (89088K), 1 survivors (1024K)
 Metaspace       used 12900K, committed 13120K, reserved 1114112K
  class space    used 915K, committed 1024K, reserved 1048576K
}
Event: 14.930 GC heap after
{Heap after GC invocations=34 (full 0):
 garbage-first heap   total 275456K, used 151382K [0x00000000c0000000, 0x0000000100000000)
  region size 1024K, 1 young (1024K), 1 survivors (1024K)
 Metaspace       used 12900K, committed 13120K, reserved 1114112K
  class space    used 915K, committed 1024K, reserved 1048576K
}
Event: 16.393 GC heap before
{Heap before GC invocations=35 (full 0):
 garbage-first heap   total 275456K, used 240470K [0x00000000c0000000, 0x0000000100000000)
  region size 1024K, 88 young (90112K), 1 survivors (1024K)
 Metaspace       used 12900K, committed 13120K, reserved 1114112K
  class space    used 915K, committed 1024K, reserved 1048576K
}
Event: 16.394 GC heap after
{Heap after GC invocations=36 (full 0):
 garbage-first heap   total 275456K, used 151432K [0x00000000c0000000, 0x0000000100000000)
  region size 1024K, 1 young (1024K), 1 survivors (1024K)
 Metaspace       used 12900K, committed 13120K, reserved 1114112K
  class space    used 915K, committed 1024K, reserved 1048576K
}

Dll operation events (14 events):
Event: 0.005 Loaded shared library C:\Program Files\Processing\app\resources\jdk-17.0.14+7\bin\java.dll
Event: 0.016 Loaded shared library C:\Program Files\Processing\app\resources\jdk-17.0.14+7\bin\jsvml.dll
Event: 0.089 Loaded shared library C:\Program Files\Processing\app\resources\jdk-17.0.14+7\bin\net.dll
Event: 0.089 Loaded shared library C:\Program Files\Processing\app\resources\jdk-17.0.14+7\bin\nio.dll
Event: 0.091 Loaded shared library C:\Program Files\Processing\app\resources\jdk-17.0.14+7\bin\zip.dll
Event: 0.126 Loaded shared library C:\Program Files\Processing\app\resources\jdk-17.0.14+7\bin\jimage.dll
Event: 0.129 Loaded shared library C:\Program Files\Processing\app\resources\jdk-17.0.14+7\bin\awt.dll
Event: 0.380 Loaded shared library C:\Users\danil\AppData\Local\Temp\jogamp_0000\file_cache\jln392647155201186083\jln17239666386496056190\natives\windows-amd64\gluegen_rt.dll
Event: 0.386 Loaded shared library C:\Program Files\Processing\app\resources\jdk-17.0.14+7\bin\jawt.dll
Event: 0.396 Loaded shared library C:\Users\danil\AppData\Local\Temp\jogamp_0000\file_cache\jln392647155201186083\jln17239666386496056190\natives\windows-amd64\nativewindow_awt.dll
Event: 0.421 Loaded shared library C:\Users\danil\AppData\Local\Temp\jogamp_0000\file_cache\jln392647155201186083\jln17239666386496056190\natives\windows-amd64\nativewindow_win32.dll
Event: 0.496 Loaded shared library C:\Users\danil\AppData\Local\Temp\jogamp_0000\file_cache\jln392647155201186083\jln17239666386496056190\natives\windows-amd64\jogl_desktop.dll
Event: 0.651 Loaded shared library C:\Users\danil\AppData\Local\Temp\jogamp_0000\file_cache\jln392647155201186083\jln17239666386496056190\natives\windows-amd64\jogl_mobile.dll
Event: 1.357 Loaded shared library C:\Users\danil\AppData\Local\Temp\jogamp_0000\file_cache\jln392647155201186083\jln17239666386496056190\natives\windows-amd64\newt_head.dll

Deoptimization events (20 events):
Event: 1.932 Thread 0x000002100d26eb70 DEOPT PACKING pc=0x0000020fb1440e64 sp=0x0000006ba4efe910
Event: 1.932 Thread 0x000002100d26eb70 DEOPT UNPACKING pc=0x0000020fb874ace3 sp=0x0000006ba4efde78 mode 0
Event: 1.935 Thread 0x000002100d26eb70 DEOPT PACKING pc=0x0000020fb143196a sp=0x0000006ba4efe6d0
Event: 1.935 Thread 0x000002100d26eb70 DEOPT UNPACKING pc=0x0000020fb874ace3 sp=0x0000006ba4efdbc0 mode 0
Event: 2.145 Thread 0x000002101db16400 Uncommon trap: trap_request=0xffffff45 fr.pc=0x0000020fb8d42458 relative=0x00000000000000b8
Event: 2.145 Thread 0x000002101db16400 Uncommon trap: reason=unstable_if action=reinterpret pc=0x0000020fb8d42458 method=java.util.concurrent.locks.LockSupport.unpark(Ljava/lang/Thread;)V @ 1 c2
Event: 2.145 Thread 0x000002101db16400 DEOPT PACKING pc=0x0000020fb8d42458 sp=0x0000006ba6eff2a0
Event: 2.145 Thread 0x000002101db16400 DEOPT UNPACKING pc=0x0000020fb874a1a3 sp=0x0000006ba6eff1e0 mode 2
Event: 4.004 Thread 0x000002100d26eb70 Uncommon trap: trap_request=0xffffff5c fr.pc=0x0000020fb8d53270 relative=0x0000000000001070
Event: 4.004 Thread 0x000002100d26eb70 Uncommon trap: reason=speculate_null_check action=make_not_entrant pc=0x0000020fb8d53270 method=java.util.concurrent.locks.AbstractQueuedSynchronizer.acquire(Ljava/util/concurrent/locks/AbstractQueuedSynchronizer$Node;IZZZJ)I @ 254 c2
Event: 4.004 Thread 0x000002100d26eb70 DEOPT PACKING pc=0x0000020fb8d53270 sp=0x0000006ba4efe7b0
Event: 4.004 Thread 0x000002100d26eb70 DEOPT UNPACKING pc=0x0000020fb874a1a3 sp=0x0000006ba4efe780 mode 2
Event: 7.230 Thread 0x000002101e491850 Uncommon trap: trap_request=0xffffff45 fr.pc=0x0000020fb8d0f400 relative=0x00000000000000e0
Event: 7.230 Thread 0x000002101e491850 Uncommon trap: reason=unstable_if action=reinterpret pc=0x0000020fb8d0f400 method=java.util.HashMap$HashIterator.<init>(Ljava/util/HashMap;)V @ 38 c2
Event: 7.230 Thread 0x000002101e491850 DEOPT PACKING pc=0x0000020fb8d0f400 sp=0x0000006ba4cff600
Event: 7.230 Thread 0x000002101e491850 DEOPT UNPACKING pc=0x0000020fb874a1a3 sp=0x0000006ba4cff4e0 mode 2
Event: 16.597 Thread 0x000002100b788610 Uncommon trap: trap_request=0xffffff45 fr.pc=0x0000020fb8d58f70 relative=0x00000000000000f0
Event: 16.597 Thread 0x000002100b788610 Uncommon trap: reason=unstable_if action=reinterpret pc=0x0000020fb8d58f70 method=com.jogamp.common.util.IntIntHashMap.put(II)I @ 21 c2
Event: 16.597 Thread 0x000002100b788610 DEOPT PACKING pc=0x0000020fb8d58f70 sp=0x0000006ba41fef40
Event: 16.597 Thread 0x000002100b788610 DEOPT UNPACKING pc=0x0000020fb874a1a3 sp=0x0000006ba41feea8 mode 2

Classes loaded (20 events):
Event: 1.537 Loading class java/util/concurrent/Callable done
Event: 1.537 Loading class java/util/concurrent/Executors$RunnableAdapter done
Event: 1.537 Loading class java/util/concurrent/ThreadPoolExecutor$Worker
Event: 1.538 Loading class java/util/concurrent/ThreadPoolExecutor$Worker done
Event: 1.560 Loading class java/util/concurrent/locks/AbstractQueuedSynchronizer$SharedNode
Event: 1.560 Loading class java/util/concurrent/locks/AbstractQueuedSynchronizer$SharedNode done
Event: 1.690 Loading class sun/nio/cs/StreamDecoder
Event: 1.690 Loading class sun/nio/cs/StreamDecoder done
Event: 1.690 Loading class java/util/regex/Pattern$LookBehindEndNode
Event: 1.690 Loading class java/util/regex/Pattern$LookBehindEndNode done
Event: 1.690 Loading class java/util/regex/Pattern$NotBehind
Event: 1.690 Loading class java/util/regex/Pattern$NotBehind done
Event: 1.690 Loading class java/util/regex/Pattern$Neg
Event: 1.690 Loading class java/util/regex/Pattern$Neg done
Event: 1.691 Loading class java/util/regex/Pattern$Pos
Event: 1.691 Loading class java/util/regex/Pattern$Pos done
Event: 1.696 Loading class java/util/regex/Pattern$SliceS
Event: 1.696 Loading class java/util/regex/Pattern$SliceS done
Event: 16.572 Loading class java/nio/channels/ClosedChannelException
Event: 16.572 Loading class java/nio/channels/ClosedChannelException done

Classes unloaded (0 events):
No events

Classes redefined (0 events):
No events

Internal exceptions (20 events):
Event: 0.116 Thread 0x0000020fa968e8d0 Exception <a 'java/lang/NoSuchMethodError'{0x00000000c3ce7348}: 'void java.lang.invoke.DirectMethodHandle$Holder.invokeStatic(java.lang.Object, java.lang.Object, java.lang.Object)'> (0x00000000c3ce7348) 
thrown [s\src\hotspot\share\interpreter\linkResolver.cpp, line 759]
Event: 0.122 Thread 0x0000020fa968e8d0 Exception <a 'java/lang/ClassNotFoundException'{0x00000000c3b0ef40}: sun/awt/resources/spi/awtProvider> (0x00000000c3b0ef40) 
thrown [s\src\hotspot\share\classfile\systemDictionary.cpp, line 256]
Event: 0.136 Thread 0x0000020fa968e8d0 Exception <a 'java/io/FileNotFoundException'{0x00000000c3b64880}> (0x00000000c3b64880) 
thrown [s\src\hotspot\share\prims\jni.cpp, line 516]
Event: 0.140 Thread 0x0000020fa968e8d0 Exception <a 'java/io/FileNotFoundException'{0x00000000c3b91cd8}> (0x00000000c3b91cd8) 
thrown [s\src\hotspot\share\prims\jni.cpp, line 516]
Event: 0.165 Thread 0x0000020fa968e8d0 Exception <a 'java/lang/NoSuchMethodError'{0x00000000c3a3f220}: 'java.lang.Object java.lang.invoke.DirectMethodHandle$Holder.invokeStaticInit(java.lang.Object)'> (0x00000000c3a3f220) 
thrown [s\src\hotspot\share\interpreter\linkResolver.cpp, line 759]
Event: 0.245 Thread 0x0000020fa968e8d0 Exception <a 'java/lang/NoSuchMethodError'{0x00000000c364ded0}: 'java.lang.Object java.lang.invoke.DirectMethodHandle$Holder.invokeStaticInit(java.lang.Object, int, int, int, int)'> (0x00000000c364ded0) 
thrown [s\src\hotspot\share\interpreter\linkResolver.cpp, line 759]
Event: 0.279 Thread 0x0000020fa968e8d0 Exception <a 'java/lang/NoSuchMethodError'{0x00000000c35370e8}: 'java.lang.Object java.lang.invoke.DirectMethodHandle$Holder.invokeStaticInit(java.lang.Object, java.lang.Object, int, int, int, int)'> (0x00000000c35370e8) 
thrown [s\src\hotspot\share\interpreter\linkResolver.cpp, line 759]
Event: 0.299 Thread 0x0000020fa968e8d0 Exception <a 'java/lang/NoSuchMethodError'{0x00000000c3542788}: 'void java.lang.invoke.DirectMethodHandle$Holder.invokeStatic(java.lang.Object, long)'> (0x00000000c3542788) 
thrown [s\src\hotspot\share\interpreter\linkResolver.cpp, line 759]
Event: 0.299 Thread 0x0000020fa968e8d0 Exception <a 'java/lang/NoSuchMethodError'{0x00000000c3547d68}: 'java.lang.Object java.lang.invoke.DirectMethodHandle$Holder.newInvokeSpecial(java.lang.Object, long)'> (0x00000000c3547d68) 
thrown [s\src\hotspot\share\interpreter\linkResolver.cpp, line 759]
Event: 0.301 Thread 0x0000020fa968e8d0 Exception <a 'java/lang/NoSuchMethodError'{0x00000000c3552580}: 'java.lang.Object java.lang.invoke.DirectMethodHandle$Holder.invokeStaticInit(java.lang.Object, java.lang.Object, long, java.lang.Object)'> (0x00000000c3552580) 
thrown [s\src\hotspot\share\interpreter\linkResolver.cpp, line 759]
Event: 0.301 Thread 0x0000020fa968e8d0 Exception <a 'java/lang/NoSuchMethodError'{0x00000000c3558b40}: 'java.lang.Object java.lang.invoke.DirectMethodHandle$Holder.newInvokeSpecial(java.lang.Object, java.lang.Object, long)'> (0x00000000c3558b40) 
thrown [s\src\hotspot\share\interpreter\linkResolver.cpp, line 759]
Event: 0.302 Thread 0x0000020fa968e8d0 Exception <a 'java/lang/NoSuchMethodError'{0x00000000c355c6b0}: 'java.lang.Object java.lang.invoke.Invokers$Holder.linkToTargetMethod(java.lang.Object, long, java.lang.Object)'> (0x00000000c355c6b0) 
thrown [s\src\hotspot\share\interpreter\linkResolver.cpp, line 759]
Event: 0.405 Thread 0x0000020fa968e8d0 Exception <a 'java/lang/NoSuchMethodError'{0x00000000c34ce020}: 'java.lang.Object java.lang.invoke.DirectMethodHandle$Holder.invokeInterface(java.lang.Object, java.lang.Object)'> (0x00000000c34ce020) 
thrown [s\src\hotspot\share\interpreter\linkResolver.cpp, line 759]
Event: 0.406 Thread 0x0000020fa968e8d0 Exception <a 'java/lang/IncompatibleClassChangeError'{0x00000000c34d1940}: Found class java.lang.Object, but interface was expected> (0x00000000c34d1940) 
thrown [s\src\hotspot\share\interpreter\linkResolver.cpp, line 826]
Event: 1.424 Thread 0x0000020fa968e8d0 Exception <a 'java/lang/NoSuchMethodError'{0x00000000c3210998}: 'void java.lang.invoke.DirectMethodHandle$Holder.invokeSpecial(java.lang.Object, java.lang.Object, java.lang.Object, java.lang.Object, java.lang.Object)'> (0x00000000c3210998) 
thrown [s\src\hotspot\share\interpreter\linkResolver.cpp, line 759]
Event: 1.425 Thread 0x0000020fa968e8d0 Exception <a 'java/lang/NoSuchMethodError'{0x00000000c3219958}: 'void java.lang.invoke.DirectMethodHandle$Holder.invokeSpecial(java.lang.Object, java.lang.Object, java.lang.Object)'> (0x00000000c3219958) 
thrown [s\src\hotspot\share\interpreter\linkResolver.cpp, line 759]
Event: 1.426 Thread 0x0000020fa968e8d0 Exception <a 'java/lang/NoSuchMethodError'{0x00000000c321fc88}: 'void java.lang.invoke.DirectMethodHandle$Holder.invokeSpecial(java.lang.Object, java.lang.Object, int)'> (0x00000000c321fc88) 
thrown [s\src\hotspot\share\interpreter\linkResolver.cpp, line 759]
Event: 1.426 Thread 0x0000020fa968e8d0 Exception <a 'java/lang/NoSuchMethodError'{0x00000000c3225ca0}: 'java.lang.Object java.lang.invoke.DirectMethodHandle$Holder.newInvokeSpecial(java.lang.Object, java.lang.Object, int)'> (0x00000000c3225ca0) 
thrown [s\src\hotspot\share\interpreter\linkResolver.cpp, line 759]
Event: 16.571 Thread 0x000002100d1371d0 Exception <a 'java/lang/InterruptedException'{0x00000000d013c5b8}> (0x00000000d013c5b8) 
thrown [s\src\hotspot\share\runtime\objectMonitor.cpp, line 1658]
Event: 16.597 Thread 0x000002100b788610 Implicit null exception at 0x0000020fb8d58ec4 to 0x0000020fb8d58f4c

VM Operations (20 events):
Event: 11.923 Executing VM operation: G1CollectForAllocation done
Event: 11.931 Executing VM operation: G1PauseRemark
Event: 11.931 Executing VM operation: G1PauseRemark done
Event: 11.934 Executing VM operation: G1PauseCleanup
Event: 11.934 Executing VM operation: G1PauseCleanup done
Event: 13.352 Executing VM operation: G1CollectForAllocation
Event: 13.354 Executing VM operation: G1CollectForAllocation done
Event: 13.534 Executing VM operation: G1CollectForAllocation
Event: 13.535 Executing VM operation: G1CollectForAllocation done
Event: 14.535 Executing VM operation: Cleanup
Event: 14.535 Executing VM operation: Cleanup done
Event: 14.929 Executing VM operation: G1CollectForAllocation
Event: 14.930 Executing VM operation: G1CollectForAllocation done
Event: 14.938 Executing VM operation: G1PauseRemark
Event: 14.939 Executing VM operation: G1PauseRemark done
Event: 14.942 Executing VM operation: G1PauseCleanup
Event: 14.942 Executing VM operation: G1PauseCleanup done
Event: 16.393 Executing VM operation: G1CollectForAllocation
Event: 16.394 Executing VM operation: G1CollectForAllocation done
Event: 16.674 Executing VM operation: Exit

Memory protections (0 events):
No events

Nmethod flushes (0 events):
No events

Events (20 events):
Event: 1.559 Thread 0x000002100d26eb70 Thread added: 0x000002101e491340
Event: 1.560 Thread 0x000002100d26eb70 Thread added: 0x000002101e48ff00
Event: 1.560 Thread 0x000002100d26eb70 Thread added: 0x000002101e490e30
Event: 1.597 Thread 0x0000020fc54dc6b0 Thread added: 0x000002101e195060
Event: 1.932 Thread 0x000002101e195060 Thread exited: 0x000002101e195060
Event: 2.056 Thread 0x000002100d5bb130 Thread exited: 0x000002100d5bb130
Event: 6.209 Thread 0x000002100b09a8d0 Thread added: 0x000002101e491850
Event: 7.230 Thread 0x000002101e491850 Thread exited: 0x000002101e491850
Event: 16.571 Thread 0x000002100d26eb70 Thread added: 0x000002101e493bc0
Event: 16.571 Thread 0x000002100d26eb70 Thread added: 0x000002101e492c90
Event: 16.571 Thread 0x000002100d26eb70 Thread added: 0x000002101e491850
Event: 16.571 Thread 0x000002100d1371d0 Thread exited: 0x000002100d1371d0
Event: 16.572 Thread 0x000002100b09a8d0 Thread added: 0x000002101e490410
Event: 16.572 Thread 0x000002101e491850 Thread exited: 0x000002101e491850
Event: 16.572 Thread 0x000002100d5ba010 Thread exited: 0x000002100d5ba010
Event: 16.573 Thread 0x000002100b09a8d0 Thread exited: 0x000002100b09a8d0
Event: 16.598 Thread 0x000002100b788610 Thread exited: 0x000002100b788610
Event: 16.601 Thread 0x000002101e493bc0 Thread exited: 0x000002101e493bc0
Event: 16.673 Thread 0x000002101e492c90 Thread exited: 0x000002101e492c90
Event: 16.673 Thread 0x000002100d26eb70 Before exit entered


Dynamic libraries:
0x00007ff7c9de0000 - 0x00007ff7c9dee000 	C:\Program Files\Processing\app\resources\jdk-17.0.14+7\bin\java.exe
0x00007ffa7da60000 - 0x00007ffa7dcc7000 	C:\WINDOWS\SYSTEM32\ntdll.dll
0x00007ffa7c020000 - 0x00007ffa7c0e9000 	C:\WINDOWS\System32\KERNEL32.DLL
0x00007ffa7a540000 - 0x00007ffa7a937000 	C:\WINDOWS\System32\KERNELBASE.dll
0x00007ffa7ab20000 - 0x00007ffa7ac6b000 	C:\WINDOWS\System32\ucrtbase.dll
0x00007ffa4d900000 - 0x00007ffa4d91e000 	C:\Program Files\Processing\app\resources\jdk-17.0.14+7\bin\VCRUNTIME140.dll
0x00007ffa4d920000 - 0x00007ffa4d937000 	C:\Program Files\Processing\app\resources\jdk-17.0.14+7\bin\jli.dll
0x00007ffa7bdd0000 - 0x00007ffa7bf96000 	C:\WINDOWS\System32\USER32.dll
0x00007ffa61590000 - 0x00007ffa61822000 	C:\WINDOWS\WinSxS\amd64_microsoft.windows.common-controls_6595b64144ccf1df_6.0.26100.8457_none_3e0b2faee331e92d\COMCTL32.dll
0x00007ffa7b630000 - 0x00007ffa7b657000 	C:\WINDOWS\System32\win32u.dll
0x00007ffa7b7e0000 - 0x00007ffa7b889000 	C:\WINDOWS\System32\msvcrt.dll
0x00007ffa7cc40000 - 0x00007ffa7cc6b000 	C:\WINDOWS\System32\GDI32.dll
0x00007ffa7a940000 - 0x00007ffa7aa6c000 	C:\WINDOWS\System32\gdi32full.dll
0x00007ffa7a490000 - 0x00007ffa7a533000 	C:\WINDOWS\System32\msvcp_win.dll
0x00007ffa7ba00000 - 0x00007ffa7ba32000 	C:\WINDOWS\System32\IMM32.DLL
0x00007ffa73680000 - 0x00007ffa7368c000 	C:\Program Files\Processing\app\resources\jdk-17.0.14+7\bin\vcruntime140_1.dll
0x00007ffa457d0000 - 0x00007ffa4585d000 	C:\Program Files\Processing\app\resources\jdk-17.0.14+7\bin\msvcp140.dll
0x00007ff9b1440000 - 0x00007ff9b20ab000 	C:\Program Files\Processing\app\resources\jdk-17.0.14+7\bin\server\jvm.dll
0x00007ffa7d380000 - 0x00007ffa7d436000 	C:\WINDOWS\System32\ADVAPI32.dll
0x00007ffa7d450000 - 0x00007ffa7d4f7000 	C:\WINDOWS\System32\sechost.dll
0x00007ffa7d610000 - 0x00007ffa7d728000 	C:\WINDOWS\System32\RPCRT4.dll
0x00007ffa7d500000 - 0x00007ffa7d580000 	C:\WINDOWS\System32\WS2_32.dll
0x00007ffa7a310000 - 0x00007ffa7a36e000 	C:\WINDOWS\SYSTEM32\POWRPROF.dll
0x00007ffa704a0000 - 0x00007ffa704ab000 	C:\WINDOWS\SYSTEM32\VERSION.dll
0x00007ffa61e60000 - 0x00007ffa61e96000 	C:\WINDOWS\SYSTEM32\WINMM.dll
0x00007ffa7a2f0000 - 0x00007ffa7a304000 	C:\WINDOWS\SYSTEM32\UMPDC.dll
0x00007ffa79220000 - 0x00007ffa7923b000 	C:\WINDOWS\SYSTEM32\kernel.appcore.dll
0x00007ffa6a5b0000 - 0x00007ffa6a5ba000 	C:\Program Files\Processing\app\resources\jdk-17.0.14+7\bin\jimage.dll
0x00007ffa72470000 - 0x00007ffa726b2000 	C:\WINDOWS\SYSTEM32\DBGHELP.DLL
0x00007ffa7c870000 - 0x00007ffa7cbf3000 	C:\WINDOWS\System32\combase.dll
0x00007ffa7bc30000 - 0x00007ffa7bd09000 	C:\WINDOWS\System32\OLEAUT32.dll
0x00007ffa410a0000 - 0x00007ffa410db000 	C:\WINDOWS\SYSTEM32\dbgcore.DLL
0x00007ffa7aa70000 - 0x00007ffa7ab18000 	C:\WINDOWS\System32\bcryptPrimitives.dll
0x00007ffa478a0000 - 0x00007ffa478db000 	C:\Program Files\Processing\app\resources\jdk-17.0.14+7\bin\jdwp.dll
0x00007ffa4c330000 - 0x00007ffa4c355000 	C:\Program Files\Processing\app\resources\jdk-17.0.14+7\bin\java.dll
0x00007ffa41a00000 - 0x00007ffa41ad7000 	C:\Program Files\Processing\app\resources\jdk-17.0.14+7\bin\jsvml.dll
0x00007ffa7c0f0000 - 0x00007ffa7c85e000 	C:\WINDOWS\System32\SHELL32.dll
0x00007ffa7ac70000 - 0x00007ffa7b4dc000 	C:\WINDOWS\System32\windows.storage.dll
0x00007ffa7d730000 - 0x00007ffa7d826000 	C:\WINDOWS\System32\SHCORE.dll
0x00007ffa7d210000 - 0x00007ffa7d276000 	C:\WINDOWS\System32\shlwapi.dll
0x00007ffa7a3b0000 - 0x00007ffa7a3d9000 	C:\WINDOWS\SYSTEM32\profapi.dll
0x00007ffa4d410000 - 0x00007ffa4d41c000 	C:\Program Files\Processing\app\resources\jdk-17.0.14+7\bin\dt_socket.dll
0x00007ffa78c30000 - 0x00007ffa78c62000 	C:\WINDOWS\SYSTEM32\IPHLPAPI.DLL
0x00007ffa79790000 - 0x00007ffa797fc000 	C:\WINDOWS\system32\mswsock.dll
0x00007ffa4ce10000 - 0x00007ffa4ce29000 	C:\Program Files\Processing\app\resources\jdk-17.0.14+7\bin\net.dll
0x00007ffa775b0000 - 0x00007ffa776d9000 	C:\WINDOWS\SYSTEM32\WINHTTP.dll
0x00007ffa4cd70000 - 0x00007ffa4cd86000 	C:\Program Files\Processing\app\resources\jdk-17.0.14+7\bin\nio.dll
0x00007ffa47880000 - 0x00007ffa47898000 	C:\Program Files\Processing\app\resources\jdk-17.0.14+7\bin\zip.dll
0x00007ffa24050000 - 0x00007ffa241e0000 	C:\Program Files\Processing\app\resources\jdk-17.0.14+7\bin\awt.dll
0x00007ffa76060000 - 0x00007ffa76100000 	C:\WINDOWS\SYSTEM32\apphelp.dll
0x00007ffa77ee0000 - 0x00007ffa77f8a000 	C:\WINDOWS\system32\uxtheme.dll
0x00007ffa7b890000 - 0x00007ffa7b9ec000 	C:\WINDOWS\System32\MSCTF.dll
0x00007ffa7ba40000 - 0x00007ffa7bbd7000 	C:\WINDOWS\System32\ole32.dll
0x00007ffa781d0000 - 0x00007ffa781ff000 	C:\WINDOWS\system32\DWMAPI.DLL
0x00007ffa33d40000 - 0x00007ffa33e4f000 	C:\WINDOWS\system32\opengl32.dll
0x00007ffa36620000 - 0x00007ffa3664d000 	C:\WINDOWS\SYSTEM32\GLU32.dll
0x00007ffa77ff0000 - 0x00007ffa78035000 	C:\WINDOWS\SYSTEM32\dxcore.dll
0x00007ffa79a70000 - 0x00007ffa79a8b000 	C:\WINDOWS\SYSTEM32\CRYPTSP.dll
0x00007ffa79180000 - 0x00007ffa791b9000 	C:\WINDOWS\system32\rsaenh.dll
0x00007ffa79840000 - 0x00007ffa79873000 	C:\WINDOWS\SYSTEM32\USERENV.dll
0x00007ffa7a380000 - 0x00007ffa7a3aa000 	C:\WINDOWS\SYSTEM32\bcrypt.dll
0x00007ffa79a90000 - 0x00007ffa79a9c000 	C:\WINDOWS\SYSTEM32\CRYPTBASE.dll
0x00007ffa7cc00000 - 0x00007ffa7cc0a000 	C:\WINDOWS\System32\NSI.dll
0x00007ffa77800000 - 0x00007ffa7781d000 	C:\WINDOWS\SYSTEM32\dhcpcsvc6.DLL
0x00007ffa77750000 - 0x00007ffa77775000 	C:\WINDOWS\SYSTEM32\dhcpcsvc.DLL
0x00007ffa78ce0000 - 0x00007ffa78e12000 	C:\WINDOWS\SYSTEM32\DNSAPI.dll
0x00007ffa44850000 - 0x00007ffa44863000 	C:\Users\danil\AppData\Local\Temp\jogamp_0000\file_cache\jln392647155201186083\jln17239666386496056190\natives\windows-amd64\gluegen_rt.dll
0x00007ffa4d400000 - 0x00007ffa4d407000 	C:\Program Files\Processing\app\resources\jdk-17.0.14+7\bin\jawt.dll
0x00007ffa4cd50000 - 0x00007ffa4cd5d000 	C:\Users\danil\AppData\Local\Temp\jogamp_0000\file_cache\jln392647155201186083\jln17239666386496056190\natives\windows-amd64\nativewindow_awt.dll
0x00007ffa419e0000 - 0x00007ffa419f5000 	C:\Users\danil\AppData\Local\Temp\jogamp_0000\file_cache\jln392647155201186083\jln17239666386496056190\natives\windows-amd64\nativewindow_win32.dll
0x00007ffa3fac0000 - 0x00007ffa3fb43000 	C:\Users\danil\AppData\Local\Temp\jogamp_0000\file_cache\jln392647155201186083\jln17239666386496056190\natives\windows-amd64\jogl_desktop.dll
0x00007ffa24380000 - 0x00007ffa243d2000 	C:\Users\danil\AppData\Local\Temp\jogamp_0000\file_cache\jln392647155201186083\jln17239666386496056190\natives\windows-amd64\jogl_mobile.dll
0x00007ffa73470000 - 0x00007ffa734d1000 	C:\WINDOWS\SYSTEM32\directxdatabasehelper.dll
0x00007ffa665e0000 - 0x00007ffa665fd000 	C:\WINDOWS\SYSTEM32\windows.staterepositorycore.dll
0x00007ff9b0460000 - 0x00007ff9b1433000 	C:\WINDOWS\System32\DriverStore\FileRepository\iigd_dch.inf_amd64_225f37aa3862fc3f\igxelpicd64.dll
0x00007ffa78040000 - 0x00007ffa7817e000 	C:\WINDOWS\system32\dxgi.dll
0x00007ff9ec6a0000 - 0x00007ff9ecb27000 	C:\WINDOWS\System32\DriverStore\FileRepository\iigd_dch.inf_amd64_225f37aa3862fc3f\igdml64.dll
0x00007ffa7a000000 - 0x00007ffa7a051000 	C:\WINDOWS\SYSTEM32\cfgmgr32.dll
0x00007ffa704b0000 - 0x00007ffa70871000 	C:\WINDOWS\System32\DriverStore\FileRepository\iigd_dch.inf_amd64_225f37aa3862fc3f\igdgmm64.dll
0x00007ffa6d290000 - 0x00007ffa70496000 	C:\WINDOWS\System32\DriverStore\FileRepository\iigd_dch.inf_amd64_225f37aa3862fc3f\igc64.dll
0x00007ffa41800000 - 0x00007ffa41819000 	C:\Users\danil\AppData\Local\Temp\jogamp_0000\file_cache\jln392647155201186083\jln17239666386496056190\natives\windows-amd64\newt_head.dll
0x00007ffa6bce0000 - 0x00007ffa6bd9f000 	C:\WINDOWS\SYSTEM32\mscms.dll
0x00007ffa111b0000 - 0x00007ffa111f9000 	C:\WINDOWS\SYSTEM32\icm32.dll
0x00007ffa7cc70000 - 0x00007ffa7d0f7000 	C:\WINDOWS\System32\setupapi.dll
0x00007ffa79fd0000 - 0x00007ffa79ffd000 	C:\WINDOWS\SYSTEM32\DEVOBJ.dll
0x00007ffa7b4e0000 - 0x00007ffa7b562000 	C:\WINDOWS\System32\WINTRUST.dll
0x00007ffa7b660000 - 0x00007ffa7b7d8000 	C:\WINDOWS\System32\CRYPT32.dll
0x00007ffa79ba0000 - 0x00007ffa79bb3000 	C:\WINDOWS\SYSTEM32\MSASN1.dll
0x00007ffa4d4c0000 - 0x00007ffa4d606000 	C:\WINDOWS\SYSTEM32\textinputframework.dll
0x00007ffa76ea0000 - 0x00007ffa76fc7000 	C:\WINDOWS\SYSTEM32\CoreMessaging.dll
0x00007ffa726c0000 - 0x00007ffa729a2000 	C:\WINDOWS\SYSTEM32\CoreUIComponents.dll
0x00007ffa737b0000 - 0x00007ffa7391a000 	C:\WINDOWS\SYSTEM32\wintypes.dll

dbghelp: loaded successfully - version: 4.0.5 - missing functions: none
symbol engine: initialized successfully - sym options: 0x614 - pdb path: .;C:\Program Files\Processing\app\resources\jdk-17.0.14+7\bin;C:\WINDOWS\SYSTEM32;C:\WINDOWS\WinSxS\amd64_microsoft.windows.common-controls_6595b64144ccf1df_6.0.26100.8457_none_3e0b2faee331e92d;C:\Program Files\Processing\app\resources\jdk-17.0.14+7\bin\server;C:\Users\danil\AppData\Local\Temp\jogamp_0000\file_cache\jln392647155201186083\jln17239666386496056190\natives\windows-amd64;C:\WINDOWS\System32\DriverStore\FileRepository\iigd_dch.inf_amd64_225f37aa3862fc3f

VM Arguments:
jvm_args: -agentlib:jdwp=transport=dt_socket,address=8560,server=y,suspend=y,quiet=y -Xms64m -Xmx1024m -Djna.nosys=true -Djava.library.path=;C:\Program Files\Processing\app\resources\core\library;C:\Program Files\Processing;C:\WINDOWS\system32;C:\WINDOWS;C:\Program Files\PlasticSCM5\server;C:\Program Files\PlasticSCM5\client;C:\Program Files\Common Files\Oracle\Java\javapath;C:\Program Files (x86)\Common Files\Oracle\Java\javapath;C:\Windows\System32\HWAudioDriverLibs;C:\Windows\system32;C:\Windows;C:\Windows\System32\Wbem;C:\Windows\System32\WindowsPowerShell\v1.0;C:\Windows\System32\OpenSSH;C:\Program Files\Microsoft SQL Server\150\Tools\Binn;C:\Program Files\Microsoft SQL Server\Client SDK\ODBC\170\Tools\Binn;C:\Program Files\dotnet;D:\Windows Kits\10\Windows Performance Toolkit;C:\Program Files\Java\jdk-23\bin;C:\WINDOWS\system32;C:\WINDOWS;C:\WINDOWS\System32\Wbem;C:\WINDOWS\System32\WindowsPowerShell\v1.0;C:\WINDOWS\System32\OpenSSH;C:\Program Files\nodejs;C:\Program Files\Docker\Docker\resources\bin;C:\Program Files\TortoiseGit\bin;C:\Program Files\Git\cmd;C:\Users\danil\AppData\Local\Programs\Python\Python312\Scripts;C:\Users\danil\AppData\Local\Programs\Python\Python312;C:\Users\danil\AppData\Local\Microsoft\WindowsApps;C:\Users\danil\AppData\Local\Programs\Microsoft VS Code\bin;C:\Users\danil\AppData\Roaming\npm;D:\DataBase\18\bin;C:\Program Files\Processing\app;. -ea 
java_command: processing.core.PApplet --editor-location=-7,-7 --external --display=1 --sketch-path=C:\Users\danil\Desktop\Gravity_simul Gravity_simul
java_class_path (initial): C:\Users\danil\AppData\Local\Temp\processing\Gravity_simul13594093308945394142temp;C:\Program Files\Processing\app\resources\core\library\annotations-13.0.jar;C:\Program Files\Processing\app\resources\core\library\antlr-2.7.7.jar;C:\Program Files\Processing\app\resources\core\library\core-4.4.1.jar;C:\Program Files\Processing\app\resources\core\library\gluegen-rt-2.5.0-natives-android-aarch64.jar;C:\Program Files\Processing\app\resources\core\library\gluegen-rt-2.5.0-natives-linux-aarch64.jar;C:\Program Files\Processing\app\resources\core\library\gluegen-rt-2.5.0-natives-linux-amd64.jar;C:\Program Files\Processing\app\resources\core\library\gluegen-rt-2.5.0-natives-linux-armv6hf.jar;C:\Program Files\Processing\app\resources\core\library\gluegen-rt-2.5.0-natives-macosx-universal.jar;C:\Program Files\Processing\app\resources\core\library\gluegen-rt-2.5.0-natives-windows-amd64.jar;C:\Program Files\Processing\app\resources\core\library\gluegen-rt-2.5.0.jar;C:\Program Files\Processing\app\resources\core\library\gluegen-rt-main-2.5.0.jar;C:\Program Files\Processing\app\resources\core\library\jogl-all-2.5.0-natives-android-aarch64.jar;C:\Program Files\Processing\app\resources\core\library\jogl-all-2.5.0-natives-linux-aarch64.jar;C:\Program Files\Processing\app\resources\core\library\jogl-all-2.5.0-natives-linux-amd64.jar;C:\Program Files\Processing\app\resources\core\library\jogl-all-2.5.0-natives-linux-armv6hf.jar;C:\Program Files\Processing\app\resources\core\library\jogl-all-2.5.0-natives-macosx-universal.jar;C:\Program Files\Processing\app\resources\core\library\jogl-all-2.5.0-natives-windows-amd64.jar;C:\Program Files\Processing\app\resources\core\library\jogl-all-2.5.0.jar;C:\Program Files\Processing\app\resources\core\library\jogl-all-main-2.5.0.jar;C:\Program Files\Processing\app\resources\core\library\kotlin-stdlib-2.0.20.jar
Launcher Type: SUN_STANDARD

[Global flags]
     intx CICompilerCount                          = 4                                         {product} {ergonomic}
     uint ConcGCThreads                            = 2                                         {product} {ergonomic}
     uint G1ConcRefinementThreads                  = 8                                         {product} {ergonomic}
   size_t G1HeapRegionSize                         = 1048576                                   {product} {ergonomic}
    uintx GCDrainStackTargetSize                   = 64                                        {product} {ergonomic}
   size_t InitialHeapSize                          = 67108864                                  {product} {command line}
   size_t MarkStackSize                            = 4194304                                   {product} {ergonomic}
   size_t MaxHeapSize                              = 1073741824                                {product} {command line}
   size_t MaxNewSize                               = 643825664                                 {product} {ergonomic}
   size_t MinHeapDeltaBytes                        = 1048576                                   {product} {ergonomic}
   size_t MinHeapSize                              = 67108864                                  {product} {command line}
    uintx NonNMethodCodeHeapSize                   = 5839372                                {pd product} {ergonomic}
    uintx NonProfiledCodeHeapSize                  = 122909434                              {pd product} {ergonomic}
    uintx ProfiledCodeHeapSize                     = 122909434                              {pd product} {ergonomic}
    uintx ReservedCodeCacheSize                    = 251658240                              {pd product} {ergonomic}
     bool SegmentedCodeCache                       = true                                      {product} {ergonomic}
   size_t SoftMaxHeapSize                          = 1073741824                             {manageable} {ergonomic}
     bool UseCompressedClassPointers               = true                           {product lp64_product} {ergonomic}
     bool UseCompressedOops                        = true                           {product lp64_product} {ergonomic}
     bool UseG1GC                                  = true                                      {product} {ergonomic}
     bool UseLargePagesIndividualAllocation        = false                                  {pd product} {ergonomic}

Logging:
Log output configuration:
 #0: stdout all=off uptime,level,tags
 #1: stderr all=off uptime,level,tags

Environment Variables:
JAVA_HOME=C:\Program Files\Java\jdk-23
PATH=C:\Program Files\PlasticSCM5\server;C:\Program Files\PlasticSCM5\client;C:\Program Files\Common Files\Oracle\Java\javapath;C:\Program Files (x86)\Common Files\Oracle\Java\javapath;C:\Windows\System32\HWAudioDriverLibs;C:\Windows\system32;C:\Windows;C:\Windows\System32\Wbem;C:\Windows\System32\WindowsPowerShell\v1.0\;C:\Windows\System32\OpenSSH\;C:\Users\Administrator\AppData\Local\Microsoft\WindowsApps;C:\Program Files\Microsoft SQL Server\150\Tools\Binn\;C:\Program Files\Microsoft SQL Server\Client SDK\ODBC\170\Tools\Binn\;C:\Program Files\dotnet\;D:\Windows Kits\10\Windows Performance Toolkit\;C:\Program Files\Java\jdk-23\bin;C:\WINDOWS\system32;C:\WINDOWS;C:\WINDOWS\System32\Wbem;C:\WINDOWS\System32\WindowsPowerShell\v1.0\;C:\WINDOWS\System32\OpenSSH\;C:\Program Files\nodejs\;C:\Program Files\Docker\Docker\resources\bin;C:\Program Files\TortoiseGit\bin;C:\Program Files\Git\cmd;C:\Users\danil\AppData\Local\Programs\Python\Python312\Scripts\;C:\Users\danil\AppData\Local\Programs\Python\Python312\;C:\Users\danil\AppData\Local\Microsoft\WindowsApps;C:\Users\danil\.dotnet\tools;C:\Users\danil\AppData\Local\Programs\Microsoft VS Code\bin;C:\Users\danil\AppData\Roaming\npm;D:\DataBase\18\bin;C:\Program Files\Processing\app
USERNAME=danil
OS=Windows_NT
PROCESSOR_IDENTIFIER=Intel64 Family 6 Model 140 Stepping 2, GenuineIntel
TMP=C:\Users\danil\AppData\Local\Temp
TEMP=C:\Users\danil\AppData\Local\Temp



Periodic native trim disabled


---------------  S Y S T E M  ---------------

OS:
 Windows 11 , 64 bit Build 26100 (10.0.26100.8328)
OS uptime: 0 days 3:59 hours
Hyper-V role detected

CPU: total 8 (initial active 8) (4 cores per cpu, 2 threads per core) family 6 model 140 stepping 2 microcode 0x16, cx8, cmov, fxsr, ht, mmx, 3dnowpref, sse, sse2, sse3, ssse3, sse4.1, sse4.2, popcnt, lzcnt, tsc, tscinvbit, avx, avx2, aes, erms, clmul, bmi1, bmi2, adx, avx512f, avx512dq, avx512cd, avx512bw, avx512vl, sha, fma, vzeroupper, avx512_vpopcntdq, avx512_vpclmulqdq, avx512_vaes, avx512_vnni, clflush, clflushopt, clwb, avx512_vbmi2, avx512_vbmi, hv
Processor Information for all 8 processors :
  Max Mhz: 2496, Current Mhz: 2496, Mhz Limit: 2496

Memory: 4k page, system-wide physical 7975M (2274M free)
TotalPageFile size 17703M (AvailPageFile size 8011M)
current process WorkingSet (physical memory assigned to process): 738M, peak: 747M
current process commit charge ("private bytes"): 747M, peak: 773M

vm_info: OpenJDK 64-Bit Server VM (17.0.14+7) for windows-amd64 JRE (17.0.14+7), built on Jan 21 2025 23:40:15 by "admin" with MS VC++ 17.7 (VS2022)

END.
