#
# A fatal error has been detected by the Java Runtime Environment:
#
#  EXCEPTION_ACCESS_VIOLATION (0xc0000005) at pc=0x00007ff9b069b386, pid=39808, tid=39876
#
# JRE version: OpenJDK Runtime Environment Temurin-17.0.14+7 (17.0.14+7) (build 17.0.14+7)
# Java VM: OpenJDK 64-Bit Server VM Temurin-17.0.14+7 (17.0.14+7, mixed mode, sharing, tiered, compressed oops, compressed class ptrs, g1 gc, windows-amd64)
# Problematic frame:
# C  [igxelpicd64.dll+0x23b386]
#
# No core dump will be written. Minidumps are not enabled by default on client versions of Windows
#
# If you would like to submit a bug report, please visit:
#   https://github.com/adoptium/adoptium-support/issues
#

---------------  S U M M A R Y ------------

Command Line: -agentlib:jdwp=transport=dt_socket,address=8045,server=y,suspend=y,quiet=y -Xms64m -Xmx1024m -Djna.nosys=true -Djava.library.path=;C:\Program Files\Processing\app\resources\core\library;C:\Program Files\Processing;C:\WINDOWS\system32;C:\WINDOWS;C:\Program Files\PlasticSCM5\server;C:\Program Files\PlasticSCM5\client;C:\Program Files\Common Files\Oracle\Java\javapath;C:\Program Files (x86)\Common Files\Oracle\Java\javapath;C:\Windows\System32\HWAudioDriverLibs;C:\Windows\system32;C:\Windows;C:\Windows\System32\Wbem;C:\Windows\System32\WindowsPowerShell\v1.0;C:\Windows\System32\OpenSSH;C:\Program Files\Microsoft SQL Server\150\Tools\Binn;C:\Program Files\Microsoft SQL Server\Client SDK\ODBC\170\Tools\Binn;C:\Program Files\dotnet;D:\Windows Kits\10\Windows Performance Toolkit;C:\Program Files\Java\jdk-23\bin;C:\WINDOWS\system32;C:\WINDOWS;C:\WINDOWS\System32\Wbem;C:\WINDOWS\System32\WindowsPowerShell\v1.0;C:\WINDOWS\System32\OpenSSH;C:\Program Files\nodejs;C:\Program Files\Docker\Docker\resources\bin;C:\Program Files\TortoiseGit\bin;C:\Program Files\Git\cmd;C:\Users\danil\AppData\Local\Programs\Python\Python312\Scripts;C:\Users\danil\AppData\Local\Programs\Python\Python312;C:\Users\danil\AppData\Local\Microsoft\WindowsApps;C:\Users\danil\AppData\Local\Programs\Microsoft VS Code\bin;C:\Users\danil\AppData\Roaming\npm;D:\DataBase\18\bin;C:\Program Files\Processing\app;. -ea processing.core.PApplet --editor-location=-7,-7 --external --display=1 --sketch-path=C:\Users\danil\Desktop\Gravity_simul Gravity_simul

Host: 11th Gen Intel(R) Core(TM) i5-1155G7 @ 2.50GHz, 8 cores, 7G,  Windows 11 , 64 bit Build 26100 (10.0.26100.8328)
Time: Sat Jun 27 23:22:43 2026 RTZ 3 (s 11 , 64 bit Build 26100 (10.0.26100.8328) elapsed time: 21.478679 seconds (0d 0h 0m 21s)

---------------  T H R E A D  ---------------

Current thread (0x000001897ec56b20):  VMThread "VM Thread" [stack: 0x0000002067a00000,0x0000002067b00000] [id=39876]

Stack: [0x0000002067a00000,0x0000002067b00000],  sp=0x0000002067afe4d0,  free space=1017k
Native frames: (J=compiled Java code, j=interpreted, Vv=VM code, C=native code)
C  [igxelpicd64.dll+0x23b386]


siginfo: EXCEPTION_ACCESS_VIOLATION (0xc0000005), reading address 0x0000000000035468


Registers:
RAX=0x00000189580f5c80, RBX=0x000001897fb35e10, RCX=0x0000000000000004, RDX=0x0000000000000000
RSP=0x0000002067afe4d0, RBP=0x0000000000000000, RSI=0x00000189580f5a80, RDI=0x000001897f46c070
R8 =0x00000189580f5b80, R9 =0x0000002066eda000, R10=0x0000000000000000, R11=0x0000000000000246
R12=0x00000189580f5a80, R13=0x0000000000000000, R14=0x00000189580f5fc8, R15=0x00000189580f6bf0
RIP=0x00007ff9b069b386, EFLAGS=0x0000000000010202


Register to memory mapping:

RIP=0x00007ff9b069b386 igxelpicd64.dll
RAX=0x00000189580f5c80 points into unknown readable memory: 0x00000000000227f5 | f5 27 02 00 00 00 00 00
RBX=0x000001897fb35e10 points into unknown readable memory: 0xffffffffffffffff | ff ff ff ff ff ff ff ff
RCX=0x0000000000000004 is an unknown value
RDX=0x0 is NULL
RSP=0x0000002067afe4d0 points into unknown readable memory: 0x000001897fb35e10 | 10 5e b3 7f 89 01 00 00
RBP=0x0 is NULL
RSI=0x00000189580f5a80 points into unknown readable memory: 0x000001897fa233c0 | c0 33 a2 7f 89 01 00 00
RDI=0x000001897f46c070 points into unknown readable memory: 0x6e2f6176616a4c00 | 00 4c 6a 61 76 61 2f 6e
R8 =0x00000189580f5b80 points into unknown readable memory: 0x0000000000000000 | 00 00 00 00 00 00 00 00
R9 =0x0000002066eda000 points into unknown readable memory: 0x0000000000000000 | 00 00 00 00 00 00 00 00
R10=0x0 is NULL
R11=0x0000000000000246 is an unknown value
R12=0x00000189580f5a80 points into unknown readable memory: 0x000001897fa233c0 | c0 33 a2 7f 89 01 00 00
R13=0x0 is NULL
R14=0x00000189580f5fc8 points into unknown readable memory: 0x00000189580f6bf0 | f0 6b 0f 58 89 01 00 00
R15=0x00000189580f6bf0 points into unknown readable memory: 0x000001897fa233c0 | c0 33 a2 7f 89 01 00 00


Top of Stack: (sp=0x0000002067afe4d0)
0x0000002067afe4d0:   000001897fb35e10 00007ff9b04d0ab4
0x0000002067afe4e0:   0000000000000000 0000018957fb33a0
0x0000002067afe4f0:   0000001600000000 0000000000000000
0x0000002067afe500:   0000018900000000 0000018957faf580
0x0000002067afe510:   000001897fb35e10 0000018957f73000
0x0000002067afe520:   000001895a6a0504 000001895a3d5000
0x0000002067afe530:   02db39a602a81c00 0000018957fb39a0
0x0000002067afe540:   00b3e9a603a7cba6 00007000196fe000
0x0000002067afe550:   0326f4a70133c2a7 031e5ea90399e2a8
0x0000002067afe560:   036a28aa00000000 035b9aaa02fe53aa
0x0000002067afe570:   022dceaa02eccdaa 02fe53ab02bf12ab
0x0000002067afe580:   02b97dab02e266ab 036fedab021f82ab
0x0000002067afe590:   03990eac01e702ac 02c01eac039d16ac
0x0000002067afe5a0:   0000000000000000 0000000000000000
0x0000002067afe5b0:   0366020000000000 00007ffa7dbc5b54
0x0000002067afe5c0:   0000000000000000 0000000000000000
0x0000002067afe5d0:   0000002067afe770 00007ffa7be21259
0x0000002067afe5e0:   0000002067afe668 0000000000000000
0x0000002067afe5f0:   0000000000000054 0000000000000000
0x0000002067afe600:   0000000000000000 00007ffa7dbc5cc4
0x0000002067afe610:   000000007a000004 005273b3035461b3
0x0000002067afe620:   0000f7169eafc590 001040007a000004
0x0000002067afe630:   0000018957fa7c38 0000000000022c27
0x0000002067afe640:   0000000000000000 0000000000000016
0x0000002067afe650:   0000000000000000 0000000000000000
0x0000002067afe660:   0000002067afe770 00007ff9b06c82ae
0x0000002067afe670:   000001897f46c070 0000000000000000
0x0000002067afe680:   000001897f46c070 000010027a000004
0x0000002067afe690:   00000020000009e8 00007404006b0000
0x0000002067afe6a0:   0000000000000000 033838be036430be
0x0000002067afe6b0:   0000000000000000 000010027a000004
0x0000002067afe6c0:   038ec2bf02f831bf 0000000000000000 

Instructions: (pc=0x00007ff9b069b386)
0x00007ff9b069b286:   00 90 4c 8b bf 80 02 00 00 48 8b 05 9a 85 bd 00
0x00007ff9b069b296:   8b 80 c8 0a 00 00 89 44 24 24 c6 44 24 20 00 48
0x00007ff9b069b2a6:   c7 87 80 02 00 00 00 00 00 00 c7 87 88 02 00 00
0x00007ff9b069b2b6:   00 00 00 00 48 c7 87 a0 02 00 00 00 00 00 00 48
0x00007ff9b069b2c6:   c7 87 90 02 00 00 00 00 00 00 48 85 ed 75 3d 8b
0x00007ff9b069b2d6:   35 0d 77 cd 00 65 48 8b 04 25 58 00 00 00 b9 14
0x00007ff9b069b2e6:   00 00 00 48 8b 04 f0 40 38 2c 01 0f 84 c9 e7 75
0x00007ff9b069b2f6:   00 65 48 8b 04 25 58 00 00 00 bd 20 00 00 00 48
0x00007ff9b069b306:   8b 04 f0 48 8b 2c 28 48 89 6c 24 28 48 3b 2d 07
0x00007ff9b069b316:   9b cd 00 0f 84 9b 10 00 00 4d 85 ff 0f 84 3a 01
0x00007ff9b069b326:   00 00 0f 1f 84 00 00 00 00 00 49 8b f7 4d 8b e7
0x00007ff9b069b336:   4d 8d b7 48 05 00 00 4d 8b 3e 45 84 ed 0f 85 d9
0x00007ff9b069b346:   0e 00 00 8b 8f d0 01 00 00 48 8b 05 da 84 bd 00
0x00007ff9b069b356:   83 b8 64 03 00 00 02 75 34 4d 8d 84 24 00 01 00
0x00007ff9b069b366:   00 83 f9 10 0f 83 3a 01 00 00 8b c1 48 c1 e0 06
0x00007ff9b069b376:   49 03 c0 48 85 c0 0f 84 9b 01 00 00 48 8b 50 08
0x00007ff9b069b386:   48 3b 95 68 54 03 00 0f 87 b6 0e 00 00 48 83 be
0x00007ff9b069b396:   c0 05 00 00 00 0f 85 50 e7 75 00 44 8b 8f d0 01
0x00007ff9b069b3a6:   00 00 48 8b 87 e8 01 00 00 4c 8b 00 8b 8f d0 01
0x00007ff9b069b3b6:   00 00 48 8d 9e 00 01 00 00 83 f9 10 0f 83 1e 01
0x00007ff9b069b3c6:   00 00 8b c1 48 c1 e0 06 48 03 c3 48 85 c0 0f 84
0x00007ff9b069b3d6:   4a 01 00 00 4c 39 40 08 0f 86 40 01 00 00 48 8b
0x00007ff9b069b3e6:   87 80 02 00 00 49 89 06 48 89 b7 80 02 00 00 ff
0x00007ff9b069b3f6:   87 88 02 00 00 48 8b 4e 08 48 8b 01 ba 01 00 00
0x00007ff9b069b406:   00 48 8b 80 e0 02 00 00 ff 15 f4 c1 88 00 0f b7
0x00007ff9b069b416:   c8 48 2b c1 48 05 00 00 01 00 48 01 87 90 02 00
0x00007ff9b069b426:   00 48 8b 4e 08 48 8b 01 ba 01 00 00 00 48 8b 80
0x00007ff9b069b436:   e0 02 00 00 ff 15 c8 c1 88 00 48 01 87 a0 02 00
0x00007ff9b069b446:   00 0f b6 54 24 20 4d 85 ff 0f 85 db fe ff ff 84
0x00007ff9b069b456:   d2 0f 85 37 0f 00 00 48 8b 5c 24 40 48 8b cf 80
0x00007ff9b069b466:   7c 24 22 00 0f 85 40 0f 00 00 e8 3b f9 ff ff 90
0x00007ff9b069b476:   48 8b cb ff 15 99 bc 88 00 48 8b 8c 24 50 01 00 


Stack slot to memory mapping:
stack at sp + 0 slots: 0x000001897fb35e10 points into unknown readable memory: 0xffffffffffffffff | ff ff ff ff ff ff ff ff
stack at sp + 1 slots: 0x00007ff9b04d0ab4 igxelpicd64.dll
stack at sp + 2 slots: 0x0 is NULL
stack at sp + 3 slots: 0x0000018957fb33a0 points into unknown readable memory: 0x0000000000000db6 | b6 0d 00 00 00 00 00 00
stack at sp + 4 slots: 0x0000001600000000 is an unknown value
stack at sp + 5 slots: 0x0 is NULL
stack at sp + 6 slots: 0x0000018900000000 points into unknown readable memory: 0x0000000000000007 | 07 00 00 00 00 00 00 00
stack at sp + 7 slots: 0x0000018957faf580 points into unknown readable memory: 0x0000018957faf5f0 | f0 f5 fa 57 89 01 00 00

VM_Operation (0x0000002069cfe7f0): Exit, mode: safepoint, requested by thread 0x0000018957b65760


---------------  P R O C E S S  ---------------

Threads class SMR info:
_java_thread_list=0x0000018957461060, length=219, elements={
0x000001897ec5b270, 0x000001897ec5db50, 0x000001897ec73df0, 0x000001897ec746c0,
0x000001897ec755a0, 0x000001897ec75e70, 0x000001897ec7aa90, 0x000001897ec85880,
0x000001897ec88950, 0x000001897ef1b630, 0x000001897ef4df60, 0x000001897ef50870,
0x000001897ef51780, 0x000001897ef58820, 0x000001897f3a8b60, 0x000001897f3fa420,
0x0000018957b65760, 0x000001897f4ae7f0, 0x000001897f4aed00, 0x000001897f4ac990,
0x000001897f4addd0, 0x000001897f4ad3b0, 0x000001897f4af210, 0x000001897f4af720,
0x000001897f4b0140, 0x0000018968601b90, 0x00000189685fe3e0, 0x00000189685ff310,
0x00000189685ff820, 0x00000189685ffd30, 0x00000189685fee00, 0x0000018968601680,
0x00000189686020a0, 0x0000018968600240, 0x00000189685fe8f0, 0x00000189686025b0,
0x0000018968602fd0, 0x0000018968602ac0, 0x00000189686039f0, 0x00000189686034e0,
0x0000018968603f00, 0x0000018968600750, 0x0000018968604410, 0x0000018968600c60,
0x0000018968604920, 0x0000018968601170, 0x0000018968604e30, 0x0000018968605340,
0x0000018968605850, 0x0000018968605d60, 0x0000018958262350, 0x0000018958261e40,
0x000001895825fad0, 0x0000018958263280, 0x000001895825ffe0, 0x0000018958262860,
0x0000018958260a00, 0x0000018958260f10, 0x0000018958263790, 0x0000018958261420,
0x00000189582604f0, 0x0000018958261930, 0x0000018958263ca0, 0x0000018958265b00,
0x0000018958266520, 0x00000189582650e0, 0x00000189582641b0, 0x00000189582646c0,
0x0000018958262d70, 0x0000018958266010, 0x00000189582655f0, 0x0000018958266a30,
0x0000018958267450, 0x0000018958264bd0, 0x0000018958266f40, 0x00000189686f5fb0,
0x00000189686f73f0, 0x00000189686f5aa0, 0x00000189686f64c0, 0x00000189686f9c70,
0x00000189686f6ee0, 0x00000189686f9760, 0x00000189686fa180, 0x00000189686f69d0,
0x00000189686fa690, 0x00000189686f8830, 0x00000189686faba0, 0x00000189686fb0b0,
0x00000189686f7900, 0x00000189686fb5c0, 0x00000189686f7e10, 0x00000189686f8320,
0x00000189686f9250, 0x00000189686f8d40, 0x00000189686fbad0, 0x00000189686fc4f0,
0x00000189686fbfe0, 0x00000189686fca00, 0x00000189686fcf10, 0x00000189686fd420,
0x00000189686e2170, 0x00000189686e2680, 0x00000189686e1c60, 0x00000189686e1240,
0x00000189686e0310, 0x00000189686e0d30, 0x00000189686e1750, 0x00000189686e3ac0,
0x00000189686e2b90, 0x00000189686e30a0, 0x00000189686e35b0, 0x00000189686e0820,
0x00000189686e7780, 0x00000189686e6340, 0x00000189686e5410, 0x00000189686e5e30,
0x00000189686e44e0, 0x00000189686e6850, 0x00000189686e49f0, 0x00000189686e5920,
0x00000189686e6d60, 0x00000189686e4f00, 0x00000189686e7270, 0x00000189686e3fd0,
0x00000189686e7c90, 0x000001896847ba40, 0x000001896847bf50, 0x000001896847c460,
0x000001896847ce80, 0x000001896847c970, 0x000001896847b020, 0x000001896847d390,
0x000001896847d8a0, 0x000001896847ddb0, 0x000001896847e2c0, 0x000001896847e7d0,
0x000001896847b530, 0x0000018968481050, 0x0000018968481a70, 0x0000018968482490,
0x0000018968481f80, 0x000001896847ece0, 0x0000018968481560, 0x00000189684829a0,
0x0000018968480120, 0x0000018968480b40, 0x000001896847f1f0, 0x000001896847fc10,
0x000001896847f700, 0x0000018968463410, 0x0000018968465c90, 0x0000018968463920,
0x0000018968463e30, 0x00000189684661a0, 0x0000018968464340, 0x0000018968466bc0,
0x0000018968468000, 0x00000189684670d0, 0x00000189684675e0, 0x00000189684666b0,
0x0000018968467af0, 0x0000018968465780, 0x0000018968464d60, 0x0000018968465270,
0x0000018968464850, 0x000001896846ad90, 0x0000018968468510, 0x0000018968468f30,
0x0000018968469950, 0x0000018968468a20, 0x0000018968469440, 0x0000018968469e60,
0x000001896846a370, 0x000001896846a880, 0x0000018968480630, 0x0000018968448cd0,
0x00000189684496f0, 0x000001896844a620, 0x000001896844b550, 0x00000189684487c0,
0x000001896844c480, 0x0000018968449c00, 0x000001896844c990, 0x000001896844bf70,
0x00000189684491e0, 0x000001896844cea0, 0x000001896844ab30, 0x000001896844b040,
0x000001896844ba60, 0x000001896844d3b0, 0x000001896844d8c0, 0x000001896844a110,
0x000001896844ddd0, 0x000001896844e2e0, 0x000001896844e7f0, 0x000001896844ed00,
0x000001896844f720, 0x000001896844f210, 0x000001896844fc30, 0x0000018968450140,
0x00000189689054a0, 0x0000018968906df0, 0x00000189689059b0, 0x0000018968905ec0,
0x0000018968904570, 0x0000018968907300, 0x0000018968907810, 0x00000189689068e0,
0x00000189689063d0, 0x0000018968904060, 0x0000018968907d20, 0x0000018968908230,
0x0000018968904a80, 0x0000018968908740, 0x0000018968904f90, 0x0000018968908c50,
0x000001896890afc0, 0x000001896890b9e0, 0x000001896890b4d0
}

Java Threads: ( => current thread )
  0x000001897ec5b270 JavaThread "Reference Handler" daemon [_thread_blocked, id=39884, stack(0x0000002067b00000,0x0000002067c00000)]
  0x000001897ec5db50 JavaThread "Finalizer" daemon [_thread_blocked, id=39856, stack(0x0000002067c00000,0x0000002067d00000)]
  0x000001897ec73df0 JavaThread "Signal Dispatcher" daemon [_thread_blocked, id=39852, stack(0x0000002067d00000,0x0000002067e00000)]
  0x000001897ec746c0 JavaThread "Attach Listener" daemon [_thread_blocked, id=39848, stack(0x0000002067e00000,0x0000002067f00000)]
  0x000001897ec755a0 JavaThread "Service Thread" daemon [_thread_blocked, id=39868, stack(0x0000002067f00000,0x0000002068000000)]
  0x000001897ec75e70 JavaThread "Monitor Deflation Thread" daemon [_thread_blocked, id=39864, stack(0x0000002068000000,0x0000002068100000)]
  0x000001897ec7aa90 JavaThread "C2 CompilerThread0" daemon [_thread_blocked, id=39860, stack(0x0000002068100000,0x0000002068200000)]
  0x000001897ec85880 JavaThread "C1 CompilerThread0" daemon [_thread_blocked, id=39872, stack(0x0000002068200000,0x0000002068300000)]
  0x000001897ec88950 JavaThread "Sweeper thread" daemon [_thread_blocked, id=39780, stack(0x0000002068300000,0x0000002068400000)]
  0x000001897ef1b630 JavaThread "JDWP Transport Listener: dt_socket" daemon [_thread_blocked, id=39788, stack(0x0000002068400000,0x0000002068500000)]
  0x000001897ef4df60 JavaThread "JDWP Event Helper Thread" daemon [_thread_blocked, id=39880, stack(0x0000002068500000,0x0000002068600000)]
  0x000001897ef50870 JavaThread "JDWP Command Reader" daemon [_thread_blocked, id=39844, stack(0x0000002068600000,0x0000002068700000)]
  0x000001897ef51780 JavaThread "Notification Thread" daemon [_thread_blocked, id=39836, stack(0x0000002068700000,0x0000002068800000)]
  0x000001897ef58820 JavaThread "Common-Cleaner" daemon [_thread_blocked, id=39824, stack(0x0000002068900000,0x0000002068a00000)]
  0x000001897f3a8b60 JavaThread "Java2D Disposer" daemon [_thread_blocked, id=39792, stack(0x0000002068a00000,0x0000002068b00000)]
  0x000001897f3fa420 JavaThread "HighResTimerThread" daemon [_thread_blocked, id=40212, stack(0x0000002068b00000,0x0000002068c00000)]
  0x0000018957b65760 JavaThread "main-FPSAWTAnimator#00-Timer0" [_thread_blocked, id=40204, stack(0x0000002069c00000,0x0000002069d00000)]
  0x000001897f4ae7f0 JavaThread "DestroyJavaVM" [_thread_blocked, id=39892, stack(0x0000002067400000,0x0000002067500000)]
  0x000001897f4aed00 JavaThread "pool-1-thread-1" [_thread_blocked, id=40132, stack(0x0000002069f00000,0x000000206a000000)]
  0x000001897f4ac990 JavaThread "pool-1-thread-2" [_thread_blocked, id=40120, stack(0x000000206a000000,0x000000206a100000)]
  0x000001897f4addd0 JavaThread "pool-1-thread-3" [_thread_blocked, id=40176, stack(0x000000206a100000,0x000000206a200000)]
  0x000001897f4ad3b0 JavaThread "pool-1-thread-4" [_thread_blocked, id=40172, stack(0x000000206a200000,0x000000206a300000)]
  0x000001897f4af210 JavaThread "pool-1-thread-5" [_thread_blocked, id=40128, stack(0x000000206a300000,0x000000206a400000)]
  0x000001897f4af720 JavaThread "pool-1-thread-6" [_thread_blocked, id=40188, stack(0x000000206a400000,0x000000206a500000)]
  0x000001897f4b0140 JavaThread "pool-1-thread-7" [_thread_blocked, id=40184, stack(0x000000206a500000,0x000000206a600000)]
  0x0000018968601b90 JavaThread "pool-1-thread-8" [_thread_blocked, id=40168, stack(0x000000206a600000,0x000000206a700000)]
  0x00000189685fe3e0 JavaThread "pool-1-thread-9" [_thread_blocked, id=40136, stack(0x000000206a700000,0x000000206a800000)]
  0x00000189685ff310 JavaThread "pool-1-thread-10" [_thread_blocked, id=40180, stack(0x000000206a800000,0x000000206a900000)]
  0x00000189685ff820 JavaThread "pool-1-thread-11" [_thread_blocked, id=40144, stack(0x000000206a900000,0x000000206aa00000)]
  0x00000189685ffd30 JavaThread "pool-1-thread-12" [_thread_blocked, id=39092, stack(0x000000206aa00000,0x000000206ab00000)]
  0x00000189685fee00 JavaThread "pool-1-thread-13" [_thread_blocked, id=39084, stack(0x000000206ab00000,0x000000206ac00000)]
  0x0000018968601680 JavaThread "pool-1-thread-14" [_thread_blocked, id=36632, stack(0x000000206ac00000,0x000000206ad00000)]
  0x00000189686020a0 JavaThread "pool-1-thread-15" [_thread_blocked, id=39080, stack(0x000000206ad00000,0x000000206ae00000)]
  0x0000018968600240 JavaThread "pool-1-thread-16" [_thread_blocked, id=39076, stack(0x000000206ae00000,0x000000206af00000)]
  0x00000189685fe8f0 JavaThread "pool-1-thread-17" [_thread_blocked, id=38048, stack(0x000000206af00000,0x000000206b000000)]
  0x00000189686025b0 JavaThread "pool-1-thread-18" [_thread_blocked, id=36860, stack(0x000000206b000000,0x000000206b100000)]
  0x0000018968602fd0 JavaThread "pool-1-thread-19" [_thread_blocked, id=38056, stack(0x000000206b100000,0x000000206b200000)]
  0x0000018968602ac0 JavaThread "pool-1-thread-20" [_thread_blocked, id=38892, stack(0x000000206b200000,0x000000206b300000)]
  0x00000189686039f0 JavaThread "pool-1-thread-21" [_thread_blocked, id=40312, stack(0x000000206b300000,0x000000206b400000)]
  0x00000189686034e0 JavaThread "pool-1-thread-22" [_thread_blocked, id=40316, stack(0x000000206b400000,0x000000206b500000)]
  0x0000018968603f00 JavaThread "pool-1-thread-23" [_thread_blocked, id=40308, stack(0x000000206b500000,0x000000206b600000)]
  0x0000018968600750 JavaThread "pool-1-thread-24" [_thread_blocked, id=40336, stack(0x000000206b600000,0x000000206b700000)]
  0x0000018968604410 JavaThread "pool-1-thread-25" [_thread_blocked, id=40332, stack(0x000000206b700000,0x000000206b800000)]
  0x0000018968600c60 JavaThread "pool-1-thread-26" [_thread_blocked, id=40324, stack(0x000000206b800000,0x000000206b900000)]
  0x0000018968604920 JavaThread "pool-1-thread-27" [_thread_blocked, id=40424, stack(0x000000206b900000,0x000000206ba00000)]
  0x0000018968601170 JavaThread "pool-1-thread-28" [_thread_blocked, id=40408, stack(0x000000206ba00000,0x000000206bb00000)]
  0x0000018968604e30 JavaThread "pool-1-thread-29" [_thread_blocked, id=40404, stack(0x000000206bb00000,0x000000206bc00000)]
  0x0000018968605340 JavaThread "pool-1-thread-30" [_thread_blocked, id=40400, stack(0x000000206bc00000,0x000000206bd00000)]
  0x0000018968605850 JavaThread "pool-1-thread-31" [_thread_blocked, id=40428, stack(0x000000206bd00000,0x000000206be00000)]
  0x0000018968605d60 JavaThread "pool-1-thread-32" [_thread_blocked, id=40432, stack(0x000000206be00000,0x000000206bf00000)]
  0x0000018958262350 JavaThread "pool-1-thread-33" [_thread_blocked, id=40388, stack(0x000000206bf00000,0x000000206c000000)]
  0x0000018958261e40 JavaThread "pool-1-thread-34" [_thread_blocked, id=40436, stack(0x000000206c000000,0x000000206c100000)]
  0x000001895825fad0 JavaThread "pool-1-thread-35" [_thread_blocked, id=40368, stack(0x000000206c100000,0x000000206c200000)]
  0x0000018958263280 JavaThread "pool-1-thread-36" [_thread_blocked, id=40364, stack(0x000000206c200000,0x000000206c300000)]
  0x000001895825ffe0 JavaThread "pool-1-thread-37" [_thread_blocked, id=40356, stack(0x000000206c300000,0x000000206c400000)]
  0x0000018958262860 JavaThread "pool-1-thread-38" [_thread_blocked, id=40420, stack(0x000000206c400000,0x000000206c500000)]
  0x0000018958260a00 JavaThread "pool-1-thread-39" [_thread_blocked, id=40416, stack(0x000000206c500000,0x000000206c600000)]
  0x0000018958260f10 JavaThread "pool-1-thread-40" [_thread_blocked, id=40412, stack(0x000000206c600000,0x000000206c700000)]
  0x0000018958263790 JavaThread "pool-1-thread-41" [_thread_blocked, id=40440, stack(0x000000206c700000,0x000000206c800000)]
  0x0000018958261420 JavaThread "pool-1-thread-42" [_thread_blocked, id=40444, stack(0x000000206c800000,0x000000206c900000)]
  0x00000189582604f0 JavaThread "pool-1-thread-43" [_thread_blocked, id=40384, stack(0x000000206c900000,0x000000206ca00000)]
  0x0000018958261930 JavaThread "pool-1-thread-44" [_thread_blocked, id=40292, stack(0x000000206ca00000,0x000000206cb00000)]
  0x0000018958263ca0 JavaThread "pool-1-thread-45" [_thread_blocked, id=40288, stack(0x000000206cb00000,0x000000206cc00000)]
  0x0000018958265b00 JavaThread "pool-1-thread-46" [_thread_blocked, id=40344, stack(0x000000206cc00000,0x000000206cd00000)]
  0x0000018958266520 JavaThread "pool-1-thread-47" [_thread_blocked, id=40340, stack(0x000000206cd00000,0x000000206ce00000)]
  0x00000189582650e0 JavaThread "pool-1-thread-48" [_thread_blocked, id=40396, stack(0x000000206ce00000,0x000000206cf00000)]
  0x00000189582641b0 JavaThread "pool-1-thread-49" [_thread_blocked, id=40328, stack(0x000000206cf00000,0x000000206d000000)]
  0x00000189582646c0 JavaThread "pool-1-thread-50" [_thread_blocked, id=40304, stack(0x000000206d000000,0x000000206d100000)]
  0x0000018958262d70 JavaThread "pool-1-thread-51" [_thread_blocked, id=40380, stack(0x000000206d100000,0x000000206d200000)]
  0x0000018958266010 JavaThread "pool-1-thread-52" [_thread_blocked, id=40376, stack(0x000000206d200000,0x000000206d300000)]
  0x00000189582655f0 JavaThread "pool-1-thread-53" [_thread_blocked, id=40372, stack(0x000000206d300000,0x000000206d400000)]
  0x0000018958266a30 JavaThread "pool-1-thread-54" [_thread_blocked, id=40392, stack(0x000000206d400000,0x000000206d500000)]
  0x0000018958267450 JavaThread "pool-1-thread-55" [_thread_blocked, id=40300, stack(0x000000206d500000,0x000000206d600000)]
  0x0000018958264bd0 JavaThread "pool-1-thread-56" [_thread_blocked, id=40296, stack(0x000000206d600000,0x000000206d700000)]
  0x0000018958266f40 JavaThread "pool-1-thread-57" [_thread_blocked, id=40360, stack(0x000000206d700000,0x000000206d800000)]
  0x00000189686f5fb0 JavaThread "pool-1-thread-58" [_thread_blocked, id=40352, stack(0x000000206d800000,0x000000206d900000)]
  0x00000189686f73f0 JavaThread "pool-1-thread-59" [_thread_blocked, id=40348, stack(0x000000206d900000,0x000000206da00000)]
  0x00000189686f5aa0 JavaThread "pool-1-thread-60" [_thread_blocked, id=40320, stack(0x000000206da00000,0x000000206db00000)]
  0x00000189686f64c0 JavaThread "pool-1-thread-61" [_thread_blocked, id=29312, stack(0x000000206db00000,0x000000206dc00000)]
  0x00000189686f9c70 JavaThread "pool-1-thread-62" [_thread_blocked, id=38060, stack(0x000000206dc00000,0x000000206dd00000)]
  0x00000189686f6ee0 JavaThread "pool-1-thread-63" [_thread_blocked, id=38064, stack(0x000000206dd00000,0x000000206de00000)]
  0x00000189686f9760 JavaThread "pool-1-thread-64" [_thread_blocked, id=2840, stack(0x000000206de00000,0x000000206df00000)]
  0x00000189686fa180 JavaThread "pool-1-thread-65" [_thread_blocked, id=29340, stack(0x000000206df00000,0x000000206e000000)]
  0x00000189686f69d0 JavaThread "pool-1-thread-66" [_thread_blocked, id=29320, stack(0x000000206e000000,0x000000206e100000)]
  0x00000189686fa690 JavaThread "pool-1-thread-67" [_thread_blocked, id=38072, stack(0x000000206e100000,0x000000206e200000)]
  0x00000189686f8830 JavaThread "pool-1-thread-68" [_thread_blocked, id=38080, stack(0x000000206e200000,0x000000206e300000)]
  0x00000189686faba0 JavaThread "pool-1-thread-69" [_thread_blocked, id=38076, stack(0x000000206e300000,0x000000206e400000)]
  0x00000189686fb0b0 JavaThread "pool-1-thread-70" [_thread_blocked, id=38084, stack(0x000000206e400000,0x000000206e500000)]
  0x00000189686f7900 JavaThread "pool-1-thread-71" [_thread_blocked, id=38088, stack(0x000000206e500000,0x000000206e600000)]
  0x00000189686fb5c0 JavaThread "pool-1-thread-72" [_thread_blocked, id=25108, stack(0x000000206e600000,0x000000206e700000)]
  0x00000189686f7e10 JavaThread "pool-1-thread-73" [_thread_blocked, id=38096, stack(0x000000206e700000,0x000000206e800000)]
  0x00000189686f8320 JavaThread "pool-1-thread-74" [_thread_blocked, id=38100, stack(0x000000206e800000,0x000000206e900000)]
  0x00000189686f9250 JavaThread "pool-1-thread-75" [_thread_blocked, id=38092, stack(0x000000206e900000,0x000000206ea00000)]
  0x00000189686f8d40 JavaThread "pool-1-thread-76" [_thread_blocked, id=38124, stack(0x000000206ea00000,0x000000206eb00000)]
  0x00000189686fbad0 JavaThread "pool-1-thread-77" [_thread_blocked, id=38120, stack(0x000000206eb00000,0x000000206ec00000)]
  0x00000189686fc4f0 JavaThread "pool-1-thread-78" [_thread_blocked, id=36908, stack(0x000000206ec00000,0x000000206ed00000)]
  0x00000189686fbfe0 JavaThread "pool-1-thread-79" [_thread_blocked, id=36912, stack(0x000000206ed00000,0x000000206ee00000)]
  0x00000189686fca00 JavaThread "pool-1-thread-80" [_thread_blocked, id=38132, stack(0x000000206ee00000,0x000000206ef00000)]
  0x00000189686fcf10 JavaThread "pool-1-thread-81" [_thread_blocked, id=38512, stack(0x000000206ef00000,0x000000206f000000)]
  0x00000189686fd420 JavaThread "pool-1-thread-82" [_thread_blocked, id=38136, stack(0x000000206f000000,0x000000206f100000)]
  0x00000189686e2170 JavaThread "pool-1-thread-83" [_thread_blocked, id=38140, stack(0x000000206f100000,0x000000206f200000)]
  0x00000189686e2680 JavaThread "pool-1-thread-84" [_thread_blocked, id=37852, stack(0x000000206f200000,0x000000206f300000)]
  0x00000189686e1c60 JavaThread "pool-1-thread-85" [_thread_blocked, id=38152, stack(0x000000206f300000,0x000000206f400000)]
  0x00000189686e1240 JavaThread "pool-1-thread-86" [_thread_blocked, id=38148, stack(0x000000206f400000,0x000000206f500000)]
  0x00000189686e0310 JavaThread "pool-1-thread-87" [_thread_blocked, id=38144, stack(0x000000206f500000,0x000000206f600000)]
  0x00000189686e0d30 JavaThread "pool-1-thread-88" [_thread_blocked, id=37080, stack(0x000000206f600000,0x000000206f700000)]
  0x00000189686e1750 JavaThread "pool-1-thread-89" [_thread_blocked, id=34552, stack(0x000000206f700000,0x000000206f800000)]
  0x00000189686e3ac0 JavaThread "pool-1-thread-90" [_thread_blocked, id=36452, stack(0x000000206f800000,0x000000206f900000)]
  0x00000189686e2b90 JavaThread "pool-1-thread-91" [_thread_blocked, id=35492, stack(0x000000206f900000,0x000000206fa00000)]
  0x00000189686e30a0 JavaThread "pool-1-thread-92" [_thread_blocked, id=39364, stack(0x000000206fa00000,0x000000206fb00000)]
  0x00000189686e35b0 JavaThread "pool-1-thread-93" [_thread_blocked, id=39368, stack(0x000000206fb00000,0x000000206fc00000)]
  0x00000189686e0820 JavaThread "pool-1-thread-94" [_thread_blocked, id=40608, stack(0x000000206fc00000,0x000000206fd00000)]
  0x00000189686e7780 JavaThread "pool-1-thread-95" [_thread_blocked, id=40612, stack(0x000000206fd00000,0x000000206fe00000)]
  0x00000189686e6340 JavaThread "pool-1-thread-96" [_thread_blocked, id=40616, stack(0x000000206fe00000,0x000000206ff00000)]
  0x00000189686e5410 JavaThread "pool-1-thread-97" [_thread_blocked, id=40620, stack(0x000000206ff00000,0x0000002070000000)]
  0x00000189686e5e30 JavaThread "pool-1-thread-98" [_thread_blocked, id=40596, stack(0x0000002070000000,0x0000002070100000)]
  0x00000189686e44e0 JavaThread "pool-1-thread-99" [_thread_blocked, id=40604, stack(0x0000002070100000,0x0000002070200000)]
  0x00000189686e6850 JavaThread "pool-1-thread-100" [_thread_blocked, id=40716, stack(0x0000002070200000,0x0000002070300000)]
  0x00000189686e49f0 JavaThread "pool-1-thread-101" [_thread_blocked, id=40708, stack(0x0000002070300000,0x0000002070400000)]
  0x00000189686e5920 JavaThread "pool-1-thread-102" [_thread_blocked, id=40700, stack(0x0000002070400000,0x0000002070500000)]
  0x00000189686e6d60 JavaThread "pool-1-thread-103" [_thread_blocked, id=40688, stack(0x0000002070500000,0x0000002070600000)]
  0x00000189686e4f00 JavaThread "pool-1-thread-104" [_thread_blocked, id=40720, stack(0x0000002070600000,0x0000002070700000)]
  0x00000189686e7270 JavaThread "pool-1-thread-105" [_thread_blocked, id=40728, stack(0x0000002070700000,0x0000002070800000)]
  0x00000189686e3fd0 JavaThread "pool-1-thread-106" [_thread_blocked, id=40684, stack(0x0000002070800000,0x0000002070900000)]
  0x00000189686e7c90 JavaThread "pool-1-thread-107" [_thread_blocked, id=40712, stack(0x0000002070900000,0x0000002070a00000)]
  0x000001896847ba40 JavaThread "pool-1-thread-108" [_thread_blocked, id=40704, stack(0x0000002070a00000,0x0000002070b00000)]
  0x000001896847bf50 JavaThread "pool-1-thread-109" [_thread_blocked, id=40696, stack(0x0000002070b00000,0x0000002070c00000)]
  0x000001896847c460 JavaThread "pool-1-thread-110" [_thread_blocked, id=40692, stack(0x0000002070c00000,0x0000002070d00000)]
  0x000001896847ce80 JavaThread "pool-1-thread-111" [_thread_blocked, id=40724, stack(0x0000002070d00000,0x0000002070e00000)]
  0x000001896847c970 JavaThread "pool-1-thread-112" [_thread_blocked, id=40732, stack(0x0000002070e00000,0x0000002070f00000)]
  0x000001896847b020 JavaThread "pool-1-thread-113" [_thread_blocked, id=40664, stack(0x0000002070f00000,0x0000002071000000)]
  0x000001896847d390 JavaThread "pool-1-thread-114" [_thread_blocked, id=40656, stack(0x0000002071000000,0x0000002071100000)]
  0x000001896847d8a0 JavaThread "pool-1-thread-115" [_thread_blocked, id=40648, stack(0x0000002071100000,0x0000002071200000)]
  0x000001896847ddb0 JavaThread "pool-1-thread-116" [_thread_blocked, id=40676, stack(0x0000002071200000,0x0000002071300000)]
  0x000001896847e2c0 JavaThread "pool-1-thread-117" [_thread_blocked, id=40580, stack(0x0000002071300000,0x0000002071400000)]
  0x000001896847e7d0 JavaThread "pool-1-thread-118" [_thread_blocked, id=40680, stack(0x0000002071400000,0x0000002071500000)]
  0x000001896847b530 JavaThread "pool-1-thread-119" [_thread_blocked, id=40576, stack(0x0000002071500000,0x0000002071600000)]
  0x0000018968481050 JavaThread "pool-1-thread-120" [_thread_blocked, id=40640, stack(0x0000002071600000,0x0000002071700000)]
  0x0000018968481a70 JavaThread "pool-1-thread-121" [_thread_blocked, id=40636, stack(0x0000002071700000,0x0000002071800000)]
  0x0000018968482490 JavaThread "pool-1-thread-122" [_thread_blocked, id=40624, stack(0x0000002071800000,0x0000002071900000)]
  0x0000018968481f80 JavaThread "pool-1-thread-123" [_thread_blocked, id=40592, stack(0x0000002071900000,0x0000002071a00000)]
  0x000001896847ece0 JavaThread "pool-1-thread-124" [_thread_blocked, id=40668, stack(0x0000002071a00000,0x0000002071b00000)]
  0x0000018968481560 JavaThread "pool-1-thread-125" [_thread_blocked, id=40660, stack(0x0000002071b00000,0x0000002071c00000)]
  0x00000189684829a0 JavaThread "pool-1-thread-126" [_thread_blocked, id=40652, stack(0x0000002071c00000,0x0000002071d00000)]
  0x0000018968480120 JavaThread "pool-1-thread-127" [_thread_blocked, id=40672, stack(0x0000002071d00000,0x0000002071e00000)]
  0x0000018968480b40 JavaThread "pool-1-thread-128" [_thread_blocked, id=40588, stack(0x0000002071e00000,0x0000002071f00000)]
  0x000001896847f1f0 JavaThread "pool-1-thread-129" [_thread_blocked, id=40584, stack(0x0000002071f00000,0x0000002072000000)]
  0x000001896847fc10 JavaThread "pool-1-thread-130" [_thread_blocked, id=40644, stack(0x0000002072000000,0x0000002072100000)]
  0x000001896847f700 JavaThread "pool-1-thread-131" [_thread_blocked, id=40632, stack(0x0000002072100000,0x0000002072200000)]
  0x0000018968463410 JavaThread "pool-1-thread-132" [_thread_blocked, id=40628, stack(0x0000002072200000,0x0000002072300000)]
  0x0000018968465c90 JavaThread "pool-1-thread-133" [_thread_blocked, id=40600, stack(0x0000002072300000,0x0000002072400000)]
  0x0000018968463920 JavaThread "pool-1-thread-134" [_thread_blocked, id=40572, stack(0x0000002072400000,0x0000002072500000)]
  0x0000018968463e30 JavaThread "pool-1-thread-135" [_thread_blocked, id=37272, stack(0x0000002072500000,0x0000002072600000)]
  0x00000189684661a0 JavaThread "pool-1-thread-136" [_thread_blocked, id=37276, stack(0x0000002072600000,0x0000002072700000)]
  0x0000018968464340 JavaThread "pool-1-thread-137" [_thread_blocked, id=37284, stack(0x0000002072700000,0x0000002072800000)]
  0x0000018968466bc0 JavaThread "pool-1-thread-138" [_thread_blocked, id=37280, stack(0x0000002072800000,0x0000002072900000)]
  0x0000018968468000 JavaThread "pool-1-thread-139" [_thread_blocked, id=35520, stack(0x0000002072900000,0x0000002072a00000)]
  0x00000189684670d0 JavaThread "pool-1-thread-140" [_thread_blocked, id=38500, stack(0x0000002072a00000,0x0000002072b00000)]
  0x00000189684675e0 JavaThread "pool-1-thread-141" [_thread_blocked, id=37304, stack(0x0000002072b00000,0x0000002072c00000)]
  0x00000189684666b0 JavaThread "pool-1-thread-142" [_thread_blocked, id=37308, stack(0x0000002072c00000,0x0000002072d00000)]
  0x0000018968467af0 JavaThread "pool-1-thread-143" [_thread_blocked, id=37312, stack(0x0000002072d00000,0x0000002072e00000)]
  0x0000018968465780 JavaThread "pool-1-thread-144" [_thread_blocked, id=28700, stack(0x0000002072e00000,0x0000002072f00000)]
  0x0000018968464d60 JavaThread "pool-1-thread-145" [_thread_blocked, id=37316, stack(0x0000002072f00000,0x0000002073000000)]
  0x0000018968465270 JavaThread "pool-1-thread-146" [_thread_blocked, id=35596, stack(0x0000002073000000,0x0000002073100000)]
  0x0000018968464850 JavaThread "pool-1-thread-147" [_thread_blocked, id=35600, stack(0x0000002073100000,0x0000002073200000)]
  0x000001896846ad90 JavaThread "pool-1-thread-148" [_thread_blocked, id=38508, stack(0x0000002073200000,0x0000002073300000)]
  0x0000018968468510 JavaThread "pool-1-thread-149" [_thread_blocked, id=35592, stack(0x0000002073300000,0x0000002073400000)]
  0x0000018968468f30 JavaThread "pool-1-thread-150" [_thread_blocked, id=37320, stack(0x0000002073400000,0x0000002073500000)]
  0x0000018968469950 JavaThread "pool-1-thread-151" [_thread_blocked, id=40804, stack(0x0000002073500000,0x0000002073600000)]
  0x0000018968468a20 JavaThread "pool-1-thread-152" [_thread_blocked, id=40808, stack(0x0000002073600000,0x0000002073700000)]
  0x0000018968469440 JavaThread "pool-1-thread-153" [_thread_blocked, id=40792, stack(0x0000002073700000,0x0000002073800000)]
  0x0000018968469e60 JavaThread "pool-1-thread-154" [_thread_blocked, id=40812, stack(0x0000002073800000,0x0000002073900000)]
  0x000001896846a370 JavaThread "pool-1-thread-155" [_thread_blocked, id=40816, stack(0x0000002073900000,0x0000002073a00000)]
  0x000001896846a880 JavaThread "pool-1-thread-156" [_thread_blocked, id=40820, stack(0x0000002073a00000,0x0000002073b00000)]
  0x0000018968480630 JavaThread "pool-1-thread-157" [_thread_blocked, id=40800, stack(0x0000002073b00000,0x0000002073c00000)]
  0x0000018968448cd0 JavaThread "pool-1-thread-158" [_thread_blocked, id=35588, stack(0x0000002073c00000,0x0000002073d00000)]
  0x00000189684496f0 JavaThread "pool-1-thread-159" [_thread_blocked, id=40912, stack(0x0000002073d00000,0x0000002073e00000)]
  0x000001896844a620 JavaThread "pool-1-thread-160" [_thread_blocked, id=40920, stack(0x0000002073e00000,0x0000002073f00000)]
  0x000001896844b550 JavaThread "pool-1-thread-161" [_thread_blocked, id=40896, stack(0x0000002073f00000,0x0000002074000000)]
  0x00000189684487c0 JavaThread "pool-1-thread-162" [_thread_blocked, id=40892, stack(0x0000002074000000,0x0000002074100000)]
  0x000001896844c480 JavaThread "pool-1-thread-163" [_thread_blocked, id=40888, stack(0x0000002074100000,0x0000002074200000)]
  0x0000018968449c00 JavaThread "pool-1-thread-164" [_thread_blocked, id=40916, stack(0x0000002074200000,0x0000002074300000)]
  0x000001896844c990 JavaThread "pool-1-thread-165" [_thread_blocked, id=40876, stack(0x0000002074300000,0x0000002074400000)]
  0x000001896844bf70 JavaThread "pool-1-thread-166" [_thread_blocked, id=40924, stack(0x0000002074400000,0x0000002074500000)]
  0x00000189684491e0 JavaThread "pool-1-thread-167" [_thread_blocked, id=40908, stack(0x0000002074500000,0x0000002074600000)]
  0x000001896844cea0 JavaThread "pool-1-thread-168" [_thread_blocked, id=40904, stack(0x0000002074600000,0x0000002074700000)]
  0x000001896844ab30 JavaThread "pool-1-thread-169" [_thread_blocked, id=40900, stack(0x0000002074700000,0x0000002074800000)]
  0x000001896844b040 JavaThread "pool-1-thread-170" [_thread_blocked, id=40928, stack(0x0000002074800000,0x0000002074900000)]
  0x000001896844ba60 JavaThread "pool-1-thread-171" [_thread_blocked, id=40932, stack(0x0000002074900000,0x0000002074a00000)]
  0x000001896844d3b0 JavaThread "pool-1-thread-172" [_thread_blocked, id=40856, stack(0x0000002074a00000,0x0000002074b00000)]
  0x000001896844d8c0 JavaThread "pool-1-thread-173" [_thread_blocked, id=40852, stack(0x0000002074b00000,0x0000002074c00000)]
  0x000001896844a110 JavaThread "pool-1-thread-174" [_thread_blocked, id=40848, stack(0x0000002074c00000,0x0000002074d00000)]
  0x000001896844ddd0 JavaThread "pool-1-thread-175" [_thread_blocked, id=40872, stack(0x0000002074d00000,0x0000002074e00000)]
  0x000001896844e2e0 JavaThread "pool-1-thread-176" [_thread_blocked, id=40776, stack(0x0000002074e00000,0x0000002074f00000)]
  0x000001896844e7f0 JavaThread "pool-1-thread-177" [_thread_blocked, id=40884, stack(0x0000002074f00000,0x0000002075000000)]
  0x000001896844ed00 JavaThread "pool-1-thread-178" [_thread_blocked, id=40772, stack(0x0000002075000000,0x0000002075100000)]
  0x000001896844f720 JavaThread "pool-1-thread-179" [_thread_blocked, id=40832, stack(0x0000002075100000,0x0000002075200000)]
  0x000001896844f210 JavaThread "pool-1-thread-180" [_thread_blocked, id=40828, stack(0x0000002075200000,0x0000002075300000)]
  0x000001896844fc30 JavaThread "pool-1-thread-181" [_thread_blocked, id=40824, stack(0x0000002075300000,0x0000002075400000)]
  0x0000018968450140 JavaThread "pool-1-thread-182" [_thread_blocked, id=40788, stack(0x0000002075400000,0x0000002075500000)]
  0x00000189689054a0 JavaThread "pool-1-thread-183" [_thread_blocked, id=40868, stack(0x0000002075500000,0x0000002075600000)]
  0x0000018968906df0 JavaThread "pool-1-thread-184" [_thread_blocked, id=40864, stack(0x0000002075600000,0x0000002075700000)]
  0x00000189689059b0 JavaThread "pool-1-thread-185" [_thread_blocked, id=40860, stack(0x0000002075700000,0x0000002075800000)]
  0x0000018968905ec0 JavaThread "pool-1-thread-186" [_thread_blocked, id=40880, stack(0x0000002075800000,0x0000002075900000)]
  0x0000018968904570 JavaThread "pool-1-thread-187" [_thread_blocked, id=40784, stack(0x0000002075900000,0x0000002075a00000)]
  0x0000018968907300 JavaThread "pool-1-thread-188" [_thread_blocked, id=40780, stack(0x0000002075a00000,0x0000002075b00000)]
  0x0000018968907810 JavaThread "pool-1-thread-189" [_thread_blocked, id=40844, stack(0x0000002075b00000,0x0000002075c00000)]
  0x00000189689068e0 JavaThread "pool-1-thread-190" [_thread_blocked, id=40840, stack(0x0000002075c00000,0x0000002075d00000)]
  0x00000189689063d0 JavaThread "pool-1-thread-191" [_thread_blocked, id=40836, stack(0x0000002075d00000,0x0000002075e00000)]
  0x0000018968904060 JavaThread "pool-1-thread-192" [_thread_blocked, id=40796, stack(0x0000002075e00000,0x0000002075f00000)]
  0x0000018968907d20 JavaThread "pool-1-thread-193" [_thread_blocked, id=33476, stack(0x0000002075f00000,0x0000002076000000)]
  0x0000018968908230 JavaThread "pool-1-thread-194" [_thread_blocked, id=35356, stack(0x0000002076000000,0x0000002076100000)]
  0x0000018968904a80 JavaThread "pool-1-thread-195" [_thread_blocked, id=27924, stack(0x0000002076100000,0x0000002076200000)]
  0x0000018968908740 JavaThread "pool-1-thread-196" [_thread_blocked, id=38328, stack(0x0000002076200000,0x0000002076300000)]
  0x0000018968904f90 JavaThread "pool-1-thread-197" [_thread_blocked, id=37484, stack(0x0000002076300000,0x0000002076400000)]
  0x0000018968908c50 JavaThread "pool-1-thread-198" [_thread_blocked, id=27512, stack(0x0000002076400000,0x0000002076500000)]
  0x000001896890afc0 JavaThread "pool-1-thread-199" [_thread_blocked, id=37488, stack(0x0000002076500000,0x0000002076600000)]
  0x000001896890b9e0 JavaThread "pool-1-thread-200" [_thread_blocked, id=37492, stack(0x0000002076600000,0x0000002076700000)]
  0x000001896890b4d0 JavaThread "AWT-Shutdown" [_thread_blocked, id=41476, stack(0x0000002068e00000,0x0000002068f00000)]

Other Threads:
=>0x000001897ec56b20 VMThread "VM Thread" [stack: 0x0000002067a00000,0x0000002067b00000] [id=39876]
  0x000001897217dce0 GCTaskThread "GC Thread#0" [stack: 0x0000002067500000,0x0000002067600000] [id=39888]
  0x000001897f4b1a40 GCTaskThread "GC Thread#1" [stack: 0x0000002069200000,0x0000002069300000] [id=40264]
  0x000001897f4b1d00 GCTaskThread "GC Thread#2" [stack: 0x0000002069300000,0x0000002069400000] [id=40252]
  0x000001897f4b1fc0 GCTaskThread "GC Thread#3" [stack: 0x0000002069400000,0x0000002069500000] [id=40248]
  0x000001897f4b2280 GCTaskThread "GC Thread#4" [stack: 0x0000002069500000,0x0000002069600000] [id=40244]
  0x000001897f4b2540 GCTaskThread "GC Thread#5" [stack: 0x0000002069600000,0x0000002069700000] [id=40272]
  0x0000018957656660 GCTaskThread "GC Thread#6" [stack: 0x0000002069700000,0x0000002069800000] [id=40276]
  0x0000018957656920 GCTaskThread "GC Thread#7" [stack: 0x0000002069800000,0x0000002069900000] [id=40220]
  0x0000018972186b40 ConcurrentGCThread "G1 Main Marker" terminated
  0x0000018972187470 ConcurrentGCThread "G1 Conc#0" [stack: 0x0000002067700000,0x0000002067800000] [id=39932]
  0x00000189688767c0 ConcurrentGCThread "G1 Conc#1" [stack: 0x0000002076800000,0x0000002076900000] [id=15744]
  0x00000189721e7f60 ConcurrentGCThread "G1 Refine#0" terminated
  0x00000189688b98b0 ConcurrentGCThread "G1 Refine#1" terminated
  0x00000189721e8740 ConcurrentGCThread "G1 Service" terminated

Threads with active compile tasks:

VM state: at safepoint (shutting down)

VM Mutex/Monitor currently owned by a thread:  ([mutex/lock_event])
[0x00000189721387b0] Threads_lock - owner thread: 0x000001897ec56b20
[0x0000018972137520] Heap_lock - owner thread: 0x0000018957b65760

Heap address: 0x00000000c0000000, size: 1024 MB, Compressed Oops mode: 32-bit

CDS archive(s) mapped at: [0x0000018911000000-0x0000018911bb0000-0x0000018911bb0000), size 12255232, SharedBaseAddress: 0x0000018911000000, ArchiveRelocationMode: 1.
Compressed class space mapped at: 0x0000018912000000-0x0000018952000000, reserved size: 1073741824
Narrow klass base: 0x0000018911000000, Narrow klass shift: 0, Narrow klass range: 0x100000000

GC Precious Log:
 CPUs: 8 total, 8 available
 Memory: 7975M
 Large Page Support: Disabled
 NUMA Support: Disabled
 Compressed Oops: Enabled (32-bit)
 Heap Region Size: 1M
 Heap Min Capacity: 64M
 Heap Initial Capacity: 64M
 Heap Max Capacity: 1G
 Pre-touch: Disabled
 Parallel Workers: 8
 Concurrent Workers: 2
 Concurrent Refinement Workers: 8
 Periodic GC: Disabled

Heap:
 garbage-first heap   total 264192K, used 133169K [0x00000000c0000000, 0x0000000100000000)
  region size 1024K, 38 young (38912K), 3 survivors (3072K)
 Metaspace       used 13138K, committed 13312K, reserved 1114112K
  class space    used 918K, committed 1024K, reserved 1048576K

Heap Regions: E=young(eden), S=young(survivor), O=old, HS=humongous(starts), HC=humongous(continues), CS=collection set, F=free, OA=open archive, CA=closed archive, TAMS=top-at-mark-start (previous, next)
|   0|0x00000000c0000000, 0x00000000c0100000, 0x00000000c0100000|100%| O|  |TAMS 0x00000000c0100000, 0x00000000c0000000| Untracked 
|   1|0x00000000c0100000, 0x00000000c0200000, 0x00000000c0200000|100%| O|  |TAMS 0x00000000c0200000, 0x00000000c0100000| Untracked 
|   2|0x00000000c0200000, 0x00000000c0300000, 0x00000000c0300000|100%| O|  |TAMS 0x00000000c0300000, 0x00000000c0200000| Untracked 
|   3|0x00000000c0300000, 0x00000000c0400000, 0x00000000c0400000|100%| O|  |TAMS 0x00000000c0400000, 0x00000000c0300000| Untracked 
|   4|0x00000000c0400000, 0x00000000c0500000, 0x00000000c0500000|100%| O|  |TAMS 0x00000000c0500000, 0x00000000c0400000| Untracked 
|   5|0x00000000c0500000, 0x00000000c0600000, 0x00000000c0600000|100%| O|  |TAMS 0x00000000c0600000, 0x00000000c0500000| Untracked 
|   6|0x00000000c0600000, 0x00000000c0700000, 0x00000000c0700000|100%| O|  |TAMS 0x00000000c0700000, 0x00000000c0600000| Untracked 
|   7|0x00000000c0700000, 0x00000000c0800000, 0x00000000c0800000|100%| O|  |TAMS 0x00000000c0800000, 0x00000000c0700000| Untracked 
|   8|0x00000000c0800000, 0x00000000c0900000, 0x00000000c0900000|100%| O|  |TAMS 0x00000000c0900000, 0x00000000c0800000| Untracked 
|   9|0x00000000c0900000, 0x00000000c0a00000, 0x00000000c0a00000|100%| O|  |TAMS 0x00000000c0a00000, 0x00000000c0900000| Untracked 
|  10|0x00000000c0a00000, 0x00000000c0a0d800, 0x00000000c0b00000|  5%| O|  |TAMS 0x00000000c0a00000, 0x00000000c0a00000| Untracked 
|  11|0x00000000c0b00000, 0x00000000c0c00000, 0x00000000c0c00000|100%| O|  |TAMS 0x00000000c0c00000, 0x00000000c0b00000| Untracked 
|  12|0x00000000c0c00000, 0x00000000c0d00000, 0x00000000c0d00000|100%| O|  |TAMS 0x00000000c0d00000, 0x00000000c0c00000| Untracked 
|  13|0x00000000c0d00000, 0x00000000c0e00000, 0x00000000c0e00000|100%| O|  |TAMS 0x00000000c0e00000, 0x00000000c0d00000| Untracked 
|  14|0x00000000c0e00000, 0x00000000c0f00000, 0x00000000c0f00000|100%|HS|  |TAMS 0x00000000c0f00000, 0x00000000c0e00000| Complete 
|  15|0x00000000c0f00000, 0x00000000c1000000, 0x00000000c1000000|100%|HS|  |TAMS 0x00000000c1000000, 0x00000000c0f00000| Complete 
|  16|0x00000000c1000000, 0x00000000c1100000, 0x00000000c1100000|100%|HS|  |TAMS 0x00000000c1100000, 0x00000000c1000000| Complete 
|  17|0x00000000c1100000, 0x00000000c1200000, 0x00000000c1200000|100%|HS|  |TAMS 0x00000000c1200000, 0x00000000c1100000| Complete 
|  18|0x00000000c1200000, 0x00000000c1300000, 0x00000000c1300000|100%|HC|  |TAMS 0x00000000c1300000, 0x00000000c1200000| Complete 
|  19|0x00000000c1300000, 0x00000000c1400000, 0x00000000c1400000|100%|HC|  |TAMS 0x00000000c1400000, 0x00000000c1300000| Complete 
|  20|0x00000000c1400000, 0x00000000c1500000, 0x00000000c1500000|100%|HC|  |TAMS 0x00000000c1500000, 0x00000000c1400000| Complete 
|  21|0x00000000c1500000, 0x00000000c1600000, 0x00000000c1600000|100%|HC|  |TAMS 0x00000000c1600000, 0x00000000c1500000| Complete 
|  22|0x00000000c1600000, 0x00000000c1700000, 0x00000000c1700000|100%|HC|  |TAMS 0x00000000c1700000, 0x00000000c1600000| Complete 
|  23|0x00000000c1700000, 0x00000000c1800000, 0x00000000c1800000|100%|HC|  |TAMS 0x00000000c1800000, 0x00000000c1700000| Complete 
|  24|0x00000000c1800000, 0x00000000c1900000, 0x00000000c1900000|100%|HC|  |TAMS 0x00000000c1900000, 0x00000000c1800000| Complete 
|  25|0x00000000c1900000, 0x00000000c1a00000, 0x00000000c1a00000|100%|HC|  |TAMS 0x00000000c1a00000, 0x00000000c1900000| Complete 
|  26|0x00000000c1a00000, 0x00000000c1b00000, 0x00000000c1b00000|100%|HC|  |TAMS 0x00000000c1b00000, 0x00000000c1a00000| Complete 
|  27|0x00000000c1b00000, 0x00000000c1c00000, 0x00000000c1c00000|100%|HC|  |TAMS 0x00000000c1c00000, 0x00000000c1b00000| Complete 
|  28|0x00000000c1c00000, 0x00000000c1d00000, 0x00000000c1d00000|100%|HC|  |TAMS 0x00000000c1d00000, 0x00000000c1c00000| Complete 
|  29|0x00000000c1d00000, 0x00000000c1e00000, 0x00000000c1e00000|100%|HC|  |TAMS 0x00000000c1e00000, 0x00000000c1d00000| Complete 
|  30|0x00000000c1e00000, 0x00000000c1f00000, 0x00000000c1f00000|100%|HC|  |TAMS 0x00000000c1f00000, 0x00000000c1e00000| Complete 
|  31|0x00000000c1f00000, 0x00000000c2000000, 0x00000000c2000000|100%|HC|  |TAMS 0x00000000c2000000, 0x00000000c1f00000| Complete 
|  32|0x00000000c2000000, 0x00000000c2100000, 0x00000000c2100000|100%|HC|  |TAMS 0x00000000c2100000, 0x00000000c2000000| Complete 
|  33|0x00000000c2100000, 0x00000000c2200000, 0x00000000c2200000|100%|HC|  |TAMS 0x00000000c2200000, 0x00000000c2100000| Complete 
|  34|0x00000000c2200000, 0x00000000c2300000, 0x00000000c2300000|100%|HS|  |TAMS 0x00000000c2300000, 0x00000000c2200000| Complete 
|  35|0x00000000c2300000, 0x00000000c2400000, 0x00000000c2400000|100%|HC|  |TAMS 0x00000000c2400000, 0x00000000c2300000| Complete 
|  36|0x00000000c2400000, 0x00000000c2500000, 0x00000000c2500000|100%|HC|  |TAMS 0x00000000c2500000, 0x00000000c2400000| Complete 
|  37|0x00000000c2500000, 0x00000000c2600000, 0x00000000c2600000|100%|HC|  |TAMS 0x00000000c2600000, 0x00000000c2500000| Complete 
|  38|0x00000000c2600000, 0x00000000c2700000, 0x00000000c2700000|100%|HC|  |TAMS 0x00000000c2700000, 0x00000000c2600000| Complete 
|  39|0x00000000c2700000, 0x00000000c2800000, 0x00000000c2800000|100%|HS|  |TAMS 0x00000000c2800000, 0x00000000c2700000| Complete 
|  40|0x00000000c2800000, 0x00000000c2900000, 0x00000000c2900000|100%|HC|  |TAMS 0x00000000c2900000, 0x00000000c2800000| Complete 
|  41|0x00000000c2900000, 0x00000000c2a00000, 0x00000000c2a00000|100%|HC|  |TAMS 0x00000000c2a00000, 0x00000000c2900000| Complete 
|  42|0x00000000c2a00000, 0x00000000c2b00000, 0x00000000c2b00000|100%|HC|  |TAMS 0x00000000c2b00000, 0x00000000c2a00000| Complete 
|  43|0x00000000c2b00000, 0x00000000c2c00000, 0x00000000c2c00000|100%|HC|  |TAMS 0x00000000c2c00000, 0x00000000c2b00000| Complete 
|  44|0x00000000c2c00000, 0x00000000c2d00000, 0x00000000c2d00000|100%|HC|  |TAMS 0x00000000c2d00000, 0x00000000c2c00000| Complete 
|  45|0x00000000c2d00000, 0x00000000c2e00000, 0x00000000c2e00000|100%|HC|  |TAMS 0x00000000c2e00000, 0x00000000c2d00000| Complete 
|  46|0x00000000c2e00000, 0x00000000c2f00000, 0x00000000c2f00000|100%|HC|  |TAMS 0x00000000c2f00000, 0x00000000c2e00000| Complete 
|  47|0x00000000c2f00000, 0x00000000c3000000, 0x00000000c3000000|100%|HC|  |TAMS 0x00000000c3000000, 0x00000000c2f00000| Complete 
|  48|0x00000000c3000000, 0x00000000c3100000, 0x00000000c3100000|100%|HC|  |TAMS 0x00000000c3100000, 0x00000000c3000000| Complete 
|  49|0x00000000c3100000, 0x00000000c3200000, 0x00000000c3200000|100%|HC|  |TAMS 0x00000000c3200000, 0x00000000c3100000| Complete 
|  50|0x00000000c3200000, 0x00000000c3300000, 0x00000000c3300000|100%|HC|  |TAMS 0x00000000c3300000, 0x00000000c3200000| Complete 
|  51|0x00000000c3300000, 0x00000000c3400000, 0x00000000c3400000|100%|HC|  |TAMS 0x00000000c3400000, 0x00000000c3300000| Complete 
|  52|0x00000000c3400000, 0x00000000c3500000, 0x00000000c3500000|100%|HS|  |TAMS 0x00000000c3500000, 0x00000000c3400000| Complete 
|  53|0x00000000c3500000, 0x00000000c3600000, 0x00000000c3600000|100%|HC|  |TAMS 0x00000000c3600000, 0x00000000c3500000| Complete 
|  54|0x00000000c3600000, 0x00000000c3700000, 0x00000000c3700000|100%|HC|  |TAMS 0x00000000c3700000, 0x00000000c3600000| Complete 
|  55|0x00000000c3700000, 0x00000000c3800000, 0x00000000c3800000|100%|HC|  |TAMS 0x00000000c3800000, 0x00000000c3700000| Complete 
|  56|0x00000000c3800000, 0x00000000c3900000, 0x00000000c3900000|100%|HC|  |TAMS 0x00000000c3900000, 0x00000000c3800000| Complete 
|  57|0x00000000c3900000, 0x00000000c3a00000, 0x00000000c3a00000|100%| O|  |TAMS 0x00000000c3a00000, 0x00000000c3900000| Untracked 
|  58|0x00000000c3a00000, 0x00000000c3b00000, 0x00000000c3b00000|100%| O|  |TAMS 0x00000000c3b00000, 0x00000000c3a00000| Untracked 
|  59|0x00000000c3b00000, 0x00000000c3c00000, 0x00000000c3c00000|100%| O|  |TAMS 0x00000000c3c00000, 0x00000000c3b00000| Untracked 
|  60|0x00000000c3c00000, 0x00000000c3d00000, 0x00000000c3d00000|100%| O|  |TAMS 0x00000000c3d00000, 0x00000000c3c00000| Untracked 
|  61|0x00000000c3d00000, 0x00000000c3d00000, 0x00000000c3e00000|  0%| F|  |TAMS 0x00000000c3d00000, 0x00000000c3d00000| Untracked 
|  62|0x00000000c3e00000, 0x00000000c3e00000, 0x00000000c3f00000|  0%| F|  |TAMS 0x00000000c3e00000, 0x00000000c3e00000| Untracked 
|  63|0x00000000c3f00000, 0x00000000c3f00000, 0x00000000c4000000|  0%| F|  |TAMS 0x00000000c3f00000, 0x00000000c3f00000| Untracked 
|  64|0x00000000c4000000, 0x00000000c4100000, 0x00000000c4100000|100%|HS|  |TAMS 0x00000000c4100000, 0x00000000c4000000| Complete 
|  65|0x00000000c4100000, 0x00000000c4200000, 0x00000000c4200000|100%|HC|  |TAMS 0x00000000c4200000, 0x00000000c4100000| Complete 
|  66|0x00000000c4200000, 0x00000000c4300000, 0x00000000c4300000|100%|HC|  |TAMS 0x00000000c4300000, 0x00000000c4200000| Complete 
|  67|0x00000000c4300000, 0x00000000c4400000, 0x00000000c4400000|100%|HC|  |TAMS 0x00000000c4400000, 0x00000000c4300000| Complete 
|  68|0x00000000c4400000, 0x00000000c4500000, 0x00000000c4500000|100%|HC|  |TAMS 0x00000000c4500000, 0x00000000c4400000| Complete 
|  69|0x00000000c4500000, 0x00000000c4600000, 0x00000000c4600000|100%|HC|  |TAMS 0x00000000c4600000, 0x00000000c4500000| Complete 
|  70|0x00000000c4600000, 0x00000000c4700000, 0x00000000c4700000|100%|HC|  |TAMS 0x00000000c4700000, 0x00000000c4600000| Complete 
|  71|0x00000000c4700000, 0x00000000c4800000, 0x00000000c4800000|100%|HC|  |TAMS 0x00000000c4800000, 0x00000000c4700000| Complete 
|  72|0x00000000c4800000, 0x00000000c4900000, 0x00000000c4900000|100%|HC|  |TAMS 0x00000000c4900000, 0x00000000c4800000| Complete 
|  73|0x00000000c4900000, 0x00000000c4a00000, 0x00000000c4a00000|100%|HS|  |TAMS 0x00000000c4a00000, 0x00000000c4900000| Complete 
|  74|0x00000000c4a00000, 0x00000000c4b00000, 0x00000000c4b00000|100%|HC|  |TAMS 0x00000000c4b00000, 0x00000000c4a00000| Complete 
|  75|0x00000000c4b00000, 0x00000000c4c00000, 0x00000000c4c00000|100%|HC|  |TAMS 0x00000000c4c00000, 0x00000000c4b00000| Complete 
|  76|0x00000000c4c00000, 0x00000000c4d00000, 0x00000000c4d00000|100%|HC|  |TAMS 0x00000000c4d00000, 0x00000000c4c00000| Complete 
|  77|0x00000000c4d00000, 0x00000000c4e00000, 0x00000000c4e00000|100%|HC|  |TAMS 0x00000000c4e00000, 0x00000000c4d00000| Complete 
|  78|0x00000000c4e00000, 0x00000000c4f00000, 0x00000000c4f00000|100%|HS|  |TAMS 0x00000000c4f00000, 0x00000000c4e00000| Complete 
|  79|0x00000000c4f00000, 0x00000000c5000000, 0x00000000c5000000|100%|HC|  |TAMS 0x00000000c5000000, 0x00000000c4f00000| Complete 
|  80|0x00000000c5000000, 0x00000000c5100000, 0x00000000c5100000|100%|HC|  |TAMS 0x00000000c5100000, 0x00000000c5000000| Complete 
|  81|0x00000000c5100000, 0x00000000c5200000, 0x00000000c5200000|100%|HC|  |TAMS 0x00000000c5200000, 0x00000000c5100000| Complete 
|  82|0x00000000c5200000, 0x00000000c5300000, 0x00000000c5300000|100%|HC|  |TAMS 0x00000000c5300000, 0x00000000c5200000| Complete 
|  83|0x00000000c5300000, 0x00000000c5400000, 0x00000000c5400000|100%|HS|  |TAMS 0x00000000c5400000, 0x00000000c5300000| Complete 
|  84|0x00000000c5400000, 0x00000000c5500000, 0x00000000c5500000|100%|HC|  |TAMS 0x00000000c5500000, 0x00000000c5400000| Complete 
|  85|0x00000000c5500000, 0x00000000c5600000, 0x00000000c5600000|100%|HC|  |TAMS 0x00000000c5600000, 0x00000000c5500000| Complete 
|  86|0x00000000c5600000, 0x00000000c5700000, 0x00000000c5700000|100%|HC|  |TAMS 0x00000000c5700000, 0x00000000c5600000| Complete 
|  87|0x00000000c5700000, 0x00000000c5800000, 0x00000000c5800000|100%|HC|  |TAMS 0x00000000c5800000, 0x00000000c5700000| Complete 
|  88|0x00000000c5800000, 0x00000000c5900000, 0x00000000c5900000|100%|HS|  |TAMS 0x00000000c5900000, 0x00000000c5800000| Complete 
|  89|0x00000000c5900000, 0x00000000c5a00000, 0x00000000c5a00000|100%|HC|  |TAMS 0x00000000c5a00000, 0x00000000c5900000| Complete 
|  90|0x00000000c5a00000, 0x00000000c5b00000, 0x00000000c5b00000|100%|HC|  |TAMS 0x00000000c5b00000, 0x00000000c5a00000| Complete 
|  91|0x00000000c5b00000, 0x00000000c5c00000, 0x00000000c5c00000|100%|HC|  |TAMS 0x00000000c5c00000, 0x00000000c5b00000| Complete 
|  92|0x00000000c5c00000, 0x00000000c5d00000, 0x00000000c5d00000|100%|HC|  |TAMS 0x00000000c5d00000, 0x00000000c5c00000| Complete 
|  93|0x00000000c5d00000, 0x00000000c5e00000, 0x00000000c5e00000|100%|HC|  |TAMS 0x00000000c5e00000, 0x00000000c5d00000| Complete 
|  94|0x00000000c5e00000, 0x00000000c5f00000, 0x00000000c5f00000|100%|HC|  |TAMS 0x00000000c5f00000, 0x00000000c5e00000| Complete 
|  95|0x00000000c5f00000, 0x00000000c6000000, 0x00000000c6000000|100%|HC|  |TAMS 0x00000000c6000000, 0x00000000c5f00000| Complete 
|  96|0x00000000c6000000, 0x00000000c6100000, 0x00000000c6100000|100%|HC|  |TAMS 0x00000000c6100000, 0x00000000c6000000| Complete 
|  97|0x00000000c6100000, 0x00000000c6100000, 0x00000000c6200000|  0%| F|  |TAMS 0x00000000c6100000, 0x00000000c6100000| Untracked 
|  98|0x00000000c6200000, 0x00000000c6200000, 0x00000000c6300000|  0%| F|  |TAMS 0x00000000c6200000, 0x00000000c6200000| Untracked 
|  99|0x00000000c6300000, 0x00000000c6300000, 0x00000000c6400000|  0%| F|  |TAMS 0x00000000c6300000, 0x00000000c6300000| Untracked 
| 100|0x00000000c6400000, 0x00000000c6400000, 0x00000000c6500000|  0%| F|  |TAMS 0x00000000c6400000, 0x00000000c6400000| Untracked 
| 101|0x00000000c6500000, 0x00000000c6500000, 0x00000000c6600000|  0%| F|  |TAMS 0x00000000c6500000, 0x00000000c6500000| Untracked 
| 102|0x00000000c6600000, 0x00000000c6600000, 0x00000000c6700000|  0%| F|  |TAMS 0x00000000c6600000, 0x00000000c6600000| Untracked 
| 103|0x00000000c6700000, 0x00000000c6700000, 0x00000000c6800000|  0%| F|  |TAMS 0x00000000c6700000, 0x00000000c6700000| Untracked 
| 104|0x00000000c6800000, 0x00000000c6800000, 0x00000000c6900000|  0%| F|  |TAMS 0x00000000c6800000, 0x00000000c6800000| Untracked 
| 105|0x00000000c6900000, 0x00000000c6900000, 0x00000000c6a00000|  0%| F|  |TAMS 0x00000000c6900000, 0x00000000c6900000| Untracked 
| 106|0x00000000c6a00000, 0x00000000c6a00000, 0x00000000c6b00000|  0%| F|  |TAMS 0x00000000c6a00000, 0x00000000c6a00000| Untracked 
| 107|0x00000000c6b00000, 0x00000000c6b00000, 0x00000000c6c00000|  0%| F|  |TAMS 0x00000000c6b00000, 0x00000000c6b00000| Untracked 
| 108|0x00000000c6c00000, 0x00000000c6c00000, 0x00000000c6d00000|  0%| F|  |TAMS 0x00000000c6c00000, 0x00000000c6c00000| Untracked 
| 109|0x00000000c6d00000, 0x00000000c6d00000, 0x00000000c6e00000|  0%| F|  |TAMS 0x00000000c6d00000, 0x00000000c6d00000| Untracked 
| 110|0x00000000c6e00000, 0x00000000c6e00000, 0x00000000c6f00000|  0%| F|  |TAMS 0x00000000c6e00000, 0x00000000c6e00000| Untracked 
| 111|0x00000000c6f00000, 0x00000000c6f00000, 0x00000000c7000000|  0%| F|  |TAMS 0x00000000c6f00000, 0x00000000c6f00000| Untracked 
| 112|0x00000000c7000000, 0x00000000c7000000, 0x00000000c7100000|  0%| F|  |TAMS 0x00000000c7000000, 0x00000000c7000000| Untracked 
| 113|0x00000000c7100000, 0x00000000c7100000, 0x00000000c7200000|  0%| F|  |TAMS 0x00000000c7100000, 0x00000000c7100000| Untracked 
| 114|0x00000000c7200000, 0x00000000c7200000, 0x00000000c7300000|  0%| F|  |TAMS 0x00000000c7200000, 0x00000000c7200000| Untracked 
| 115|0x00000000c7300000, 0x00000000c7300000, 0x00000000c7400000|  0%| F|  |TAMS 0x00000000c7300000, 0x00000000c7300000| Untracked 
| 116|0x00000000c7400000, 0x00000000c7400000, 0x00000000c7500000|  0%| F|  |TAMS 0x00000000c7400000, 0x00000000c7400000| Untracked 
| 117|0x00000000c7500000, 0x00000000c7500000, 0x00000000c7600000|  0%| F|  |TAMS 0x00000000c7500000, 0x00000000c7500000| Untracked 
| 118|0x00000000c7600000, 0x00000000c7600000, 0x00000000c7700000|  0%| F|  |TAMS 0x00000000c7600000, 0x00000000c7600000| Untracked 
| 119|0x00000000c7700000, 0x00000000c7700000, 0x00000000c7800000|  0%| F|  |TAMS 0x00000000c7700000, 0x00000000c7700000| Untracked 
| 120|0x00000000c7800000, 0x00000000c7800000, 0x00000000c7900000|  0%| F|  |TAMS 0x00000000c7800000, 0x00000000c7800000| Untracked 
| 121|0x00000000c7900000, 0x00000000c7900000, 0x00000000c7a00000|  0%| F|  |TAMS 0x00000000c7900000, 0x00000000c7900000| Untracked 
| 122|0x00000000c7a00000, 0x00000000c7a00000, 0x00000000c7b00000|  0%| F|  |TAMS 0x00000000c7a00000, 0x00000000c7a00000| Untracked 
| 123|0x00000000c7b00000, 0x00000000c7b00000, 0x00000000c7c00000|  0%| F|  |TAMS 0x00000000c7b00000, 0x00000000c7b00000| Untracked 
| 124|0x00000000c7c00000, 0x00000000c7c00000, 0x00000000c7d00000|  0%| F|  |TAMS 0x00000000c7c00000, 0x00000000c7c00000| Untracked 
| 125|0x00000000c7d00000, 0x00000000c7d00000, 0x00000000c7e00000|  0%| F|  |TAMS 0x00000000c7d00000, 0x00000000c7d00000| Untracked 
| 126|0x00000000c7e00000, 0x00000000c7e00000, 0x00000000c7f00000|  0%| F|  |TAMS 0x00000000c7e00000, 0x00000000c7e00000| Untracked 
| 127|0x00000000c7f00000, 0x00000000c7f00000, 0x00000000c8000000|  0%| F|  |TAMS 0x00000000c7f00000, 0x00000000c7f00000| Untracked 
| 128|0x00000000c8000000, 0x00000000c8000000, 0x00000000c8100000|  0%| F|  |TAMS 0x00000000c8000000, 0x00000000c8000000| Untracked 
| 129|0x00000000c8100000, 0x00000000c8100000, 0x00000000c8200000|  0%| F|  |TAMS 0x00000000c8100000, 0x00000000c8100000| Untracked 
| 130|0x00000000c8200000, 0x00000000c82fed00, 0x00000000c8300000| 99%| S|CS|TAMS 0x00000000c8200000, 0x00000000c8200000| Complete 
| 131|0x00000000c8300000, 0x00000000c8400000, 0x00000000c8400000|100%| S|CS|TAMS 0x00000000c8300000, 0x00000000c8300000| Complete 
| 132|0x00000000c8400000, 0x00000000c8500000, 0x00000000c8500000|100%| S|CS|TAMS 0x00000000c8400000, 0x00000000c8400000| Complete 
| 133|0x00000000c8500000, 0x00000000c8500000, 0x00000000c8600000|  0%| F|  |TAMS 0x00000000c8500000, 0x00000000c8500000| Untracked 
| 134|0x00000000c8600000, 0x00000000c8600000, 0x00000000c8700000|  0%| F|  |TAMS 0x00000000c8600000, 0x00000000c8600000| Untracked 
| 135|0x00000000c8700000, 0x00000000c8700000, 0x00000000c8800000|  0%| F|  |TAMS 0x00000000c8700000, 0x00000000c8700000| Untracked 
| 136|0x00000000c8800000, 0x00000000c8800000, 0x00000000c8900000|  0%| F|  |TAMS 0x00000000c8800000, 0x00000000c8800000| Untracked 
| 137|0x00000000c8900000, 0x00000000c8900000, 0x00000000c8a00000|  0%| F|  |TAMS 0x00000000c8900000, 0x00000000c8900000| Untracked 
| 138|0x00000000c8a00000, 0x00000000c8a00000, 0x00000000c8b00000|  0%| F|  |TAMS 0x00000000c8a00000, 0x00000000c8a00000| Untracked 
| 139|0x00000000c8b00000, 0x00000000c8b00000, 0x00000000c8c00000|  0%| F|  |TAMS 0x00000000c8b00000, 0x00000000c8b00000| Untracked 
| 140|0x00000000c8c00000, 0x00000000c8c00000, 0x00000000c8d00000|  0%| F|  |TAMS 0x00000000c8c00000, 0x00000000c8c00000| Untracked 
| 141|0x00000000c8d00000, 0x00000000c8d00000, 0x00000000c8e00000|  0%| F|  |TAMS 0x00000000c8d00000, 0x00000000c8d00000| Untracked 
| 142|0x00000000c8e00000, 0x00000000c8e00000, 0x00000000c8f00000|  0%| F|  |TAMS 0x00000000c8e00000, 0x00000000c8e00000| Untracked 
| 143|0x00000000c8f00000, 0x00000000c8f00000, 0x00000000c9000000|  0%| F|  |TAMS 0x00000000c8f00000, 0x00000000c8f00000| Untracked 
| 144|0x00000000c9000000, 0x00000000c9000000, 0x00000000c9100000|  0%| F|  |TAMS 0x00000000c9000000, 0x00000000c9000000| Untracked 
| 145|0x00000000c9100000, 0x00000000c9100000, 0x00000000c9200000|  0%| F|  |TAMS 0x00000000c9100000, 0x00000000c9100000| Untracked 
| 146|0x00000000c9200000, 0x00000000c9200000, 0x00000000c9300000|  0%| F|  |TAMS 0x00000000c9200000, 0x00000000c9200000| Untracked 
| 147|0x00000000c9300000, 0x00000000c9300000, 0x00000000c9400000|  0%| F|  |TAMS 0x00000000c9300000, 0x00000000c9300000| Untracked 
| 148|0x00000000c9400000, 0x00000000c9400000, 0x00000000c9500000|  0%| F|  |TAMS 0x00000000c9400000, 0x00000000c9400000| Untracked 
| 149|0x00000000c9500000, 0x00000000c9500000, 0x00000000c9600000|  0%| F|  |TAMS 0x00000000c9500000, 0x00000000c9500000| Untracked 
| 150|0x00000000c9600000, 0x00000000c9600000, 0x00000000c9700000|  0%| F|  |TAMS 0x00000000c9600000, 0x00000000c9600000| Untracked 
| 151|0x00000000c9700000, 0x00000000c9700000, 0x00000000c9800000|  0%| F|  |TAMS 0x00000000c9700000, 0x00000000c9700000| Untracked 
| 152|0x00000000c9800000, 0x00000000c9800000, 0x00000000c9900000|  0%| F|  |TAMS 0x00000000c9800000, 0x00000000c9800000| Untracked 
| 153|0x00000000c9900000, 0x00000000c9900000, 0x00000000c9a00000|  0%| F|  |TAMS 0x00000000c9900000, 0x00000000c9900000| Untracked 
| 154|0x00000000c9a00000, 0x00000000c9a00000, 0x00000000c9b00000|  0%| F|  |TAMS 0x00000000c9a00000, 0x00000000c9a00000| Untracked 
| 155|0x00000000c9b00000, 0x00000000c9b00000, 0x00000000c9c00000|  0%| F|  |TAMS 0x00000000c9b00000, 0x00000000c9b00000| Untracked 
| 156|0x00000000c9c00000, 0x00000000c9c00000, 0x00000000c9d00000|  0%| F|  |TAMS 0x00000000c9c00000, 0x00000000c9c00000| Untracked 
| 157|0x00000000c9d00000, 0x00000000c9d00000, 0x00000000c9e00000|  0%| F|  |TAMS 0x00000000c9d00000, 0x00000000c9d00000| Untracked 
| 158|0x00000000c9e00000, 0x00000000c9e00000, 0x00000000c9f00000|  0%| F|  |TAMS 0x00000000c9e00000, 0x00000000c9e00000| Untracked 
| 159|0x00000000c9f00000, 0x00000000c9f00000, 0x00000000ca000000|  0%| F|  |TAMS 0x00000000c9f00000, 0x00000000c9f00000| Untracked 
| 160|0x00000000ca000000, 0x00000000ca000000, 0x00000000ca100000|  0%| F|  |TAMS 0x00000000ca000000, 0x00000000ca000000| Untracked 
| 161|0x00000000ca100000, 0x00000000ca100000, 0x00000000ca200000|  0%| F|  |TAMS 0x00000000ca100000, 0x00000000ca100000| Untracked 
| 162|0x00000000ca200000, 0x00000000ca200000, 0x00000000ca300000|  0%| F|  |TAMS 0x00000000ca200000, 0x00000000ca200000| Untracked 
| 163|0x00000000ca300000, 0x00000000ca300000, 0x00000000ca400000|  0%| F|  |TAMS 0x00000000ca300000, 0x00000000ca300000| Untracked 
| 164|0x00000000ca400000, 0x00000000ca400000, 0x00000000ca500000|  0%| F|  |TAMS 0x00000000ca400000, 0x00000000ca400000| Untracked 
| 165|0x00000000ca500000, 0x00000000ca500000, 0x00000000ca600000|  0%| F|  |TAMS 0x00000000ca500000, 0x00000000ca500000| Untracked 
| 166|0x00000000ca600000, 0x00000000ca600000, 0x00000000ca700000|  0%| F|  |TAMS 0x00000000ca600000, 0x00000000ca600000| Untracked 
| 167|0x00000000ca700000, 0x00000000ca700000, 0x00000000ca800000|  0%| F|  |TAMS 0x00000000ca700000, 0x00000000ca700000| Untracked 
| 168|0x00000000ca800000, 0x00000000ca800000, 0x00000000ca900000|  0%| F|  |TAMS 0x00000000ca800000, 0x00000000ca800000| Untracked 
| 169|0x00000000ca900000, 0x00000000ca900000, 0x00000000caa00000|  0%| F|  |TAMS 0x00000000ca900000, 0x00000000ca900000| Untracked 
| 170|0x00000000caa00000, 0x00000000caa00000, 0x00000000cab00000|  0%| F|  |TAMS 0x00000000caa00000, 0x00000000caa00000| Untracked 
| 171|0x00000000cab00000, 0x00000000cab00000, 0x00000000cac00000|  0%| F|  |TAMS 0x00000000cab00000, 0x00000000cab00000| Untracked 
| 172|0x00000000cac00000, 0x00000000cac00000, 0x00000000cad00000|  0%| F|  |TAMS 0x00000000cac00000, 0x00000000cac00000| Untracked 
| 173|0x00000000cad00000, 0x00000000cad00000, 0x00000000cae00000|  0%| F|  |TAMS 0x00000000cad00000, 0x00000000cad00000| Untracked 
| 174|0x00000000cae00000, 0x00000000cae00000, 0x00000000caf00000|  0%| F|  |TAMS 0x00000000cae00000, 0x00000000cae00000| Untracked 
| 175|0x00000000caf00000, 0x00000000caf00000, 0x00000000cb000000|  0%| F|  |TAMS 0x00000000caf00000, 0x00000000caf00000| Untracked 
| 176|0x00000000cb000000, 0x00000000cb000000, 0x00000000cb100000|  0%| F|  |TAMS 0x00000000cb000000, 0x00000000cb000000| Untracked 
| 177|0x00000000cb100000, 0x00000000cb100000, 0x00000000cb200000|  0%| F|  |TAMS 0x00000000cb100000, 0x00000000cb100000| Untracked 
| 178|0x00000000cb200000, 0x00000000cb200000, 0x00000000cb300000|  0%| F|  |TAMS 0x00000000cb200000, 0x00000000cb200000| Untracked 
| 179|0x00000000cb300000, 0x00000000cb300000, 0x00000000cb400000|  0%| F|  |TAMS 0x00000000cb300000, 0x00000000cb300000| Untracked 
| 180|0x00000000cb400000, 0x00000000cb400000, 0x00000000cb500000|  0%| F|  |TAMS 0x00000000cb400000, 0x00000000cb400000| Untracked 
| 181|0x00000000cb500000, 0x00000000cb500000, 0x00000000cb600000|  0%| F|  |TAMS 0x00000000cb500000, 0x00000000cb500000| Untracked 
| 182|0x00000000cb600000, 0x00000000cb600000, 0x00000000cb700000|  0%| F|  |TAMS 0x00000000cb600000, 0x00000000cb600000| Untracked 
| 183|0x00000000cb700000, 0x00000000cb700000, 0x00000000cb800000|  0%| F|  |TAMS 0x00000000cb700000, 0x00000000cb700000| Untracked 
| 184|0x00000000cb800000, 0x00000000cb800000, 0x00000000cb900000|  0%| F|  |TAMS 0x00000000cb800000, 0x00000000cb800000| Untracked 
| 185|0x00000000cb900000, 0x00000000cb900000, 0x00000000cba00000|  0%| F|  |TAMS 0x00000000cb900000, 0x00000000cb900000| Untracked 
| 186|0x00000000cba00000, 0x00000000cba00000, 0x00000000cbb00000|  0%| F|  |TAMS 0x00000000cba00000, 0x00000000cba00000| Untracked 
| 187|0x00000000cbb00000, 0x00000000cbb00000, 0x00000000cbc00000|  0%| F|  |TAMS 0x00000000cbb00000, 0x00000000cbb00000| Untracked 
| 188|0x00000000cbc00000, 0x00000000cbc00000, 0x00000000cbd00000|  0%| F|  |TAMS 0x00000000cbc00000, 0x00000000cbc00000| Untracked 
| 189|0x00000000cbd00000, 0x00000000cbd00000, 0x00000000cbe00000|  0%| F|  |TAMS 0x00000000cbd00000, 0x00000000cbd00000| Untracked 
| 190|0x00000000cbe00000, 0x00000000cbe00000, 0x00000000cbf00000|  0%| F|  |TAMS 0x00000000cbe00000, 0x00000000cbe00000| Untracked 
| 191|0x00000000cbf00000, 0x00000000cbf00000, 0x00000000cc000000|  0%| F|  |TAMS 0x00000000cbf00000, 0x00000000cbf00000| Untracked 
| 192|0x00000000cc000000, 0x00000000cc000000, 0x00000000cc100000|  0%| F|  |TAMS 0x00000000cc000000, 0x00000000cc000000| Untracked 
| 193|0x00000000cc100000, 0x00000000cc100000, 0x00000000cc200000|  0%| F|  |TAMS 0x00000000cc100000, 0x00000000cc100000| Untracked 
| 194|0x00000000cc200000, 0x00000000cc200000, 0x00000000cc300000|  0%| F|  |TAMS 0x00000000cc200000, 0x00000000cc200000| Untracked 
| 195|0x00000000cc300000, 0x00000000cc300000, 0x00000000cc400000|  0%| F|  |TAMS 0x00000000cc300000, 0x00000000cc300000| Untracked 
| 196|0x00000000cc400000, 0x00000000cc400000, 0x00000000cc500000|  0%| F|  |TAMS 0x00000000cc400000, 0x00000000cc400000| Untracked 
| 197|0x00000000cc500000, 0x00000000cc500000, 0x00000000cc600000|  0%| F|  |TAMS 0x00000000cc500000, 0x00000000cc500000| Untracked 
| 198|0x00000000cc600000, 0x00000000cc600000, 0x00000000cc700000|  0%| F|  |TAMS 0x00000000cc600000, 0x00000000cc600000| Untracked 
| 199|0x00000000cc700000, 0x00000000cc700000, 0x00000000cc800000|  0%| F|  |TAMS 0x00000000cc700000, 0x00000000cc700000| Untracked 
| 200|0x00000000cc800000, 0x00000000cc800000, 0x00000000cc900000|  0%| F|  |TAMS 0x00000000cc800000, 0x00000000cc800000| Untracked 
| 201|0x00000000cc900000, 0x00000000cc900000, 0x00000000cca00000|  0%| F|  |TAMS 0x00000000cc900000, 0x00000000cc900000| Untracked 
| 202|0x00000000cca00000, 0x00000000cca00000, 0x00000000ccb00000|  0%| F|  |TAMS 0x00000000cca00000, 0x00000000cca00000| Untracked 
| 203|0x00000000ccb00000, 0x00000000ccb00000, 0x00000000ccc00000|  0%| F|  |TAMS 0x00000000ccb00000, 0x00000000ccb00000| Untracked 
| 204|0x00000000ccc00000, 0x00000000ccc00000, 0x00000000ccd00000|  0%| F|  |TAMS 0x00000000ccc00000, 0x00000000ccc00000| Untracked 
| 205|0x00000000ccd00000, 0x00000000ccd00000, 0x00000000cce00000|  0%| F|  |TAMS 0x00000000ccd00000, 0x00000000ccd00000| Untracked 
| 206|0x00000000cce00000, 0x00000000cce00000, 0x00000000ccf00000|  0%| F|  |TAMS 0x00000000cce00000, 0x00000000cce00000| Untracked 
| 207|0x00000000ccf00000, 0x00000000ccf00000, 0x00000000cd000000|  0%| F|  |TAMS 0x00000000ccf00000, 0x00000000ccf00000| Untracked 
| 208|0x00000000cd000000, 0x00000000cd000000, 0x00000000cd100000|  0%| F|  |TAMS 0x00000000cd000000, 0x00000000cd000000| Untracked 
| 209|0x00000000cd100000, 0x00000000cd100000, 0x00000000cd200000|  0%| F|  |TAMS 0x00000000cd100000, 0x00000000cd100000| Untracked 
| 210|0x00000000cd200000, 0x00000000cd200000, 0x00000000cd300000|  0%| F|  |TAMS 0x00000000cd200000, 0x00000000cd200000| Untracked 
| 211|0x00000000cd300000, 0x00000000cd300000, 0x00000000cd400000|  0%| F|  |TAMS 0x00000000cd300000, 0x00000000cd300000| Untracked 
| 212|0x00000000cd400000, 0x00000000cd400000, 0x00000000cd500000|  0%| F|  |TAMS 0x00000000cd400000, 0x00000000cd400000| Untracked 
| 213|0x00000000cd500000, 0x00000000cd500000, 0x00000000cd600000|  0%| F|  |TAMS 0x00000000cd500000, 0x00000000cd500000| Untracked 
| 214|0x00000000cd600000, 0x00000000cd600000, 0x00000000cd700000|  0%| F|  |TAMS 0x00000000cd600000, 0x00000000cd600000| Untracked 
| 215|0x00000000cd700000, 0x00000000cd700000, 0x00000000cd800000|  0%| F|  |TAMS 0x00000000cd700000, 0x00000000cd700000| Untracked 
| 216|0x00000000cd800000, 0x00000000cd800000, 0x00000000cd900000|  0%| F|  |TAMS 0x00000000cd800000, 0x00000000cd800000| Untracked 
| 217|0x00000000cd900000, 0x00000000cd900000, 0x00000000cda00000|  0%| F|  |TAMS 0x00000000cd900000, 0x00000000cd900000| Untracked 
| 218|0x00000000cda00000, 0x00000000cda00000, 0x00000000cdb00000|  0%| F|  |TAMS 0x00000000cda00000, 0x00000000cda00000| Untracked 
| 219|0x00000000cdb00000, 0x00000000cdb00000, 0x00000000cdc00000|  0%| F|  |TAMS 0x00000000cdb00000, 0x00000000cdb00000| Untracked 
| 220|0x00000000cdc00000, 0x00000000cdc00000, 0x00000000cdd00000|  0%| F|  |TAMS 0x00000000cdc00000, 0x00000000cdc00000| Untracked 
| 221|0x00000000cdd00000, 0x00000000cdd00000, 0x00000000cde00000|  0%| F|  |TAMS 0x00000000cdd00000, 0x00000000cdd00000| Untracked 
| 222|0x00000000cde00000, 0x00000000cde00000, 0x00000000cdf00000|  0%| F|  |TAMS 0x00000000cde00000, 0x00000000cde00000| Untracked 
| 223|0x00000000cdf00000, 0x00000000cdf23830, 0x00000000ce000000| 13%| E|  |TAMS 0x00000000cdf00000, 0x00000000cdf00000| Complete 
| 224|0x00000000ce000000, 0x00000000ce100000, 0x00000000ce100000|100%| E|CS|TAMS 0x00000000ce000000, 0x00000000ce000000| Complete 
| 225|0x00000000ce100000, 0x00000000ce200000, 0x00000000ce200000|100%| E|CS|TAMS 0x00000000ce100000, 0x00000000ce100000| Complete 
| 226|0x00000000ce200000, 0x00000000ce300000, 0x00000000ce300000|100%| E|CS|TAMS 0x00000000ce200000, 0x00000000ce200000| Complete 
| 227|0x00000000ce300000, 0x00000000ce400000, 0x00000000ce400000|100%| E|CS|TAMS 0x00000000ce300000, 0x00000000ce300000| Complete 
| 228|0x00000000ce400000, 0x00000000ce500000, 0x00000000ce500000|100%| E|CS|TAMS 0x00000000ce400000, 0x00000000ce400000| Complete 
| 229|0x00000000ce500000, 0x00000000ce600000, 0x00000000ce600000|100%| E|CS|TAMS 0x00000000ce500000, 0x00000000ce500000| Complete 
| 230|0x00000000ce600000, 0x00000000ce700000, 0x00000000ce700000|100%| E|CS|TAMS 0x00000000ce600000, 0x00000000ce600000| Complete 
| 231|0x00000000ce700000, 0x00000000ce800000, 0x00000000ce800000|100%| E|CS|TAMS 0x00000000ce700000, 0x00000000ce700000| Complete 
| 232|0x00000000ce800000, 0x00000000ce900000, 0x00000000ce900000|100%| E|CS|TAMS 0x00000000ce800000, 0x00000000ce800000| Complete 
| 233|0x00000000ce900000, 0x00000000cea00000, 0x00000000cea00000|100%| E|CS|TAMS 0x00000000ce900000, 0x00000000ce900000| Complete 
| 234|0x00000000cea00000, 0x00000000ceb00000, 0x00000000ceb00000|100%| E|CS|TAMS 0x00000000cea00000, 0x00000000cea00000| Complete 
| 235|0x00000000ceb00000, 0x00000000cec00000, 0x00000000cec00000|100%| E|CS|TAMS 0x00000000ceb00000, 0x00000000ceb00000| Complete 
| 236|0x00000000cec00000, 0x00000000ced00000, 0x00000000ced00000|100%| E|CS|TAMS 0x00000000cec00000, 0x00000000cec00000| Complete 
| 237|0x00000000ced00000, 0x00000000cee00000, 0x00000000cee00000|100%| E|CS|TAMS 0x00000000ced00000, 0x00000000ced00000| Complete 
| 238|0x00000000cee00000, 0x00000000cef00000, 0x00000000cef00000|100%| E|CS|TAMS 0x00000000cee00000, 0x00000000cee00000| Complete 
| 239|0x00000000cef00000, 0x00000000cf000000, 0x00000000cf000000|100%| E|CS|TAMS 0x00000000cef00000, 0x00000000cef00000| Complete 
| 240|0x00000000cf000000, 0x00000000cf100000, 0x00000000cf100000|100%| E|CS|TAMS 0x00000000cf000000, 0x00000000cf000000| Complete 
| 241|0x00000000cf100000, 0x00000000cf200000, 0x00000000cf200000|100%| E|CS|TAMS 0x00000000cf100000, 0x00000000cf100000| Complete 
| 242|0x00000000cf200000, 0x00000000cf300000, 0x00000000cf300000|100%| E|CS|TAMS 0x00000000cf200000, 0x00000000cf200000| Complete 
| 243|0x00000000cf300000, 0x00000000cf400000, 0x00000000cf400000|100%| E|CS|TAMS 0x00000000cf300000, 0x00000000cf300000| Complete 
| 244|0x00000000cf400000, 0x00000000cf500000, 0x00000000cf500000|100%| E|CS|TAMS 0x00000000cf400000, 0x00000000cf400000| Complete 
| 245|0x00000000cf500000, 0x00000000cf600000, 0x00000000cf600000|100%| E|CS|TAMS 0x00000000cf500000, 0x00000000cf500000| Complete 
| 246|0x00000000cf600000, 0x00000000cf700000, 0x00000000cf700000|100%| E|CS|TAMS 0x00000000cf600000, 0x00000000cf600000| Complete 
| 247|0x00000000cf700000, 0x00000000cf800000, 0x00000000cf800000|100%| E|CS|TAMS 0x00000000cf700000, 0x00000000cf700000| Complete 
| 248|0x00000000cf800000, 0x00000000cf900000, 0x00000000cf900000|100%| E|CS|TAMS 0x00000000cf800000, 0x00000000cf800000| Complete 
| 249|0x00000000cf900000, 0x00000000cfa00000, 0x00000000cfa00000|100%| E|CS|TAMS 0x00000000cf900000, 0x00000000cf900000| Complete 
| 250|0x00000000cfa00000, 0x00000000cfb00000, 0x00000000cfb00000|100%| E|CS|TAMS 0x00000000cfa00000, 0x00000000cfa00000| Complete 
| 251|0x00000000cfb00000, 0x00000000cfc00000, 0x00000000cfc00000|100%| E|CS|TAMS 0x00000000cfb00000, 0x00000000cfb00000| Complete 
| 252|0x00000000cfc00000, 0x00000000cfd00000, 0x00000000cfd00000|100%| E|CS|TAMS 0x00000000cfc00000, 0x00000000cfc00000| Complete 
| 253|0x00000000cfd00000, 0x00000000cfe00000, 0x00000000cfe00000|100%| E|CS|TAMS 0x00000000cfd00000, 0x00000000cfd00000| Complete 
| 254|0x00000000cfe00000, 0x00000000cff00000, 0x00000000cff00000|100%| E|CS|TAMS 0x00000000cfe00000, 0x00000000cfe00000| Complete 
| 255|0x00000000cff00000, 0x00000000d0000000, 0x00000000d0000000|100%| E|CS|TAMS 0x00000000cff00000, 0x00000000cff00000| Complete 
| 256|0x00000000d0000000, 0x00000000d0100000, 0x00000000d0100000|100%| E|CS|TAMS 0x00000000d0000000, 0x00000000d0000000| Complete 
| 257|0x00000000d0100000, 0x00000000d0200000, 0x00000000d0200000|100%| E|CS|TAMS 0x00000000d0100000, 0x00000000d0100000| Complete 

Card table byte_map: [0x000001897be90000,0x000001897c090000] _byte_map_base: 0x000001897b890000

Marking Bits (Prev, Next): (CMBitMap*) 0x000001897217e250, (CMBitMap*) 0x000001897217e210
 Prev Bits: [0x000001897d290000, 0x000001897e290000)
 Next Bits: [0x000001897c290000, 0x000001897d290000)

Polling page: 0x0000018971e00000

Metaspace:

Usage:
  Non-class:     11.93 MB used.
      Class:    918.72 KB used.
       Both:     12.83 MB used.

Virtual space:
  Non-class space:       64.00 MB reserved,      12.00 MB ( 19%) committed,  1 nodes.
      Class space:        1.00 GB reserved,       1.00 MB ( <1%) committed,  1 nodes.
             Both:        1.06 GB reserved,      13.00 MB (  1%) committed. 

Chunk freelists:
   Non-Class:  3.41 MB
       Class:  14.91 MB
        Both:  18.32 MB

MaxMetaspaceSize: unlimited
CompressedClassSpaceSize: 1.00 GB
Initial GC threshold: 21.00 MB
Current GC threshold: 21.00 MB
CDS: on
MetaspaceReclaimPolicy: balanced
 - commit_granule_bytes: 65536.
 - commit_granule_words: 8192.
 - virtual_space_node_default_size: 8388608.
 - enlarge_chunks_in_place: 1.
 - new_chunks_are_fully_committed: 0.
 - uncommit_free_chunks: 1.
 - use_allocation_guard: 0.
 - handle_deallocations: 1.


Internal statistics:

num_allocs_failed_limit: 0.
num_arena_births: 106.
num_arena_deaths: 0.
num_vsnodes_births: 2.
num_vsnodes_deaths: 0.
num_space_committed: 204.
num_space_uncommitted: 0.
num_chunks_returned_to_freelist: 0.
num_chunks_taken_from_freelist: 390.
num_chunk_merges: 0.
num_chunk_splits: 307.
num_chunks_enlarged: 246.
num_inconsistent_stats: 0.

CodeHeap 'non-profiled nmethods': size=120000Kb used=915Kb max_used=915Kb free=119084Kb
 bounds [0x0000018907ad0000, 0x0000018907d40000, 0x000001890f000000]
CodeHeap 'profiled nmethods': size=120000Kb used=3204Kb max_used=3204Kb free=116795Kb
 bounds [0x0000018900000000, 0x0000018900330000, 0x0000018907530000]
CodeHeap 'non-nmethods': size=5760Kb used=1613Kb max_used=1647Kb free=4146Kb
 bounds [0x0000018907530000, 0x00000189077a0000, 0x0000018907ad0000]
 total_blobs=2687 nmethods=1749 adapters=851
 compilation: enabled
              stopped_count=0, restarted_count=0
 full_count=0

Compilation events (20 events):
Event: 18.045 Thread 0x000001897ec85880 1740       3       processing.opengl.PGraphicsOpenGL::polyBuffersContextIsOutdated (20 bytes)
Event: 18.045 Thread 0x000001897ec85880 nmethod 1740 0x000001890031b810 code [0x000001890031b9c0, 0x000001890031bc98]
Event: 18.071 Thread 0x000001897ec85880 1741       3       java.util.concurrent.locks.AbstractQueuedSynchronizer::tryInitializeHead (29 bytes)
Event: 18.071 Thread 0x000001897ec85880 nmethod 1741 0x000001890031bd90 code [0x000001890031bf40, 0x000001890031c2d8]
Event: 18.171 Thread 0x000001897ec85880 1742       3       java.util.concurrent.locks.AbstractQueuedSynchronizer::signalNextIfShared (41 bytes)
Event: 18.171 Thread 0x000001897ec85880 nmethod 1742 0x000001890031c410 code [0x000001890031c5e0, 0x000001890031c9d8]
Event: 19.295 Thread 0x000001897ec85880 1743   !   3       java.util.concurrent.LinkedBlockingQueue::take (91 bytes)
Event: 19.295 Thread 0x000001897ec7aa90 1744       4       java.util.concurrent.locks.ReentrantLock::lockInterruptibly (8 bytes)
Event: 19.296 Thread 0x000001897ec85880 nmethod 1743 0x000001890031cb10 code [0x000001890031cec0, 0x000001890031e848]
Event: 19.297 Thread 0x000001897ec7aa90 nmethod 1744 0x0000018907bb2910 code [0x0000018907bb2aa0, 0x0000018907bb2c88]
Event: 19.397 Thread 0x000001897ec7aa90 1745       4       jogamp.newt.DefaultEDTUtil::access$100 (4 bytes)
Event: 19.397 Thread 0x000001897ec7aa90 nmethod 1745 0x0000018907bb2e10 code [0x0000018907bb2f80, 0x0000018907bb2ff8]
Event: 21.112 Thread 0x000001897ec7aa90 1746   !   4       java.util.concurrent.LinkedBlockingQueue::take (91 bytes)
Event: 21.131 Thread 0x000001897ec7aa90 nmethod 1746 0x0000018907bb3110 code [0x0000018907bb3300, 0x0000018907bb4530]
Event: 21.394 Thread 0x000001897ec85880 1747       3       java.lang.String::newStringUTF8NoRepl (272 bytes)
Event: 21.395 Thread 0x000001897ec85880 nmethod 1747 0x000001890031f390 code [0x000001890031f660, 0x0000018900320528]
Event: 21.395 Thread 0x000001897ec85880 1748       3       jdk.internal.misc.Unsafe::getAndAddLong (27 bytes)
Event: 21.395 Thread 0x000001897ec85880 nmethod 1748 0x0000018900320a90 code [0x0000018900320c40, 0x0000018900320e88]
Event: 21.395 Thread 0x000001897ec85880 1749       3       jdk.internal.misc.Unsafe::weakCompareAndSetLong (11 bytes)
Event: 21.395 Thread 0x000001897ec85880 nmethod 1749 0x0000018900320f90 code [0x0000018900321120, 0x0000018900321258]

GC Heap History (20 events):
Event: 3.800 GC heap before
{Heap before GC invocations=14 (full 0):
 garbage-first heap   total 264192K, used 107595K [0x00000000c0000000, 0x0000000100000000)
  region size 1024K, 12 young (12288K), 2 survivors (2048K)
 Metaspace       used 12780K, committed 12992K, reserved 1114112K
  class space    used 914K, committed 1024K, reserved 1048576K
}
Event: 3.801 GC heap after
{Heap after GC invocations=15 (full 0):
 garbage-first heap   total 264192K, used 96843K [0x00000000c0000000, 0x0000000100000000)
  region size 1024K, 2 young (2048K), 2 survivors (2048K)
 Metaspace       used 12780K, committed 12992K, reserved 1114112K
  class space    used 914K, committed 1024K, reserved 1048576K
}
Event: 5.416 GC heap before
{Heap before GC invocations=15 (full 0):
 garbage-first heap   total 264192K, used 226891K [0x00000000c0000000, 0x0000000100000000)
  region size 1024K, 129 young (132096K), 2 survivors (2048K)
 Metaspace       used 12811K, committed 12992K, reserved 1114112K
  class space    used 914K, committed 1024K, reserved 1048576K
}
Event: 5.418 GC heap after
{Heap after GC invocations=16 (full 0):
 garbage-first heap   total 264192K, used 97958K [0x00000000c0000000, 0x0000000100000000)
  region size 1024K, 3 young (3072K), 3 survivors (3072K)
 Metaspace       used 12811K, committed 12992K, reserved 1114112K
  class space    used 914K, committed 1024K, reserved 1048576K
}
Event: 7.049 GC heap before
{Heap before GC invocations=16 (full 0):
 garbage-first heap   total 264192K, used 226982K [0x00000000c0000000, 0x0000000100000000)
  region size 1024K, 129 young (132096K), 3 survivors (3072K)
 Metaspace       used 12852K, committed 13056K, reserved 1114112K
  class space    used 914K, committed 1024K, reserved 1048576K
}
Event: 7.050 GC heap after
{Heap after GC invocations=17 (full 0):
 garbage-first heap   total 264192K, used 99296K [0x00000000c0000000, 0x0000000100000000)
  region size 1024K, 4 young (4096K), 4 survivors (4096K)
 Metaspace       used 12852K, committed 13056K, reserved 1114112K
  class space    used 914K, committed 1024K, reserved 1048576K
}
Event: 8.727 GC heap before
{Heap before GC invocations=17 (full 0):
 garbage-first heap   total 264192K, used 226272K [0x00000000c0000000, 0x0000000100000000)
  region size 1024K, 128 young (131072K), 4 survivors (4096K)
 Metaspace       used 12869K, committed 13056K, reserved 1114112K
  class space    used 914K, committed 1024K, reserved 1048576K
}
Event: 8.728 GC heap after
{Heap after GC invocations=18 (full 0):
 garbage-first heap   total 264192K, used 96648K [0x00000000c0000000, 0x0000000100000000)
  region size 1024K, 2 young (2048K), 2 survivors (2048K)
 Metaspace       used 12869K, committed 13056K, reserved 1114112K
  class space    used 914K, committed 1024K, reserved 1048576K
}
Event: 10.429 GC heap before
{Heap before GC invocations=18 (full 0):
 garbage-first heap   total 264192K, used 227720K [0x00000000c0000000, 0x0000000100000000)
  region size 1024K, 130 young (133120K), 2 survivors (2048K)
 Metaspace       used 12898K, committed 13120K, reserved 1114112K
  class space    used 914K, committed 1024K, reserved 1048576K
}
Event: 10.430 GC heap after
{Heap after GC invocations=19 (full 0):
 garbage-first heap   total 264192K, used 97611K [0x00000000c0000000, 0x0000000100000000)
  region size 1024K, 3 young (3072K), 3 survivors (3072K)
 Metaspace       used 12898K, committed 13120K, reserved 1114112K
  class space    used 914K, committed 1024K, reserved 1048576K
}
Event: 12.424 GC heap before
{Heap before GC invocations=19 (full 0):
 garbage-first heap   total 264192K, used 227659K [0x00000000c0000000, 0x0000000100000000)
  region size 1024K, 130 young (133120K), 3 survivors (3072K)
 Metaspace       used 12898K, committed 13120K, reserved 1114112K
  class space    used 914K, committed 1024K, reserved 1048576K
}
Event: 12.426 GC heap after
{Heap after GC invocations=20 (full 0):
 garbage-first heap   total 264192K, used 98283K [0x00000000c0000000, 0x0000000100000000)
  region size 1024K, 3 young (3072K), 3 survivors (3072K)
 Metaspace       used 12898K, committed 13120K, reserved 1114112K
  class space    used 914K, committed 1024K, reserved 1048576K
}
Event: 14.511 GC heap before
{Heap before GC invocations=20 (full 0):
 garbage-first heap   total 264192K, used 228331K [0x00000000c0000000, 0x0000000100000000)
  region size 1024K, 130 young (133120K), 3 survivors (3072K)
 Metaspace       used 12911K, committed 13120K, reserved 1114112K
  class space    used 914K, committed 1024K, reserved 1048576K
}
Event: 14.512 GC heap after
{Heap after GC invocations=21 (full 0):
 garbage-first heap   total 264192K, used 99382K [0x00000000c0000000, 0x0000000100000000)
  region size 1024K, 4 young (4096K), 4 survivors (4096K)
 Metaspace       used 12911K, committed 13120K, reserved 1114112K
  class space    used 914K, committed 1024K, reserved 1048576K
}
Event: 16.625 GC heap before
{Heap before GC invocations=21 (full 0):
 garbage-first heap   total 264192K, used 227382K [0x00000000c0000000, 0x0000000100000000)
  region size 1024K, 129 young (132096K), 4 survivors (4096K)
 Metaspace       used 12919K, committed 13120K, reserved 1114112K
  class space    used 914K, committed 1024K, reserved 1048576K
}
Event: 16.627 GC heap after
{Heap after GC invocations=22 (full 0):
 garbage-first heap   total 264192K, used 98358K [0x00000000c0000000, 0x0000000100000000)
  region size 1024K, 3 young (3072K), 3 survivors (3072K)
 Metaspace       used 12919K, committed 13120K, reserved 1114112K
  class space    used 914K, committed 1024K, reserved 1048576K
}
Event: 18.715 GC heap before
{Heap before GC invocations=22 (full 0):
 garbage-first heap   total 264192K, used 228406K [0x00000000c0000000, 0x0000000100000000)
  region size 1024K, 130 young (133120K), 3 survivors (3072K)
 Metaspace       used 13093K, committed 13248K, reserved 1114112K
  class space    used 914K, committed 1024K, reserved 1048576K
}
Event: 18.716 GC heap after
{Heap after GC invocations=23 (full 0):
 garbage-first heap   total 264192K, used 99062K [0x00000000c0000000, 0x0000000100000000)
  region size 1024K, 4 young (4096K), 4 survivors (4096K)
 Metaspace       used 13093K, committed 13248K, reserved 1114112K
  class space    used 914K, committed 1024K, reserved 1048576K
}
Event: 20.771 GC heap before
{Heap before GC invocations=23 (full 0):
 garbage-first heap   total 264192K, used 227062K [0x00000000c0000000, 0x0000000100000000)
  region size 1024K, 129 young (132096K), 4 survivors (4096K)
 Metaspace       used 13093K, committed 13248K, reserved 1114112K
  class space    used 914K, committed 1024K, reserved 1048576K
}
Event: 20.772 GC heap after
{Heap after GC invocations=24 (full 0):
 garbage-first heap   total 264192K, used 98353K [0x00000000c0000000, 0x0000000100000000)
  region size 1024K, 3 young (3072K), 3 survivors (3072K)
 Metaspace       used 13093K, committed 13248K, reserved 1114112K
  class space    used 914K, committed 1024K, reserved 1048576K
}

Dll operation events (14 events):
Event: 0.007 Loaded shared library C:\Program Files\Processing\app\resources\jdk-17.0.14+7\bin\java.dll
Event: 0.018 Loaded shared library C:\Program Files\Processing\app\resources\jdk-17.0.14+7\bin\jsvml.dll
Event: 0.085 Loaded shared library C:\Program Files\Processing\app\resources\jdk-17.0.14+7\bin\net.dll
Event: 0.086 Loaded shared library C:\Program Files\Processing\app\resources\jdk-17.0.14+7\bin\nio.dll
Event: 0.088 Loaded shared library C:\Program Files\Processing\app\resources\jdk-17.0.14+7\bin\zip.dll
Event: 0.124 Loaded shared library C:\Program Files\Processing\app\resources\jdk-17.0.14+7\bin\jimage.dll
Event: 0.126 Loaded shared library C:\Program Files\Processing\app\resources\jdk-17.0.14+7\bin\awt.dll
Event: 0.419 Loaded shared library C:\Users\danil\AppData\Local\Temp\jogamp_0000\file_cache\jln5372020121231768005\jln1476586291551357793\natives\windows-amd64\gluegen_rt.dll
Event: 0.425 Loaded shared library C:\Program Files\Processing\app\resources\jdk-17.0.14+7\bin\jawt.dll
Event: 0.435 Loaded shared library C:\Users\danil\AppData\Local\Temp\jogamp_0000\file_cache\jln5372020121231768005\jln1476586291551357793\natives\windows-amd64\nativewindow_awt.dll
Event: 0.460 Loaded shared library C:\Users\danil\AppData\Local\Temp\jogamp_0000\file_cache\jln5372020121231768005\jln1476586291551357793\natives\windows-amd64\nativewindow_win32.dll
Event: 0.545 Loaded shared library C:\Users\danil\AppData\Local\Temp\jogamp_0000\file_cache\jln5372020121231768005\jln1476586291551357793\natives\windows-amd64\jogl_desktop.dll
Event: 0.705 Loaded shared library C:\Users\danil\AppData\Local\Temp\jogamp_0000\file_cache\jln5372020121231768005\jln1476586291551357793\natives\windows-amd64\jogl_mobile.dll
Event: 1.398 Loaded shared library C:\Users\danil\AppData\Local\Temp\jogamp_0000\file_cache\jln5372020121231768005\jln1476586291551357793\natives\windows-amd64\newt_head.dll

Deoptimization events (20 events):
Event: 21.219 Thread 0x0000018957b65760 DEOPT PACKING pc=0x00000189002cd2f4 sp=0x0000002069cfe900
Event: 21.219 Thread 0x0000018957b65760 DEOPT UNPACKING pc=0x000001890758ace3 sp=0x0000002069cfddb8 mode 1
Event: 21.219 Thread 0x0000018957b65760 DEOPT PACKING pc=0x00000189002cf941 sp=0x0000002069cfe900
Event: 21.219 Thread 0x0000018957b65760 DEOPT UNPACKING pc=0x000001890758ace3 sp=0x0000002069cfddf0 mode 1
Event: 21.219 Thread 0x0000018957b65760 DEOPT PACKING pc=0x00000189002cd2f4 sp=0x0000002069cfe990
Event: 21.219 Thread 0x0000018957b65760 DEOPT UNPACKING pc=0x000001890758ace3 sp=0x0000002069cfde38 mode 1
Event: 21.292 Thread 0x0000018957b65760 DEOPT PACKING pc=0x00000189002cf941 sp=0x0000002069cfe870
Event: 21.292 Thread 0x0000018957b65760 DEOPT UNPACKING pc=0x000001890758ace3 sp=0x0000002069cfdd60 mode 1
Event: 21.293 Thread 0x0000018957b65760 DEOPT PACKING pc=0x00000189002cd2f4 sp=0x0000002069cfe900
Event: 21.293 Thread 0x0000018957b65760 DEOPT UNPACKING pc=0x000001890758ace3 sp=0x0000002069cfddb8 mode 1
Event: 21.293 Thread 0x0000018957b65760 DEOPT PACKING pc=0x00000189002cf941 sp=0x0000002069cfe900
Event: 21.293 Thread 0x0000018957b65760 DEOPT UNPACKING pc=0x000001890758ace3 sp=0x0000002069cfddf0 mode 1
Event: 21.293 Thread 0x0000018957b65760 DEOPT PACKING pc=0x00000189002cd2f4 sp=0x0000002069cfe990
Event: 21.293 Thread 0x0000018957b65760 DEOPT UNPACKING pc=0x000001890758ace3 sp=0x0000002069cfde38 mode 1
Event: 21.391 Thread 0x000001897fafc450 Uncommon trap: trap_request=0xffffff45 fr.pc=0x0000018907b9a870 relative=0x00000000000000f0
Event: 21.391 Thread 0x000001897fafc450 Uncommon trap: reason=unstable_if action=reinterpret pc=0x0000018907b9a870 method=com.jogamp.common.util.IntIntHashMap.put(II)I @ 21 c2
Event: 21.391 Thread 0x000001897fafc450 DEOPT PACKING pc=0x0000018907b9a870 sp=0x0000002068ffec00
Event: 21.391 Thread 0x000001897fafc450 DEOPT UNPACKING pc=0x000001890758a1a3 sp=0x0000002068ffeb68 mode 2
Event: 21.394 Thread 0x0000018968909160 DEOPT PACKING pc=0x0000018900136517 sp=0x0000002069afdbc0
Event: 21.394 Thread 0x0000018968909160 DEOPT UNPACKING pc=0x000001890758ace3 sp=0x0000002069afd020 mode 0

Classes loaded (20 events):
Event: 1.562 Loading class java/util/concurrent/Callable done
Event: 1.562 Loading class java/util/concurrent/Executors$RunnableAdapter done
Event: 1.562 Loading class java/util/concurrent/ThreadPoolExecutor$Worker
Event: 1.562 Loading class java/util/concurrent/ThreadPoolExecutor$Worker done
Event: 1.581 Loading class java/util/concurrent/locks/AbstractQueuedSynchronizer$SharedNode
Event: 1.581 Loading class java/util/concurrent/locks/AbstractQueuedSynchronizer$SharedNode done
Event: 1.699 Loading class sun/nio/cs/StreamDecoder
Event: 1.699 Loading class sun/nio/cs/StreamDecoder done
Event: 1.700 Loading class java/util/regex/Pattern$LookBehindEndNode
Event: 1.700 Loading class java/util/regex/Pattern$LookBehindEndNode done
Event: 1.700 Loading class java/util/regex/Pattern$NotBehind
Event: 1.700 Loading class java/util/regex/Pattern$NotBehind done
Event: 1.700 Loading class java/util/regex/Pattern$Neg
Event: 1.700 Loading class java/util/regex/Pattern$Neg done
Event: 1.700 Loading class java/util/regex/Pattern$Pos
Event: 1.700 Loading class java/util/regex/Pattern$Pos done
Event: 1.706 Loading class java/util/regex/Pattern$SliceS
Event: 1.706 Loading class java/util/regex/Pattern$SliceS done
Event: 21.366 Loading class java/nio/channels/ClosedChannelException
Event: 21.366 Loading class java/nio/channels/ClosedChannelException done

Classes unloaded (0 events):
No events

Classes redefined (0 events):
No events

Internal exceptions (20 events):
Event: 0.113 Thread 0x000001897213b400 Exception <a 'java/lang/NoSuchMethodError'{0x00000000c3ce58e8}: 'void java.lang.invoke.DirectMethodHandle$Holder.invokeStatic(java.lang.Object, java.lang.Object, java.lang.Object)'> (0x00000000c3ce58e8) 
thrown [s\src\hotspot\share\interpreter\linkResolver.cpp, line 759]
Event: 0.119 Thread 0x000001897213b400 Exception <a 'java/lang/ClassNotFoundException'{0x00000000c3b0d078}: sun/awt/resources/spi/awtProvider> (0x00000000c3b0d078) 
thrown [s\src\hotspot\share\classfile\systemDictionary.cpp, line 256]
Event: 0.133 Thread 0x000001897213b400 Exception <a 'java/io/FileNotFoundException'{0x00000000c3b629b8}> (0x00000000c3b629b8) 
thrown [s\src\hotspot\share\prims\jni.cpp, line 516]
Event: 0.137 Thread 0x000001897213b400 Exception <a 'java/io/FileNotFoundException'{0x00000000c3b901e8}> (0x00000000c3b901e8) 
thrown [s\src\hotspot\share\prims\jni.cpp, line 516]
Event: 0.162 Thread 0x000001897213b400 Exception <a 'java/lang/NoSuchMethodError'{0x00000000c3a3d440}: 'java.lang.Object java.lang.invoke.DirectMethodHandle$Holder.invokeStaticInit(java.lang.Object)'> (0x00000000c3a3d440) 
thrown [s\src\hotspot\share\interpreter\linkResolver.cpp, line 759]
Event: 0.265 Thread 0x000001897213b400 Exception <a 'java/lang/NoSuchMethodError'{0x00000000c364c2b0}: 'java.lang.Object java.lang.invoke.DirectMethodHandle$Holder.invokeStaticInit(java.lang.Object, int, int, int, int)'> (0x00000000c364c2b0) 
thrown [s\src\hotspot\share\interpreter\linkResolver.cpp, line 759]
Event: 0.302 Thread 0x000001897213b400 Exception <a 'java/lang/NoSuchMethodError'{0x00000000c35353f0}: 'java.lang.Object java.lang.invoke.DirectMethodHandle$Holder.invokeStaticInit(java.lang.Object, java.lang.Object, int, int, int, int)'> (0x00000000c35353f0) 
thrown [s\src\hotspot\share\interpreter\linkResolver.cpp, line 759]
Event: 0.324 Thread 0x000001897213b400 Exception <a 'java/lang/NoSuchMethodError'{0x00000000c3540b40}: 'void java.lang.invoke.DirectMethodHandle$Holder.invokeStatic(java.lang.Object, long)'> (0x00000000c3540b40) 
thrown [s\src\hotspot\share\interpreter\linkResolver.cpp, line 759]
Event: 0.325 Thread 0x000001897213b400 Exception <a 'java/lang/NoSuchMethodError'{0x00000000c3546120}: 'java.lang.Object java.lang.invoke.DirectMethodHandle$Holder.newInvokeSpecial(java.lang.Object, long)'> (0x00000000c3546120) 
thrown [s\src\hotspot\share\interpreter\linkResolver.cpp, line 759]
Event: 0.327 Thread 0x000001897213b400 Exception <a 'java/lang/NoSuchMethodError'{0x00000000c3550938}: 'java.lang.Object java.lang.invoke.DirectMethodHandle$Holder.invokeStaticInit(java.lang.Object, java.lang.Object, long, java.lang.Object)'> (0x00000000c3550938) 
thrown [s\src\hotspot\share\interpreter\linkResolver.cpp, line 759]
Event: 0.328 Thread 0x000001897213b400 Exception <a 'java/lang/NoSuchMethodError'{0x00000000c3556ef8}: 'java.lang.Object java.lang.invoke.DirectMethodHandle$Holder.newInvokeSpecial(java.lang.Object, java.lang.Object, long)'> (0x00000000c3556ef8) 
thrown [s\src\hotspot\share\interpreter\linkResolver.cpp, line 759]
Event: 0.328 Thread 0x000001897213b400 Exception <a 'java/lang/NoSuchMethodError'{0x00000000c355aa68}: 'java.lang.Object java.lang.invoke.Invokers$Holder.linkToTargetMethod(java.lang.Object, long, java.lang.Object)'> (0x00000000c355aa68) 
thrown [s\src\hotspot\share\interpreter\linkResolver.cpp, line 759]
Event: 0.445 Thread 0x000001897213b400 Exception <a 'java/lang/NoSuchMethodError'{0x00000000c34c9f88}: 'java.lang.Object java.lang.invoke.DirectMethodHandle$Holder.invokeInterface(java.lang.Object, java.lang.Object)'> (0x00000000c34c9f88) 
thrown [s\src\hotspot\share\interpreter\linkResolver.cpp, line 759]
Event: 0.445 Thread 0x000001897213b400 Exception <a 'java/lang/IncompatibleClassChangeError'{0x00000000c34cd8a8}: Found class java.lang.Object, but interface was expected> (0x00000000c34cd8a8) 
thrown [s\src\hotspot\share\interpreter\linkResolver.cpp, line 826]
Event: 1.466 Thread 0x000001897213b400 Exception <a 'java/lang/NoSuchMethodError'{0x00000000c3349ee8}: 'void java.lang.invoke.DirectMethodHandle$Holder.invokeSpecial(java.lang.Object, java.lang.Object, java.lang.Object, java.lang.Object, java.lang.Object)'> (0x00000000c3349ee8) 
thrown [s\src\hotspot\share\interpreter\linkResolver.cpp, line 759]
Event: 1.467 Thread 0x000001897213b400 Exception <a 'java/lang/NoSuchMethodError'{0x00000000c3352ea8}: 'void java.lang.invoke.DirectMethodHandle$Holder.invokeSpecial(java.lang.Object, java.lang.Object, java.lang.Object)'> (0x00000000c3352ea8) 
thrown [s\src\hotspot\share\interpreter\linkResolver.cpp, line 759]
Event: 1.468 Thread 0x000001897213b400 Exception <a 'java/lang/NoSuchMethodError'{0x00000000c33591d8}: 'void java.lang.invoke.DirectMethodHandle$Holder.invokeSpecial(java.lang.Object, java.lang.Object, int)'> (0x00000000c33591d8) 
thrown [s\src\hotspot\share\interpreter\linkResolver.cpp, line 759]
Event: 1.468 Thread 0x000001897213b400 Exception <a 'java/lang/NoSuchMethodError'{0x00000000c335f1f0}: 'java.lang.Object java.lang.invoke.DirectMethodHandle$Holder.newInvokeSpecial(java.lang.Object, java.lang.Object, int)'> (0x00000000c335f1f0) 
thrown [s\src\hotspot\share\interpreter\linkResolver.cpp, line 759]
Event: 21.366 Thread 0x0000018957d2c230 Exception <a 'java/lang/InterruptedException'{0x00000000ce18e868}> (0x00000000ce18e868) 
thrown [s\src\hotspot\share\runtime\objectMonitor.cpp, line 1658]
Event: 21.391 Thread 0x000001897fafc450 Implicit null exception at 0x0000018907b9a7c4 to 0x0000018907b9a84c

VM Operations (20 events):
Event: 8.728 Executing VM operation: G1CollectForAllocation done
Event: 10.429 Executing VM operation: G1CollectForAllocation
Event: 10.430 Executing VM operation: G1CollectForAllocation done
Event: 12.424 Executing VM operation: G1CollectForAllocation
Event: 12.426 Executing VM operation: G1CollectForAllocation done
Event: 14.426 Executing VM operation: Cleanup
Event: 14.426 Executing VM operation: Cleanup done
Event: 14.511 Executing VM operation: G1CollectForAllocation
Event: 14.512 Executing VM operation: G1CollectForAllocation done
Event: 15.513 Executing VM operation: Cleanup
Event: 15.513 Executing VM operation: Cleanup done
Event: 16.625 Executing VM operation: G1CollectForAllocation
Event: 16.627 Executing VM operation: G1CollectForAllocation done
Event: 18.626 Executing VM operation: Cleanup
Event: 18.626 Executing VM operation: Cleanup done
Event: 18.715 Executing VM operation: G1CollectForAllocation
Event: 18.717 Executing VM operation: G1CollectForAllocation done
Event: 20.771 Executing VM operation: G1CollectForAllocation
Event: 20.772 Executing VM operation: G1CollectForAllocation done
Event: 21.468 Executing VM operation: Exit

Memory protections (0 events):
No events

Nmethod flushes (0 events):
No events

Events (20 events):
Event: 1.581 Thread 0x0000018957b65760 Thread added: 0x0000018968904f90
Event: 1.581 Thread 0x0000018957b65760 Thread added: 0x0000018968908c50
Event: 1.581 Thread 0x0000018957b65760 Thread added: 0x000001896890afc0
Event: 1.581 Thread 0x0000018957b65760 Thread added: 0x000001896890b9e0
Event: 2.004 Thread 0x00000189685e4e50 Thread exited: 0x00000189685e4e50
Event: 2.647 Thread 0x00000189578ad240 Thread exited: 0x00000189578ad240
Event: 5.784 Thread 0x000001897f401330 Thread added: 0x000001896890b4d0
Event: 6.805 Thread 0x000001896890b4d0 Thread exited: 0x000001896890b4d0
Event: 21.366 Thread 0x0000018957b65760 Thread added: 0x0000018968909160
Event: 21.366 Thread 0x0000018957b65760 Thread added: 0x000001896890a5a0
Event: 21.366 Thread 0x0000018957b65760 Thread added: 0x0000018968909b80
Event: 21.366 Thread 0x0000018957d2c230 Thread exited: 0x0000018957d2c230
Event: 21.366 Thread 0x000001897f401330 Thread added: 0x000001896890b4d0
Event: 21.366 Thread 0x0000018968909b80 Thread exited: 0x0000018968909b80
Event: 21.367 Thread 0x0000018957b43130 Thread exited: 0x0000018957b43130
Event: 21.368 Thread 0x000001897f401330 Thread exited: 0x000001897f401330
Event: 21.392 Thread 0x000001897fafc450 Thread exited: 0x000001897fafc450
Event: 21.395 Thread 0x0000018968909160 Thread exited: 0x0000018968909160
Event: 21.468 Thread 0x000001896890a5a0 Thread exited: 0x000001896890a5a0
Event: 21.468 Thread 0x0000018957b65760 Before exit entered


Dynamic libraries:
0x00007ff7c9de0000 - 0x00007ff7c9dee000 	C:\Program Files\Processing\app\resources\jdk-17.0.14+7\bin\java.exe
0x00007ffa7da60000 - 0x00007ffa7dcc7000 	C:\WINDOWS\SYSTEM32\ntdll.dll
0x00007ffa7c020000 - 0x00007ffa7c0e9000 	C:\WINDOWS\System32\KERNEL32.DLL
0x00007ffa7a540000 - 0x00007ffa7a937000 	C:\WINDOWS\System32\KERNELBASE.dll
0x00007ffa7ab20000 - 0x00007ffa7ac6b000 	C:\WINDOWS\System32\ucrtbase.dll
0x00007ffa4d920000 - 0x00007ffa4d937000 	C:\Program Files\Processing\app\resources\jdk-17.0.14+7\bin\jli.dll
0x00007ffa4d900000 - 0x00007ffa4d91e000 	C:\Program Files\Processing\app\resources\jdk-17.0.14+7\bin\VCRUNTIME140.dll
0x00007ffa7bdd0000 - 0x00007ffa7bf96000 	C:\WINDOWS\System32\USER32.dll
0x00007ffa61590000 - 0x00007ffa61822000 	C:\WINDOWS\WinSxS\amd64_microsoft.windows.common-controls_6595b64144ccf1df_6.0.26100.8457_none_3e0b2faee331e92d\COMCTL32.dll
0x00007ffa7b630000 - 0x00007ffa7b657000 	C:\WINDOWS\System32\win32u.dll
0x00007ffa7b7e0000 - 0x00007ffa7b889000 	C:\WINDOWS\System32\msvcrt.dll
0x00007ffa7cc40000 - 0x00007ffa7cc6b000 	C:\WINDOWS\System32\GDI32.dll
0x00007ffa7a940000 - 0x00007ffa7aa6c000 	C:\WINDOWS\System32\gdi32full.dll
0x00007ffa7a490000 - 0x00007ffa7a533000 	C:\WINDOWS\System32\msvcp_win.dll
0x00007ffa7ba00000 - 0x00007ffa7ba32000 	C:\WINDOWS\System32\IMM32.DLL
0x00007ffa73680000 - 0x00007ffa7368c000 	C:\Program Files\Processing\app\resources\jdk-17.0.14+7\bin\vcruntime140_1.dll
0x00007ffa457d0000 - 0x00007ffa4585d000 	C:\Program Files\Processing\app\resources\jdk-17.0.14+7\bin\msvcp140.dll
0x00007ff9b1440000 - 0x00007ff9b20ab000 	C:\Program Files\Processing\app\resources\jdk-17.0.14+7\bin\server\jvm.dll
0x00007ffa7d380000 - 0x00007ffa7d436000 	C:\WINDOWS\System32\ADVAPI32.dll
0x00007ffa7d450000 - 0x00007ffa7d4f7000 	C:\WINDOWS\System32\sechost.dll
0x00007ffa7d610000 - 0x00007ffa7d728000 	C:\WINDOWS\System32\RPCRT4.dll
0x00007ffa7d500000 - 0x00007ffa7d580000 	C:\WINDOWS\System32\WS2_32.dll
0x00007ffa7a310000 - 0x00007ffa7a36e000 	C:\WINDOWS\SYSTEM32\POWRPROF.dll
0x00007ffa704a0000 - 0x00007ffa704ab000 	C:\WINDOWS\SYSTEM32\VERSION.dll
0x00007ffa61e60000 - 0x00007ffa61e96000 	C:\WINDOWS\SYSTEM32\WINMM.dll
0x00007ffa7a2f0000 - 0x00007ffa7a304000 	C:\WINDOWS\SYSTEM32\UMPDC.dll
0x00007ffa79220000 - 0x00007ffa7923b000 	C:\WINDOWS\SYSTEM32\kernel.appcore.dll
0x00007ffa6a5b0000 - 0x00007ffa6a5ba000 	C:\Program Files\Processing\app\resources\jdk-17.0.14+7\bin\jimage.dll
0x00007ffa72470000 - 0x00007ffa726b2000 	C:\WINDOWS\SYSTEM32\DBGHELP.DLL
0x00007ffa7c870000 - 0x00007ffa7cbf3000 	C:\WINDOWS\System32\combase.dll
0x00007ffa7bc30000 - 0x00007ffa7bd09000 	C:\WINDOWS\System32\OLEAUT32.dll
0x00007ffa410a0000 - 0x00007ffa410db000 	C:\WINDOWS\SYSTEM32\dbgcore.DLL
0x00007ffa7aa70000 - 0x00007ffa7ab18000 	C:\WINDOWS\System32\bcryptPrimitives.dll
0x00007ffa478a0000 - 0x00007ffa478db000 	C:\Program Files\Processing\app\resources\jdk-17.0.14+7\bin\jdwp.dll
0x00007ffa4c330000 - 0x00007ffa4c355000 	C:\Program Files\Processing\app\resources\jdk-17.0.14+7\bin\java.dll
0x00007ffa41a00000 - 0x00007ffa41ad7000 	C:\Program Files\Processing\app\resources\jdk-17.0.14+7\bin\jsvml.dll
0x00007ffa7c0f0000 - 0x00007ffa7c85e000 	C:\WINDOWS\System32\SHELL32.dll
0x00007ffa7ac70000 - 0x00007ffa7b4dc000 	C:\WINDOWS\System32\windows.storage.dll
0x00007ffa7d730000 - 0x00007ffa7d826000 	C:\WINDOWS\System32\SHCORE.dll
0x00007ffa7d210000 - 0x00007ffa7d276000 	C:\WINDOWS\System32\shlwapi.dll
0x00007ffa7a3b0000 - 0x00007ffa7a3d9000 	C:\WINDOWS\SYSTEM32\profapi.dll
0x00007ffa4d410000 - 0x00007ffa4d41c000 	C:\Program Files\Processing\app\resources\jdk-17.0.14+7\bin\dt_socket.dll
0x00007ffa78c30000 - 0x00007ffa78c62000 	C:\WINDOWS\SYSTEM32\IPHLPAPI.DLL
0x00007ffa79790000 - 0x00007ffa797fc000 	C:\WINDOWS\system32\mswsock.dll
0x00007ffa4ce10000 - 0x00007ffa4ce29000 	C:\Program Files\Processing\app\resources\jdk-17.0.14+7\bin\net.dll
0x00007ffa775b0000 - 0x00007ffa776d9000 	C:\WINDOWS\SYSTEM32\WINHTTP.dll
0x00007ffa4cd70000 - 0x00007ffa4cd86000 	C:\Program Files\Processing\app\resources\jdk-17.0.14+7\bin\nio.dll
0x00007ffa47880000 - 0x00007ffa47898000 	C:\Program Files\Processing\app\resources\jdk-17.0.14+7\bin\zip.dll
0x00007ffa24050000 - 0x00007ffa241e0000 	C:\Program Files\Processing\app\resources\jdk-17.0.14+7\bin\awt.dll
0x00007ffa76060000 - 0x00007ffa76100000 	C:\WINDOWS\SYSTEM32\apphelp.dll
0x00007ffa77ee0000 - 0x00007ffa77f8a000 	C:\WINDOWS\system32\uxtheme.dll
0x00007ffa7b890000 - 0x00007ffa7b9ec000 	C:\WINDOWS\System32\MSCTF.dll
0x00007ffa7ba40000 - 0x00007ffa7bbd7000 	C:\WINDOWS\System32\ole32.dll
0x00007ffa781d0000 - 0x00007ffa781ff000 	C:\WINDOWS\system32\DWMAPI.DLL
0x00007ffa33d40000 - 0x00007ffa33e4f000 	C:\WINDOWS\system32\opengl32.dll
0x00007ffa36620000 - 0x00007ffa3664d000 	C:\WINDOWS\SYSTEM32\GLU32.dll
0x00007ffa77ff0000 - 0x00007ffa78035000 	C:\WINDOWS\SYSTEM32\dxcore.dll
0x00007ffa79a70000 - 0x00007ffa79a8b000 	C:\WINDOWS\SYSTEM32\CRYPTSP.dll
0x00007ffa79180000 - 0x00007ffa791b9000 	C:\WINDOWS\system32\rsaenh.dll
0x00007ffa79840000 - 0x00007ffa79873000 	C:\WINDOWS\SYSTEM32\USERENV.dll
0x00007ffa7a380000 - 0x00007ffa7a3aa000 	C:\WINDOWS\SYSTEM32\bcrypt.dll
0x00007ffa79a90000 - 0x00007ffa79a9c000 	C:\WINDOWS\SYSTEM32\CRYPTBASE.dll
0x00007ffa7cc00000 - 0x00007ffa7cc0a000 	C:\WINDOWS\System32\NSI.dll
0x00007ffa77800000 - 0x00007ffa7781d000 	C:\WINDOWS\SYSTEM32\dhcpcsvc6.DLL
0x00007ffa77750000 - 0x00007ffa77775000 	C:\WINDOWS\SYSTEM32\dhcpcsvc.DLL
0x00007ffa78ce0000 - 0x00007ffa78e12000 	C:\WINDOWS\SYSTEM32\DNSAPI.dll
0x00007ffa44850000 - 0x00007ffa44863000 	C:\Users\danil\AppData\Local\Temp\jogamp_0000\file_cache\jln5372020121231768005\jln1476586291551357793\natives\windows-amd64\gluegen_rt.dll
0x00007ffa4d400000 - 0x00007ffa4d407000 	C:\Program Files\Processing\app\resources\jdk-17.0.14+7\bin\jawt.dll
0x00007ffa4cd50000 - 0x00007ffa4cd5d000 	C:\Users\danil\AppData\Local\Temp\jogamp_0000\file_cache\jln5372020121231768005\jln1476586291551357793\natives\windows-amd64\nativewindow_awt.dll
0x00007ffa419e0000 - 0x00007ffa419f5000 	C:\Users\danil\AppData\Local\Temp\jogamp_0000\file_cache\jln5372020121231768005\jln1476586291551357793\natives\windows-amd64\nativewindow_win32.dll
0x00007ffa3fac0000 - 0x00007ffa3fb43000 	C:\Users\danil\AppData\Local\Temp\jogamp_0000\file_cache\jln5372020121231768005\jln1476586291551357793\natives\windows-amd64\jogl_desktop.dll
0x00007ffa24380000 - 0x00007ffa243d2000 	C:\Users\danil\AppData\Local\Temp\jogamp_0000\file_cache\jln5372020121231768005\jln1476586291551357793\natives\windows-amd64\jogl_mobile.dll
0x00007ffa73470000 - 0x00007ffa734d1000 	C:\WINDOWS\SYSTEM32\directxdatabasehelper.dll
0x00007ffa665e0000 - 0x00007ffa665fd000 	C:\WINDOWS\SYSTEM32\windows.staterepositorycore.dll
0x00007ff9b0460000 - 0x00007ff9b1433000 	C:\WINDOWS\System32\DriverStore\FileRepository\iigd_dch.inf_amd64_225f37aa3862fc3f\igxelpicd64.dll
0x00007ffa78040000 - 0x00007ffa7817e000 	C:\WINDOWS\system32\dxgi.dll
0x00007ff9ec6a0000 - 0x00007ff9ecb27000 	C:\WINDOWS\System32\DriverStore\FileRepository\iigd_dch.inf_amd64_225f37aa3862fc3f\igdml64.dll
0x00007ffa7a000000 - 0x00007ffa7a051000 	C:\WINDOWS\SYSTEM32\cfgmgr32.dll
0x00007ffa704b0000 - 0x00007ffa70871000 	C:\WINDOWS\System32\DriverStore\FileRepository\iigd_dch.inf_amd64_225f37aa3862fc3f\igdgmm64.dll
0x00007ffa6d290000 - 0x00007ffa70496000 	C:\WINDOWS\System32\DriverStore\FileRepository\iigd_dch.inf_amd64_225f37aa3862fc3f\igc64.dll
0x00007ffa41800000 - 0x00007ffa41819000 	C:\Users\danil\AppData\Local\Temp\jogamp_0000\file_cache\jln5372020121231768005\jln1476586291551357793\natives\windows-amd64\newt_head.dll
0x00007ffa6bce0000 - 0x00007ffa6bd9f000 	C:\WINDOWS\SYSTEM32\mscms.dll
0x00007ffa111b0000 - 0x00007ffa111f9000 	C:\WINDOWS\SYSTEM32\icm32.dll
0x00007ffa7cc70000 - 0x00007ffa7d0f7000 	C:\WINDOWS\System32\setupapi.dll
0x00007ffa79fd0000 - 0x00007ffa79ffd000 	C:\WINDOWS\SYSTEM32\DEVOBJ.dll
0x00007ffa7b4e0000 - 0x00007ffa7b562000 	C:\WINDOWS\System32\WINTRUST.dll
0x00007ffa7b660000 - 0x00007ffa7b7d8000 	C:\WINDOWS\System32\CRYPT32.dll
0x00007ffa79ba0000 - 0x00007ffa79bb3000 	C:\WINDOWS\SYSTEM32\MSASN1.dll
0x00007ffa4d4c0000 - 0x00007ffa4d606000 	C:\WINDOWS\SYSTEM32\textinputframework.dll
0x00007ffa76ea0000 - 0x00007ffa76fc7000 	C:\WINDOWS\SYSTEM32\CoreMessaging.dll
0x00007ffa726c0000 - 0x00007ffa729a2000 	C:\WINDOWS\SYSTEM32\CoreUIComponents.dll
0x00007ffa737b0000 - 0x00007ffa7391a000 	C:\WINDOWS\SYSTEM32\wintypes.dll

dbghelp: loaded successfully - version: 4.0.5 - missing functions: none
symbol engine: initialized successfully - sym options: 0x614 - pdb path: .;C:\Program Files\Processing\app\resources\jdk-17.0.14+7\bin;C:\WINDOWS\SYSTEM32;C:\WINDOWS\WinSxS\amd64_microsoft.windows.common-controls_6595b64144ccf1df_6.0.26100.8457_none_3e0b2faee331e92d;C:\Program Files\Processing\app\resources\jdk-17.0.14+7\bin\server;C:\Users\danil\AppData\Local\Temp\jogamp_0000\file_cache\jln5372020121231768005\jln1476586291551357793\natives\windows-amd64;C:\WINDOWS\System32\DriverStore\FileRepository\iigd_dch.inf_amd64_225f37aa3862fc3f

VM Arguments:
jvm_args: -agentlib:jdwp=transport=dt_socket,address=8045,server=y,suspend=y,quiet=y -Xms64m -Xmx1024m -Djna.nosys=true -Djava.library.path=;C:\Program Files\Processing\app\resources\core\library;C:\Program Files\Processing;C:\WINDOWS\system32;C:\WINDOWS;C:\Program Files\PlasticSCM5\server;C:\Program Files\PlasticSCM5\client;C:\Program Files\Common Files\Oracle\Java\javapath;C:\Program Files (x86)\Common Files\Oracle\Java\javapath;C:\Windows\System32\HWAudioDriverLibs;C:\Windows\system32;C:\Windows;C:\Windows\System32\Wbem;C:\Windows\System32\WindowsPowerShell\v1.0;C:\Windows\System32\OpenSSH;C:\Program Files\Microsoft SQL Server\150\Tools\Binn;C:\Program Files\Microsoft SQL Server\Client SDK\ODBC\170\Tools\Binn;C:\Program Files\dotnet;D:\Windows Kits\10\Windows Performance Toolkit;C:\Program Files\Java\jdk-23\bin;C:\WINDOWS\system32;C:\WINDOWS;C:\WINDOWS\System32\Wbem;C:\WINDOWS\System32\WindowsPowerShell\v1.0;C:\WINDOWS\System32\OpenSSH;C:\Program Files\nodejs;C:\Program Files\Docker\Docker\resources\bin;C:\Program Files\TortoiseGit\bin;C:\Program Files\Git\cmd;C:\Users\danil\AppData\Local\Programs\Python\Python312\Scripts;C:\Users\danil\AppData\Local\Programs\Python\Python312;C:\Users\danil\AppData\Local\Microsoft\WindowsApps;C:\Users\danil\AppData\Local\Programs\Microsoft VS Code\bin;C:\Users\danil\AppData\Roaming\npm;D:\DataBase\18\bin;C:\Program Files\Processing\app;. -ea 
java_command: processing.core.PApplet --editor-location=-7,-7 --external --display=1 --sketch-path=C:\Users\danil\Desktop\Gravity_simul Gravity_simul
java_class_path (initial): C:\Users\danil\AppData\Local\Temp\processing\Gravity_simul6832745158930960037temp;C:\Program Files\Processing\app\resources\core\library\annotations-13.0.jar;C:\Program Files\Processing\app\resources\core\library\antlr-2.7.7.jar;C:\Program Files\Processing\app\resources\core\library\core-4.4.1.jar;C:\Program Files\Processing\app\resources\core\library\gluegen-rt-2.5.0-natives-android-aarch64.jar;C:\Program Files\Processing\app\resources\core\library\gluegen-rt-2.5.0-natives-linux-aarch64.jar;C:\Program Files\Processing\app\resources\core\library\gluegen-rt-2.5.0-natives-linux-amd64.jar;C:\Program Files\Processing\app\resources\core\library\gluegen-rt-2.5.0-natives-linux-armv6hf.jar;C:\Program Files\Processing\app\resources\core\library\gluegen-rt-2.5.0-natives-macosx-universal.jar;C:\Program Files\Processing\app\resources\core\library\gluegen-rt-2.5.0-natives-windows-amd64.jar;C:\Program Files\Processing\app\resources\core\library\gluegen-rt-2.5.0.jar;C:\Program Files\Processing\app\resources\core\library\gluegen-rt-main-2.5.0.jar;C:\Program Files\Processing\app\resources\core\library\jogl-all-2.5.0-natives-android-aarch64.jar;C:\Program Files\Processing\app\resources\core\library\jogl-all-2.5.0-natives-linux-aarch64.jar;C:\Program Files\Processing\app\resources\core\library\jogl-all-2.5.0-natives-linux-amd64.jar;C:\Program Files\Processing\app\resources\core\library\jogl-all-2.5.0-natives-linux-armv6hf.jar;C:\Program Files\Processing\app\resources\core\library\jogl-all-2.5.0-natives-macosx-universal.jar;C:\Program Files\Processing\app\resources\core\library\jogl-all-2.5.0-natives-windows-amd64.jar;C:\Program Files\Processing\app\resources\core\library\jogl-all-2.5.0.jar;C:\Program Files\Processing\app\resources\core\library\jogl-all-main-2.5.0.jar;C:\Program Files\Processing\app\resources\core\library\kotlin-stdlib-2.0.20.jar
Launcher Type: SUN_STANDARD

[Global flags]
     intx CICompilerCount                          = 4                                         {product} {ergonomic}
     uint ConcGCThreads                            = 2                                         {product} {ergonomic}
     uint G1ConcRefinementThreads                  = 8                                         {product} {ergonomic}
   size_t G1HeapRegionSize                         = 1048576                                   {product} {ergonomic}
    uintx GCDrainStackTargetSize                   = 64                                        {product} {ergonomic}
   size_t InitialHeapSize                          = 67108864                                  {product} {command line}
   size_t MarkStackSize                            = 4194304                                   {product} {ergonomic}
   size_t MaxHeapSize                              = 1073741824                                {product} {command line}
   size_t MaxNewSize                               = 643825664                                 {product} {ergonomic}
   size_t MinHeapDeltaBytes                        = 1048576                                   {product} {ergonomic}
   size_t MinHeapSize                              = 67108864                                  {product} {command line}
    uintx NonNMethodCodeHeapSize                   = 5839372                                {pd product} {ergonomic}
    uintx NonProfiledCodeHeapSize                  = 122909434                              {pd product} {ergonomic}
    uintx ProfiledCodeHeapSize                     = 122909434                              {pd product} {ergonomic}
    uintx ReservedCodeCacheSize                    = 251658240                              {pd product} {ergonomic}
     bool SegmentedCodeCache                       = true                                      {product} {ergonomic}
   size_t SoftMaxHeapSize                          = 1073741824                             {manageable} {ergonomic}
     bool UseCompressedClassPointers               = true                           {product lp64_product} {ergonomic}
     bool UseCompressedOops                        = true                           {product lp64_product} {ergonomic}
     bool UseG1GC                                  = true                                      {product} {ergonomic}
     bool UseLargePagesIndividualAllocation        = false                                  {pd product} {ergonomic}

Logging:
Log output configuration:
 #0: stdout all=off uptime,level,tags
 #1: stderr all=off uptime,level,tags

Environment Variables:
JAVA_HOME=C:\Program Files\Java\jdk-23
PATH=C:\Program Files\PlasticSCM5\server;C:\Program Files\PlasticSCM5\client;C:\Program Files\Common Files\Oracle\Java\javapath;C:\Program Files (x86)\Common Files\Oracle\Java\javapath;C:\Windows\System32\HWAudioDriverLibs;C:\Windows\system32;C:\Windows;C:\Windows\System32\Wbem;C:\Windows\System32\WindowsPowerShell\v1.0\;C:\Windows\System32\OpenSSH\;C:\Users\Administrator\AppData\Local\Microsoft\WindowsApps;C:\Program Files\Microsoft SQL Server\150\Tools\Binn\;C:\Program Files\Microsoft SQL Server\Client SDK\ODBC\170\Tools\Binn\;C:\Program Files\dotnet\;D:\Windows Kits\10\Windows Performance Toolkit\;C:\Program Files\Java\jdk-23\bin;C:\WINDOWS\system32;C:\WINDOWS;C:\WINDOWS\System32\Wbem;C:\WINDOWS\System32\WindowsPowerShell\v1.0\;C:\WINDOWS\System32\OpenSSH\;C:\Program Files\nodejs\;C:\Program Files\Docker\Docker\resources\bin;C:\Program Files\TortoiseGit\bin;C:\Program Files\Git\cmd;C:\Users\danil\AppData\Local\Programs\Python\Python312\Scripts\;C:\Users\danil\AppData\Local\Programs\Python\Python312\;C:\Users\danil\AppData\Local\Microsoft\WindowsApps;C:\Users\danil\.dotnet\tools;C:\Users\danil\AppData\Local\Programs\Microsoft VS Code\bin;C:\Users\danil\AppData\Roaming\npm;D:\DataBase\18\bin;C:\Program Files\Processing\app
USERNAME=danil
OS=Windows_NT
PROCESSOR_IDENTIFIER=Intel64 Family 6 Model 140 Stepping 2, GenuineIntel
TMP=C:\Users\danil\AppData\Local\Temp
TEMP=C:\Users\danil\AppData\Local\Temp



Periodic native trim disabled


---------------  S Y S T E M  ---------------

OS:
 Windows 11 , 64 bit Build 26100 (10.0.26100.8328)
OS uptime: 0 days 3:57 hours
Hyper-V role detected

CPU: total 8 (initial active 8) (4 cores per cpu, 2 threads per core) family 6 model 140 stepping 2 microcode 0x16, cx8, cmov, fxsr, ht, mmx, 3dnowpref, sse, sse2, sse3, ssse3, sse4.1, sse4.2, popcnt, lzcnt, tsc, tscinvbit, avx, avx2, aes, erms, clmul, bmi1, bmi2, adx, avx512f, avx512dq, avx512cd, avx512bw, avx512vl, sha, fma, vzeroupper, avx512_vpopcntdq, avx512_vpclmulqdq, avx512_vaes, avx512_vnni, clflush, clflushopt, clwb, avx512_vbmi2, avx512_vbmi, hv
Processor Information for all 8 processors :
  Max Mhz: 2496, Current Mhz: 2496, Mhz Limit: 2496

Memory: 4k page, system-wide physical 7975M (2404M free)
TotalPageFile size 17703M (AvailPageFile size 8093M)
current process WorkingSet (physical memory assigned to process): 670M, peak: 682M
current process commit charge ("private bytes"): 679M, peak: 697M

vm_info: OpenJDK 64-Bit Server VM (17.0.14+7) for windows-amd64 JRE (17.0.14+7), built on Jan 21 2025 23:40:15 by "admin" with MS VC++ 17.7 (VS2022)

END.
