#
# A fatal error has been detected by the Java Runtime Environment:
#
#  EXCEPTION_ACCESS_VIOLATION (0xc0000005) at pc=0x00007ff9b069b386, pid=38360, tid=38420
#
# JRE version: OpenJDK Runtime Environment Temurin-17.0.14+7 (17.0.14+7) (build 17.0.14+7)
# Java VM: OpenJDK 64-Bit Server VM Temurin-17.0.14+7 (17.0.14+7, mixed mode, sharing, tiered, compressed oops, compressed class ptrs, g1 gc, windows-amd64)
# Problematic frame:
# C  [igxelpicd64.dll+0x23b386]
#
# No core dump will be written. Minidumps are not enabled by default on client versions of Windows
#
# If you would like to submit a bug report, please visit:
#   https://github.com/adoptium/adoptium-support/issues
#

---------------  S U M M A R Y ------------

Command Line: -agentlib:jdwp=transport=dt_socket,address=8174,server=y,suspend=y,quiet=y -Xms64m -Xmx1024m -Djna.nosys=true -Djava.library.path=;C:\Program Files\Processing\app\resources\core\library;C:\Program Files\Processing;C:\WINDOWS\system32;C:\WINDOWS;C:\Program Files\PlasticSCM5\server;C:\Program Files\PlasticSCM5\client;C:\Program Files\Common Files\Oracle\Java\javapath;C:\Program Files (x86)\Common Files\Oracle\Java\javapath;C:\Windows\System32\HWAudioDriverLibs;C:\Windows\system32;C:\Windows;C:\Windows\System32\Wbem;C:\Windows\System32\WindowsPowerShell\v1.0;C:\Windows\System32\OpenSSH;C:\Program Files\Microsoft SQL Server\150\Tools\Binn;C:\Program Files\Microsoft SQL Server\Client SDK\ODBC\170\Tools\Binn;C:\Program Files\dotnet;D:\Windows Kits\10\Windows Performance Toolkit;C:\Program Files\Java\jdk-23\bin;C:\WINDOWS\system32;C:\WINDOWS;C:\WINDOWS\System32\Wbem;C:\WINDOWS\System32\WindowsPowerShell\v1.0;C:\WINDOWS\System32\OpenSSH;C:\Program Files\nodejs;C:\Program Files\Docker\Docker\resources\bin;C:\Program Files\TortoiseGit\bin;C:\Program Files\Git\cmd;C:\Users\danil\AppData\Local\Programs\Python\Python312\Scripts;C:\Users\danil\AppData\Local\Programs\Python\Python312;C:\Users\danil\AppData\Local\Microsoft\WindowsApps;C:\Users\danil\AppData\Local\Programs\Microsoft VS Code\bin;C:\Users\danil\AppData\Roaming\npm;D:\DataBase\18\bin;C:\Program Files\Processing\app;. -ea processing.core.PApplet --editor-location=-7,-7 --external --display=1 --sketch-path=C:\Users\danil\Desktop\Gravity_simul Gravity_simul

Host: 11th Gen Intel(R) Core(TM) i5-1155G7 @ 2.50GHz, 8 cores, 7G,  Windows 11 , 64 bit Build 26100 (10.0.26100.8328)
Time: Sat Jun 27 23:22:12 2026 RTZ 3 (s 11 , 64 bit Build 26100 (10.0.26100.8328) elapsed time: 11.669954 seconds (0d 0h 0m 11s)

---------------  T H R E A D  ---------------

Current thread (0x00000174a944e100):  VMThread "VM Thread" [stack: 0x00000060f9d00000,0x00000060f9e00000] [id=38420]

Stack: [0x00000060f9d00000,0x00000060f9e00000],  sp=0x00000060f9dfe670,  free space=1017k
Native frames: (J=compiled Java code, j=interpreted, Vv=VM code, C=native code)
C  [igxelpicd64.dll+0x23b386]


siginfo: EXCEPTION_ACCESS_VIOLATION (0xc0000005), reading address 0x0000000000035468


Registers:
RAX=0x00000174fe873960, RBX=0x00000174ef60add0, RCX=0x0000000000000004, RDX=0x0000000000000000
RSP=0x00000060f9dfe670, RBP=0x0000000000000000, RSI=0x00000174fe873760, RDI=0x00000174ef07dac0
R8 =0x00000174fe873860, R9 =0x00000060f9288000, R10=0x0000000000000000, R11=0x0000000000000246
R12=0x00000174fe873760, R13=0x0000000000000000, R14=0x00000174fe873ca8, R15=0x00000174fe874ea0
RIP=0x00007ff9b069b386, EFLAGS=0x0000000000010206


Register to memory mapping:

RIP=0x00007ff9b069b386 igxelpicd64.dll
RAX=0x00000174fe873960 points into unknown readable memory: 0x0000000000028849 | 49 88 02 00 00 00 00 00
RBX=0x00000174ef60add0 points into unknown readable memory: 0xffffffffffffffff | ff ff ff ff ff ff ff ff
RCX=0x0000000000000004 is an unknown value
RDX=0x0 is NULL
RSP=0x00000060f9dfe670 points into unknown readable memory: 0x00000174ef60add0 | d0 ad 60 ef 74 01 00 00
RBP=0x0 is NULL
RSI=0x00000174fe873760 points into unknown readable memory: 0x00000174ef672290 | 90 22 67 ef 74 01 00 00
RDI=0x00000174ef07dac0 points into unknown readable memory: 0x0000000000000000 | 00 00 00 00 00 00 00 00
R8 =0x00000174fe873860 points into unknown readable memory: 0x0000000000000000 | 00 00 00 00 00 00 00 00
R9 =0x00000060f9288000 points into unknown readable memory: 0x0000000000000000 | 00 00 00 00 00 00 00 00
R10=0x0 is NULL
R11=0x0000000000000246 is an unknown value
R12=0x00000174fe873760 points into unknown readable memory: 0x00000174ef672290 | 90 22 67 ef 74 01 00 00
R13=0x0 is NULL
R14=0x00000174fe873ca8 points into unknown readable memory: 0x00000174fe874ea0 | a0 4e 87 fe 74 01 00 00
R15=0x00000174fe874ea0 points into unknown readable memory: 0x00000174ef672290 | 90 22 67 ef 74 01 00 00


Top of Stack: (sp=0x00000060f9dfe670)
0x00000060f9dfe670:   00000174ef60add0 00007ff9b04d0ab4
0x00000060f9dfe680:   0000000000000000 00000174f19b7620
0x00000060f9dfe690:   0000001600000000 0000000000000000
0x00000060f9dfe6a0:   0000017400000000 00000174f19b3800
0x00000060f9dfe6b0:   00000174ef60add0 00000174f1977280
0x00000060f9dfe6c0:   00000174f3ec0504 00000174f3b60000
0x00000060f9dfe6d0:   02db39a602a81c00 00000174f19b7c20
0x00000060f9dfe6e0:   00b3e9a603a7cba6 00007000196fe000
0x00000060f9dfe6f0:   0326f4a70133c2a7 031e5ea90399e2a8
0x00000060f9dfe700:   036a28aa00000000 035b9aaa02fe53aa
0x00000060f9dfe710:   022dceaa02eccdaa 02fe53ab02bf12ab
0x00000060f9dfe720:   02b97dab02e266ab 036fedab021f82ab
0x00000060f9dfe730:   03990eac01e702ac 02c01eac039d16ac
0x00000060f9dfe740:   0000000000000000 0000000000000000
0x00000060f9dfe750:   0366020000000000 00007ffa7dbc5b54
0x00000060f9dfe760:   0000000000000000 0000000000000000
0x00000060f9dfe770:   00000060f9dfe910 00007ffa7be21259
0x00000060f9dfe780:   00000060f9dfe808 0000000000000000
0x00000060f9dfe790:   0000000000000054 0000000000000000
0x00000060f9dfe7a0:   0000000000000000 00007ffa7dbc5cc4
0x00000060f9dfe7b0:   000000007a000004 005273b3035461b3
0x00000060f9dfe7c0:   00000f2ad15a49d9 001040007a000004
0x00000060f9dfe7d0:   00000174f19abeb8 0000000000028c7b
0x00000060f9dfe7e0:   0000000000000000 0000000000000016
0x00000060f9dfe7f0:   0000000000000000 0000000000000000
0x00000060f9dfe800:   00000060f9dfe910 00007ff9b06c82ae
0x00000060f9dfe810:   00000174ef07dac0 0000000000000000
0x00000060f9dfe820:   00000174ef07dac0 000010027a000004
0x00000060f9dfe830:   00000060000009e8 0000740400870000
0x00000060f9dfe840:   0000000000000000 033838be036430be
0x00000060f9dfe850:   0000000000000000 000010027a000004
0x00000060f9dfe860:   038ec2bf02f831bf 0000000000000000 

Instructions: (pc=0x00007ff9b069b386)
0x00007ff9b069b286:   00 90 4c 8b bf 80 02 00 00 48 8b 05 9a 85 bd 00
0x00007ff9b069b296:   8b 80 c8 0a 00 00 89 44 24 24 c6 44 24 20 00 48
0x00007ff9b069b2a6:   c7 87 80 02 00 00 00 00 00 00 c7 87 88 02 00 00
0x00007ff9b069b2b6:   00 00 00 00 48 c7 87 a0 02 00 00 00 00 00 00 48
0x00007ff9b069b2c6:   c7 87 90 02 00 00 00 00 00 00 48 85 ed 75 3d 8b
0x00007ff9b069b2d6:   35 0d 77 cd 00 65 48 8b 04 25 58 00 00 00 b9 14
0x00007ff9b069b2e6:   00 00 00 48 8b 04 f0 40 38 2c 01 0f 84 c9 e7 75
0x00007ff9b069b2f6:   00 65 48 8b 04 25 58 00 00 00 bd 20 00 00 00 48
0x00007ff9b069b306:   8b 04 f0 48 8b 2c 28 48 89 6c 24 28 48 3b 2d 07
0x00007ff9b069b316:   9b cd 00 0f 84 9b 10 00 00 4d 85 ff 0f 84 3a 01
0x00007ff9b069b326:   00 00 0f 1f 84 00 00 00 00 00 49 8b f7 4d 8b e7
0x00007ff9b069b336:   4d 8d b7 48 05 00 00 4d 8b 3e 45 84 ed 0f 85 d9
0x00007ff9b069b346:   0e 00 00 8b 8f d0 01 00 00 48 8b 05 da 84 bd 00
0x00007ff9b069b356:   83 b8 64 03 00 00 02 75 34 4d 8d 84 24 00 01 00
0x00007ff9b069b366:   00 83 f9 10 0f 83 3a 01 00 00 8b c1 48 c1 e0 06
0x00007ff9b069b376:   49 03 c0 48 85 c0 0f 84 9b 01 00 00 48 8b 50 08
0x00007ff9b069b386:   48 3b 95 68 54 03 00 0f 87 b6 0e 00 00 48 83 be
0x00007ff9b069b396:   c0 05 00 00 00 0f 85 50 e7 75 00 44 8b 8f d0 01
0x00007ff9b069b3a6:   00 00 48 8b 87 e8 01 00 00 4c 8b 00 8b 8f d0 01
0x00007ff9b069b3b6:   00 00 48 8d 9e 00 01 00 00 83 f9 10 0f 83 1e 01
0x00007ff9b069b3c6:   00 00 8b c1 48 c1 e0 06 48 03 c3 48 85 c0 0f 84
0x00007ff9b069b3d6:   4a 01 00 00 4c 39 40 08 0f 86 40 01 00 00 48 8b
0x00007ff9b069b3e6:   87 80 02 00 00 49 89 06 48 89 b7 80 02 00 00 ff
0x00007ff9b069b3f6:   87 88 02 00 00 48 8b 4e 08 48 8b 01 ba 01 00 00
0x00007ff9b069b406:   00 48 8b 80 e0 02 00 00 ff 15 f4 c1 88 00 0f b7
0x00007ff9b069b416:   c8 48 2b c1 48 05 00 00 01 00 48 01 87 90 02 00
0x00007ff9b069b426:   00 48 8b 4e 08 48 8b 01 ba 01 00 00 00 48 8b 80
0x00007ff9b069b436:   e0 02 00 00 ff 15 c8 c1 88 00 48 01 87 a0 02 00
0x00007ff9b069b446:   00 0f b6 54 24 20 4d 85 ff 0f 85 db fe ff ff 84
0x00007ff9b069b456:   d2 0f 85 37 0f 00 00 48 8b 5c 24 40 48 8b cf 80
0x00007ff9b069b466:   7c 24 22 00 0f 85 40 0f 00 00 e8 3b f9 ff ff 90
0x00007ff9b069b476:   48 8b cb ff 15 99 bc 88 00 48 8b 8c 24 50 01 00 


Stack slot to memory mapping:
stack at sp + 0 slots: 0x00000174ef60add0 points into unknown readable memory: 0xffffffffffffffff | ff ff ff ff ff ff ff ff
stack at sp + 1 slots: 0x00007ff9b04d0ab4 igxelpicd64.dll
stack at sp + 2 slots: 0x0 is NULL
stack at sp + 3 slots: 0x00000174f19b7620 points into unknown readable memory: 0x00000000000010e0 | e0 10 00 00 00 00 00 00
stack at sp + 4 slots: 0x0000001600000000 is an unknown value
stack at sp + 5 slots: 0x0 is NULL
stack at sp + 6 slots: 0x0000017400000000 is an unknown value
stack at sp + 7 slots: 0x00000174f19b3800 points into unknown readable memory: 0x00000174f19b3870 | 70 38 9b f1 74 01 00 00

VM_Operation (0x00000060fc0fea20): Exit, mode: safepoint, requested by thread 0x00000174a97075a0


---------------  P R O C E S S  ---------------

Threads class SMR info:
_java_thread_list=0x00000174fef69820, length=218, elements={
0x00000174a9452850, 0x00000174a9453120, 0x00000174a94692a0, 0x00000174a9469b70,
0x00000174a946a440, 0x00000174a946cd20, 0x00000174a9479650, 0x00000174a946ddd0,
0x00000174a946f030, 0x00000174a96ffe90, 0x00000174a97023a0, 0x00000174a9706160,
0x00000174a9706670, 0x00000174a9707fc0, 0x00000174a9705740, 0x00000174a97075a0,
0x00000174a9705230, 0x00000174a9707ab0, 0x00000174a9706b80, 0x00000174feec6e40,
0x00000174feec54f0, 0x00000174feec7350, 0x00000174feec6930, 0x00000174feec6420,
0x00000174feec5a00, 0x00000174feec7860, 0x00000174feec5f10, 0x00000174feec7d70,
0x00000174feec8280, 0x00000174feec8790, 0x00000174feec4fe0, 0x00000174feecba30,
0x00000174feec96c0, 0x00000174feec9bd0, 0x00000174feecbf40, 0x00000174feec8ca0,
0x00000174feecc450, 0x00000174feeca5f0, 0x00000174feec91b0, 0x00000174feeca0e0,
0x00000174feecb520, 0x00000174feecab00, 0x00000174feecc960, 0x00000174feecb010,
0x00000174feb9e3d0, 0x00000174feb9edf0, 0x00000174feb9ca80, 0x00000174feb9d4a0,
0x00000174feb9f300, 0x00000174feb9f810, 0x00000174feb9cf90, 0x00000174feb9c060,
0x00000174feb9dec0, 0x00000174feb9fd20, 0x00000174feb9d9b0, 0x00000174feb9e8e0,
0x00000174feb9c570, 0x00000174feba0c50, 0x00000174feba1670, 0x00000174feba2090,
0x00000174feba1b80, 0x00000174feba25a0, 0x00000174feba0230, 0x00000174feba39e0,
0x00000174feba2ab0, 0x00000174feba2fc0, 0x00000174feba1160, 0x00000174feba34d0,
0x00000174feba0740, 0x00000174fef223a0, 0x00000174fef23cf0, 0x00000174fef20f60,
0x00000174fef21e90, 0x00000174fef237e0, 0x00000174fef24200, 0x00000174fef22dc0,
0x00000174fef228b0, 0x00000174fef24710, 0x00000174fef232d0, 0x00000174fef24c20,
0x00000174fef21470, 0x00000174fef25130, 0x00000174fef21980, 0x00000174fef279b0,
0x00000174fef288e0, 0x00000174fef25640, 0x00000174fef25b50, 0x00000174fef26060,
0x00000174fef26570, 0x00000174fef274a0, 0x00000174fef26a80, 0x00000174fef26f90,
0x00000174fef27ec0, 0x00000174fef283d0, 0x00000174f17303b0, 0x00000174f17317f0,
0x00000174f172ef70, 0x00000174f17308c0, 0x00000174f172f990, 0x00000174f17312e0,
0x00000174f1730dd0, 0x00000174f172fea0, 0x00000174f1731d00, 0x00000174f1732210,
0x00000174f1732720, 0x00000174f1732c30, 0x00000174f172f480, 0x00000174f1733140,
0x00000174f17359c0, 0x00000174f1734070, 0x00000174f1734a90, 0x00000174f1733650,
0x00000174f1735ed0, 0x00000174f1733b60, 0x00000174f17354b0, 0x00000174f17368f0,
0x00000174f1734580, 0x00000174f1734fa0, 0x00000174f17363e0, 0x00000174f160f920,
0x00000174f160fe30, 0x00000174f160dfd0, 0x00000174f1611c90, 0x00000174f160e4e0,
0x00000174f1611780, 0x00000174f16121a0, 0x00000174f160e9f0, 0x00000174f1610340,
0x00000174f1610d60, 0x00000174f16126b0, 0x00000174f160f410, 0x00000174f160ef00,
0x00000174f1612bc0, 0x00000174f16130d0, 0x00000174f1613af0, 0x00000174f1610850,
0x00000174f16135e0, 0x00000174f1614a20, 0x00000174f1611270, 0x00000174f1614f30,
0x00000174f1614000, 0x00000174f1614510, 0x00000174f1615440, 0x00000174f1615950,
0x00000174fefab0d0, 0x00000174fefaabc0, 0x00000174fefaa6b0, 0x00000174fefaca20,
0x00000174fefade60, 0x00000174fefae880, 0x00000174fefab5e0, 0x00000174fefacf30,
0x00000174fefaf2a0, 0x00000174fefad440, 0x00000174fefad950, 0x00000174fefaed90,
0x00000174fefae370, 0x00000174fefabaf0, 0x00000174fefaf7b0, 0x00000174fefac000,
0x00000174fefafcc0, 0x00000174fefac510, 0x00000174fefb1610, 0x00000174fefb1b20,
0x00000174fefb0bf0, 0x00000174fefb1100, 0x00000174fefb2030, 0x00000174fefb01d0,
0x00000174fefb06e0, 0x00000174fefdc580, 0x00000174fefdcfa0, 0x00000174fefdac30,
0x00000174fefdb650, 0x00000174fefdca90, 0x00000174fefdd4b0, 0x00000174fefd9d00,
0x00000174fefdd9c0, 0x00000174fefdc070, 0x00000174fefda210, 0x00000174fefda720,
0x00000174fefdbb60, 0x00000174fefdded0, 0x00000174fefde3e0, 0x00000174fefde8f0,
0x00000174fefdb140, 0x00000174fefe0c60, 0x00000174fefdee00, 0x00000174fefe1170,
0x00000174fefe1680, 0x00000174fefdf310, 0x00000174fefe0750, 0x00000174fefdf820,
0x00000174fefdfd30, 0x00000174fefe0240, 0x00000174fefbbb10, 0x00000174fefbabe0,
0x00000174fefbd460, 0x00000174fefbde80, 0x00000174fefbb0f0, 0x00000174fefbc020,
0x00000174fefbc530, 0x00000174fefbca40, 0x00000174fefbd970, 0x00000174fefbb600,
0x00000174fefba6d0, 0x00000174fefbe8a0, 0x00000174fefbedb0, 0x00000174fefc0700,
0x00000174fefbf7d0, 0x00000174fefbfce0, 0x00000174fefbcf50, 0x00000174fefc01f0,
0x00000174fefc1630, 0x00000174fefc0c10, 0x00000174fefbf2c0, 0x00000174fefc1120,
0x00000174fefc1b40, 0x00000174f16202f0
}

Java Threads: ( => current thread )
  0x00000174a9452850 JavaThread "Reference Handler" daemon [_thread_blocked, id=38416, stack(0x00000060f9e00000,0x00000060f9f00000)]
  0x00000174a9453120 JavaThread "Finalizer" daemon [_thread_blocked, id=38432, stack(0x00000060f9f00000,0x00000060fa000000)]
  0x00000174a94692a0 JavaThread "Signal Dispatcher" daemon [_thread_blocked, id=38428, stack(0x00000060fa000000,0x00000060fa100000)]
  0x00000174a9469b70 JavaThread "Attach Listener" daemon [_thread_blocked, id=38424, stack(0x00000060fa100000,0x00000060fa200000)]
  0x00000174a946a440 JavaThread "Service Thread" daemon [_thread_blocked, id=38412, stack(0x00000060fa200000,0x00000060fa300000)]
  0x00000174a946cd20 JavaThread "Monitor Deflation Thread" daemon [_thread_blocked, id=38436, stack(0x00000060fa300000,0x00000060fa400000)]
  0x00000174a9479650 JavaThread "C2 CompilerThread0" daemon [_thread_blocked, id=38444, stack(0x00000060fa400000,0x00000060fa500000)]
  0x00000174a946ddd0 JavaThread "C1 CompilerThread0" daemon [_thread_blocked, id=38344, stack(0x00000060fa500000,0x00000060fa600000)]
  0x00000174a946f030 JavaThread "Sweeper thread" daemon [_thread_blocked, id=38352, stack(0x00000060fa600000,0x00000060fa700000)]
  0x00000174a96ffe90 JavaThread "JDWP Event Helper Thread" daemon [_thread_blocked, id=38396, stack(0x00000060fa800000,0x00000060fa900000)]
  0x00000174a97023a0 JavaThread "JDWP Command Reader" daemon [_thread_blocked, id=38392, stack(0x00000060fa900000,0x00000060faa00000)]
  0x00000174a9706160 JavaThread "Notification Thread" daemon [_thread_blocked, id=38400, stack(0x00000060faa00000,0x00000060fab00000)]
  0x00000174a9706670 JavaThread "Common-Cleaner" daemon [_thread_blocked, id=11468, stack(0x00000060fac00000,0x00000060fad00000)]
  0x00000174a9707fc0 JavaThread "Java2D Disposer" daemon [_thread_blocked, id=33340, stack(0x00000060fad00000,0x00000060fae00000)]
  0x00000174a9705740 JavaThread "HighResTimerThread" daemon [_thread_blocked, id=35424, stack(0x00000060fbe00000,0x00000060fbf00000)]
  0x00000174a97075a0 JavaThread "main-FPSAWTAnimator#00-Timer0" [_thread_blocked, id=35716, stack(0x00000060fc000000,0x00000060fc100000)]
  0x00000174a9705230 JavaThread "DestroyJavaVM" [_thread_blocked, id=38496, stack(0x00000060f9700000,0x00000060f9800000)]
  0x00000174a9707ab0 JavaThread "pool-1-thread-1" [_thread_blocked, id=35688, stack(0x00000060fc200000,0x00000060fc300000)]
  0x00000174a9706b80 JavaThread "pool-1-thread-2" [_thread_blocked, id=35700, stack(0x00000060fc300000,0x00000060fc400000)]
  0x00000174feec6e40 JavaThread "pool-1-thread-3" [_thread_blocked, id=35692, stack(0x00000060fc400000,0x00000060fc500000)]
  0x00000174feec54f0 JavaThread "pool-1-thread-4" [_thread_blocked, id=35696, stack(0x00000060fc500000,0x00000060fc600000)]
  0x00000174feec7350 JavaThread "pool-1-thread-5" [_thread_blocked, id=35684, stack(0x00000060fc600000,0x00000060fc700000)]
  0x00000174feec6930 JavaThread "pool-1-thread-6" [_thread_blocked, id=35680, stack(0x00000060fc700000,0x00000060fc800000)]
  0x00000174feec6420 JavaThread "pool-1-thread-7" [_thread_blocked, id=35676, stack(0x00000060fc800000,0x00000060fc900000)]
  0x00000174feec5a00 JavaThread "pool-1-thread-8" [_thread_blocked, id=30636, stack(0x00000060fc900000,0x00000060fca00000)]
  0x00000174feec7860 JavaThread "pool-1-thread-9" [_thread_blocked, id=36248, stack(0x00000060fca00000,0x00000060fcb00000)]
  0x00000174feec5f10 JavaThread "pool-1-thread-10" [_thread_blocked, id=38560, stack(0x00000060fcb00000,0x00000060fcc00000)]
  0x00000174feec7d70 JavaThread "pool-1-thread-11" [_thread_blocked, id=38556, stack(0x00000060fcc00000,0x00000060fcd00000)]
  0x00000174feec8280 JavaThread "pool-1-thread-12" [_thread_blocked, id=38544, stack(0x00000060fcd00000,0x00000060fce00000)]
  0x00000174feec8790 JavaThread "pool-1-thread-13" [_thread_blocked, id=38568, stack(0x00000060fce00000,0x00000060fcf00000)]
  0x00000174feec4fe0 JavaThread "pool-1-thread-14" [_thread_blocked, id=38564, stack(0x00000060fcf00000,0x00000060fd000000)]
  0x00000174feecba30 JavaThread "pool-1-thread-15" [_thread_blocked, id=38552, stack(0x00000060fd000000,0x00000060fd100000)]
  0x00000174feec96c0 JavaThread "pool-1-thread-16" [_thread_blocked, id=38664, stack(0x00000060fd100000,0x00000060fd200000)]
  0x00000174feec9bd0 JavaThread "pool-1-thread-17" [_thread_blocked, id=38656, stack(0x00000060fd200000,0x00000060fd300000)]
  0x00000174feecbf40 JavaThread "pool-1-thread-18" [_thread_blocked, id=38644, stack(0x00000060fd300000,0x00000060fd400000)]
  0x00000174feec8ca0 JavaThread "pool-1-thread-19" [_thread_blocked, id=38636, stack(0x00000060fd400000,0x00000060fd500000)]
  0x00000174feecc450 JavaThread "pool-1-thread-20" [_thread_blocked, id=38672, stack(0x00000060fd500000,0x00000060fd600000)]
  0x00000174feeca5f0 JavaThread "pool-1-thread-21" [_thread_blocked, id=38680, stack(0x00000060fd600000,0x00000060fd700000)]
  0x00000174feec91b0 JavaThread "pool-1-thread-22" [_thread_blocked, id=38624, stack(0x00000060fd700000,0x00000060fd800000)]
  0x00000174feeca0e0 JavaThread "pool-1-thread-23" [_thread_blocked, id=38660, stack(0x00000060fd800000,0x00000060fd900000)]
  0x00000174feecb520 JavaThread "pool-1-thread-24" [_thread_blocked, id=38608, stack(0x00000060fd900000,0x00000060fda00000)]
  0x00000174feecab00 JavaThread "pool-1-thread-25" [_thread_blocked, id=38604, stack(0x00000060fda00000,0x00000060fdb00000)]
  0x00000174feecc960 JavaThread "pool-1-thread-26" [_thread_blocked, id=38596, stack(0x00000060fdb00000,0x00000060fdc00000)]
  0x00000174feecb010 JavaThread "pool-1-thread-27" [_thread_blocked, id=38652, stack(0x00000060fdc00000,0x00000060fdd00000)]
  0x00000174feb9e3d0 JavaThread "pool-1-thread-28" [_thread_blocked, id=38648, stack(0x00000060fdd00000,0x00000060fde00000)]
  0x00000174feb9edf0 JavaThread "pool-1-thread-29" [_thread_blocked, id=38640, stack(0x00000060fde00000,0x00000060fdf00000)]
  0x00000174feb9ca80 JavaThread "pool-1-thread-30" [_thread_blocked, id=38668, stack(0x00000060fdf00000,0x00000060fe000000)]
  0x00000174feb9d4a0 JavaThread "pool-1-thread-31" [_thread_blocked, id=38676, stack(0x00000060fe000000,0x00000060fe100000)]
  0x00000174feb9f300 JavaThread "pool-1-thread-32" [_thread_blocked, id=38620, stack(0x00000060fe100000,0x00000060fe200000)]
  0x00000174feb9f810 JavaThread "pool-1-thread-33" [_thread_blocked, id=38528, stack(0x00000060fe200000,0x00000060fe300000)]
  0x00000174feb9cf90 JavaThread "pool-1-thread-34" [_thread_blocked, id=38524, stack(0x00000060fe300000,0x00000060fe400000)]
  0x00000174feb9c060 JavaThread "pool-1-thread-35" [_thread_blocked, id=38632, stack(0x00000060fe400000,0x00000060fe500000)]
  0x00000174feb9dec0 JavaThread "pool-1-thread-36" [_thread_blocked, id=38584, stack(0x00000060fe500000,0x00000060fe600000)]
  0x00000174feb9fd20 JavaThread "pool-1-thread-37" [_thread_blocked, id=38576, stack(0x00000060fe600000,0x00000060fe700000)]
  0x00000174feb9d9b0 JavaThread "pool-1-thread-38" [_thread_blocked, id=38572, stack(0x00000060fe700000,0x00000060fe800000)]
  0x00000174feb9e8e0 JavaThread "pool-1-thread-39" [_thread_blocked, id=38540, stack(0x00000060fe800000,0x00000060fe900000)]
  0x00000174feb9c570 JavaThread "pool-1-thread-40" [_thread_blocked, id=38616, stack(0x00000060fe900000,0x00000060fea00000)]
  0x00000174feba0c50 JavaThread "pool-1-thread-41" [_thread_blocked, id=38612, stack(0x00000060fea00000,0x00000060feb00000)]
  0x00000174feba1670 JavaThread "pool-1-thread-42" [_thread_blocked, id=38600, stack(0x00000060feb00000,0x00000060fec00000)]
  0x00000174feba2090 JavaThread "pool-1-thread-43" [_thread_blocked, id=38628, stack(0x00000060fec00000,0x00000060fed00000)]
  0x00000174feba1b80 JavaThread "pool-1-thread-44" [_thread_blocked, id=38536, stack(0x00000060fed00000,0x00000060fee00000)]
  0x00000174feba25a0 JavaThread "pool-1-thread-45" [_thread_blocked, id=38532, stack(0x00000060fee00000,0x00000060fef00000)]
  0x00000174feba0230 JavaThread "pool-1-thread-46" [_thread_blocked, id=38592, stack(0x00000060fef00000,0x00000060ff000000)]
  0x00000174feba39e0 JavaThread "pool-1-thread-47" [_thread_blocked, id=38588, stack(0x00000060ff000000,0x00000060ff100000)]
  0x00000174feba2ab0 JavaThread "pool-1-thread-48" [_thread_blocked, id=38580, stack(0x00000060ff100000,0x00000060ff200000)]
  0x00000174feba2fc0 JavaThread "pool-1-thread-49" [_thread_blocked, id=38548, stack(0x00000060ff200000,0x00000060ff300000)]
  0x00000174feba1160 JavaThread "pool-1-thread-50" [_thread_blocked, id=22140, stack(0x00000060ff300000,0x00000060ff400000)]
  0x00000174feba34d0 JavaThread "pool-1-thread-51" [_thread_blocked, id=33496, stack(0x00000060ff400000,0x00000060ff500000)]
  0x00000174feba0740 JavaThread "pool-1-thread-52" [_thread_blocked, id=33492, stack(0x00000060ff500000,0x00000060ff600000)]
  0x00000174fef223a0 JavaThread "pool-1-thread-53" [_thread_blocked, id=36256, stack(0x00000060ff600000,0x00000060ff700000)]
  0x00000174fef23cf0 JavaThread "pool-1-thread-54" [_thread_blocked, id=36264, stack(0x00000060ff700000,0x00000060ff800000)]
  0x00000174fef20f60 JavaThread "pool-1-thread-55" [_thread_blocked, id=36272, stack(0x00000060ff800000,0x00000060ff900000)]
  0x00000174fef21e90 JavaThread "pool-1-thread-56" [_thread_blocked, id=32008, stack(0x00000060ff900000,0x00000060ffa00000)]
  0x00000174fef237e0 JavaThread "pool-1-thread-57" [_thread_blocked, id=35872, stack(0x00000060ffa00000,0x00000060ffb00000)]
  0x00000174fef24200 JavaThread "pool-1-thread-58" [_thread_blocked, id=26396, stack(0x00000060ffb00000,0x00000060ffc00000)]
  0x00000174fef22dc0 JavaThread "pool-1-thread-59" [_thread_blocked, id=32868, stack(0x00000060ffc00000,0x00000060ffd00000)]
  0x00000174fef228b0 JavaThread "pool-1-thread-60" [_thread_blocked, id=26012, stack(0x00000060ffd00000,0x00000060ffe00000)]
  0x00000174fef24710 JavaThread "pool-1-thread-61" [_thread_blocked, id=35668, stack(0x00000060ffe00000,0x00000060fff00000)]
  0x00000174fef232d0 JavaThread "pool-1-thread-62" [_thread_blocked, id=35672, stack(0x00000060fff00000,0x0000006100000000)]
  0x00000174fef24c20 JavaThread "pool-1-thread-63" [_thread_blocked, id=14112, stack(0x0000006080000000,0x0000006080100000)]
  0x00000174fef21470 JavaThread "pool-1-thread-64" [_thread_blocked, id=35660, stack(0x0000006080100000,0x0000006080200000)]
  0x00000174fef25130 JavaThread "pool-1-thread-65" [_thread_blocked, id=35656, stack(0x0000006080200000,0x0000006080300000)]
  0x00000174fef21980 JavaThread "pool-1-thread-66" [_thread_blocked, id=35664, stack(0x0000006080300000,0x0000006080400000)]
  0x00000174fef279b0 JavaThread "pool-1-thread-67" [_thread_blocked, id=35400, stack(0x0000006080400000,0x0000006080500000)]
  0x00000174fef288e0 JavaThread "pool-1-thread-68" [_thread_blocked, id=18280, stack(0x0000006080500000,0x0000006080600000)]
  0x00000174fef25640 JavaThread "pool-1-thread-69" [_thread_blocked, id=16728, stack(0x0000006080600000,0x0000006080700000)]
  0x00000174fef25b50 JavaThread "pool-1-thread-70" [_thread_blocked, id=36448, stack(0x0000006080700000,0x0000006080800000)]
  0x00000174fef26060 JavaThread "pool-1-thread-71" [_thread_blocked, id=33264, stack(0x0000006080800000,0x0000006080900000)]
  0x00000174fef26570 JavaThread "pool-1-thread-72" [_thread_blocked, id=35380, stack(0x0000006080900000,0x0000006080a00000)]
  0x00000174fef274a0 JavaThread "pool-1-thread-73" [_thread_blocked, id=33256, stack(0x0000006080a00000,0x0000006080b00000)]
  0x00000174fef26a80 JavaThread "pool-1-thread-74" [_thread_blocked, id=2756, stack(0x0000006080b00000,0x0000006080c00000)]
  0x00000174fef26f90 JavaThread "pool-1-thread-75" [_thread_blocked, id=35652, stack(0x0000006080c00000,0x0000006080d00000)]
  0x00000174fef27ec0 JavaThread "pool-1-thread-76" [_thread_blocked, id=24180, stack(0x0000006080d00000,0x0000006080e00000)]
  0x00000174fef283d0 JavaThread "pool-1-thread-77" [_thread_blocked, id=35648, stack(0x0000006080e00000,0x0000006080f00000)]
  0x00000174f17303b0 JavaThread "pool-1-thread-78" [_thread_blocked, id=30400, stack(0x0000006080f00000,0x0000006081000000)]
  0x00000174f17317f0 JavaThread "pool-1-thread-79" [_thread_blocked, id=35420, stack(0x0000006081000000,0x0000006081100000)]
  0x00000174f172ef70 JavaThread "pool-1-thread-80" [_thread_blocked, id=34004, stack(0x0000006081100000,0x0000006081200000)]
  0x00000174f17308c0 JavaThread "pool-1-thread-81" [_thread_blocked, id=18604, stack(0x0000006081200000,0x0000006081300000)]
  0x00000174f172f990 JavaThread "pool-1-thread-82" [_thread_blocked, id=3920, stack(0x0000006081300000,0x0000006081400000)]
  0x00000174f17312e0 JavaThread "pool-1-thread-83" [_thread_blocked, id=3808, stack(0x0000006081400000,0x0000006081500000)]
  0x00000174f1730dd0 JavaThread "pool-1-thread-84" [_thread_blocked, id=14976, stack(0x0000006081500000,0x0000006081600000)]
  0x00000174f172fea0 JavaThread "pool-1-thread-85" [_thread_blocked, id=34548, stack(0x0000006081600000,0x0000006081700000)]
  0x00000174f1731d00 JavaThread "pool-1-thread-86" [_thread_blocked, id=48736, stack(0x0000006081700000,0x0000006081800000)]
  0x00000174f1732210 JavaThread "pool-1-thread-87" [_thread_blocked, id=33992, stack(0x0000006081800000,0x0000006081900000)]
  0x00000174f1732720 JavaThread "pool-1-thread-88" [_thread_blocked, id=35516, stack(0x0000006081900000,0x0000006081a00000)]
  0x00000174f1732c30 JavaThread "pool-1-thread-89" [_thread_blocked, id=35428, stack(0x0000006081a00000,0x0000006081b00000)]
  0x00000174f172f480 JavaThread "pool-1-thread-90" [_thread_blocked, id=38764, stack(0x0000006081b00000,0x0000006081c00000)]
  0x00000174f1733140 JavaThread "pool-1-thread-91" [_thread_blocked, id=38760, stack(0x0000006081c00000,0x0000006081d00000)]
  0x00000174f17359c0 JavaThread "pool-1-thread-92" [_thread_blocked, id=38748, stack(0x0000006081d00000,0x0000006081e00000)]
  0x00000174f1734070 JavaThread "pool-1-thread-93" [_thread_blocked, id=38772, stack(0x0000006081e00000,0x0000006081f00000)]
  0x00000174f1734a90 JavaThread "pool-1-thread-94" [_thread_blocked, id=38768, stack(0x0000006081f00000,0x0000006082000000)]
  0x00000174f1733650 JavaThread "pool-1-thread-95" [_thread_blocked, id=38776, stack(0x0000006082000000,0x0000006082100000)]
  0x00000174f1735ed0 JavaThread "pool-1-thread-96" [_thread_blocked, id=38756, stack(0x0000006082100000,0x0000006082200000)]
  0x00000174f1733b60 JavaThread "pool-1-thread-97" [_thread_blocked, id=38868, stack(0x0000006082200000,0x0000006082300000)]
  0x00000174f17354b0 JavaThread "pool-1-thread-98" [_thread_blocked, id=38872, stack(0x0000006082300000,0x0000006082400000)]
  0x00000174f17368f0 JavaThread "pool-1-thread-99" [_thread_blocked, id=38860, stack(0x0000006082400000,0x0000006082500000)]
  0x00000174f1734580 JavaThread "pool-1-thread-100" [_thread_blocked, id=38848, stack(0x0000006082500000,0x0000006082600000)]
  0x00000174f1734fa0 JavaThread "pool-1-thread-101" [_thread_blocked, id=38844, stack(0x0000006082600000,0x0000006082700000)]
  0x00000174f17363e0 JavaThread "pool-1-thread-102" [_thread_blocked, id=38880, stack(0x0000006082700000,0x0000006082800000)]
  0x00000174f160f920 JavaThread "pool-1-thread-103" [_thread_blocked, id=38876, stack(0x0000006082800000,0x0000006082900000)]
  0x00000174f160fe30 JavaThread "pool-1-thread-104" [_thread_blocked, id=38864, stack(0x0000006082900000,0x0000006082a00000)]
  0x00000174f160dfd0 JavaThread "pool-1-thread-105" [_thread_blocked, id=38856, stack(0x0000006082a00000,0x0000006082b00000)]
  0x00000174f1611c90 JavaThread "pool-1-thread-106" [_thread_blocked, id=38852, stack(0x0000006082b00000,0x0000006082c00000)]
  0x00000174f160e4e0 JavaThread "pool-1-thread-107" [_thread_blocked, id=38884, stack(0x0000006082c00000,0x0000006082d00000)]
  0x00000174f1611780 JavaThread "pool-1-thread-108" [_thread_blocked, id=38888, stack(0x0000006082d00000,0x0000006082e00000)]
  0x00000174f16121a0 JavaThread "pool-1-thread-109" [_thread_blocked, id=38832, stack(0x0000006082e00000,0x0000006082f00000)]
  0x00000174f160e9f0 JavaThread "pool-1-thread-110" [_thread_blocked, id=38840, stack(0x0000006082f00000,0x0000006083000000)]
  0x00000174f1610340 JavaThread "pool-1-thread-111" [_thread_blocked, id=38816, stack(0x0000006083000000,0x0000006083100000)]
  0x00000174f1610d60 JavaThread "pool-1-thread-112" [_thread_blocked, id=38812, stack(0x0000006083100000,0x0000006083200000)]
  0x00000174f16126b0 JavaThread "pool-1-thread-113" [_thread_blocked, id=38804, stack(0x0000006083200000,0x0000006083300000)]
  0x00000174f160f410 JavaThread "pool-1-thread-114" [_thread_blocked, id=38828, stack(0x0000006083300000,0x0000006083400000)]
  0x00000174f160ef00 JavaThread "pool-1-thread-115" [_thread_blocked, id=38824, stack(0x0000006083400000,0x0000006083500000)]
  0x00000174f1612bc0 JavaThread "pool-1-thread-116" [_thread_blocked, id=38820, stack(0x0000006083500000,0x0000006083600000)]
  0x00000174f16130d0 JavaThread "pool-1-thread-117" [_thread_blocked, id=38808, stack(0x0000006083600000,0x0000006083700000)]
  0x00000174f1613af0 JavaThread "pool-1-thread-118" [_thread_blocked, id=38732, stack(0x0000006083700000,0x0000006083800000)]
  0x00000174f1610850 JavaThread "pool-1-thread-119" [_thread_blocked, id=38740, stack(0x0000006083800000,0x0000006083900000)]
  0x00000174f16135e0 JavaThread "pool-1-thread-120" [_thread_blocked, id=38836, stack(0x0000006083900000,0x0000006083a00000)]
  0x00000174f1614a20 JavaThread "pool-1-thread-121" [_thread_blocked, id=38728, stack(0x0000006083a00000,0x0000006083b00000)]
  0x00000174f1611270 JavaThread "pool-1-thread-122" [_thread_blocked, id=38788, stack(0x0000006083b00000,0x0000006083c00000)]
  0x00000174f1614f30 JavaThread "pool-1-thread-123" [_thread_blocked, id=38784, stack(0x0000006083c00000,0x0000006083d00000)]
  0x00000174f1614000 JavaThread "pool-1-thread-124" [_thread_blocked, id=38796, stack(0x0000006083d00000,0x0000006083e00000)]
  0x00000174f1614510 JavaThread "pool-1-thread-125" [_thread_blocked, id=38736, stack(0x0000006083e00000,0x0000006083f00000)]
  0x00000174f1615440 JavaThread "pool-1-thread-126" [_thread_blocked, id=38800, stack(0x0000006083f00000,0x0000006084000000)]
  0x00000174f1615950 JavaThread "pool-1-thread-127" [_thread_blocked, id=38780, stack(0x0000006084000000,0x0000006084100000)]
  0x00000174fefab0d0 JavaThread "pool-1-thread-128" [_thread_blocked, id=38744, stack(0x0000006084100000,0x0000006084200000)]
  0x00000174fefaabc0 JavaThread "pool-1-thread-129" [_thread_blocked, id=38792, stack(0x0000006084200000,0x0000006084300000)]
  0x00000174fefaa6b0 JavaThread "pool-1-thread-130" [_thread_blocked, id=38752, stack(0x0000006084300000,0x0000006084400000)]
  0x00000174fefaca20 JavaThread "pool-1-thread-131" [_thread_blocked, id=35416, stack(0x0000006084400000,0x0000006084500000)]
  0x00000174fefade60 JavaThread "pool-1-thread-132" [_thread_blocked, id=35448, stack(0x0000006084500000,0x0000006084600000)]
  0x00000174fefae880 JavaThread "pool-1-thread-133" [_thread_blocked, id=36456, stack(0x0000006084600000,0x0000006084700000)]
  0x00000174fefab5e0 JavaThread "pool-1-thread-134" [_thread_blocked, id=34332, stack(0x0000006084700000,0x0000006084800000)]
  0x00000174fefacf30 JavaThread "pool-1-thread-135" [_thread_blocked, id=18440, stack(0x0000006084800000,0x0000006084900000)]
  0x00000174fefaf2a0 JavaThread "pool-1-thread-136" [_thread_blocked, id=35644, stack(0x0000006084900000,0x0000006084a00000)]
  0x00000174fefad440 JavaThread "pool-1-thread-137" [_thread_blocked, id=28716, stack(0x0000006084a00000,0x0000006084b00000)]
  0x00000174fefad950 JavaThread "pool-1-thread-138" [_thread_blocked, id=33436, stack(0x0000006084b00000,0x0000006084c00000)]
  0x00000174fefaed90 JavaThread "pool-1-thread-139" [_thread_blocked, id=16000, stack(0x0000006084c00000,0x0000006084d00000)]
  0x00000174fefae370 JavaThread "pool-1-thread-140" [_thread_blocked, id=33440, stack(0x0000006084d00000,0x0000006084e00000)]
  0x00000174fefabaf0 JavaThread "pool-1-thread-141" [_thread_blocked, id=34076, stack(0x0000006084e00000,0x0000006084f00000)]
  0x00000174fefaf7b0 JavaThread "pool-1-thread-142" [_thread_blocked, id=35640, stack(0x0000006084f00000,0x0000006085000000)]
  0x00000174fefac000 JavaThread "pool-1-thread-143" [_thread_blocked, id=19824, stack(0x0000006085000000,0x0000006085100000)]
  0x00000174fefafcc0 JavaThread "pool-1-thread-144" [_thread_blocked, id=35636, stack(0x0000006085100000,0x0000006085200000)]
  0x00000174fefac510 JavaThread "pool-1-thread-145" [_thread_blocked, id=33444, stack(0x0000006085200000,0x0000006085300000)]
  0x00000174fefb1610 JavaThread "pool-1-thread-146" [_thread_blocked, id=33432, stack(0x0000006085300000,0x0000006085400000)]
  0x00000174fefb1b20 JavaThread "pool-1-thread-147" [_thread_blocked, id=35412, stack(0x0000006085400000,0x0000006085500000)]
  0x00000174fefb0bf0 JavaThread "pool-1-thread-148" [_thread_blocked, id=26200, stack(0x0000006085500000,0x0000006085600000)]
  0x00000174fefb1100 JavaThread "pool-1-thread-149" [_thread_blocked, id=26112, stack(0x0000006085600000,0x0000006085700000)]
  0x00000174fefb2030 JavaThread "pool-1-thread-150" [_thread_blocked, id=37860, stack(0x0000006085700000,0x0000006085800000)]
  0x00000174fefb01d0 JavaThread "pool-1-thread-151" [_thread_blocked, id=37856, stack(0x0000006085800000,0x0000006085900000)]
  0x00000174fefb06e0 JavaThread "pool-1-thread-152" [_thread_blocked, id=38944, stack(0x0000006085900000,0x0000006085a00000)]
  0x00000174fefdc580 JavaThread "pool-1-thread-153" [_thread_blocked, id=38948, stack(0x0000006085a00000,0x0000006085b00000)]
  0x00000174fefdcfa0 JavaThread "pool-1-thread-154" [_thread_blocked, id=38932, stack(0x0000006085b00000,0x0000006085c00000)]
  0x00000174fefdac30 JavaThread "pool-1-thread-155" [_thread_blocked, id=38956, stack(0x0000006085c00000,0x0000006085d00000)]
  0x00000174fefdb650 JavaThread "pool-1-thread-156" [_thread_blocked, id=38952, stack(0x0000006085d00000,0x0000006085e00000)]
  0x00000174fefdca90 JavaThread "pool-1-thread-157" [_thread_blocked, id=38940, stack(0x0000006085e00000,0x0000006085f00000)]
  0x00000174fefdd4b0 JavaThread "pool-1-thread-158" [_thread_blocked, id=39052, stack(0x0000006085f00000,0x0000006086000000)]
  0x00000174fefd9d00 JavaThread "pool-1-thread-159" [_thread_blocked, id=39040, stack(0x0000006086000000,0x0000006086100000)]
  0x00000174fefdd9c0 JavaThread "pool-1-thread-160" [_thread_blocked, id=39032, stack(0x0000006086100000,0x0000006086200000)]
  0x00000174fefdc070 JavaThread "pool-1-thread-161" [_thread_blocked, id=39028, stack(0x0000006086200000,0x0000006086300000)]
  0x00000174fefda210 JavaThread "pool-1-thread-162" [_thread_blocked, id=39056, stack(0x0000006086300000,0x0000006086400000)]
  0x00000174fefda720 JavaThread "pool-1-thread-163" [_thread_blocked, id=39064, stack(0x0000006086400000,0x0000006086500000)]
  0x00000174fefdbb60 JavaThread "pool-1-thread-164" [_thread_blocked, id=39020, stack(0x0000006086500000,0x0000006086600000)]
  0x00000174fefdded0 JavaThread "pool-1-thread-165" [_thread_blocked, id=39004, stack(0x0000006086600000,0x0000006086700000)]
  0x00000174fefde3e0 JavaThread "pool-1-thread-166" [_thread_blocked, id=39000, stack(0x0000006086700000,0x0000006086800000)]
  0x00000174fefde8f0 JavaThread "pool-1-thread-167" [_thread_blocked, id=38988, stack(0x0000006086800000,0x0000006086900000)]
  0x00000174fefdb140 JavaThread "pool-1-thread-168" [_thread_blocked, id=39048, stack(0x0000006086900000,0x0000006086a00000)]
  0x00000174fefe0c60 JavaThread "pool-1-thread-169" [_thread_blocked, id=39016, stack(0x0000006086a00000,0x0000006086b00000)]
  0x00000174fefdee00 JavaThread "pool-1-thread-170" [_thread_blocked, id=38924, stack(0x0000006086b00000,0x0000006086c00000)]
  0x00000174fefe1170 JavaThread "pool-1-thread-171" [_thread_blocked, id=39044, stack(0x0000006086c00000,0x0000006086d00000)]
  0x00000174fefe1680 JavaThread "pool-1-thread-172" [_thread_blocked, id=39036, stack(0x0000006086d00000,0x0000006086e00000)]
  0x00000174fefdf310 JavaThread "pool-1-thread-173" [_thread_blocked, id=39024, stack(0x0000006086e00000,0x0000006086f00000)]
  0x00000174fefe0750 JavaThread "pool-1-thread-174" [_thread_blocked, id=39060, stack(0x0000006086f00000,0x0000006087000000)]
  0x00000174fefdf820 JavaThread "pool-1-thread-175" [_thread_blocked, id=39068, stack(0x0000006087000000,0x0000006087100000)]
  0x00000174fefdfd30 JavaThread "pool-1-thread-176" [_thread_blocked, id=38920, stack(0x0000006087100000,0x0000006087200000)]
  0x00000174fefe0240 JavaThread "pool-1-thread-177" [_thread_blocked, id=38976, stack(0x0000006087200000,0x0000006087300000)]
  0x00000174fefbbb10 JavaThread "pool-1-thread-178" [_thread_blocked, id=38980, stack(0x0000006087300000,0x0000006087400000)]
  0x00000174fefbabe0 JavaThread "pool-1-thread-179" [_thread_blocked, id=38972, stack(0x0000006087400000,0x0000006087500000)]
  0x00000174fefbd460 JavaThread "pool-1-thread-180" [_thread_blocked, id=38936, stack(0x0000006087500000,0x0000006087600000)]
  0x00000174fefbde80 JavaThread "pool-1-thread-181" [_thread_blocked, id=39012, stack(0x0000006087600000,0x0000006087700000)]
  0x00000174fefbb0f0 JavaThread "pool-1-thread-182" [_thread_blocked, id=38996, stack(0x0000006087700000,0x0000006087800000)]
  0x00000174fefbc020 JavaThread "pool-1-thread-183" [_thread_blocked, id=38992, stack(0x0000006087800000,0x0000006087900000)]
  0x00000174fefbc530 JavaThread "pool-1-thread-184" [_thread_blocked, id=38984, stack(0x0000006087900000,0x0000006087a00000)]
  0x00000174fefbca40 JavaThread "pool-1-thread-185" [_thread_blocked, id=39008, stack(0x0000006087a00000,0x0000006087b00000)]
  0x00000174fefbd970 JavaThread "pool-1-thread-186" [_thread_blocked, id=38916, stack(0x0000006087b00000,0x0000006087c00000)]
  0x00000174fefbb600 JavaThread "pool-1-thread-187" [_thread_blocked, id=38908, stack(0x0000006087c00000,0x0000006087d00000)]
  0x00000174fefba6d0 JavaThread "pool-1-thread-188" [_thread_blocked, id=38968, stack(0x0000006087d00000,0x0000006087e00000)]
  0x00000174fefbe8a0 JavaThread "pool-1-thread-189" [_thread_blocked, id=38964, stack(0x0000006087e00000,0x0000006087f00000)]
  0x00000174fefbedb0 JavaThread "pool-1-thread-190" [_thread_blocked, id=38960, stack(0x0000006087f00000,0x0000006088000000)]
  0x00000174fefc0700 JavaThread "pool-1-thread-191" [_thread_blocked, id=38928, stack(0x0000006088000000,0x0000006088100000)]
  0x00000174fefbf7d0 JavaThread "pool-1-thread-192" [_thread_blocked, id=35632, stack(0x0000006088100000,0x0000006088200000)]
  0x00000174fefbfce0 JavaThread "pool-1-thread-193" [_thread_blocked, id=35628, stack(0x0000006088200000,0x0000006088300000)]
  0x00000174fefbcf50 JavaThread "pool-1-thread-194" [_thread_blocked, id=36640, stack(0x0000006088300000,0x0000006088400000)]
  0x00000174fefc01f0 JavaThread "pool-1-thread-195" [_thread_blocked, id=32688, stack(0x0000006088400000,0x0000006088500000)]
  0x00000174fefc1630 JavaThread "pool-1-thread-196" [_thread_blocked, id=36648, stack(0x0000006088500000,0x0000006088600000)]
  0x00000174fefc0c10 JavaThread "pool-1-thread-197" [_thread_blocked, id=36652, stack(0x0000006088600000,0x0000006088700000)]
  0x00000174fefbf2c0 JavaThread "pool-1-thread-198" [_thread_blocked, id=37864, stack(0x0000006088700000,0x0000006088800000)]
  0x00000174fefc1120 JavaThread "pool-1-thread-199" [_thread_blocked, id=34292, stack(0x0000006088800000,0x0000006088900000)]
  0x00000174fefc1b40 JavaThread "pool-1-thread-200" [_thread_blocked, id=34328, stack(0x0000006088900000,0x0000006088a00000)]
  0x00000174f16202f0 JavaThread "AWT-Shutdown" [_thread_blocked, id=26096, stack(0x0000006088e00000,0x0000006088f00000)]

Other Threads:
=>0x00000174a944e100 VMThread "VM Thread" [stack: 0x00000060f9d00000,0x00000060f9e00000] [id=38420]
  0x000001748d64d400 GCTaskThread "GC Thread#0" [stack: 0x00000060f9800000,0x00000060f9900000] [id=38492]
  0x00000174f0e0a3b0 GCTaskThread "GC Thread#1" [stack: 0x00000060fb500000,0x00000060fb600000] [id=35724]
  0x00000174f0e0a670 GCTaskThread "GC Thread#2" [stack: 0x00000060fb600000,0x00000060fb700000] [id=30416]
  0x00000174f0e0a930 GCTaskThread "GC Thread#3" [stack: 0x00000060fb700000,0x00000060fb800000] [id=30424]
  0x00000174f0e0abf0 GCTaskThread "GC Thread#4" [stack: 0x00000060fb800000,0x00000060fb900000] [id=34336]
  0x00000174f0e0aeb0 GCTaskThread "GC Thread#5" [stack: 0x00000060fb900000,0x00000060fba00000] [id=35372]
  0x00000174f0e427e0 GCTaskThread "GC Thread#6" [stack: 0x00000060fba00000,0x00000060fbb00000] [id=10424]
  0x00000174f0e42aa0 GCTaskThread "GC Thread#7" [stack: 0x00000060fbb00000,0x00000060fbc00000] [id=35476]
  0x000001748d656260 ConcurrentGCThread "G1 Main Marker" terminated
  0x000001748d656b90 ConcurrentGCThread "G1 Conc#0" [stack: 0x00000060f9a00000,0x00000060f9b00000] [id=38484]
  0x00000174fed1b700 ConcurrentGCThread "G1 Conc#1" [stack: 0x0000006088a00000,0x0000006088b00000] [id=33472]
  0x000001748d6be340 ConcurrentGCThread "G1 Refine#0" terminated
  0x000001748d6bea20 ConcurrentGCThread "G1 Service" terminated

Threads with active compile tasks:

VM state: at safepoint (shutting down)

VM Mutex/Monitor currently owned by a thread:  ([mutex/lock_event])
[0x000001748d6077d0] Threads_lock - owner thread: 0x00000174a944e100
[0x000001748d607e90] Heap_lock - owner thread: 0x00000174a97075a0

Heap address: 0x00000000c0000000, size: 1024 MB, Compressed Oops mode: 32-bit

CDS archive(s) mapped at: [0x00000174aa000000-0x00000174aabb0000-0x00000174aabb0000), size 12255232, SharedBaseAddress: 0x00000174aa000000, ArchiveRelocationMode: 1.
Compressed class space mapped at: 0x00000174ab000000-0x00000174eb000000, reserved size: 1073741824
Narrow klass base: 0x00000174aa000000, Narrow klass shift: 0, Narrow klass range: 0x100000000

GC Precious Log:
 CPUs: 8 total, 8 available
 Memory: 7975M
 Large Page Support: Disabled
 NUMA Support: Disabled
 Compressed Oops: Enabled (32-bit)
 Heap Region Size: 1M
 Heap Min Capacity: 64M
 Heap Initial Capacity: 64M
 Heap Max Capacity: 1G
 Pre-touch: Disabled
 Parallel Workers: 8
 Concurrent Workers: 2
 Concurrent Refinement Workers: 8
 Periodic GC: Disabled

Heap:
 garbage-first heap   total 212992K, used 103352K [0x00000000c0000000, 0x0000000100000000)
  region size 1024K, 12 young (12288K), 1 survivors (1024K)
 Metaspace       used 12948K, committed 13120K, reserved 1114112K
  class space    used 919K, committed 1024K, reserved 1048576K

Heap Regions: E=young(eden), S=young(survivor), O=old, HS=humongous(starts), HC=humongous(continues), CS=collection set, F=free, OA=open archive, CA=closed archive, TAMS=top-at-mark-start (previous, next)
|   0|0x00000000c0000000, 0x00000000c0100000, 0x00000000c0100000|100%| O|  |TAMS 0x00000000c0100000, 0x00000000c0000000| Untracked 
|   1|0x00000000c0100000, 0x00000000c0200000, 0x00000000c0200000|100%| O|  |TAMS 0x00000000c0200000, 0x00000000c0100000| Untracked 
|   2|0x00000000c0200000, 0x00000000c0300000, 0x00000000c0300000|100%| O|  |TAMS 0x00000000c0300000, 0x00000000c0200000| Untracked 
|   3|0x00000000c0300000, 0x00000000c0400000, 0x00000000c0400000|100%| O|  |TAMS 0x00000000c0400000, 0x00000000c0300000| Untracked 
|   4|0x00000000c0400000, 0x00000000c0500000, 0x00000000c0500000|100%| O|  |TAMS 0x00000000c0500000, 0x00000000c0400000| Untracked 
|   5|0x00000000c0500000, 0x00000000c0600000, 0x00000000c0600000|100%| O|  |TAMS 0x00000000c0600000, 0x00000000c0500000| Untracked 
|   6|0x00000000c0600000, 0x00000000c0700000, 0x00000000c0700000|100%| O|  |TAMS 0x00000000c0700000, 0x00000000c0600000| Untracked 
|   7|0x00000000c0700000, 0x00000000c0800000, 0x00000000c0800000|100%| O|  |TAMS 0x00000000c0800000, 0x00000000c0700000| Untracked 
|   8|0x00000000c0800000, 0x00000000c0900000, 0x00000000c0900000|100%| O|  |TAMS 0x00000000c0900000, 0x00000000c0800000| Untracked 
|   9|0x00000000c0900000, 0x00000000c0a00000, 0x00000000c0a00000|100%| O|  |TAMS 0x00000000c0a00000, 0x00000000c0900000| Untracked 
|  10|0x00000000c0a00000, 0x00000000c0a00000, 0x00000000c0b00000|  0%| F|  |TAMS 0x00000000c0a00000, 0x00000000c0a00000| Untracked 
|  11|0x00000000c0b00000, 0x00000000c0c00000, 0x00000000c0c00000|100%| O|  |TAMS 0x00000000c0c00000, 0x00000000c0b00000| Untracked 
|  12|0x00000000c0c00000, 0x00000000c0c6f400, 0x00000000c0d00000| 43%| O|  |TAMS 0x00000000c0c2aa00, 0x00000000c0c00000| Untracked 
|  13|0x00000000c0d00000, 0x00000000c0d00000, 0x00000000c0e00000|  0%| F|  |TAMS 0x00000000c0d00000, 0x00000000c0d00000| Untracked 
|  14|0x00000000c0e00000, 0x00000000c0f00000, 0x00000000c0f00000|100%|HS|  |TAMS 0x00000000c0f00000, 0x00000000c0e00000| Complete 
|  15|0x00000000c0f00000, 0x00000000c1000000, 0x00000000c1000000|100%|HS|  |TAMS 0x00000000c1000000, 0x00000000c0f00000| Complete 
|  16|0x00000000c1000000, 0x00000000c1100000, 0x00000000c1100000|100%|HS|  |TAMS 0x00000000c1100000, 0x00000000c1000000| Complete 
|  17|0x00000000c1100000, 0x00000000c1200000, 0x00000000c1200000|100%|HS|  |TAMS 0x00000000c1200000, 0x00000000c1100000| Complete 
|  18|0x00000000c1200000, 0x00000000c1300000, 0x00000000c1300000|100%|HC|  |TAMS 0x00000000c1300000, 0x00000000c1200000| Complete 
|  19|0x00000000c1300000, 0x00000000c1400000, 0x00000000c1400000|100%|HC|  |TAMS 0x00000000c1400000, 0x00000000c1300000| Complete 
|  20|0x00000000c1400000, 0x00000000c1500000, 0x00000000c1500000|100%|HC|  |TAMS 0x00000000c1500000, 0x00000000c1400000| Complete 
|  21|0x00000000c1500000, 0x00000000c1600000, 0x00000000c1600000|100%|HC|  |TAMS 0x00000000c1600000, 0x00000000c1500000| Complete 
|  22|0x00000000c1600000, 0x00000000c1700000, 0x00000000c1700000|100%|HC|  |TAMS 0x00000000c1700000, 0x00000000c1600000| Complete 
|  23|0x00000000c1700000, 0x00000000c1800000, 0x00000000c1800000|100%|HC|  |TAMS 0x00000000c1800000, 0x00000000c1700000| Complete 
|  24|0x00000000c1800000, 0x00000000c1900000, 0x00000000c1900000|100%|HC|  |TAMS 0x00000000c1900000, 0x00000000c1800000| Complete 
|  25|0x00000000c1900000, 0x00000000c1a00000, 0x00000000c1a00000|100%|HC|  |TAMS 0x00000000c1a00000, 0x00000000c1900000| Complete 
|  26|0x00000000c1a00000, 0x00000000c1b00000, 0x00000000c1b00000|100%|HC|  |TAMS 0x00000000c1b00000, 0x00000000c1a00000| Complete 
|  27|0x00000000c1b00000, 0x00000000c1c00000, 0x00000000c1c00000|100%|HC|  |TAMS 0x00000000c1c00000, 0x00000000c1b00000| Complete 
|  28|0x00000000c1c00000, 0x00000000c1d00000, 0x00000000c1d00000|100%|HC|  |TAMS 0x00000000c1d00000, 0x00000000c1c00000| Complete 
|  29|0x00000000c1d00000, 0x00000000c1e00000, 0x00000000c1e00000|100%|HC|  |TAMS 0x00000000c1e00000, 0x00000000c1d00000| Complete 
|  30|0x00000000c1e00000, 0x00000000c1f00000, 0x00000000c1f00000|100%|HC|  |TAMS 0x00000000c1f00000, 0x00000000c1e00000| Complete 
|  31|0x00000000c1f00000, 0x00000000c2000000, 0x00000000c2000000|100%|HC|  |TAMS 0x00000000c2000000, 0x00000000c1f00000| Complete 
|  32|0x00000000c2000000, 0x00000000c2100000, 0x00000000c2100000|100%|HC|  |TAMS 0x00000000c2100000, 0x00000000c2000000| Complete 
|  33|0x00000000c2100000, 0x00000000c2200000, 0x00000000c2200000|100%|HC|  |TAMS 0x00000000c2200000, 0x00000000c2100000| Complete 
|  34|0x00000000c2200000, 0x00000000c2300000, 0x00000000c2300000|100%|HS|  |TAMS 0x00000000c2300000, 0x00000000c2200000| Complete 
|  35|0x00000000c2300000, 0x00000000c2400000, 0x00000000c2400000|100%|HC|  |TAMS 0x00000000c2400000, 0x00000000c2300000| Complete 
|  36|0x00000000c2400000, 0x00000000c2500000, 0x00000000c2500000|100%|HC|  |TAMS 0x00000000c2500000, 0x00000000c2400000| Complete 
|  37|0x00000000c2500000, 0x00000000c2600000, 0x00000000c2600000|100%|HC|  |TAMS 0x00000000c2600000, 0x00000000c2500000| Complete 
|  38|0x00000000c2600000, 0x00000000c2700000, 0x00000000c2700000|100%|HC|  |TAMS 0x00000000c2700000, 0x00000000c2600000| Complete 
|  39|0x00000000c2700000, 0x00000000c2800000, 0x00000000c2800000|100%|HS|  |TAMS 0x00000000c2800000, 0x00000000c2700000| Complete 
|  40|0x00000000c2800000, 0x00000000c2900000, 0x00000000c2900000|100%|HC|  |TAMS 0x00000000c2900000, 0x00000000c2800000| Complete 
|  41|0x00000000c2900000, 0x00000000c2a00000, 0x00000000c2a00000|100%|HC|  |TAMS 0x00000000c2a00000, 0x00000000c2900000| Complete 
|  42|0x00000000c2a00000, 0x00000000c2b00000, 0x00000000c2b00000|100%|HC|  |TAMS 0x00000000c2b00000, 0x00000000c2a00000| Complete 
|  43|0x00000000c2b00000, 0x00000000c2c00000, 0x00000000c2c00000|100%|HC|  |TAMS 0x00000000c2c00000, 0x00000000c2b00000| Complete 
|  44|0x00000000c2c00000, 0x00000000c2d00000, 0x00000000c2d00000|100%|HC|  |TAMS 0x00000000c2d00000, 0x00000000c2c00000| Complete 
|  45|0x00000000c2d00000, 0x00000000c2e00000, 0x00000000c2e00000|100%|HC|  |TAMS 0x00000000c2e00000, 0x00000000c2d00000| Complete 
|  46|0x00000000c2e00000, 0x00000000c2f00000, 0x00000000c2f00000|100%|HC|  |TAMS 0x00000000c2f00000, 0x00000000c2e00000| Complete 
|  47|0x00000000c2f00000, 0x00000000c3000000, 0x00000000c3000000|100%|HC|  |TAMS 0x00000000c3000000, 0x00000000c2f00000| Complete 
|  48|0x00000000c3000000, 0x00000000c3100000, 0x00000000c3100000|100%|HC|  |TAMS 0x00000000c3100000, 0x00000000c3000000| Complete 
|  49|0x00000000c3100000, 0x00000000c3200000, 0x00000000c3200000|100%|HC|  |TAMS 0x00000000c3200000, 0x00000000c3100000| Complete 
|  50|0x00000000c3200000, 0x00000000c3300000, 0x00000000c3300000|100%|HC|  |TAMS 0x00000000c3300000, 0x00000000c3200000| Complete 
|  51|0x00000000c3300000, 0x00000000c3400000, 0x00000000c3400000|100%|HC|  |TAMS 0x00000000c3400000, 0x00000000c3300000| Complete 
|  52|0x00000000c3400000, 0x00000000c3500000, 0x00000000c3500000|100%|HS|  |TAMS 0x00000000c3500000, 0x00000000c3400000| Complete 
|  53|0x00000000c3500000, 0x00000000c3600000, 0x00000000c3600000|100%|HC|  |TAMS 0x00000000c3600000, 0x00000000c3500000| Complete 
|  54|0x00000000c3600000, 0x00000000c3700000, 0x00000000c3700000|100%|HC|  |TAMS 0x00000000c3700000, 0x00000000c3600000| Complete 
|  55|0x00000000c3700000, 0x00000000c3800000, 0x00000000c3800000|100%|HC|  |TAMS 0x00000000c3800000, 0x00000000c3700000| Complete 
|  56|0x00000000c3800000, 0x00000000c3900000, 0x00000000c3900000|100%|HC|  |TAMS 0x00000000c3900000, 0x00000000c3800000| Complete 
|  57|0x00000000c3900000, 0x00000000c3a00000, 0x00000000c3a00000|100%| O|  |TAMS 0x00000000c3a00000, 0x00000000c3900000| Untracked 
|  58|0x00000000c3a00000, 0x00000000c3b00000, 0x00000000c3b00000|100%| O|  |TAMS 0x00000000c3b00000, 0x00000000c3a00000| Untracked 
|  59|0x00000000c3b00000, 0x00000000c3b00000, 0x00000000c3c00000|  0%| F|  |TAMS 0x00000000c3b00000, 0x00000000c3b00000| Untracked 
|  60|0x00000000c3c00000, 0x00000000c3c00000, 0x00000000c3d00000|  0%| F|  |TAMS 0x00000000c3c00000, 0x00000000c3c00000| Untracked 
|  61|0x00000000c3d00000, 0x00000000c3d00000, 0x00000000c3e00000|  0%| F|  |TAMS 0x00000000c3d00000, 0x00000000c3d00000| Untracked 
|  62|0x00000000c3e00000, 0x00000000c3e00000, 0x00000000c3f00000|  0%| F|  |TAMS 0x00000000c3e00000, 0x00000000c3e00000| Untracked 
|  63|0x00000000c3f00000, 0x00000000c3f00000, 0x00000000c4000000|  0%| F|  |TAMS 0x00000000c3f00000, 0x00000000c3f00000| Untracked 
|  64|0x00000000c4000000, 0x00000000c4100000, 0x00000000c4100000|100%|HS|  |TAMS 0x00000000c4100000, 0x00000000c4000000| Complete 
|  65|0x00000000c4100000, 0x00000000c4200000, 0x00000000c4200000|100%|HC|  |TAMS 0x00000000c4200000, 0x00000000c4100000| Complete 
|  66|0x00000000c4200000, 0x00000000c4300000, 0x00000000c4300000|100%|HC|  |TAMS 0x00000000c4300000, 0x00000000c4200000| Complete 
|  67|0x00000000c4300000, 0x00000000c4400000, 0x00000000c4400000|100%|HC|  |TAMS 0x00000000c4400000, 0x00000000c4300000| Complete 
|  68|0x00000000c4400000, 0x00000000c4500000, 0x00000000c4500000|100%|HC|  |TAMS 0x00000000c4500000, 0x00000000c4400000| Complete 
|  69|0x00000000c4500000, 0x00000000c4600000, 0x00000000c4600000|100%|HC|  |TAMS 0x00000000c4600000, 0x00000000c4500000| Complete 
|  70|0x00000000c4600000, 0x00000000c4700000, 0x00000000c4700000|100%|HC|  |TAMS 0x00000000c4700000, 0x00000000c4600000| Complete 
|  71|0x00000000c4700000, 0x00000000c4800000, 0x00000000c4800000|100%|HC|  |TAMS 0x00000000c4800000, 0x00000000c4700000| Complete 
|  72|0x00000000c4800000, 0x00000000c4900000, 0x00000000c4900000|100%|HC|  |TAMS 0x00000000c4900000, 0x00000000c4800000| Complete 
|  73|0x00000000c4900000, 0x00000000c4a00000, 0x00000000c4a00000|100%|HS|  |TAMS 0x00000000c4a00000, 0x00000000c4900000| Complete 
|  74|0x00000000c4a00000, 0x00000000c4b00000, 0x00000000c4b00000|100%|HC|  |TAMS 0x00000000c4b00000, 0x00000000c4a00000| Complete 
|  75|0x00000000c4b00000, 0x00000000c4c00000, 0x00000000c4c00000|100%|HC|  |TAMS 0x00000000c4c00000, 0x00000000c4b00000| Complete 
|  76|0x00000000c4c00000, 0x00000000c4d00000, 0x00000000c4d00000|100%|HC|  |TAMS 0x00000000c4d00000, 0x00000000c4c00000| Complete 
|  77|0x00000000c4d00000, 0x00000000c4e00000, 0x00000000c4e00000|100%|HC|  |TAMS 0x00000000c4e00000, 0x00000000c4d00000| Complete 
|  78|0x00000000c4e00000, 0x00000000c4f00000, 0x00000000c4f00000|100%|HS|  |TAMS 0x00000000c4f00000, 0x00000000c4e00000| Complete 
|  79|0x00000000c4f00000, 0x00000000c5000000, 0x00000000c5000000|100%|HC|  |TAMS 0x00000000c5000000, 0x00000000c4f00000| Complete 
|  80|0x00000000c5000000, 0x00000000c5100000, 0x00000000c5100000|100%|HC|  |TAMS 0x00000000c5100000, 0x00000000c5000000| Complete 
|  81|0x00000000c5100000, 0x00000000c5200000, 0x00000000c5200000|100%|HC|  |TAMS 0x00000000c5200000, 0x00000000c5100000| Complete 
|  82|0x00000000c5200000, 0x00000000c5300000, 0x00000000c5300000|100%|HC|  |TAMS 0x00000000c5300000, 0x00000000c5200000| Complete 
|  83|0x00000000c5300000, 0x00000000c5400000, 0x00000000c5400000|100%|HS|  |TAMS 0x00000000c5400000, 0x00000000c5300000| Complete 
|  84|0x00000000c5400000, 0x00000000c5500000, 0x00000000c5500000|100%|HC|  |TAMS 0x00000000c5500000, 0x00000000c5400000| Complete 
|  85|0x00000000c5500000, 0x00000000c5600000, 0x00000000c5600000|100%|HC|  |TAMS 0x00000000c5600000, 0x00000000c5500000| Complete 
|  86|0x00000000c5600000, 0x00000000c5700000, 0x00000000c5700000|100%|HC|  |TAMS 0x00000000c5700000, 0x00000000c5600000| Complete 
|  87|0x00000000c5700000, 0x00000000c5800000, 0x00000000c5800000|100%|HC|  |TAMS 0x00000000c5800000, 0x00000000c5700000| Complete 
|  88|0x00000000c5800000, 0x00000000c5900000, 0x00000000c5900000|100%|HS|  |TAMS 0x00000000c5900000, 0x00000000c5800000| Complete 
|  89|0x00000000c5900000, 0x00000000c5a00000, 0x00000000c5a00000|100%|HC|  |TAMS 0x00000000c5a00000, 0x00000000c5900000| Complete 
|  90|0x00000000c5a00000, 0x00000000c5b00000, 0x00000000c5b00000|100%|HC|  |TAMS 0x00000000c5b00000, 0x00000000c5a00000| Complete 
|  91|0x00000000c5b00000, 0x00000000c5c00000, 0x00000000c5c00000|100%|HC|  |TAMS 0x00000000c5c00000, 0x00000000c5b00000| Complete 
|  92|0x00000000c5c00000, 0x00000000c5d00000, 0x00000000c5d00000|100%|HC|  |TAMS 0x00000000c5d00000, 0x00000000c5c00000| Complete 
|  93|0x00000000c5d00000, 0x00000000c5e00000, 0x00000000c5e00000|100%|HC|  |TAMS 0x00000000c5e00000, 0x00000000c5d00000| Complete 
|  94|0x00000000c5e00000, 0x00000000c5f00000, 0x00000000c5f00000|100%|HC|  |TAMS 0x00000000c5f00000, 0x00000000c5e00000| Complete 
|  95|0x00000000c5f00000, 0x00000000c6000000, 0x00000000c6000000|100%|HC|  |TAMS 0x00000000c6000000, 0x00000000c5f00000| Complete 
|  96|0x00000000c6000000, 0x00000000c6100000, 0x00000000c6100000|100%|HC|  |TAMS 0x00000000c6100000, 0x00000000c6000000| Complete 
|  97|0x00000000c6100000, 0x00000000c6200000, 0x00000000c6200000|100%| O|  |TAMS 0x00000000c6200000, 0x00000000c6100000| Untracked 
|  98|0x00000000c6200000, 0x00000000c6200000, 0x00000000c6300000|  0%| F|  |TAMS 0x00000000c6200000, 0x00000000c6200000| Untracked 
|  99|0x00000000c6300000, 0x00000000c6300000, 0x00000000c6400000|  0%| F|  |TAMS 0x00000000c6300000, 0x00000000c6300000| Untracked 
| 100|0x00000000c6400000, 0x00000000c6400000, 0x00000000c6500000|  0%| F|  |TAMS 0x00000000c6400000, 0x00000000c6400000| Untracked 
| 101|0x00000000c6500000, 0x00000000c6500000, 0x00000000c6600000|  0%| F|  |TAMS 0x00000000c6500000, 0x00000000c6500000| Untracked 
| 102|0x00000000c6600000, 0x00000000c6600000, 0x00000000c6700000|  0%| F|  |TAMS 0x00000000c6600000, 0x00000000c6600000| Untracked 
| 103|0x00000000c6700000, 0x00000000c6700000, 0x00000000c6800000|  0%| F|  |TAMS 0x00000000c6700000, 0x00000000c6700000| Untracked 
| 104|0x00000000c6800000, 0x00000000c6800000, 0x00000000c6900000|  0%| F|  |TAMS 0x00000000c6800000, 0x00000000c6800000| Untracked 
| 105|0x00000000c6900000, 0x00000000c6900000, 0x00000000c6a00000|  0%| F|  |TAMS 0x00000000c6900000, 0x00000000c6900000| Untracked 
| 106|0x00000000c6a00000, 0x00000000c6a00000, 0x00000000c6b00000|  0%| F|  |TAMS 0x00000000c6a00000, 0x00000000c6a00000| Untracked 
| 107|0x00000000c6b00000, 0x00000000c6b00000, 0x00000000c6c00000|  0%| F|  |TAMS 0x00000000c6b00000, 0x00000000c6b00000| Untracked 
| 108|0x00000000c6c00000, 0x00000000c6c00000, 0x00000000c6d00000|  0%| F|  |TAMS 0x00000000c6c00000, 0x00000000c6c00000| Untracked 
| 109|0x00000000c6d00000, 0x00000000c6d00000, 0x00000000c6e00000|  0%| F|  |TAMS 0x00000000c6d00000, 0x00000000c6d00000| Untracked 
| 110|0x00000000c6e00000, 0x00000000c6e00000, 0x00000000c6f00000|  0%| F|  |TAMS 0x00000000c6e00000, 0x00000000c6e00000| Untracked 
| 111|0x00000000c6f00000, 0x00000000c6f00000, 0x00000000c7000000|  0%| F|  |TAMS 0x00000000c6f00000, 0x00000000c6f00000| Untracked 
| 112|0x00000000c7000000, 0x00000000c7000000, 0x00000000c7100000|  0%| F|  |TAMS 0x00000000c7000000, 0x00000000c7000000| Untracked 
| 113|0x00000000c7100000, 0x00000000c7100000, 0x00000000c7200000|  0%| F|  |TAMS 0x00000000c7100000, 0x00000000c7100000| Untracked 
| 114|0x00000000c7200000, 0x00000000c7200000, 0x00000000c7300000|  0%| F|  |TAMS 0x00000000c7200000, 0x00000000c7200000| Untracked 
| 115|0x00000000c7300000, 0x00000000c7300000, 0x00000000c7400000|  0%| F|  |TAMS 0x00000000c7300000, 0x00000000c7300000| Untracked 
| 116|0x00000000c7400000, 0x00000000c7400000, 0x00000000c7500000|  0%| F|  |TAMS 0x00000000c7400000, 0x00000000c7400000| Untracked 
| 117|0x00000000c7500000, 0x00000000c7500000, 0x00000000c7600000|  0%| F|  |TAMS 0x00000000c7500000, 0x00000000c7500000| Untracked 
| 118|0x00000000c7600000, 0x00000000c7600000, 0x00000000c7700000|  0%| F|  |TAMS 0x00000000c7600000, 0x00000000c7600000| Untracked 
| 119|0x00000000c7700000, 0x00000000c7700000, 0x00000000c7800000|  0%| F|  |TAMS 0x00000000c7700000, 0x00000000c7700000| Untracked 
| 120|0x00000000c7800000, 0x00000000c7800000, 0x00000000c7900000|  0%| F|  |TAMS 0x00000000c7800000, 0x00000000c7800000| Untracked 
| 121|0x00000000c7900000, 0x00000000c7900000, 0x00000000c7a00000|  0%| F|  |TAMS 0x00000000c7900000, 0x00000000c7900000| Untracked 
| 122|0x00000000c7a00000, 0x00000000c7a00000, 0x00000000c7b00000|  0%| F|  |TAMS 0x00000000c7a00000, 0x00000000c7a00000| Untracked 
| 123|0x00000000c7b00000, 0x00000000c7b00000, 0x00000000c7c00000|  0%| F|  |TAMS 0x00000000c7b00000, 0x00000000c7b00000| Untracked 
| 124|0x00000000c7c00000, 0x00000000c7c00000, 0x00000000c7d00000|  0%| F|  |TAMS 0x00000000c7c00000, 0x00000000c7c00000| Untracked 
| 125|0x00000000c7d00000, 0x00000000c7d00000, 0x00000000c7e00000|  0%| F|  |TAMS 0x00000000c7d00000, 0x00000000c7d00000| Untracked 
| 126|0x00000000c7e00000, 0x00000000c7e00000, 0x00000000c7f00000|  0%| F|  |TAMS 0x00000000c7e00000, 0x00000000c7e00000| Untracked 
| 127|0x00000000c7f00000, 0x00000000c7f00000, 0x00000000c8000000|  0%| F|  |TAMS 0x00000000c7f00000, 0x00000000c7f00000| Untracked 
| 128|0x00000000c8000000, 0x00000000c8000000, 0x00000000c8100000|  0%| F|  |TAMS 0x00000000c8000000, 0x00000000c8000000| Untracked 
| 129|0x00000000c8100000, 0x00000000c8100000, 0x00000000c8200000|  0%| F|  |TAMS 0x00000000c8100000, 0x00000000c8100000| Untracked 
| 130|0x00000000c8200000, 0x00000000c8200000, 0x00000000c8300000|  0%| F|  |TAMS 0x00000000c8200000, 0x00000000c8200000| Untracked 
| 131|0x00000000c8300000, 0x00000000c8300000, 0x00000000c8400000|  0%| F|  |TAMS 0x00000000c8300000, 0x00000000c8300000| Untracked 
| 132|0x00000000c8400000, 0x00000000c8400000, 0x00000000c8500000|  0%| F|  |TAMS 0x00000000c8400000, 0x00000000c8400000| Untracked 
| 133|0x00000000c8500000, 0x00000000c8500000, 0x00000000c8600000|  0%| F|  |TAMS 0x00000000c8500000, 0x00000000c8500000| Untracked 
| 134|0x00000000c8600000, 0x00000000c8600000, 0x00000000c8700000|  0%| F|  |TAMS 0x00000000c8600000, 0x00000000c8600000| Untracked 
| 135|0x00000000c8700000, 0x00000000c8700000, 0x00000000c8800000|  0%| F|  |TAMS 0x00000000c8700000, 0x00000000c8700000| Untracked 
| 136|0x00000000c8800000, 0x00000000c8800000, 0x00000000c8900000|  0%| F|  |TAMS 0x00000000c8800000, 0x00000000c8800000| Untracked 
| 137|0x00000000c8900000, 0x00000000c8900000, 0x00000000c8a00000|  0%| F|  |TAMS 0x00000000c8900000, 0x00000000c8900000| Untracked 
| 138|0x00000000c8a00000, 0x00000000c8a00000, 0x00000000c8b00000|  0%| F|  |TAMS 0x00000000c8a00000, 0x00000000c8a00000| Untracked 
| 139|0x00000000c8b00000, 0x00000000c8b00000, 0x00000000c8c00000|  0%| F|  |TAMS 0x00000000c8b00000, 0x00000000c8b00000| Untracked 
| 140|0x00000000c8c00000, 0x00000000c8c00000, 0x00000000c8d00000|  0%| F|  |TAMS 0x00000000c8c00000, 0x00000000c8c00000| Untracked 
| 141|0x00000000c8d00000, 0x00000000c8d00000, 0x00000000c8e00000|  0%| F|  |TAMS 0x00000000c8d00000, 0x00000000c8d00000| Untracked 
| 142|0x00000000c8e00000, 0x00000000c8e00000, 0x00000000c8f00000|  0%| F|  |TAMS 0x00000000c8e00000, 0x00000000c8e00000| Untracked 
| 143|0x00000000c8f00000, 0x00000000c8f00000, 0x00000000c9000000|  0%| F|  |TAMS 0x00000000c8f00000, 0x00000000c8f00000| Untracked 
| 144|0x00000000c9000000, 0x00000000c9000000, 0x00000000c9100000|  0%| F|  |TAMS 0x00000000c9000000, 0x00000000c9000000| Untracked 
| 145|0x00000000c9100000, 0x00000000c9100000, 0x00000000c9200000|  0%| F|  |TAMS 0x00000000c9100000, 0x00000000c9100000| Untracked 
| 146|0x00000000c9200000, 0x00000000c9200000, 0x00000000c9300000|  0%| F|  |TAMS 0x00000000c9200000, 0x00000000c9200000| Untracked 
| 147|0x00000000c9300000, 0x00000000c9300000, 0x00000000c9400000|  0%| F|  |TAMS 0x00000000c9300000, 0x00000000c9300000| Untracked 
| 148|0x00000000c9400000, 0x00000000c9400000, 0x00000000c9500000|  0%| F|  |TAMS 0x00000000c9400000, 0x00000000c9400000| Untracked 
| 149|0x00000000c9500000, 0x00000000c9500000, 0x00000000c9600000|  0%| F|  |TAMS 0x00000000c9500000, 0x00000000c9500000| Untracked 
| 150|0x00000000c9600000, 0x00000000c9600000, 0x00000000c9700000|  0%| F|  |TAMS 0x00000000c9600000, 0x00000000c9600000| Untracked 
| 151|0x00000000c9700000, 0x00000000c9700000, 0x00000000c9800000|  0%| F|  |TAMS 0x00000000c9700000, 0x00000000c9700000| Untracked 
| 152|0x00000000c9800000, 0x00000000c9800000, 0x00000000c9900000|  0%| F|  |TAMS 0x00000000c9800000, 0x00000000c9800000| Untracked 
| 153|0x00000000c9900000, 0x00000000c9900000, 0x00000000c9a00000|  0%| F|  |TAMS 0x00000000c9900000, 0x00000000c9900000| Untracked 
| 154|0x00000000c9a00000, 0x00000000c9a00000, 0x00000000c9b00000|  0%| F|  |TAMS 0x00000000c9a00000, 0x00000000c9a00000| Untracked 
| 155|0x00000000c9b00000, 0x00000000c9b00000, 0x00000000c9c00000|  0%| F|  |TAMS 0x00000000c9b00000, 0x00000000c9b00000| Untracked 
| 156|0x00000000c9c00000, 0x00000000c9c00000, 0x00000000c9d00000|  0%| F|  |TAMS 0x00000000c9c00000, 0x00000000c9c00000| Untracked 
| 157|0x00000000c9d00000, 0x00000000c9d00000, 0x00000000c9e00000|  0%| F|  |TAMS 0x00000000c9d00000, 0x00000000c9d00000| Untracked 
| 158|0x00000000c9e00000, 0x00000000c9e00000, 0x00000000c9f00000|  0%| F|  |TAMS 0x00000000c9e00000, 0x00000000c9e00000| Untracked 
| 159|0x00000000c9f00000, 0x00000000c9f00000, 0x00000000ca000000|  0%| F|  |TAMS 0x00000000c9f00000, 0x00000000c9f00000| Untracked 
| 160|0x00000000ca000000, 0x00000000ca000000, 0x00000000ca100000|  0%| F|  |TAMS 0x00000000ca000000, 0x00000000ca000000| Untracked 
| 161|0x00000000ca100000, 0x00000000ca100000, 0x00000000ca200000|  0%| F|  |TAMS 0x00000000ca100000, 0x00000000ca100000| Untracked 
| 162|0x00000000ca200000, 0x00000000ca200000, 0x00000000ca300000|  0%| F|  |TAMS 0x00000000ca200000, 0x00000000ca200000| Untracked 
| 163|0x00000000ca300000, 0x00000000ca300000, 0x00000000ca400000|  0%| F|  |TAMS 0x00000000ca300000, 0x00000000ca300000| Untracked 
| 164|0x00000000ca400000, 0x00000000ca400000, 0x00000000ca500000|  0%| F|  |TAMS 0x00000000ca400000, 0x00000000ca400000| Untracked 
| 165|0x00000000ca500000, 0x00000000ca500000, 0x00000000ca600000|  0%| F|  |TAMS 0x00000000ca500000, 0x00000000ca500000| Untracked 
| 166|0x00000000ca600000, 0x00000000ca600000, 0x00000000ca700000|  0%| F|  |TAMS 0x00000000ca600000, 0x00000000ca600000| Untracked 
| 167|0x00000000ca700000, 0x00000000ca700000, 0x00000000ca800000|  0%| F|  |TAMS 0x00000000ca700000, 0x00000000ca700000| Untracked 
| 168|0x00000000ca800000, 0x00000000ca800000, 0x00000000ca900000|  0%| F|  |TAMS 0x00000000ca800000, 0x00000000ca800000| Untracked 
| 169|0x00000000ca900000, 0x00000000ca900000, 0x00000000caa00000|  0%| F|  |TAMS 0x00000000ca900000, 0x00000000ca900000| Untracked 
| 170|0x00000000caa00000, 0x00000000caa00000, 0x00000000cab00000|  0%| F|  |TAMS 0x00000000caa00000, 0x00000000caa00000| Untracked 
| 171|0x00000000cab00000, 0x00000000cab00000, 0x00000000cac00000|  0%| F|  |TAMS 0x00000000cab00000, 0x00000000cab00000| Untracked 
| 172|0x00000000cac00000, 0x00000000cac00000, 0x00000000cad00000|  0%| F|  |TAMS 0x00000000cac00000, 0x00000000cac00000| Untracked 
| 173|0x00000000cad00000, 0x00000000cad00000, 0x00000000cae00000|  0%| F|  |TAMS 0x00000000cad00000, 0x00000000cad00000| Untracked 
| 174|0x00000000cae00000, 0x00000000cae00000, 0x00000000caf00000|  0%| F|  |TAMS 0x00000000cae00000, 0x00000000cae00000| Untracked 
| 175|0x00000000caf00000, 0x00000000caf00000, 0x00000000cb000000|  0%| F|  |TAMS 0x00000000caf00000, 0x00000000caf00000| Untracked 
| 176|0x00000000cb000000, 0x00000000cb000000, 0x00000000cb100000|  0%| F|  |TAMS 0x00000000cb000000, 0x00000000cb000000| Untracked 
| 177|0x00000000cb100000, 0x00000000cb100000, 0x00000000cb200000|  0%| F|  |TAMS 0x00000000cb100000, 0x00000000cb100000| Untracked 
| 178|0x00000000cb200000, 0x00000000cb200000, 0x00000000cb300000|  0%| F|  |TAMS 0x00000000cb200000, 0x00000000cb200000| Untracked 
| 179|0x00000000cb300000, 0x00000000cb300000, 0x00000000cb400000|  0%| F|  |TAMS 0x00000000cb300000, 0x00000000cb300000| Untracked 
| 180|0x00000000cb400000, 0x00000000cb400000, 0x00000000cb500000|  0%| F|  |TAMS 0x00000000cb400000, 0x00000000cb400000| Untracked 
| 181|0x00000000cb500000, 0x00000000cb500000, 0x00000000cb600000|  0%| F|  |TAMS 0x00000000cb500000, 0x00000000cb500000| Untracked 
| 182|0x00000000cb600000, 0x00000000cb600000, 0x00000000cb700000|  0%| F|  |TAMS 0x00000000cb600000, 0x00000000cb600000| Untracked 
| 183|0x00000000cb700000, 0x00000000cb700000, 0x00000000cb800000|  0%| F|  |TAMS 0x00000000cb700000, 0x00000000cb700000| Untracked 
| 184|0x00000000cb800000, 0x00000000cb800000, 0x00000000cb900000|  0%| F|  |TAMS 0x00000000cb800000, 0x00000000cb800000| Untracked 
| 185|0x00000000cb900000, 0x00000000cb900000, 0x00000000cba00000|  0%| F|  |TAMS 0x00000000cb900000, 0x00000000cb900000| Untracked 
| 186|0x00000000cba00000, 0x00000000cba00000, 0x00000000cbb00000|  0%| F|  |TAMS 0x00000000cba00000, 0x00000000cba00000| Untracked 
| 187|0x00000000cbb00000, 0x00000000cbb00000, 0x00000000cbc00000|  0%| F|  |TAMS 0x00000000cbb00000, 0x00000000cbb00000| Untracked 
| 188|0x00000000cbc00000, 0x00000000cbc00000, 0x00000000cbd00000|  0%| F|  |TAMS 0x00000000cbc00000, 0x00000000cbc00000| Untracked 
| 189|0x00000000cbd00000, 0x00000000cbd00000, 0x00000000cbe00000|  0%| F|  |TAMS 0x00000000cbd00000, 0x00000000cbd00000| Untracked 
| 190|0x00000000cbe00000, 0x00000000cbe00000, 0x00000000cbf00000|  0%| F|  |TAMS 0x00000000cbe00000, 0x00000000cbe00000| Untracked 
| 191|0x00000000cbf00000, 0x00000000cbf00000, 0x00000000cc000000|  0%| F|  |TAMS 0x00000000cbf00000, 0x00000000cbf00000| Untracked 
| 192|0x00000000cc000000, 0x00000000cc000000, 0x00000000cc100000|  0%| F|  |TAMS 0x00000000cc000000, 0x00000000cc000000| Untracked 
| 193|0x00000000cc100000, 0x00000000cc100000, 0x00000000cc200000|  0%| F|  |TAMS 0x00000000cc100000, 0x00000000cc100000| Untracked 
| 194|0x00000000cc200000, 0x00000000cc200000, 0x00000000cc300000|  0%| F|  |TAMS 0x00000000cc200000, 0x00000000cc200000| Untracked 
| 195|0x00000000cc300000, 0x00000000cc300000, 0x00000000cc400000|  0%| F|  |TAMS 0x00000000cc300000, 0x00000000cc300000| Untracked 
| 196|0x00000000cc400000, 0x00000000cc422c70, 0x00000000cc500000| 13%| E|  |TAMS 0x00000000cc400000, 0x00000000cc400000| Complete 
| 197|0x00000000cc500000, 0x00000000cc600000, 0x00000000cc600000|100%| E|CS|TAMS 0x00000000cc500000, 0x00000000cc500000| Complete 
| 198|0x00000000cc600000, 0x00000000cc700000, 0x00000000cc700000|100%| E|CS|TAMS 0x00000000cc600000, 0x00000000cc600000| Complete 
| 199|0x00000000cc700000, 0x00000000cc800000, 0x00000000cc800000|100%| E|CS|TAMS 0x00000000cc700000, 0x00000000cc700000| Complete 
| 200|0x00000000cc800000, 0x00000000cc87ee00, 0x00000000cc900000| 49%| S|CS|TAMS 0x00000000cc800000, 0x00000000cc800000| Complete 
| 201|0x00000000cc900000, 0x00000000cca00000, 0x00000000cca00000|100%| E|CS|TAMS 0x00000000cc900000, 0x00000000cc900000| Complete 
| 202|0x00000000cca00000, 0x00000000ccb00000, 0x00000000ccb00000|100%| E|CS|TAMS 0x00000000cca00000, 0x00000000cca00000| Complete 
| 203|0x00000000ccb00000, 0x00000000ccc00000, 0x00000000ccc00000|100%| E|CS|TAMS 0x00000000ccb00000, 0x00000000ccb00000| Complete 
| 204|0x00000000ccc00000, 0x00000000ccd00000, 0x00000000ccd00000|100%| E|CS|TAMS 0x00000000ccc00000, 0x00000000ccc00000| Complete 
| 205|0x00000000ccd00000, 0x00000000cce00000, 0x00000000cce00000|100%| E|CS|TAMS 0x00000000ccd00000, 0x00000000ccd00000| Complete 
| 206|0x00000000cce00000, 0x00000000ccf00000, 0x00000000ccf00000|100%| E|CS|TAMS 0x00000000cce00000, 0x00000000cce00000| Complete 
| 207|0x00000000ccf00000, 0x00000000cd000000, 0x00000000cd000000|100%| E|CS|TAMS 0x00000000ccf00000, 0x00000000ccf00000| Complete 

Card table byte_map: [0x00000174a4670000,0x00000174a4870000] _byte_map_base: 0x00000174a4070000

Marking Bits (Prev, Next): (CMBitMap*) 0x000001748d64d930, (CMBitMap*) 0x000001748d64d970
 Prev Bits: [0x00000174a4a70000, 0x00000174a5a70000)
 Next Bits: [0x00000174a5a70000, 0x00000174a6a70000)

Polling page: 0x000001748b720000

Metaspace:

Usage:
  Non-class:     11.75 MB used.
      Class:    919.25 KB used.
       Both:     12.64 MB used.

Virtual space:
  Non-class space:       64.00 MB reserved,      11.81 MB ( 18%) committed,  1 nodes.
      Class space:        1.00 GB reserved,       1.00 MB ( <1%) committed,  1 nodes.
             Both:        1.06 GB reserved,      12.81 MB (  1%) committed. 

Chunk freelists:
   Non-Class:  3.58 MB
       Class:  14.91 MB
        Both:  18.49 MB

MaxMetaspaceSize: unlimited
CompressedClassSpaceSize: 1.00 GB
Initial GC threshold: 21.00 MB
Current GC threshold: 21.38 MB
CDS: on
MetaspaceReclaimPolicy: balanced
 - commit_granule_bytes: 65536.
 - commit_granule_words: 8192.
 - virtual_space_node_default_size: 8388608.
 - enlarge_chunks_in_place: 1.
 - new_chunks_are_fully_committed: 0.
 - uncommit_free_chunks: 1.
 - use_allocation_guard: 0.
 - handle_deallocations: 1.


Internal statistics:

num_allocs_failed_limit: 0.
num_arena_births: 106.
num_arena_deaths: 0.
num_vsnodes_births: 2.
num_vsnodes_deaths: 0.
num_space_committed: 201.
num_space_uncommitted: 0.
num_chunks_returned_to_freelist: 0.
num_chunks_taken_from_freelist: 385.
num_chunk_merges: 0.
num_chunk_splits: 300.
num_chunks_enlarged: 238.
num_inconsistent_stats: 0.

CodeHeap 'non-profiled nmethods': size=120000Kb used=888Kb max_used=888Kb free=119111Kb
 bounds [0x000001749cc10000, 0x000001749ce80000, 0x00000174a4140000]
CodeHeap 'profiled nmethods': size=120000Kb used=2916Kb max_used=2916Kb free=117083Kb
 bounds [0x0000017495140000, 0x0000017495420000, 0x000001749c670000]
CodeHeap 'non-nmethods': size=5760Kb used=1615Kb max_used=1662Kb free=4145Kb
 bounds [0x000001749c670000, 0x000001749c8e0000, 0x000001749cc10000]
 total_blobs=2579 nmethods=1641 adapters=851
 compilation: enabled
              stopped_count=0, restarted_count=0
 full_count=0

Compilation events (20 events):
Event: 9.642 Thread 0x00000174a9479650 1632       4       java.util.concurrent.locks.AbstractQueuedSynchronizer$Node::<init> (5 bytes)
Event: 9.642 Thread 0x00000174a9479650 nmethod 1632 0x000001749ccedb90 code [0x000001749ccedd00, 0x000001749ccedd78]
Event: 10.137 Thread 0x00000174a946ddd0 1633       3       java.util.HashMap$KeySet::iterator (12 bytes)
Event: 10.137 Thread 0x00000174a946ddd0 nmethod 1633 0x0000017495413590 code [0x0000017495413740, 0x00000174954139c8]
Event: 10.414 Thread 0x00000174a946ddd0 1634       3       java.lang.String::contains (19 bytes)
Event: 10.414 Thread 0x00000174a946ddd0 nmethod 1634 0x0000017495413b10 code [0x0000017495413cc0, 0x0000017495413f38]
Event: 10.414 Thread 0x00000174a946ddd0 1635       3       processing.opengl.PGraphicsOpenGL::updateProjmodelview (23 bytes)
Event: 10.414 Thread 0x00000174a946ddd0 nmethod 1635 0x0000017495414010 code [0x00000174954141c0, 0x0000017495414378]
Event: 10.414 Thread 0x00000174a946ddd0 1636       3       processing.core.PMatrix3D::apply (69 bytes)
Event: 10.414 Thread 0x00000174a946ddd0 nmethod 1636 0x0000017495414490 code [0x0000017495414640, 0x0000017495414828]
Event: 11.270 Thread 0x00000174a9479650 1637       4       java.util.HashMap::keySet (25 bytes)
Event: 11.271 Thread 0x00000174a9479650 nmethod 1637 0x000001749ccede90 code [0x000001749ccee020, 0x000001749ccee1d8]
Event: 11.462 Thread 0x00000174a946ddd0 1638   !   3       java.util.concurrent.locks.AbstractQueuedSynchronizer::acquire (407 bytes)
Event: 11.464 Thread 0x00000174a946ddd0 nmethod 1638 0x0000017495414910 code [0x0000017495414ca0, 0x00000174954167e8]
Event: 11.587 Thread 0x00000174a946ddd0 1639       3       java.lang.String::newStringUTF8NoRepl (272 bytes)
Event: 11.588 Thread 0x00000174a946ddd0 nmethod 1639 0x0000017495417290 code [0x0000017495417560, 0x0000017495418428]
Event: 11.588 Thread 0x00000174a946ddd0 1640       3       jdk.internal.misc.Unsafe::weakCompareAndSetLong (11 bytes)
Event: 11.588 Thread 0x00000174a946ddd0 nmethod 1640 0x0000017495418990 code [0x0000017495418b20, 0x0000017495418c58]
Event: 11.588 Thread 0x00000174a946ddd0 1641       3       jdk.internal.misc.Unsafe::getAndAddLong (27 bytes)
Event: 11.588 Thread 0x00000174a946ddd0 nmethod 1641 0x0000017495418d10 code [0x0000017495418ec0, 0x0000017495419108]

GC Heap History (20 events):
Event: 4.424 GC heap before
{Heap before GC invocations=16 (full 0):
 garbage-first heap   total 177152K, used 148742K [0x00000000c0000000, 0x0000000100000000)
  region size 1024K, 52 young (53248K), 1 survivors (1024K)
 Metaspace       used 12800K, committed 12992K, reserved 1114112K
  class space    used 915K, committed 1024K, reserved 1048576K
}
Event: 4.426 GC heap after
{Heap after GC invocations=17 (full 0):
 garbage-first heap   total 177152K, used 98353K [0x00000000c0000000, 0x0000000100000000)
  region size 1024K, 3 young (3072K), 3 survivors (3072K)
 Metaspace       used 12800K, committed 12992K, reserved 1114112K
  class space    used 915K, committed 1024K, reserved 1048576K
}
Event: 5.064 GC heap before
{Heap before GC invocations=18 (full 0):
 garbage-first heap   total 177152K, used 148266K [0x00000000c0000000, 0x0000000100000000)
  region size 1024K, 52 young (53248K), 3 survivors (3072K)
 Metaspace       used 12814K, committed 12992K, reserved 1114112K
  class space    used 915K, committed 1024K, reserved 1048576K
}
Event: 5.065 GC heap after
{Heap after GC invocations=19 (full 0):
 garbage-first heap   total 212992K, used 97632K [0x00000000c0000000, 0x0000000100000000)
  region size 1024K, 3 young (3072K), 3 survivors (3072K)
 Metaspace       used 12814K, committed 12992K, reserved 1114112K
  class space    used 915K, committed 1024K, reserved 1048576K
}
Event: 5.171 GC heap before
{Heap before GC invocations=19 (full 0):
 garbage-first heap   total 212992K, used 104800K [0x00000000c0000000, 0x0000000100000000)
  region size 1024K, 10 young (10240K), 3 survivors (3072K)
 Metaspace       used 12817K, committed 12992K, reserved 1114112K
  class space    used 915K, committed 1024K, reserved 1048576K
}
Event: 5.172 GC heap after
{Heap after GC invocations=20 (full 0):
 garbage-first heap   total 212992K, used 94742K [0x00000000c0000000, 0x0000000100000000)
  region size 1024K, 1 young (1024K), 1 survivors (1024K)
 Metaspace       used 12817K, committed 12992K, reserved 1114112K
  class space    used 915K, committed 1024K, reserved 1048576K
}
Event: 6.201 GC heap before
{Heap before GC invocations=20 (full 0):
 garbage-first heap   total 212992K, used 177686K [0x00000000c0000000, 0x0000000100000000)
  region size 1024K, 82 young (83968K), 1 survivors (1024K)
 Metaspace       used 12825K, committed 12992K, reserved 1114112K
  class space    used 915K, committed 1024K, reserved 1048576K
}
Event: 6.202 GC heap after
{Heap after GC invocations=21 (full 0):
 garbage-first heap   total 212992K, used 95299K [0x00000000c0000000, 0x0000000100000000)
  region size 1024K, 1 young (1024K), 1 survivors (1024K)
 Metaspace       used 12825K, committed 12992K, reserved 1114112K
  class space    used 915K, committed 1024K, reserved 1048576K
}
Event: 7.273 GC heap before
{Heap before GC invocations=22 (full 0):
 garbage-first heap   total 212992K, used 184387K [0x00000000c0000000, 0x0000000100000000)
  region size 1024K, 88 young (90112K), 1 survivors (1024K)
 Metaspace       used 12858K, committed 13056K, reserved 1114112K
  class space    used 915K, committed 1024K, reserved 1048576K
}
Event: 7.274 GC heap after
{Heap after GC invocations=23 (full 0):
 garbage-first heap   total 212992K, used 98059K [0x00000000c0000000, 0x0000000100000000)
  region size 1024K, 4 young (4096K), 4 survivors (4096K)
 Metaspace       used 12858K, committed 13056K, reserved 1114112K
  class space    used 915K, committed 1024K, reserved 1048576K
}
Event: 7.374 GC heap before
{Heap before GC invocations=23 (full 0):
 garbage-first heap   total 212992K, used 104203K [0x00000000c0000000, 0x0000000100000000)
  region size 1024K, 10 young (10240K), 4 survivors (4096K)
 Metaspace       used 12858K, committed 13056K, reserved 1114112K
  class space    used 915K, committed 1024K, reserved 1048576K
}
Event: 7.375 GC heap after
{Heap after GC invocations=24 (full 0):
 garbage-first heap   total 212992K, used 94378K [0x00000000c0000000, 0x0000000100000000)
  region size 1024K, 1 young (1024K), 1 survivors (1024K)
 Metaspace       used 12858K, committed 13056K, reserved 1114112K
  class space    used 915K, committed 1024K, reserved 1048576K
}
Event: 8.634 GC heap before
{Heap before GC invocations=24 (full 0):
 garbage-first heap   total 212992K, used 183466K [0x00000000c0000000, 0x0000000100000000)
  region size 1024K, 88 young (90112K), 1 survivors (1024K)
 Metaspace       used 12874K, committed 13056K, reserved 1114112K
  class space    used 915K, committed 1024K, reserved 1048576K
}
Event: 8.636 GC heap after
{Heap after GC invocations=25 (full 0):
 garbage-first heap   total 212992K, used 96746K [0x00000000c0000000, 0x0000000100000000)
  region size 1024K, 4 young (4096K), 4 survivors (4096K)
 Metaspace       used 12874K, committed 13056K, reserved 1114112K
  class space    used 915K, committed 1024K, reserved 1048576K
}
Event: 9.951 GC heap before
{Heap before GC invocations=25 (full 0):
 garbage-first heap   total 212992K, used 181738K [0x00000000c0000000, 0x0000000100000000)
  region size 1024K, 87 young (89088K), 4 survivors (4096K)
 Metaspace       used 12902K, committed 13120K, reserved 1114112K
  class space    used 915K, committed 1024K, reserved 1048576K
}
Event: 9.952 GC heap after
{Heap after GC invocations=26 (full 0):
 garbage-first heap   total 212992K, used 96244K [0x00000000c0000000, 0x0000000100000000)
  region size 1024K, 3 young (3072K), 3 survivors (3072K)
 Metaspace       used 12902K, committed 13120K, reserved 1114112K
  class space    used 915K, committed 1024K, reserved 1048576K
}
Event: 11.282 GC heap before
{Heap before GC invocations=27 (full 0):
 garbage-first heap   total 212992K, used 182260K [0x00000000c0000000, 0x0000000100000000)
  region size 1024K, 87 young (89088K), 3 survivors (3072K)
 Metaspace       used 12902K, committed 13120K, reserved 1114112K
  class space    used 915K, committed 1024K, reserved 1048576K
}
Event: 11.283 GC heap after
{Heap after GC invocations=28 (full 0):
 garbage-first heap   total 212992K, used 96109K [0x00000000c0000000, 0x0000000100000000)
  region size 1024K, 3 young (3072K), 3 survivors (3072K)
 Metaspace       used 12902K, committed 13120K, reserved 1114112K
  class space    used 915K, committed 1024K, reserved 1048576K
}
Event: 11.417 GC heap before
{Heap before GC invocations=28 (full 0):
 garbage-first heap   total 212992K, used 103277K [0x00000000c0000000, 0x0000000100000000)
  region size 1024K, 10 young (10240K), 3 survivors (3072K)
 Metaspace       used 12902K, committed 13120K, reserved 1114112K
  class space    used 915K, committed 1024K, reserved 1048576K
}
Event: 11.418 GC heap after
{Heap after GC invocations=29 (full 0):
 garbage-first heap   total 212992K, used 93112K [0x00000000c0000000, 0x0000000100000000)
  region size 1024K, 1 young (1024K), 1 survivors (1024K)
 Metaspace       used 12902K, committed 13120K, reserved 1114112K
  class space    used 915K, committed 1024K, reserved 1048576K
}

Dll operation events (14 events):
Event: 0.006 Loaded shared library C:\Program Files\Processing\app\resources\jdk-17.0.14+7\bin\java.dll
Event: 0.017 Loaded shared library C:\Program Files\Processing\app\resources\jdk-17.0.14+7\bin\jsvml.dll
Event: 0.093 Loaded shared library C:\Program Files\Processing\app\resources\jdk-17.0.14+7\bin\net.dll
Event: 0.094 Loaded shared library C:\Program Files\Processing\app\resources\jdk-17.0.14+7\bin\nio.dll
Event: 0.096 Loaded shared library C:\Program Files\Processing\app\resources\jdk-17.0.14+7\bin\zip.dll
Event: 0.131 Loaded shared library C:\Program Files\Processing\app\resources\jdk-17.0.14+7\bin\jimage.dll
Event: 0.134 Loaded shared library C:\Program Files\Processing\app\resources\jdk-17.0.14+7\bin\awt.dll
Event: 0.387 Loaded shared library C:\Users\danil\AppData\Local\Temp\jogamp_0000\file_cache\jln695923911667378401\jln11774849304052960984\natives\windows-amd64\gluegen_rt.dll
Event: 0.392 Loaded shared library C:\Program Files\Processing\app\resources\jdk-17.0.14+7\bin\jawt.dll
Event: 0.402 Loaded shared library C:\Users\danil\AppData\Local\Temp\jogamp_0000\file_cache\jln695923911667378401\jln11774849304052960984\natives\windows-amd64\nativewindow_awt.dll
Event: 0.426 Loaded shared library C:\Users\danil\AppData\Local\Temp\jogamp_0000\file_cache\jln695923911667378401\jln11774849304052960984\natives\windows-amd64\nativewindow_win32.dll
Event: 0.501 Loaded shared library C:\Users\danil\AppData\Local\Temp\jogamp_0000\file_cache\jln695923911667378401\jln11774849304052960984\natives\windows-amd64\jogl_desktop.dll
Event: 0.660 Loaded shared library C:\Users\danil\AppData\Local\Temp\jogamp_0000\file_cache\jln695923911667378401\jln11774849304052960984\natives\windows-amd64\jogl_mobile.dll
Event: 1.350 Loaded shared library C:\Users\danil\AppData\Local\Temp\jogamp_0000\file_cache\jln695923911667378401\jln11774849304052960984\natives\windows-amd64\newt_head.dll

Deoptimization events (20 events):
Event: 3.152 Thread 0x00000174a97075a0 DEOPT PACKING pc=0x000001749cccb86c sp=0x00000060fc0fe9a0
Event: 3.152 Thread 0x00000174a97075a0 DEOPT UNPACKING pc=0x000001749c6ca1a3 sp=0x00000060fc0fe970 mode 2
Event: 7.022 Thread 0x00000174fefbe390 Uncommon trap: trap_request=0xffffff45 fr.pc=0x000001749cc8fd80 relative=0x00000000000000e0
Event: 7.022 Thread 0x00000174fefbe390 Uncommon trap: reason=unstable_if action=reinterpret pc=0x000001749cc8fd80 method=java.util.HashMap$HashIterator.<init>(Ljava/util/HashMap;)V @ 38 c2
Event: 7.022 Thread 0x00000174fefbe390 DEOPT PACKING pc=0x000001749cc8fd80 sp=0x0000006088bfeea0
Event: 7.022 Thread 0x00000174fefbe390 DEOPT UNPACKING pc=0x000001749c6ca1a3 sp=0x0000006088bfed80 mode 2
Event: 11.461 Thread 0x00000174fefaed90 Uncommon trap: trap_request=0xffffff45 fr.pc=0x000001749ccdb13c relative=0x0000000000000fbc
Event: 11.461 Thread 0x00000174fefaed90 Uncommon trap: reason=unstable_if action=reinterpret pc=0x000001749ccdb13c method=java.util.concurrent.locks.AbstractQueuedSynchronizer.acquire(Ljava/util/concurrent/locks/AbstractQueuedSynchronizer$Node;IZZZJ)I @ 298 c2
Event: 11.461 Thread 0x00000174fefaed90 DEOPT PACKING pc=0x000001749ccdb13c sp=0x0000006084cfee90
Event: 11.461 Thread 0x00000174fefaed90 DEOPT UNPACKING pc=0x000001749c6ca1a3 sp=0x0000006084cfee20 mode 2
Event: 11.578 Thread 0x00000174a9707090 Uncommon trap: trap_request=0xffffff45 fr.pc=0x000001749cc90268 relative=0x00000000000001e8
Event: 11.578 Thread 0x00000174a9707090 Uncommon trap: reason=unstable_if action=reinterpret pc=0x000001749cc90268 method=java.util.HashMap$HashIterator.<init>(Ljava/util/HashMap;)V @ 38 c2
Event: 11.578 Thread 0x00000174a9707090 DEOPT PACKING pc=0x000001749cc90268 sp=0x00000060fb2ff460
Event: 11.579 Thread 0x00000174a9707090 DEOPT UNPACKING pc=0x000001749c6ca1a3 sp=0x00000060fb2ff408 mode 2
Event: 11.583 Thread 0x00000174a9707090 Uncommon trap: trap_request=0xffffff45 fr.pc=0x000001749ccdd8f0 relative=0x00000000000000f0
Event: 11.583 Thread 0x00000174a9707090 Uncommon trap: reason=unstable_if action=reinterpret pc=0x000001749ccdd8f0 method=com.jogamp.common.util.IntIntHashMap.put(II)I @ 21 c2
Event: 11.583 Thread 0x00000174a9707090 DEOPT PACKING pc=0x000001749ccdd8f0 sp=0x00000060fb2ff1e0
Event: 11.583 Thread 0x00000174a9707090 DEOPT UNPACKING pc=0x000001749c6ca1a3 sp=0x00000060fb2ff148 mode 2
Event: 11.587 Thread 0x00000174fefbe390 DEOPT PACKING pc=0x0000017495273c17 sp=0x0000006088bfa5d0
Event: 11.587 Thread 0x00000174fefbe390 DEOPT UNPACKING pc=0x000001749c6cace3 sp=0x0000006088bf9a30 mode 0

Classes loaded (20 events):
Event: 1.518 Loading class java/util/concurrent/Callable done
Event: 1.518 Loading class java/util/concurrent/Executors$RunnableAdapter done
Event: 1.519 Loading class java/util/concurrent/ThreadPoolExecutor$Worker
Event: 1.519 Loading class java/util/concurrent/ThreadPoolExecutor$Worker done
Event: 1.530 Loading class java/util/concurrent/locks/AbstractQueuedSynchronizer$SharedNode
Event: 1.530 Loading class java/util/concurrent/locks/AbstractQueuedSynchronizer$SharedNode done
Event: 1.646 Loading class sun/nio/cs/StreamDecoder
Event: 1.646 Loading class sun/nio/cs/StreamDecoder done
Event: 1.646 Loading class java/util/regex/Pattern$LookBehindEndNode
Event: 1.646 Loading class java/util/regex/Pattern$LookBehindEndNode done
Event: 1.646 Loading class java/util/regex/Pattern$NotBehind
Event: 1.646 Loading class java/util/regex/Pattern$NotBehind done
Event: 1.646 Loading class java/util/regex/Pattern$Neg
Event: 1.646 Loading class java/util/regex/Pattern$Neg done
Event: 1.646 Loading class java/util/regex/Pattern$Pos
Event: 1.646 Loading class java/util/regex/Pattern$Pos done
Event: 1.653 Loading class java/util/regex/Pattern$SliceS
Event: 1.653 Loading class java/util/regex/Pattern$SliceS done
Event: 11.558 Loading class java/nio/channels/ClosedChannelException
Event: 11.558 Loading class java/nio/channels/ClosedChannelException done

Classes unloaded (0 events):
No events

Classes redefined (0 events):
No events

Internal exceptions (20 events):
Event: 0.121 Thread 0x000001748d60baf0 Exception <a 'java/lang/NoSuchMethodError'{0x00000000c3ce6868}: 'void java.lang.invoke.DirectMethodHandle$Holder.invokeStatic(java.lang.Object, java.lang.Object, java.lang.Object)'> (0x00000000c3ce6868) 
thrown [s\src\hotspot\share\interpreter\linkResolver.cpp, line 759]
Event: 0.127 Thread 0x000001748d60baf0 Exception <a 'java/lang/ClassNotFoundException'{0x00000000c3b0d918}: sun/awt/resources/spi/awtProvider> (0x00000000c3b0d918) 
thrown [s\src\hotspot\share\classfile\systemDictionary.cpp, line 256]
Event: 0.141 Thread 0x000001748d60baf0 Exception <a 'java/io/FileNotFoundException'{0x00000000c3b63258}> (0x00000000c3b63258) 
thrown [s\src\hotspot\share\prims\jni.cpp, line 516]
Event: 0.145 Thread 0x000001748d60baf0 Exception <a 'java/io/FileNotFoundException'{0x00000000c3b906d8}> (0x00000000c3b906d8) 
thrown [s\src\hotspot\share\prims\jni.cpp, line 516]
Event: 0.170 Thread 0x000001748d60baf0 Exception <a 'java/lang/NoSuchMethodError'{0x00000000c3a3e218}: 'java.lang.Object java.lang.invoke.DirectMethodHandle$Holder.invokeStaticInit(java.lang.Object)'> (0x00000000c3a3e218) 
thrown [s\src\hotspot\share\interpreter\linkResolver.cpp, line 759]
Event: 0.251 Thread 0x000001748d60baf0 Exception <a 'java/lang/NoSuchMethodError'{0x00000000c364c3b0}: 'java.lang.Object java.lang.invoke.DirectMethodHandle$Holder.invokeStaticInit(java.lang.Object, int, int, int, int)'> (0x00000000c364c3b0) 
thrown [s\src\hotspot\share\interpreter\linkResolver.cpp, line 759]
Event: 0.285 Thread 0x000001748d60baf0 Exception <a 'java/lang/NoSuchMethodError'{0x00000000c3536898}: 'java.lang.Object java.lang.invoke.DirectMethodHandle$Holder.invokeStaticInit(java.lang.Object, java.lang.Object, int, int, int, int)'> (0x00000000c3536898) 
thrown [s\src\hotspot\share\interpreter\linkResolver.cpp, line 759]
Event: 0.306 Thread 0x000001748d60baf0 Exception <a 'java/lang/NoSuchMethodError'{0x00000000c3541ff0}: 'void java.lang.invoke.DirectMethodHandle$Holder.invokeStatic(java.lang.Object, long)'> (0x00000000c3541ff0) 
thrown [s\src\hotspot\share\interpreter\linkResolver.cpp, line 759]
Event: 0.307 Thread 0x000001748d60baf0 Exception <a 'java/lang/NoSuchMethodError'{0x00000000c35475d0}: 'java.lang.Object java.lang.invoke.DirectMethodHandle$Holder.newInvokeSpecial(java.lang.Object, long)'> (0x00000000c35475d0) 
thrown [s\src\hotspot\share\interpreter\linkResolver.cpp, line 759]
Event: 0.308 Thread 0x000001748d60baf0 Exception <a 'java/lang/NoSuchMethodError'{0x00000000c3551de8}: 'java.lang.Object java.lang.invoke.DirectMethodHandle$Holder.invokeStaticInit(java.lang.Object, java.lang.Object, long, java.lang.Object)'> (0x00000000c3551de8) 
thrown [s\src\hotspot\share\interpreter\linkResolver.cpp, line 759]
Event: 0.309 Thread 0x000001748d60baf0 Exception <a 'java/lang/NoSuchMethodError'{0x00000000c35583a8}: 'java.lang.Object java.lang.invoke.DirectMethodHandle$Holder.newInvokeSpecial(java.lang.Object, java.lang.Object, long)'> (0x00000000c35583a8) 
thrown [s\src\hotspot\share\interpreter\linkResolver.cpp, line 759]
Event: 0.310 Thread 0x000001748d60baf0 Exception <a 'java/lang/NoSuchMethodError'{0x00000000c355bf18}: 'java.lang.Object java.lang.invoke.Invokers$Holder.linkToTargetMethod(java.lang.Object, long, java.lang.Object)'> (0x00000000c355bf18) 
thrown [s\src\hotspot\share\interpreter\linkResolver.cpp, line 759]
Event: 0.411 Thread 0x000001748d60baf0 Exception <a 'java/lang/NoSuchMethodError'{0x00000000c34cc208}: 'java.lang.Object java.lang.invoke.DirectMethodHandle$Holder.invokeInterface(java.lang.Object, java.lang.Object)'> (0x00000000c34cc208) 
thrown [s\src\hotspot\share\interpreter\linkResolver.cpp, line 759]
Event: 0.411 Thread 0x000001748d60baf0 Exception <a 'java/lang/IncompatibleClassChangeError'{0x00000000c34cfb28}: Found class java.lang.Object, but interface was expected> (0x00000000c34cfb28) 
thrown [s\src\hotspot\share\interpreter\linkResolver.cpp, line 826]
Event: 1.413 Thread 0x000001748d60baf0 Exception <a 'java/lang/NoSuchMethodError'{0x00000000c33498b0}: 'void java.lang.invoke.DirectMethodHandle$Holder.invokeSpecial(java.lang.Object, java.lang.Object, java.lang.Object, java.lang.Object, java.lang.Object)'> (0x00000000c33498b0) 
thrown [s\src\hotspot\share\interpreter\linkResolver.cpp, line 759]
Event: 1.414 Thread 0x000001748d60baf0 Exception <a 'java/lang/NoSuchMethodError'{0x00000000c3352840}: 'void java.lang.invoke.DirectMethodHandle$Holder.invokeSpecial(java.lang.Object, java.lang.Object, java.lang.Object)'> (0x00000000c3352840) 
thrown [s\src\hotspot\share\interpreter\linkResolver.cpp, line 759]
Event: 1.415 Thread 0x000001748d60baf0 Exception <a 'java/lang/NoSuchMethodError'{0x00000000c3358b70}: 'void java.lang.invoke.DirectMethodHandle$Holder.invokeSpecial(java.lang.Object, java.lang.Object, int)'> (0x00000000c3358b70) 
thrown [s\src\hotspot\share\interpreter\linkResolver.cpp, line 759]
Event: 1.415 Thread 0x000001748d60baf0 Exception <a 'java/lang/NoSuchMethodError'{0x00000000c335eb88}: 'java.lang.Object java.lang.invoke.DirectMethodHandle$Holder.newInvokeSpecial(java.lang.Object, java.lang.Object, int)'> (0x00000000c335eb88) 
thrown [s\src\hotspot\share\interpreter\linkResolver.cpp, line 759]
Event: 11.557 Thread 0x00000174a97089e0 Exception <a 'java/lang/InterruptedException'{0x00000000cc500000}> (0x00000000cc500000) 
thrown [s\src\hotspot\share\runtime\objectMonitor.cpp, line 1658]
Event: 11.583 Thread 0x00000174a9707090 Implicit null exception at 0x000001749ccdd844 to 0x000001749ccdd8cc

VM Operations (20 events):
Event: 7.211 Executing VM operation: Cleanup done
Event: 7.273 Executing VM operation: G1CollectForAllocation
Event: 7.275 Executing VM operation: G1CollectForAllocation done
Event: 7.374 Executing VM operation: G1CollectForAllocation
Event: 7.375 Executing VM operation: G1CollectForAllocation done
Event: 8.634 Executing VM operation: G1CollectForAllocation
Event: 8.636 Executing VM operation: G1CollectForAllocation done
Event: 9.636 Executing VM operation: Cleanup
Event: 9.636 Executing VM operation: Cleanup done
Event: 9.951 Executing VM operation: G1CollectForAllocation
Event: 9.952 Executing VM operation: G1CollectForAllocation done
Event: 9.958 Executing VM operation: G1PauseRemark
Event: 9.959 Executing VM operation: G1PauseRemark done
Event: 9.961 Executing VM operation: G1PauseCleanup
Event: 9.961 Executing VM operation: G1PauseCleanup done
Event: 11.282 Executing VM operation: G1CollectForAllocation
Event: 11.284 Executing VM operation: G1CollectForAllocation done
Event: 11.417 Executing VM operation: G1CollectForAllocation
Event: 11.418 Executing VM operation: G1CollectForAllocation done
Event: 11.659 Executing VM operation: Exit

Memory protections (0 events):
No events

Nmethod flushes (0 events):
No events

Events (20 events):
Event: 1.530 Thread 0x00000174a97075a0 Thread added: 0x00000174fefbf2c0
Event: 1.530 Thread 0x00000174a97075a0 Thread added: 0x00000174fefc1120
Event: 1.530 Thread 0x00000174a97075a0 Thread added: 0x00000174fefc1b40
Event: 1.918 Thread 0x00000174fe894930 Thread exited: 0x00000174fe894930
Event: 1.998 Thread 0x00000174fe894410 Thread exited: 0x00000174fe894410
Event: 6.014 Thread 0x00000174a9705c50 Thread added: 0x00000174fefbe390
Event: 7.022 Thread 0x00000174fefbe390 Thread exited: 0x00000174fefbe390
Event: 11.557 Thread 0x00000174a97075a0 Thread added: 0x00000174fefbe390
Event: 11.557 Thread 0x00000174a97075a0 Thread added: 0x00000174fefc2050
Event: 11.557 Thread 0x00000174a97089e0 Thread exited: 0x00000174a97089e0
Event: 11.557 Thread 0x00000174a97075a0 Thread added: 0x00000174f1621c40
Event: 11.558 Thread 0x00000174a9705c50 Thread added: 0x00000174f16202f0
Event: 11.558 Thread 0x00000174f1621c40 Thread exited: 0x00000174f1621c40
Event: 11.558 Thread 0x00000174a97084d0 Thread exited: 0x00000174a97084d0
Event: 11.559 Thread 0x00000174a9705c50 Thread exited: 0x00000174a9705c50
Event: 11.584 Thread 0x00000174a9707090 Thread exited: 0x00000174a9707090
Event: 11.588 Thread 0x00000174fefbe390 Thread exited: 0x00000174fefbe390
Event: 11.658 Thread 0x00000174fefc2050 Thread exited: 0x00000174fefc2050
Event: 11.659 Thread 0x00000174a97075a0 Before exit entered
Event: 11.659 Thread 0x00000174a96ed520 Thread exited: 0x00000174a96ed520


Dynamic libraries:
0x00007ff7c9de0000 - 0x00007ff7c9dee000 	C:\Program Files\Processing\app\resources\jdk-17.0.14+7\bin\java.exe
0x00007ffa7da60000 - 0x00007ffa7dcc7000 	C:\WINDOWS\SYSTEM32\ntdll.dll
0x00007ffa7c020000 - 0x00007ffa7c0e9000 	C:\WINDOWS\System32\KERNEL32.DLL
0x00007ffa7a540000 - 0x00007ffa7a937000 	C:\WINDOWS\System32\KERNELBASE.dll
0x00007ffa7ab20000 - 0x00007ffa7ac6b000 	C:\WINDOWS\System32\ucrtbase.dll
0x00007ffa4d920000 - 0x00007ffa4d937000 	C:\Program Files\Processing\app\resources\jdk-17.0.14+7\bin\jli.dll
0x00007ffa4d900000 - 0x00007ffa4d91e000 	C:\Program Files\Processing\app\resources\jdk-17.0.14+7\bin\VCRUNTIME140.dll
0x00007ffa7bdd0000 - 0x00007ffa7bf96000 	C:\WINDOWS\System32\USER32.dll
0x00007ffa7b630000 - 0x00007ffa7b657000 	C:\WINDOWS\System32\win32u.dll
0x00007ffa61590000 - 0x00007ffa61822000 	C:\WINDOWS\WinSxS\amd64_microsoft.windows.common-controls_6595b64144ccf1df_6.0.26100.8457_none_3e0b2faee331e92d\COMCTL32.dll
0x00007ffa7cc40000 - 0x00007ffa7cc6b000 	C:\WINDOWS\System32\GDI32.dll
0x00007ffa7b7e0000 - 0x00007ffa7b889000 	C:\WINDOWS\System32\msvcrt.dll
0x00007ffa7a940000 - 0x00007ffa7aa6c000 	C:\WINDOWS\System32\gdi32full.dll
0x00007ffa7a490000 - 0x00007ffa7a533000 	C:\WINDOWS\System32\msvcp_win.dll
0x00007ffa7ba00000 - 0x00007ffa7ba32000 	C:\WINDOWS\System32\IMM32.DLL
0x00007ffa73680000 - 0x00007ffa7368c000 	C:\Program Files\Processing\app\resources\jdk-17.0.14+7\bin\vcruntime140_1.dll
0x00007ffa457d0000 - 0x00007ffa4585d000 	C:\Program Files\Processing\app\resources\jdk-17.0.14+7\bin\msvcp140.dll
0x00007ff9b1440000 - 0x00007ff9b20ab000 	C:\Program Files\Processing\app\resources\jdk-17.0.14+7\bin\server\jvm.dll
0x00007ffa7d380000 - 0x00007ffa7d436000 	C:\WINDOWS\System32\ADVAPI32.dll
0x00007ffa7d450000 - 0x00007ffa7d4f7000 	C:\WINDOWS\System32\sechost.dll
0x00007ffa7d610000 - 0x00007ffa7d728000 	C:\WINDOWS\System32\RPCRT4.dll
0x00007ffa7d500000 - 0x00007ffa7d580000 	C:\WINDOWS\System32\WS2_32.dll
0x00007ffa7a310000 - 0x00007ffa7a36e000 	C:\WINDOWS\SYSTEM32\POWRPROF.dll
0x00007ffa704a0000 - 0x00007ffa704ab000 	C:\WINDOWS\SYSTEM32\VERSION.dll
0x00007ffa61e60000 - 0x00007ffa61e96000 	C:\WINDOWS\SYSTEM32\WINMM.dll
0x00007ffa7a2f0000 - 0x00007ffa7a304000 	C:\WINDOWS\SYSTEM32\UMPDC.dll
0x00007ffa79220000 - 0x00007ffa7923b000 	C:\WINDOWS\SYSTEM32\kernel.appcore.dll
0x00007ffa6a5b0000 - 0x00007ffa6a5ba000 	C:\Program Files\Processing\app\resources\jdk-17.0.14+7\bin\jimage.dll
0x00007ffa72470000 - 0x00007ffa726b2000 	C:\WINDOWS\SYSTEM32\DBGHELP.DLL
0x00007ffa7c870000 - 0x00007ffa7cbf3000 	C:\WINDOWS\System32\combase.dll
0x00007ffa7bc30000 - 0x00007ffa7bd09000 	C:\WINDOWS\System32\OLEAUT32.dll
0x00007ffa410a0000 - 0x00007ffa410db000 	C:\WINDOWS\SYSTEM32\dbgcore.DLL
0x00007ffa7aa70000 - 0x00007ffa7ab18000 	C:\WINDOWS\System32\bcryptPrimitives.dll
0x00007ffa478a0000 - 0x00007ffa478db000 	C:\Program Files\Processing\app\resources\jdk-17.0.14+7\bin\jdwp.dll
0x00007ffa4c330000 - 0x00007ffa4c355000 	C:\Program Files\Processing\app\resources\jdk-17.0.14+7\bin\java.dll
0x00007ffa41a00000 - 0x00007ffa41ad7000 	C:\Program Files\Processing\app\resources\jdk-17.0.14+7\bin\jsvml.dll
0x00007ffa7c0f0000 - 0x00007ffa7c85e000 	C:\WINDOWS\System32\SHELL32.dll
0x00007ffa7ac70000 - 0x00007ffa7b4dc000 	C:\WINDOWS\System32\windows.storage.dll
0x00007ffa7d730000 - 0x00007ffa7d826000 	C:\WINDOWS\System32\SHCORE.dll
0x00007ffa7d210000 - 0x00007ffa7d276000 	C:\WINDOWS\System32\shlwapi.dll
0x00007ffa7a3b0000 - 0x00007ffa7a3d9000 	C:\WINDOWS\SYSTEM32\profapi.dll
0x00007ffa4d410000 - 0x00007ffa4d41c000 	C:\Program Files\Processing\app\resources\jdk-17.0.14+7\bin\dt_socket.dll
0x00007ffa78c30000 - 0x00007ffa78c62000 	C:\WINDOWS\SYSTEM32\IPHLPAPI.DLL
0x00007ffa79790000 - 0x00007ffa797fc000 	C:\WINDOWS\system32\mswsock.dll
0x00007ffa4ce10000 - 0x00007ffa4ce29000 	C:\Program Files\Processing\app\resources\jdk-17.0.14+7\bin\net.dll
0x00007ffa775b0000 - 0x00007ffa776d9000 	C:\WINDOWS\SYSTEM32\WINHTTP.dll
0x00007ffa4cd70000 - 0x00007ffa4cd86000 	C:\Program Files\Processing\app\resources\jdk-17.0.14+7\bin\nio.dll
0x00007ffa47880000 - 0x00007ffa47898000 	C:\Program Files\Processing\app\resources\jdk-17.0.14+7\bin\zip.dll
0x00007ffa24050000 - 0x00007ffa241e0000 	C:\Program Files\Processing\app\resources\jdk-17.0.14+7\bin\awt.dll
0x00007ffa76060000 - 0x00007ffa76100000 	C:\WINDOWS\SYSTEM32\apphelp.dll
0x00007ffa77ee0000 - 0x00007ffa77f8a000 	C:\WINDOWS\system32\uxtheme.dll
0x00007ffa7b890000 - 0x00007ffa7b9ec000 	C:\WINDOWS\System32\MSCTF.dll
0x00007ffa7ba40000 - 0x00007ffa7bbd7000 	C:\WINDOWS\System32\ole32.dll
0x00007ffa781d0000 - 0x00007ffa781ff000 	C:\WINDOWS\system32\DWMAPI.DLL
0x00007ffa33d40000 - 0x00007ffa33e4f000 	C:\WINDOWS\system32\opengl32.dll
0x00007ffa36620000 - 0x00007ffa3664d000 	C:\WINDOWS\SYSTEM32\GLU32.dll
0x00007ffa77ff0000 - 0x00007ffa78035000 	C:\WINDOWS\SYSTEM32\dxcore.dll
0x00007ffa79a70000 - 0x00007ffa79a8b000 	C:\WINDOWS\SYSTEM32\CRYPTSP.dll
0x00007ffa79180000 - 0x00007ffa791b9000 	C:\WINDOWS\system32\rsaenh.dll
0x00007ffa79840000 - 0x00007ffa79873000 	C:\WINDOWS\SYSTEM32\USERENV.dll
0x00007ffa7a380000 - 0x00007ffa7a3aa000 	C:\WINDOWS\SYSTEM32\bcrypt.dll
0x00007ffa79a90000 - 0x00007ffa79a9c000 	C:\WINDOWS\SYSTEM32\CRYPTBASE.dll
0x00007ffa7cc00000 - 0x00007ffa7cc0a000 	C:\WINDOWS\System32\NSI.dll
0x00007ffa77800000 - 0x00007ffa7781d000 	C:\WINDOWS\SYSTEM32\dhcpcsvc6.DLL
0x00007ffa77750000 - 0x00007ffa77775000 	C:\WINDOWS\SYSTEM32\dhcpcsvc.DLL
0x00007ffa78ce0000 - 0x00007ffa78e12000 	C:\WINDOWS\SYSTEM32\DNSAPI.dll
0x00007ffa44850000 - 0x00007ffa44863000 	C:\Users\danil\AppData\Local\Temp\jogamp_0000\file_cache\jln695923911667378401\jln11774849304052960984\natives\windows-amd64\gluegen_rt.dll
0x00007ffa4d400000 - 0x00007ffa4d407000 	C:\Program Files\Processing\app\resources\jdk-17.0.14+7\bin\jawt.dll
0x00007ffa4cd50000 - 0x00007ffa4cd5d000 	C:\Users\danil\AppData\Local\Temp\jogamp_0000\file_cache\jln695923911667378401\jln11774849304052960984\natives\windows-amd64\nativewindow_awt.dll
0x00007ffa419e0000 - 0x00007ffa419f5000 	C:\Users\danil\AppData\Local\Temp\jogamp_0000\file_cache\jln695923911667378401\jln11774849304052960984\natives\windows-amd64\nativewindow_win32.dll
0x00007ffa3fac0000 - 0x00007ffa3fb43000 	C:\Users\danil\AppData\Local\Temp\jogamp_0000\file_cache\jln695923911667378401\jln11774849304052960984\natives\windows-amd64\jogl_desktop.dll
0x00007ffa24380000 - 0x00007ffa243d2000 	C:\Users\danil\AppData\Local\Temp\jogamp_0000\file_cache\jln695923911667378401\jln11774849304052960984\natives\windows-amd64\jogl_mobile.dll
0x00007ffa73470000 - 0x00007ffa734d1000 	C:\WINDOWS\SYSTEM32\directxdatabasehelper.dll
0x00007ffa665e0000 - 0x00007ffa665fd000 	C:\WINDOWS\SYSTEM32\windows.staterepositorycore.dll
0x00007ff9b0460000 - 0x00007ff9b1433000 	C:\WINDOWS\System32\DriverStore\FileRepository\iigd_dch.inf_amd64_225f37aa3862fc3f\igxelpicd64.dll
0x00007ffa78040000 - 0x00007ffa7817e000 	C:\WINDOWS\system32\dxgi.dll
0x00007ff9ec6a0000 - 0x00007ff9ecb27000 	C:\WINDOWS\System32\DriverStore\FileRepository\iigd_dch.inf_amd64_225f37aa3862fc3f\igdml64.dll
0x00007ffa7a000000 - 0x00007ffa7a051000 	C:\WINDOWS\SYSTEM32\cfgmgr32.dll
0x00007ffa704b0000 - 0x00007ffa70871000 	C:\WINDOWS\System32\DriverStore\FileRepository\iigd_dch.inf_amd64_225f37aa3862fc3f\igdgmm64.dll
0x00007ffa6d290000 - 0x00007ffa70496000 	C:\WINDOWS\System32\DriverStore\FileRepository\iigd_dch.inf_amd64_225f37aa3862fc3f\igc64.dll
0x00007ffa41800000 - 0x00007ffa41819000 	C:\Users\danil\AppData\Local\Temp\jogamp_0000\file_cache\jln695923911667378401\jln11774849304052960984\natives\windows-amd64\newt_head.dll
0x00007ffa6bce0000 - 0x00007ffa6bd9f000 	C:\WINDOWS\SYSTEM32\mscms.dll
0x00007ffa111b0000 - 0x00007ffa111f9000 	C:\WINDOWS\SYSTEM32\icm32.dll
0x00007ffa7cc70000 - 0x00007ffa7d0f7000 	C:\WINDOWS\System32\setupapi.dll
0x00007ffa79fd0000 - 0x00007ffa79ffd000 	C:\WINDOWS\SYSTEM32\DEVOBJ.dll
0x00007ffa7b4e0000 - 0x00007ffa7b562000 	C:\WINDOWS\System32\WINTRUST.dll
0x00007ffa7b660000 - 0x00007ffa7b7d8000 	C:\WINDOWS\System32\CRYPT32.dll
0x00007ffa79ba0000 - 0x00007ffa79bb3000 	C:\WINDOWS\SYSTEM32\MSASN1.dll
0x00007ffa4d4c0000 - 0x00007ffa4d606000 	C:\WINDOWS\SYSTEM32\textinputframework.dll
0x00007ffa76ea0000 - 0x00007ffa76fc7000 	C:\WINDOWS\SYSTEM32\CoreMessaging.dll
0x00007ffa726c0000 - 0x00007ffa729a2000 	C:\WINDOWS\SYSTEM32\CoreUIComponents.dll
0x00007ffa737b0000 - 0x00007ffa7391a000 	C:\WINDOWS\SYSTEM32\wintypes.dll

dbghelp: loaded successfully - version: 4.0.5 - missing functions: none
symbol engine: initialized successfully - sym options: 0x614 - pdb path: .;C:\Program Files\Processing\app\resources\jdk-17.0.14+7\bin;C:\WINDOWS\SYSTEM32;C:\WINDOWS\WinSxS\amd64_microsoft.windows.common-controls_6595b64144ccf1df_6.0.26100.8457_none_3e0b2faee331e92d;C:\Program Files\Processing\app\resources\jdk-17.0.14+7\bin\server;C:\Users\danil\AppData\Local\Temp\jogamp_0000\file_cache\jln695923911667378401\jln11774849304052960984\natives\windows-amd64;C:\WINDOWS\System32\DriverStore\FileRepository\iigd_dch.inf_amd64_225f37aa3862fc3f

VM Arguments:
jvm_args: -agentlib:jdwp=transport=dt_socket,address=8174,server=y,suspend=y,quiet=y -Xms64m -Xmx1024m -Djna.nosys=true -Djava.library.path=;C:\Program Files\Processing\app\resources\core\library;C:\Program Files\Processing;C:\WINDOWS\system32;C:\WINDOWS;C:\Program Files\PlasticSCM5\server;C:\Program Files\PlasticSCM5\client;C:\Program Files\Common Files\Oracle\Java\javapath;C:\Program Files (x86)\Common Files\Oracle\Java\javapath;C:\Windows\System32\HWAudioDriverLibs;C:\Windows\system32;C:\Windows;C:\Windows\System32\Wbem;C:\Windows\System32\WindowsPowerShell\v1.0;C:\Windows\System32\OpenSSH;C:\Program Files\Microsoft SQL Server\150\Tools\Binn;C:\Program Files\Microsoft SQL Server\Client SDK\ODBC\170\Tools\Binn;C:\Program Files\dotnet;D:\Windows Kits\10\Windows Performance Toolkit;C:\Program Files\Java\jdk-23\bin;C:\WINDOWS\system32;C:\WINDOWS;C:\WINDOWS\System32\Wbem;C:\WINDOWS\System32\WindowsPowerShell\v1.0;C:\WINDOWS\System32\OpenSSH;C:\Program Files\nodejs;C:\Program Files\Docker\Docker\resources\bin;C:\Program Files\TortoiseGit\bin;C:\Program Files\Git\cmd;C:\Users\danil\AppData\Local\Programs\Python\Python312\Scripts;C:\Users\danil\AppData\Local\Programs\Python\Python312;C:\Users\danil\AppData\Local\Microsoft\WindowsApps;C:\Users\danil\AppData\Local\Programs\Microsoft VS Code\bin;C:\Users\danil\AppData\Roaming\npm;D:\DataBase\18\bin;C:\Program Files\Processing\app;. -ea 
java_command: processing.core.PApplet --editor-location=-7,-7 --external --display=1 --sketch-path=C:\Users\danil\Desktop\Gravity_simul Gravity_simul
java_class_path (initial): C:\Users\danil\AppData\Local\Temp\processing\Gravity_simul1883895566029091278temp;C:\Program Files\Processing\app\resources\core\library\annotations-13.0.jar;C:\Program Files\Processing\app\resources\core\library\antlr-2.7.7.jar;C:\Program Files\Processing\app\resources\core\library\core-4.4.1.jar;C:\Program Files\Processing\app\resources\core\library\gluegen-rt-2.5.0-natives-android-aarch64.jar;C:\Program Files\Processing\app\resources\core\library\gluegen-rt-2.5.0-natives-linux-aarch64.jar;C:\Program Files\Processing\app\resources\core\library\gluegen-rt-2.5.0-natives-linux-amd64.jar;C:\Program Files\Processing\app\resources\core\library\gluegen-rt-2.5.0-natives-linux-armv6hf.jar;C:\Program Files\Processing\app\resources\core\library\gluegen-rt-2.5.0-natives-macosx-universal.jar;C:\Program Files\Processing\app\resources\core\library\gluegen-rt-2.5.0-natives-windows-amd64.jar;C:\Program Files\Processing\app\resources\core\library\gluegen-rt-2.5.0.jar;C:\Program Files\Processing\app\resources\core\library\gluegen-rt-main-2.5.0.jar;C:\Program Files\Processing\app\resources\core\library\jogl-all-2.5.0-natives-android-aarch64.jar;C:\Program Files\Processing\app\resources\core\library\jogl-all-2.5.0-natives-linux-aarch64.jar;C:\Program Files\Processing\app\resources\core\library\jogl-all-2.5.0-natives-linux-amd64.jar;C:\Program Files\Processing\app\resources\core\library\jogl-all-2.5.0-natives-linux-armv6hf.jar;C:\Program Files\Processing\app\resources\core\library\jogl-all-2.5.0-natives-macosx-universal.jar;C:\Program Files\Processing\app\resources\core\library\jogl-all-2.5.0-natives-windows-amd64.jar;C:\Program Files\Processing\app\resources\core\library\jogl-all-2.5.0.jar;C:\Program Files\Processing\app\resources\core\library\jogl-all-main-2.5.0.jar;C:\Program Files\Processing\app\resources\core\library\kotlin-stdlib-2.0.20.jar
Launcher Type: SUN_STANDARD

[Global flags]
     intx CICompilerCount                          = 4                                         {product} {ergonomic}
     uint ConcGCThreads                            = 2                                         {product} {ergonomic}
     uint G1ConcRefinementThreads                  = 8                                         {product} {ergonomic}
   size_t G1HeapRegionSize                         = 1048576                                   {product} {ergonomic}
    uintx GCDrainStackTargetSize                   = 64                                        {product} {ergonomic}
   size_t InitialHeapSize                          = 67108864                                  {product} {command line}
   size_t MarkStackSize                            = 4194304                                   {product} {ergonomic}
   size_t MaxHeapSize                              = 1073741824                                {product} {command line}
   size_t MaxNewSize                               = 643825664                                 {product} {ergonomic}
   size_t MinHeapDeltaBytes                        = 1048576                                   {product} {ergonomic}
   size_t MinHeapSize                              = 67108864                                  {product} {command line}
    uintx NonNMethodCodeHeapSize                   = 5839372                                {pd product} {ergonomic}
    uintx NonProfiledCodeHeapSize                  = 122909434                              {pd product} {ergonomic}
    uintx ProfiledCodeHeapSize                     = 122909434                              {pd product} {ergonomic}
    uintx ReservedCodeCacheSize                    = 251658240                              {pd product} {ergonomic}
     bool SegmentedCodeCache                       = true                                      {product} {ergonomic}
   size_t SoftMaxHeapSize                          = 1073741824                             {manageable} {ergonomic}
     bool UseCompressedClassPointers               = true                           {product lp64_product} {ergonomic}
     bool UseCompressedOops                        = true                           {product lp64_product} {ergonomic}
     bool UseG1GC                                  = true                                      {product} {ergonomic}
     bool UseLargePagesIndividualAllocation        = false                                  {pd product} {ergonomic}

Logging:
Log output configuration:
 #0: stdout all=off uptime,level,tags
 #1: stderr all=off uptime,level,tags

Environment Variables:
JAVA_HOME=C:\Program Files\Java\jdk-23
PATH=C:\Program Files\PlasticSCM5\server;C:\Program Files\PlasticSCM5\client;C:\Program Files\Common Files\Oracle\Java\javapath;C:\Program Files (x86)\Common Files\Oracle\Java\javapath;C:\Windows\System32\HWAudioDriverLibs;C:\Windows\system32;C:\Windows;C:\Windows\System32\Wbem;C:\Windows\System32\WindowsPowerShell\v1.0\;C:\Windows\System32\OpenSSH\;C:\Users\Administrator\AppData\Local\Microsoft\WindowsApps;C:\Program Files\Microsoft SQL Server\150\Tools\Binn\;C:\Program Files\Microsoft SQL Server\Client SDK\ODBC\170\Tools\Binn\;C:\Program Files\dotnet\;D:\Windows Kits\10\Windows Performance Toolkit\;C:\Program Files\Java\jdk-23\bin;C:\WINDOWS\system32;C:\WINDOWS;C:\WINDOWS\System32\Wbem;C:\WINDOWS\System32\WindowsPowerShell\v1.0\;C:\WINDOWS\System32\OpenSSH\;C:\Program Files\nodejs\;C:\Program Files\Docker\Docker\resources\bin;C:\Program Files\TortoiseGit\bin;C:\Program Files\Git\cmd;C:\Users\danil\AppData\Local\Programs\Python\Python312\Scripts\;C:\Users\danil\AppData\Local\Programs\Python\Python312\;C:\Users\danil\AppData\Local\Microsoft\WindowsApps;C:\Users\danil\.dotnet\tools;C:\Users\danil\AppData\Local\Programs\Microsoft VS Code\bin;C:\Users\danil\AppData\Roaming\npm;D:\DataBase\18\bin;C:\Program Files\Processing\app
USERNAME=danil
OS=Windows_NT
PROCESSOR_IDENTIFIER=Intel64 Family 6 Model 140 Stepping 2, GenuineIntel
TMP=C:\Users\danil\AppData\Local\Temp
TEMP=C:\Users\danil\AppData\Local\Temp



Periodic native trim disabled


---------------  S Y S T E M  ---------------

OS:
 Windows 11 , 64 bit Build 26100 (10.0.26100.8328)
OS uptime: 0 days 3:57 hours
Hyper-V role detected

CPU: total 8 (initial active 8) (4 cores per cpu, 2 threads per core) family 6 model 140 stepping 2 microcode 0x16, cx8, cmov, fxsr, ht, mmx, 3dnowpref, sse, sse2, sse3, ssse3, sse4.1, sse4.2, popcnt, lzcnt, tsc, tscinvbit, avx, avx2, aes, erms, clmul, bmi1, bmi2, adx, avx512f, avx512dq, avx512cd, avx512bw, avx512vl, sha, fma, vzeroupper, avx512_vpopcntdq, avx512_vpclmulqdq, avx512_vaes, avx512_vnni, clflush, clflushopt, clwb, avx512_vbmi2, avx512_vbmi, hv
Processor Information for all 8 processors :
  Max Mhz: 2496, Current Mhz: 2496, Mhz Limit: 2496

Memory: 4k page, system-wide physical 7975M (2470M free)
TotalPageFile size 17703M (AvailPageFile size 8161M)
current process WorkingSet (physical memory assigned to process): 619M, peak: 628M
current process commit charge ("private bytes"): 616M, peak: 640M

vm_info: OpenJDK 64-Bit Server VM (17.0.14+7) for windows-amd64 JRE (17.0.14+7), built on Jan 21 2025 23:40:15 by "admin" with MS VC++ 17.7 (VS2022)

END.
