#
# A fatal error has been detected by the Java Runtime Environment:
#
#  EXCEPTION_ACCESS_VIOLATION (0xc0000005) at pc=0x00007ff9b069b386, pid=46668, tid=46732
#
# JRE version: OpenJDK Runtime Environment Temurin-17.0.14+7 (17.0.14+7) (build 17.0.14+7)
# Java VM: OpenJDK 64-Bit Server VM Temurin-17.0.14+7 (17.0.14+7, mixed mode, sharing, tiered, compressed oops, compressed class ptrs, g1 gc, windows-amd64)
# Problematic frame:
# C  [igxelpicd64.dll+0x23b386]
#
# No core dump will be written. Minidumps are not enabled by default on client versions of Windows
#
# If you would like to submit a bug report, please visit:
#   https://github.com/adoptium/adoptium-support/issues
#

---------------  S U M M A R Y ------------

Command Line: -agentlib:jdwp=transport=dt_socket,address=8484,server=y,suspend=y,quiet=y -Xms64m -Xmx1024m -Djna.nosys=true -Djava.library.path=;C:\Program Files\Processing\app\resources\core\library;C:\Program Files\Processing;C:\WINDOWS\system32;C:\WINDOWS;C:\Program Files\PlasticSCM5\server;C:\Program Files\PlasticSCM5\client;C:\Program Files\Common Files\Oracle\Java\javapath;C:\Program Files (x86)\Common Files\Oracle\Java\javapath;C:\Windows\System32\HWAudioDriverLibs;C:\Windows\system32;C:\Windows;C:\Windows\System32\Wbem;C:\Windows\System32\WindowsPowerShell\v1.0;C:\Windows\System32\OpenSSH;C:\Program Files\Microsoft SQL Server\150\Tools\Binn;C:\Program Files\Microsoft SQL Server\Client SDK\ODBC\170\Tools\Binn;C:\Program Files\dotnet;D:\Windows Kits\10\Windows Performance Toolkit;C:\Program Files\Java\jdk-23\bin;C:\WINDOWS\system32;C:\WINDOWS;C:\WINDOWS\System32\Wbem;C:\WINDOWS\System32\WindowsPowerShell\v1.0;C:\WINDOWS\System32\OpenSSH;C:\Program Files\nodejs;C:\Program Files\Docker\Docker\resources\bin;C:\Program Files\TortoiseGit\bin;C:\Program Files\Git\cmd;C:\Users\danil\AppData\Local\Programs\Python\Python312\Scripts;C:\Users\danil\AppData\Local\Programs\Python\Python312;C:\Users\danil\AppData\Local\Microsoft\WindowsApps;C:\Users\danil\AppData\Local\Programs\Microsoft VS Code\bin;C:\Users\danil\AppData\Roaming\npm;D:\DataBase\18\bin;C:\Program Files\Processing\app;. -ea processing.core.PApplet --editor-location=-7,-7 --external --display=1 --sketch-path=C:\Users\danil\Desktop\Gravity_simul Gravity_simul

Host: 11th Gen Intel(R) Core(TM) i5-1155G7 @ 2.50GHz, 8 cores, 7G,  Windows 11 , 64 bit Build 26100 (10.0.26100.8328)
Time: Sat Jun 27 23:23:45 2026 RTZ 3 (s 11 , 64 bit Build 26100 (10.0.26100.8328) elapsed time: 6.544801 seconds (0d 0h 0m 6s)

---------------  T H R E A D  ---------------

Current thread (0x000001dd845c5670):  VMThread "VM Thread" [stack: 0x000000b604100000,0x000000b604200000] [id=46732]

Stack: [0x000000b604100000,0x000000b604200000],  sp=0x000000b6041fdf30,  free space=1015k
Native frames: (J=compiled Java code, j=interpreted, Vv=VM code, C=native code)
C  [igxelpicd64.dll+0x23b386]


siginfo: EXCEPTION_ACCESS_VIOLATION (0xc0000005), reading address 0x0000000000035468


Registers:
RAX=0x000001ddd9a99af0, RBX=0x000001ddca60d900, RCX=0x0000000000000004, RDX=0x0000000000000000
RSP=0x000000b6041fdf30, RBP=0x0000000000000000, RSI=0x000001ddd9a998f0, RDI=0x000001ddcc7b6690
R8 =0x000001ddd9a999f0, R9 =0x000000b603620000, R10=0x0000000000000000, R11=0x0000000000000246
R12=0x000001ddd9a998f0, R13=0x0000000000000000, R14=0x000001ddd9a99e38, R15=0x000001ddd9a9c770
RIP=0x00007ff9b069b386, EFLAGS=0x0000000000010206


Register to memory mapping:

RIP=0x00007ff9b069b386 igxelpicd64.dll
RAX=0x000001ddd9a99af0 points into unknown readable memory: 0x000000000000fabc | bc fa 00 00 00 00 00 00
RBX=0x000001ddca60d900 points into unknown readable memory: 0xffffffffffffffff | ff ff ff ff ff ff ff ff
RCX=0x0000000000000004 is an unknown value
RDX=0x0 is NULL
RSP=0x000000b6041fdf30 points into unknown readable memory: 0x000001ddca60d900 | 00 d9 60 ca dd 01 00 00
RBP=0x0 is NULL
RSI=0x000001ddd9a998f0 points into unknown readable memory: 0x000001ddca670300 | 00 03 67 ca dd 01 00 00
RDI=0x000001ddcc7b6690 points into unknown readable memory: 0x0000000000000000 | 00 00 00 00 00 00 00 00
R8 =0x000001ddd9a999f0 points into unknown readable memory: 0x0000000000000000 | 00 00 00 00 00 00 00 00
R9 =0x000000b603620000 points into unknown readable memory: 0x0000000000000000 | 00 00 00 00 00 00 00 00
R10=0x0 is NULL
R11=0x0000000000000246 is an unknown value
R12=0x000001ddd9a998f0 points into unknown readable memory: 0x000001ddca670300 | 00 03 67 ca dd 01 00 00
R13=0x0 is NULL
R14=0x000001ddd9a99e38 points into unknown readable memory: 0x000001ddd9a9c770 | 70 c7 a9 d9 dd 01 00 00
R15=0x000001ddd9a9c770 points into unknown readable memory: 0x000001ddca670300 | 00 03 67 ca dd 01 00 00


Top of Stack: (sp=0x000000b6041fdf30)
0x000000b6041fdf30:   000001ddca60d900 00007ff9b04d0ab4
0x000000b6041fdf40:   0000000000000000 000001ddccb7e420
0x000000b6041fdf50:   0000001600000000 0000000000000000
0x000000b6041fdf60:   000001dd00000000 000001ddccb7a600
0x000000b6041fdf70:   000001ddca60d900 000001ddccb3e080
0x000000b6041fdf80:   000001ddcf0e0504 000001ddcef65000
0x000000b6041fdf90:   02db39a602a81c00 000001ddccb7ea20
0x000000b6041fdfa0:   00b3e9a603a7cba6 00007000196fe000
0x000000b6041fdfb0:   0326f4a70133c2a7 031e5ea90399e2a8
0x000000b6041fdfc0:   036a28aa00000000 035b9aaa02fe53aa
0x000000b6041fdfd0:   022dceaa02eccdaa 02fe53ab02bf12ab
0x000000b6041fdfe0:   02b97dab02e266ab 036fedab021f82ab
0x000000b6041fdff0:   03990eac01e702ac 02c01eac039d16ac
0x000000b6041fe000:   0000000000000000 0000000000000000
0x000000b6041fe010:   0366020000000000 00007ffa7dbc5b54
0x000000b6041fe020:   0000000000000000 0000000000000000
0x000000b6041fe030:   000000b6041fe1d0 00007ffa7be21259
0x000000b6041fe040:   000000b6041fe0c8 0000000000000000
0x000000b6041fe050:   0000000000000054 0000000000000000
0x000000b6041fe060:   0000000000000000 00007ffa7dbc5cc4
0x000000b6041fe070:   000000007a000004 005273b3035461b3
0x000000b6041fe080:   000024413ac23036 001040007a000004
0x000000b6041fe090:   000001ddccb72cb8 000000000000fefc
0x000000b6041fe0a0:   0000000000000000 0000000000000016
0x000000b6041fe0b0:   0000000000000000 0000000000000000
0x000000b6041fe0c0:   000000b6041fe1d0 00007ff9b06c82ae
0x000000b6041fe0d0:   000001ddcc7b6690 0000000000000000
0x000000b6041fe0e0:   000001ddcc7b6690 000010027a000004
0x000000b6041fe0f0:   000000b6000009e8 0000740400870000
0x000000b6041fe100:   0000000000000000 033838be036430be
0x000000b6041fe110:   0000000000000000 000010027a000004
0x000000b6041fe120:   038ec2bf02f831bf 0000000000000000 

Instructions: (pc=0x00007ff9b069b386)
0x00007ff9b069b286:   00 90 4c 8b bf 80 02 00 00 48 8b 05 9a 85 bd 00
0x00007ff9b069b296:   8b 80 c8 0a 00 00 89 44 24 24 c6 44 24 20 00 48
0x00007ff9b069b2a6:   c7 87 80 02 00 00 00 00 00 00 c7 87 88 02 00 00
0x00007ff9b069b2b6:   00 00 00 00 48 c7 87 a0 02 00 00 00 00 00 00 48
0x00007ff9b069b2c6:   c7 87 90 02 00 00 00 00 00 00 48 85 ed 75 3d 8b
0x00007ff9b069b2d6:   35 0d 77 cd 00 65 48 8b 04 25 58 00 00 00 b9 14
0x00007ff9b069b2e6:   00 00 00 48 8b 04 f0 40 38 2c 01 0f 84 c9 e7 75
0x00007ff9b069b2f6:   00 65 48 8b 04 25 58 00 00 00 bd 20 00 00 00 48
0x00007ff9b069b306:   8b 04 f0 48 8b 2c 28 48 89 6c 24 28 48 3b 2d 07
0x00007ff9b069b316:   9b cd 00 0f 84 9b 10 00 00 4d 85 ff 0f 84 3a 01
0x00007ff9b069b326:   00 00 0f 1f 84 00 00 00 00 00 49 8b f7 4d 8b e7
0x00007ff9b069b336:   4d 8d b7 48 05 00 00 4d 8b 3e 45 84 ed 0f 85 d9
0x00007ff9b069b346:   0e 00 00 8b 8f d0 01 00 00 48 8b 05 da 84 bd 00
0x00007ff9b069b356:   83 b8 64 03 00 00 02 75 34 4d 8d 84 24 00 01 00
0x00007ff9b069b366:   00 83 f9 10 0f 83 3a 01 00 00 8b c1 48 c1 e0 06
0x00007ff9b069b376:   49 03 c0 48 85 c0 0f 84 9b 01 00 00 48 8b 50 08
0x00007ff9b069b386:   48 3b 95 68 54 03 00 0f 87 b6 0e 00 00 48 83 be
0x00007ff9b069b396:   c0 05 00 00 00 0f 85 50 e7 75 00 44 8b 8f d0 01
0x00007ff9b069b3a6:   00 00 48 8b 87 e8 01 00 00 4c 8b 00 8b 8f d0 01
0x00007ff9b069b3b6:   00 00 48 8d 9e 00 01 00 00 83 f9 10 0f 83 1e 01
0x00007ff9b069b3c6:   00 00 8b c1 48 c1 e0 06 48 03 c3 48 85 c0 0f 84
0x00007ff9b069b3d6:   4a 01 00 00 4c 39 40 08 0f 86 40 01 00 00 48 8b
0x00007ff9b069b3e6:   87 80 02 00 00 49 89 06 48 89 b7 80 02 00 00 ff
0x00007ff9b069b3f6:   87 88 02 00 00 48 8b 4e 08 48 8b 01 ba 01 00 00
0x00007ff9b069b406:   00 48 8b 80 e0 02 00 00 ff 15 f4 c1 88 00 0f b7
0x00007ff9b069b416:   c8 48 2b c1 48 05 00 00 01 00 48 01 87 90 02 00
0x00007ff9b069b426:   00 48 8b 4e 08 48 8b 01 ba 01 00 00 00 48 8b 80
0x00007ff9b069b436:   e0 02 00 00 ff 15 c8 c1 88 00 48 01 87 a0 02 00
0x00007ff9b069b446:   00 0f b6 54 24 20 4d 85 ff 0f 85 db fe ff ff 84
0x00007ff9b069b456:   d2 0f 85 37 0f 00 00 48 8b 5c 24 40 48 8b cf 80
0x00007ff9b069b466:   7c 24 22 00 0f 85 40 0f 00 00 e8 3b f9 ff ff 90
0x00007ff9b069b476:   48 8b cb ff 15 99 bc 88 00 48 8b 8c 24 50 01 00 


Stack slot to memory mapping:
stack at sp + 0 slots: 0x000001ddca60d900 points into unknown readable memory: 0xffffffffffffffff | ff ff ff ff ff ff ff ff
stack at sp + 1 slots: 0x00007ff9b04d0ab4 igxelpicd64.dll
stack at sp + 2 slots: 0x0 is NULL
stack at sp + 3 slots: 0x000001ddccb7e420 points into unknown readable memory: 0x000000000000083c | 3c 08 00 00 00 00 00 00
stack at sp + 4 slots: 0x0000001600000000 is an unknown value
stack at sp + 5 slots: 0x0 is NULL
stack at sp + 6 slots: 0x000001dd00000000 is an unknown value
stack at sp + 7 slots: 0x000001ddccb7a600 points into unknown readable memory: 0x000001ddccb7a670 | 70 a6 b7 cc dd 01 00 00

VM_Operation (0x000000b6062fedb0): Exit, mode: safepoint, requested by thread 0x000001ddca2fb040


---------------  P R O C E S S  ---------------

Threads class SMR info:
_java_thread_list=0x000001ddddcafa90, length=219, elements={
0x000001dd845cbdd0, 0x000001dd845cc6a0, 0x000001dd845e2940, 0x000001dd845e5220,
0x000001dd845e5af0, 0x000001dd845e63c0, 0x000001dd845eafe0, 0x000001dd845f39b0,
0x000001dd845f42c0, 0x000001dd8487edd0, 0x000001dd84893370, 0x000001dd8489da90,
0x000001dd848a0770, 0x000001dd848b24a0, 0x000001ddca08af60, 0x000001ddcc4f1820,
0x000001ddca2fb040, 0x000001dde86fa460, 0x000001ddcc808030, 0x000001ddcc808920,
0x000001ddcc883aa0, 0x000001ddcc8853f0, 0x000001ddcc882b70, 0x000001ddcc881c40,
0x000001ddcc882150, 0x000001ddcc883fb0, 0x000001ddcc883080, 0x000001ddcc882660,
0x000001ddcc883590, 0x000001ddcc8844c0, 0x000001ddcc8849d0, 0x000001ddcc884ee0,
0x000001ddd9e99c00, 0x000001ddd9e97da0, 0x000001ddd9e991e0, 0x000001ddd9e98cd0,
0x000001ddd9e9a110, 0x000001ddd9e9a620, 0x000001ddd9e987c0, 0x000001ddd9e996f0,
0x000001ddd9e96e70, 0x000001ddd9e9ab30, 0x000001ddd9e97380, 0x000001ddd9e982b0,
0x000001ddd9e9b040, 0x000001ddd9e97890, 0x000001ddd9e9e2e0, 0x000001ddd9e9e7f0,
0x000001ddd9e9c990, 0x000001ddd9e9b550, 0x000001ddd9e9ba60, 0x000001ddd9e9bf70,
0x000001ddd9e9c480, 0x000001ddd9e9cea0, 0x000001ddd9e9d8c0, 0x000001ddd9e9ddd0,
0x000001ddd9e9d3b0, 0x000001ddda379480, 0x000001ddda378550, 0x000001ddda379990,
0x000001ddda379ea0, 0x000001ddda37a3b0, 0x000001ddda37a8c0, 0x000001ddda378a60,
0x000001ddda378040, 0x000001ddda378f70, 0x000001ddda377110, 0x000001ddda37add0,
0x000001ddda377620, 0x000001ddda377b30, 0x000001ddda37b7f0, 0x000001ddda37b2e0,
0x000001ddda37bd00, 0x000001ddda37db60, 0x000001ddda37cc30, 0x000001ddda37d140,
0x000001ddda37c210, 0x000001ddda37c720, 0x000001ddda37ea90, 0x000001ddda37e070,
0x000001ddda37d650, 0x000001ddda37e580, 0x000001ddda1fa810, 0x000001ddda1f98e0,
0x000001ddda1f9df0, 0x000001ddda1f89b0, 0x000001ddda1f8ec0, 0x000001ddda1f7060,
0x000001ddda1f93d0, 0x000001ddda1f7a80, 0x000001ddda1fa300, 0x000001ddda1fad20,
0x000001ddda1f7570, 0x000001ddda1fb230, 0x000001ddda1fb740, 0x000001ddda1f7f90,
0x000001ddda1f84a0, 0x000001ddda1fbc50, 0x000001ddda1fc670, 0x000001ddda1fd5a0,
0x000001ddda1fc160, 0x000001ddda1fcb80, 0x000001ddda1fdab0, 0x000001ddda1fd090,
0x000001ddda1fdfc0, 0x000001ddda1fe4d0, 0x000001ddda1fe9e0, 0x000001ddcc745e90,
0x000001ddcc7463a0, 0x000001ddcc7468b0, 0x000001ddcc744540, 0x000001ddcc746dc0,
0x000001ddcc743610, 0x000001ddcc7472d0, 0x000001ddcc744f60, 0x000001ddcc744030,
0x000001ddcc743b20, 0x000001ddcc7477e0, 0x000001ddcc745980, 0x000001ddcc745470,
0x000001ddcc747cf0, 0x000001ddcc748200, 0x000001ddcc744a50, 0x000001ddcc74af90,
0x000001ddcc749640, 0x000001ddcc74a570, 0x000001ddcc748710, 0x000001ddcc748c20,
0x000001ddcc749b50, 0x000001ddcc749130, 0x000001ddcc74a060, 0x000001ddcc74aa80,
0x000001ddda2cf060, 0x000001ddda2cf570, 0x000001ddda2d1df0, 0x000001ddda2cff90,
0x000001ddda2d2300, 0x000001ddda2d18e0, 0x000001ddda2d0ec0, 0x000001ddda2d04a0,
0x000001ddda2d09b0, 0x000001ddda2d2810, 0x000001ddda2d13d0, 0x000001ddda2d2d20,
0x000001ddda2d3230, 0x000001ddda2cfa80, 0x000001ddda2d3740, 0x000001ddda2d69e0,
0x000001ddda2d3c50, 0x000001ddda2d55a0, 0x000001ddda2d5ab0, 0x000001ddda2d5fc0,
0x000001ddda2d64d0, 0x000001ddda2d4160, 0x000001ddda2d4670, 0x000001ddda2d4b80,
0x000001ddda2d5090, 0x000001ddda3fbd40, 0x000001ddda3fd180, 0x000001ddda3fe0b0,
0x000001ddda3fdba0, 0x000001ddda3fe5c0, 0x000001ddda3fead0, 0x000001ddda3fefe0,
0x000001ddda3fb830, 0x000001ddda3ff4f0, 0x000001ddda3ffa00, 0x000001ddda3fc250,
0x000001ddda3fff10, 0x000001ddda3fc760, 0x000001ddda400420, 0x000001ddda3fd690,
0x000001ddda3fcc70, 0x000001ddda402ca0, 0x000001ddda400930, 0x000001ddda401860,
0x000001ddda4031b0, 0x000001ddda400e40, 0x000001ddda401350, 0x000001ddda401d70,
0x000001ddda402280, 0x000001ddda402790, 0x000001ddda22dd60, 0x000001ddda22aac0,
0x000001ddda22c920, 0x000001ddda22c410, 0x000001ddda22b9f0, 0x000001ddda22ce30,
0x000001ddda22d340, 0x000001ddda22d850, 0x000001ddda22a5b0, 0x000001ddda22e270,
0x000001ddda22e780, 0x000001ddda22bf00, 0x000001ddda22afd0, 0x000001ddda22ec90,
0x000001ddda22b4e0, 0x000001ddda231000, 0x000001ddda231f30, 0x000001ddda22fbc0,
0x000001ddda2305e0, 0x000001ddda2300d0, 0x000001ddda22f1a0, 0x000001ddda230af0,
0x000001ddda231510, 0x000001ddda231a20, 0x000001ddda22f6b0, 0x000001ddda49a2d0,
0x000001ddda49a7e0, 0x000001ddda4998b0, 0x000001ddda49bc20, 0x000001ddda49d060,
0x000001ddda49c130, 0x000001ddda49d570, 0x000001ddda499dc0, 0x000001ddda49e4a0,
0x000001ddda49acf0, 0x000001ddda49e9b0, 0x000001ddda49c640
}

Java Threads: ( => current thread )
  0x000001dd845cbdd0 JavaThread "Reference Handler" daemon [_thread_blocked, id=46640, stack(0x000000b604200000,0x000000b604300000)]
  0x000001dd845cc6a0 JavaThread "Finalizer" daemon [_thread_blocked, id=46784, stack(0x000000b604300000,0x000000b604400000)]
  0x000001dd845e2940 JavaThread "Signal Dispatcher" daemon [_thread_blocked, id=46636, stack(0x000000b604400000,0x000000b604500000)]
  0x000001dd845e5220 JavaThread "Attach Listener" daemon [_thread_blocked, id=46692, stack(0x000000b604500000,0x000000b604600000)]
  0x000001dd845e5af0 JavaThread "Service Thread" daemon [_thread_blocked, id=46688, stack(0x000000b604600000,0x000000b604700000)]
  0x000001dd845e63c0 JavaThread "Monitor Deflation Thread" daemon [_thread_blocked, id=46768, stack(0x000000b604700000,0x000000b604800000)]
  0x000001dd845eafe0 JavaThread "C2 CompilerThread0" daemon [_thread_blocked, id=46764, stack(0x000000b604800000,0x000000b604900000)]
  0x000001dd845f39b0 JavaThread "C1 CompilerThread0" daemon [_thread_blocked, id=46760, stack(0x000000b604900000,0x000000b604a00000)]
  0x000001dd845f42c0 JavaThread "Sweeper thread" daemon [_thread_blocked, id=46788, stack(0x000000b604a00000,0x000000b604b00000)]
  0x000001dd8487edd0 JavaThread "JDWP Transport Listener: dt_socket" daemon [_thread_blocked, id=46684, stack(0x000000b604b00000,0x000000b604c00000)]
  0x000001dd84893370 JavaThread "JDWP Event Helper Thread" daemon [_thread_blocked, id=46792, stack(0x000000b604c00000,0x000000b604d00000)]
  0x000001dd8489da90 JavaThread "JDWP Command Reader" daemon [_thread_blocked, id=46744, stack(0x000000b604d00000,0x000000b604e00000)]
  0x000001dd848a0770 JavaThread "Notification Thread" daemon [_thread_blocked, id=46648, stack(0x000000b604e00000,0x000000b604f00000)]
  0x000001dd848b24a0 JavaThread "Common-Cleaner" daemon [_thread_blocked, id=46704, stack(0x000000b605000000,0x000000b605100000)]
  0x000001ddca08af60 JavaThread "Java2D Disposer" daemon [_thread_blocked, id=46700, stack(0x000000b605100000,0x000000b605200000)]
  0x000001ddcc4f1820 JavaThread "HighResTimerThread" daemon [_thread_blocked, id=46964, stack(0x000000b605200000,0x000000b605300000)]
  0x000001ddca2fb040 JavaThread "main-FPSAWTAnimator#00-Timer0" [_thread_blocked, id=46976, stack(0x000000b606200000,0x000000b606300000)]
  0x000001dde86fa460 JavaThread "DestroyJavaVM" [_thread_blocked, id=46780, stack(0x000000b603b00000,0x000000b603c00000)]
  0x000001ddcc808030 JavaThread "pool-1-thread-1" [_thread_blocked, id=44532, stack(0x000000b606600000,0x000000b606700000)]
  0x000001ddcc808920 JavaThread "pool-1-thread-2" [_thread_blocked, id=44536, stack(0x000000b606700000,0x000000b606800000)]
  0x000001ddcc883aa0 JavaThread "pool-1-thread-3" [_thread_blocked, id=44540, stack(0x000000b606800000,0x000000b606900000)]
  0x000001ddcc8853f0 JavaThread "pool-1-thread-4" [_thread_blocked, id=44544, stack(0x000000b606900000,0x000000b606a00000)]
  0x000001ddcc882b70 JavaThread "pool-1-thread-5" [_thread_blocked, id=41756, stack(0x000000b606a00000,0x000000b606b00000)]
  0x000001ddcc881c40 JavaThread "pool-1-thread-6" [_thread_blocked, id=47148, stack(0x000000b606b00000,0x000000b606c00000)]
  0x000001ddcc882150 JavaThread "pool-1-thread-7" [_thread_blocked, id=47152, stack(0x000000b606c00000,0x000000b606d00000)]
  0x000001ddcc883fb0 JavaThread "pool-1-thread-8" [_thread_blocked, id=47136, stack(0x000000b606d00000,0x000000b606e00000)]
  0x000001ddcc883080 JavaThread "pool-1-thread-9" [_thread_blocked, id=47160, stack(0x000000b606e00000,0x000000b606f00000)]
  0x000001ddcc882660 JavaThread "pool-1-thread-10" [_thread_blocked, id=47156, stack(0x000000b606f00000,0x000000b607000000)]
  0x000001ddcc883590 JavaThread "pool-1-thread-11" [_thread_blocked, id=47144, stack(0x000000b607000000,0x000000b607100000)]
  0x000001ddcc8844c0 JavaThread "pool-1-thread-12" [_thread_blocked, id=47264, stack(0x000000b607100000,0x000000b607200000)]
  0x000001ddcc8849d0 JavaThread "pool-1-thread-13" [_thread_blocked, id=47248, stack(0x000000b607200000,0x000000b607300000)]
  0x000001ddcc884ee0 JavaThread "pool-1-thread-14" [_thread_blocked, id=47244, stack(0x000000b607300000,0x000000b607400000)]
  0x000001ddd9e99c00 JavaThread "pool-1-thread-15" [_thread_blocked, id=47240, stack(0x000000b607400000,0x000000b607500000)]
  0x000001ddd9e97da0 JavaThread "pool-1-thread-16" [_thread_blocked, id=47268, stack(0x000000b607500000,0x000000b607600000)]
  0x000001ddd9e991e0 JavaThread "pool-1-thread-17" [_thread_blocked, id=47272, stack(0x000000b607600000,0x000000b607700000)]
  0x000001ddd9e98cd0 JavaThread "pool-1-thread-18" [_thread_blocked, id=47224, stack(0x000000b607700000,0x000000b607800000)]
  0x000001ddd9e9a110 JavaThread "pool-1-thread-19" [_thread_blocked, id=47252, stack(0x000000b607800000,0x000000b607900000)]
  0x000001ddd9e9a620 JavaThread "pool-1-thread-20" [_thread_blocked, id=47208, stack(0x000000b607900000,0x000000b607a00000)]
  0x000001ddd9e987c0 JavaThread "pool-1-thread-21" [_thread_blocked, id=47204, stack(0x000000b607a00000,0x000000b607b00000)]
  0x000001ddd9e996f0 JavaThread "pool-1-thread-22" [_thread_blocked, id=47200, stack(0x000000b607b00000,0x000000b607c00000)]
  0x000001ddd9e96e70 JavaThread "pool-1-thread-23" [_thread_blocked, id=47236, stack(0x000000b607c00000,0x000000b607d00000)]
  0x000001ddd9e9ab30 JavaThread "pool-1-thread-24" [_thread_blocked, id=47232, stack(0x000000b607d00000,0x000000b607e00000)]
  0x000001ddd9e97380 JavaThread "pool-1-thread-25" [_thread_blocked, id=47228, stack(0x000000b607e00000,0x000000b607f00000)]
  0x000001ddd9e982b0 JavaThread "pool-1-thread-26" [_thread_blocked, id=47260, stack(0x000000b607f00000,0x000000b608000000)]
  0x000001ddd9e9b040 JavaThread "pool-1-thread-27" [_thread_blocked, id=47256, stack(0x000000b608000000,0x000000b608100000)]
  0x000001ddd9e97890 JavaThread "pool-1-thread-28" [_thread_blocked, id=47220, stack(0x000000b608100000,0x000000b608200000)]
  0x000001ddd9e9e2e0 JavaThread "pool-1-thread-29" [_thread_blocked, id=47128, stack(0x000000b608200000,0x000000b608300000)]
  0x000001ddd9e9e7f0 JavaThread "pool-1-thread-30" [_thread_blocked, id=47124, stack(0x000000b608300000,0x000000b608400000)]
  0x000001ddd9e9c990 JavaThread "pool-1-thread-31" [_thread_blocked, id=47180, stack(0x000000b608400000,0x000000b608500000)]
  0x000001ddd9e9b550 JavaThread "pool-1-thread-32" [_thread_blocked, id=47184, stack(0x000000b608500000,0x000000b608600000)]
  0x000001ddd9e9ba60 JavaThread "pool-1-thread-33" [_thread_blocked, id=47216, stack(0x000000b608600000,0x000000b608700000)]
  0x000001ddd9e9bf70 JavaThread "pool-1-thread-34" [_thread_blocked, id=47176, stack(0x000000b608700000,0x000000b608800000)]
  0x000001ddd9e9c480 JavaThread "pool-1-thread-35" [_thread_blocked, id=47140, stack(0x000000b608800000,0x000000b608900000)]
  0x000001ddd9e9cea0 JavaThread "pool-1-thread-36" [_thread_blocked, id=47196, stack(0x000000b608900000,0x000000b608a00000)]
  0x000001ddd9e9d8c0 JavaThread "pool-1-thread-37" [_thread_blocked, id=47192, stack(0x000000b608a00000,0x000000b608b00000)]
  0x000001ddd9e9ddd0 JavaThread "pool-1-thread-38" [_thread_blocked, id=47188, stack(0x000000b608b00000,0x000000b608c00000)]
  0x000001ddd9e9d3b0 JavaThread "pool-1-thread-39" [_thread_blocked, id=47212, stack(0x000000b608c00000,0x000000b608d00000)]
  0x000001ddda379480 JavaThread "pool-1-thread-40" [_thread_blocked, id=47120, stack(0x000000b608d00000,0x000000b608e00000)]
  0x000001ddda378550 JavaThread "pool-1-thread-41" [_thread_blocked, id=47116, stack(0x000000b608e00000,0x000000b608f00000)]
  0x000001ddda379990 JavaThread "pool-1-thread-42" [_thread_blocked, id=47172, stack(0x000000b608f00000,0x000000b609000000)]
  0x000001ddda379ea0 JavaThread "pool-1-thread-43" [_thread_blocked, id=47168, stack(0x000000b609000000,0x000000b609100000)]
  0x000001ddda37a3b0 JavaThread "pool-1-thread-44" [_thread_blocked, id=47164, stack(0x000000b609100000,0x000000b609200000)]
  0x000001ddda37a8c0 JavaThread "pool-1-thread-45" [_thread_blocked, id=47132, stack(0x000000b609200000,0x000000b609300000)]
  0x000001ddda378a60 JavaThread "pool-1-thread-46" [_thread_blocked, id=36080, stack(0x000000b609300000,0x000000b609400000)]
  0x000001ddda378040 JavaThread "pool-1-thread-47" [_thread_blocked, id=45844, stack(0x000000b609400000,0x000000b609500000)]
  0x000001ddda378f70 JavaThread "pool-1-thread-48" [_thread_blocked, id=45228, stack(0x000000b609500000,0x000000b609600000)]
  0x000001ddda377110 JavaThread "pool-1-thread-49" [_thread_blocked, id=47384, stack(0x000000b609600000,0x000000b609700000)]
  0x000001ddda37add0 JavaThread "pool-1-thread-50" [_thread_blocked, id=47380, stack(0x000000b609700000,0x000000b609800000)]
  0x000001ddda377620 JavaThread "pool-1-thread-51" [_thread_blocked, id=47368, stack(0x000000b609800000,0x000000b609900000)]
  0x000001ddda377b30 JavaThread "pool-1-thread-52" [_thread_blocked, id=47388, stack(0x000000b609900000,0x000000b609a00000)]
  0x000001ddda37b7f0 JavaThread "pool-1-thread-53" [_thread_blocked, id=47392, stack(0x000000b609a00000,0x000000b609b00000)]
  0x000001ddda37b2e0 JavaThread "pool-1-thread-54" [_thread_blocked, id=47376, stack(0x000000b609b00000,0x000000b609c00000)]
  0x000001ddda37bd00 JavaThread "pool-1-thread-55" [_thread_blocked, id=47484, stack(0x000000b609c00000,0x000000b609d00000)]
  0x000001ddda37db60 JavaThread "pool-1-thread-56" [_thread_blocked, id=47480, stack(0x000000b609d00000,0x000000b609e00000)]
  0x000001ddda37cc30 JavaThread "pool-1-thread-57" [_thread_blocked, id=47472, stack(0x000000b609e00000,0x000000b609f00000)]
  0x000001ddda37d140 JavaThread "pool-1-thread-58" [_thread_blocked, id=47464, stack(0x000000b609f00000,0x000000b60a000000)]
  0x000001ddda37c210 JavaThread "pool-1-thread-59" [_thread_blocked, id=47504, stack(0x000000b60a000000,0x000000b60a100000)]
  0x000001ddda37c720 JavaThread "pool-1-thread-60" [_thread_blocked, id=47496, stack(0x000000b60a100000,0x000000b60a200000)]
  0x000001ddda37ea90 JavaThread "pool-1-thread-61" [_thread_blocked, id=47488, stack(0x000000b60a200000,0x000000b60a300000)]
  0x000001ddda37e070 JavaThread "pool-1-thread-62" [_thread_blocked, id=47452, stack(0x000000b60a300000,0x000000b60a400000)]
  0x000001ddda37d650 JavaThread "pool-1-thread-63" [_thread_blocked, id=47476, stack(0x000000b60a400000,0x000000b60a500000)]
  0x000001ddda37e580 JavaThread "pool-1-thread-64" [_thread_blocked, id=47468, stack(0x000000b60a500000,0x000000b60a600000)]
  0x000001ddda1fa810 JavaThread "pool-1-thread-65" [_thread_blocked, id=47460, stack(0x000000b60a600000,0x000000b60a700000)]
  0x000001ddda1f98e0 JavaThread "pool-1-thread-66" [_thread_blocked, id=47492, stack(0x000000b60a700000,0x000000b60a800000)]
  0x000001ddda1f9df0 JavaThread "pool-1-thread-67" [_thread_blocked, id=47500, stack(0x000000b60a800000,0x000000b60a900000)]
  0x000001ddda1f89b0 JavaThread "pool-1-thread-68" [_thread_blocked, id=47440, stack(0x000000b60a900000,0x000000b60aa00000)]
  0x000001ddda1f8ec0 JavaThread "pool-1-thread-69" [_thread_blocked, id=47436, stack(0x000000b60aa00000,0x000000b60ab00000)]
  0x000001ddda1f7060 JavaThread "pool-1-thread-70" [_thread_blocked, id=47424, stack(0x000000b60ab00000,0x000000b60ac00000)]
  0x000001ddda1f93d0 JavaThread "pool-1-thread-71" [_thread_blocked, id=47444, stack(0x000000b60ac00000,0x000000b60ad00000)]
  0x000001ddda1f7a80 JavaThread "pool-1-thread-72" [_thread_blocked, id=47456, stack(0x000000b60ad00000,0x000000b60ae00000)]
  0x000001ddda1fa300 JavaThread "pool-1-thread-73" [_thread_blocked, id=47360, stack(0x000000b60ae00000,0x000000b60af00000)]
  0x000001ddda1fad20 JavaThread "pool-1-thread-74" [_thread_blocked, id=47356, stack(0x000000b60af00000,0x000000b60b000000)]
  0x000001ddda1f7570 JavaThread "pool-1-thread-75" [_thread_blocked, id=47416, stack(0x000000b60b000000,0x000000b60b100000)]
  0x000001ddda1fb230 JavaThread "pool-1-thread-76" [_thread_blocked, id=47412, stack(0x000000b60b100000,0x000000b60b200000)]
  0x000001ddda1fb740 JavaThread "pool-1-thread-77" [_thread_blocked, id=47432, stack(0x000000b60b200000,0x000000b60b300000)]
  0x000001ddda1f7f90 JavaThread "pool-1-thread-78" [_thread_blocked, id=47428, stack(0x000000b60b300000,0x000000b60b400000)]
  0x000001ddda1f84a0 JavaThread "pool-1-thread-79" [_thread_blocked, id=47420, stack(0x000000b60b400000,0x000000b60b500000)]
  0x000001ddda1fbc50 JavaThread "pool-1-thread-80" [_thread_blocked, id=47404, stack(0x000000b60b500000,0x000000b60b600000)]
  0x000001ddda1fc670 JavaThread "pool-1-thread-81" [_thread_blocked, id=47372, stack(0x000000b60b600000,0x000000b60b700000)]
  0x000001ddda1fd5a0 JavaThread "pool-1-thread-82" [_thread_blocked, id=47448, stack(0x000000b60b700000,0x000000b60b800000)]
  0x000001ddda1fc160 JavaThread "pool-1-thread-83" [_thread_blocked, id=47352, stack(0x000000b60b800000,0x000000b60b900000)]
  0x000001ddda1fcb80 JavaThread "pool-1-thread-84" [_thread_blocked, id=47348, stack(0x000000b60b900000,0x000000b60ba00000)]
  0x000001ddda1fdab0 JavaThread "pool-1-thread-85" [_thread_blocked, id=47408, stack(0x000000b60ba00000,0x000000b60bb00000)]
  0x000001ddda1fd090 JavaThread "pool-1-thread-86" [_thread_blocked, id=47400, stack(0x000000b60bb00000,0x000000b60bc00000)]
  0x000001ddda1fdfc0 JavaThread "pool-1-thread-87" [_thread_blocked, id=47396, stack(0x000000b60bc00000,0x000000b60bd00000)]
  0x000001ddda1fe4d0 JavaThread "pool-1-thread-88" [_thread_blocked, id=47364, stack(0x000000b60bd00000,0x000000b60be00000)]
  0x000001ddda1fe9e0 JavaThread "pool-1-thread-89" [_thread_blocked, id=33480, stack(0x000000b60be00000,0x000000b60bf00000)]
  0x000001ddcc745e90 JavaThread "pool-1-thread-90" [_thread_blocked, id=44724, stack(0x000000b60bf00000,0x000000b60c000000)]
  0x000001ddcc7463a0 JavaThread "pool-1-thread-91" [_thread_blocked, id=44960, stack(0x000000b60c000000,0x000000b60c100000)]
  0x000001ddcc7468b0 JavaThread "pool-1-thread-92" [_thread_blocked, id=44972, stack(0x000000b60c100000,0x000000b60c200000)]
  0x000001ddcc744540 JavaThread "pool-1-thread-93" [_thread_blocked, id=44976, stack(0x000000b60c200000,0x000000b60c300000)]
  0x000001ddcc746dc0 JavaThread "pool-1-thread-94" [_thread_blocked, id=44352, stack(0x000000b60c300000,0x000000b60c400000)]
  0x000001ddcc743610 JavaThread "pool-1-thread-95" [_thread_blocked, id=47620, stack(0x000000b60c400000,0x000000b60c500000)]
  0x000001ddcc7472d0 JavaThread "pool-1-thread-96" [_thread_blocked, id=47616, stack(0x000000b60c500000,0x000000b60c600000)]
  0x000001ddcc744f60 JavaThread "pool-1-thread-97" [_thread_blocked, id=47624, stack(0x000000b60c600000,0x000000b60c700000)]
  0x000001ddcc744030 JavaThread "pool-1-thread-98" [_thread_blocked, id=47604, stack(0x000000b60c700000,0x000000b60c800000)]
  0x000001ddcc743b20 JavaThread "pool-1-thread-99" [_thread_blocked, id=47628, stack(0x000000b60c800000,0x000000b60c900000)]
  0x000001ddcc7477e0 JavaThread "pool-1-thread-100" [_thread_blocked, id=47632, stack(0x000000b60c900000,0x000000b60ca00000)]
  0x000001ddcc745980 JavaThread "pool-1-thread-101" [_thread_blocked, id=47612, stack(0x000000b60ca00000,0x000000b60cb00000)]
  0x000001ddcc745470 JavaThread "pool-1-thread-102" [_thread_blocked, id=47736, stack(0x000000b60cb00000,0x000000b60cc00000)]
  0x000001ddcc747cf0 JavaThread "pool-1-thread-103" [_thread_blocked, id=47720, stack(0x000000b60cc00000,0x000000b60cd00000)]
  0x000001ddcc748200 JavaThread "pool-1-thread-104" [_thread_blocked, id=47716, stack(0x000000b60cd00000,0x000000b60ce00000)]
  0x000001ddcc744a50 JavaThread "pool-1-thread-105" [_thread_blocked, id=47712, stack(0x000000b60ce00000,0x000000b60cf00000)]
  0x000001ddcc74af90 JavaThread "pool-1-thread-106" [_thread_blocked, id=47740, stack(0x000000b60cf00000,0x000000b60d000000)]
  0x000001ddcc749640 JavaThread "pool-1-thread-107" [_thread_blocked, id=47744, stack(0x000000b60d000000,0x000000b60d100000)]
  0x000001ddcc74a570 JavaThread "pool-1-thread-108" [_thread_blocked, id=47696, stack(0x000000b60d100000,0x000000b60d200000)]
  0x000001ddcc748710 JavaThread "pool-1-thread-109" [_thread_blocked, id=47680, stack(0x000000b60d200000,0x000000b60d300000)]
  0x000001ddcc748c20 JavaThread "pool-1-thread-110" [_thread_blocked, id=47676, stack(0x000000b60d300000,0x000000b60d400000)]
  0x000001ddcc749b50 JavaThread "pool-1-thread-111" [_thread_blocked, id=47664, stack(0x000000b60d400000,0x000000b60d500000)]
  0x000001ddcc749130 JavaThread "pool-1-thread-112" [_thread_blocked, id=47692, stack(0x000000b60d500000,0x000000b60d600000)]
  0x000001ddcc74a060 JavaThread "pool-1-thread-113" [_thread_blocked, id=47596, stack(0x000000b60d600000,0x000000b60d700000)]
  0x000001ddcc74aa80 JavaThread "pool-1-thread-114" [_thread_blocked, id=47724, stack(0x000000b60d700000,0x000000b60d800000)]
  0x000001ddda2cf060 JavaThread "pool-1-thread-115" [_thread_blocked, id=47592, stack(0x000000b60d800000,0x000000b60d900000)]
  0x000001ddda2cf570 JavaThread "pool-1-thread-116" [_thread_blocked, id=47656, stack(0x000000b60d900000,0x000000b60da00000)]
  0x000001ddda2d1df0 JavaThread "pool-1-thread-117" [_thread_blocked, id=47652, stack(0x000000b60da00000,0x000000b60db00000)]
  0x000001ddda2cff90 JavaThread "pool-1-thread-118" [_thread_blocked, id=47708, stack(0x000000b60db00000,0x000000b60dc00000)]
  0x000001ddda2d2300 JavaThread "pool-1-thread-119" [_thread_blocked, id=47704, stack(0x000000b60dc00000,0x000000b60dd00000)]
  0x000001ddda2d18e0 JavaThread "pool-1-thread-120" [_thread_blocked, id=47700, stack(0x000000b60dd00000,0x000000b60de00000)]
  0x000001ddda2d0ec0 JavaThread "pool-1-thread-121" [_thread_blocked, id=47728, stack(0x000000b60de00000,0x000000b60df00000)]
  0x000001ddda2d04a0 JavaThread "pool-1-thread-122" [_thread_blocked, id=47732, stack(0x000000b60df00000,0x000000b60e000000)]
  0x000001ddda2d09b0 JavaThread "pool-1-thread-123" [_thread_blocked, id=47648, stack(0x000000b60e000000,0x000000b60e100000)]
  0x000001ddda2d2810 JavaThread "pool-1-thread-124" [_thread_blocked, id=47608, stack(0x000000b60e100000,0x000000b60e200000)]
  0x000001ddda2d13d0 JavaThread "pool-1-thread-125" [_thread_blocked, id=47688, stack(0x000000b60e200000,0x000000b60e300000)]
  0x000001ddda2d2d20 JavaThread "pool-1-thread-126" [_thread_blocked, id=47672, stack(0x000000b60e300000,0x000000b60e400000)]
  0x000001ddda2d3230 JavaThread "pool-1-thread-127" [_thread_blocked, id=47668, stack(0x000000b60e400000,0x000000b60e500000)]
  0x000001ddda2cfa80 JavaThread "pool-1-thread-128" [_thread_blocked, id=47660, stack(0x000000b60e500000,0x000000b60e600000)]
  0x000001ddda2d3740 JavaThread "pool-1-thread-129" [_thread_blocked, id=47684, stack(0x000000b60e600000,0x000000b60e700000)]
  0x000001ddda2d69e0 JavaThread "pool-1-thread-130" [_thread_blocked, id=47588, stack(0x000000b60e700000,0x000000b60e800000)]
  0x000001ddda2d3c50 JavaThread "pool-1-thread-131" [_thread_blocked, id=47584, stack(0x000000b60e800000,0x000000b60e900000)]
  0x000001ddda2d55a0 JavaThread "pool-1-thread-132" [_thread_blocked, id=47644, stack(0x000000b60e900000,0x000000b60ea00000)]
  0x000001ddda2d5ab0 JavaThread "pool-1-thread-133" [_thread_blocked, id=47640, stack(0x000000b60ea00000,0x000000b60eb00000)]
  0x000001ddda2d5fc0 JavaThread "pool-1-thread-134" [_thread_blocked, id=47636, stack(0x000000b60eb00000,0x000000b60ec00000)]
  0x000001ddda2d64d0 JavaThread "pool-1-thread-135" [_thread_blocked, id=47600, stack(0x000000b60ec00000,0x000000b60ed00000)]
  0x000001ddda2d4160 JavaThread "pool-1-thread-136" [_thread_blocked, id=40448, stack(0x000000b60ed00000,0x000000b60ee00000)]
  0x000001ddda2d4670 JavaThread "pool-1-thread-137" [_thread_blocked, id=16552, stack(0x000000b60ee00000,0x000000b60ef00000)]
  0x000001ddda2d4b80 JavaThread "pool-1-thread-138" [_thread_blocked, id=26836, stack(0x000000b60ef00000,0x000000b60f000000)]
  0x000001ddda2d5090 JavaThread "pool-1-thread-139" [_thread_blocked, id=26228, stack(0x000000b60f000000,0x000000b60f100000)]
  0x000001ddda3fbd40 JavaThread "pool-1-thread-140" [_thread_blocked, id=31064, stack(0x000000b60f100000,0x000000b60f200000)]
  0x000001ddda3fd180 JavaThread "pool-1-thread-141" [_thread_blocked, id=43372, stack(0x000000b60f200000,0x000000b60f300000)]
  0x000001ddda3fe0b0 JavaThread "pool-1-thread-142" [_thread_blocked, id=42040, stack(0x000000b60f300000,0x000000b60f400000)]
  0x000001ddda3fdba0 JavaThread "pool-1-thread-143" [_thread_blocked, id=29684, stack(0x000000b60f400000,0x000000b60f500000)]
  0x000001ddda3fe5c0 JavaThread "pool-1-thread-144" [_thread_blocked, id=36868, stack(0x000000b60f500000,0x000000b60f600000)]
  0x000001ddda3fead0 JavaThread "pool-1-thread-145" [_thread_blocked, id=43016, stack(0x000000b60f600000,0x000000b60f700000)]
  0x000001ddda3fefe0 JavaThread "pool-1-thread-146" [_thread_blocked, id=43388, stack(0x000000b60f700000,0x000000b60f800000)]
  0x000001ddda3fb830 JavaThread "pool-1-thread-147" [_thread_blocked, id=43380, stack(0x000000b60f800000,0x000000b60f900000)]
  0x000001ddda3ff4f0 JavaThread "pool-1-thread-148" [_thread_blocked, id=43384, stack(0x000000b60f900000,0x000000b60fa00000)]
  0x000001ddda3ffa00 JavaThread "pool-1-thread-149" [_thread_blocked, id=41704, stack(0x000000b60fa00000,0x000000b60fb00000)]
  0x000001ddda3fc250 JavaThread "pool-1-thread-150" [_thread_blocked, id=43368, stack(0x000000b60fb00000,0x000000b60fc00000)]
  0x000001ddda3fff10 JavaThread "pool-1-thread-151" [_thread_blocked, id=43364, stack(0x000000b60fc00000,0x000000b60fd00000)]
  0x000001ddda3fc760 JavaThread "pool-1-thread-152" [_thread_blocked, id=41748, stack(0x000000b60fd00000,0x000000b60fe00000)]
  0x000001ddda400420 JavaThread "pool-1-thread-153" [_thread_blocked, id=41696, stack(0x000000b60fe00000,0x000000b60ff00000)]
  0x000001ddda3fd690 JavaThread "pool-1-thread-154" [_thread_blocked, id=43004, stack(0x000000b60ff00000,0x000000b610000000)]
  0x000001ddda3fcc70 JavaThread "pool-1-thread-155" [_thread_blocked, id=7516, stack(0x000000b610000000,0x000000b610100000)]
  0x000001ddda402ca0 JavaThread "pool-1-thread-156" [_thread_blocked, id=40280, stack(0x000000b610100000,0x000000b610200000)]
  0x000001ddda400930 JavaThread "pool-1-thread-157" [_thread_blocked, id=2636, stack(0x000000b610200000,0x000000b610300000)]
  0x000001ddda401860 JavaThread "pool-1-thread-158" [_thread_blocked, id=29328, stack(0x000000b610300000,0x000000b610400000)]
  0x000001ddda4031b0 JavaThread "pool-1-thread-159" [_thread_blocked, id=44988, stack(0x000000b610400000,0x000000b610500000)]
  0x000001ddda400e40 JavaThread "pool-1-thread-160" [_thread_blocked, id=44992, stack(0x000000b610500000,0x000000b610600000)]
  0x000001ddda401350 JavaThread "pool-1-thread-161" [_thread_blocked, id=44996, stack(0x000000b610600000,0x000000b610700000)]
  0x000001ddda401d70 JavaThread "pool-1-thread-162" [_thread_blocked, id=40464, stack(0x000000b610700000,0x000000b610800000)]
  0x000001ddda402280 JavaThread "pool-1-thread-163" [_thread_blocked, id=45000, stack(0x000000b610800000,0x000000b610900000)]
  0x000001ddda402790 JavaThread "pool-1-thread-164" [_thread_blocked, id=41716, stack(0x000000b610900000,0x000000b610a00000)]
  0x000001ddda22dd60 JavaThread "pool-1-thread-165" [_thread_blocked, id=45016, stack(0x000000b610a00000,0x000000b610b00000)]
  0x000001ddda22aac0 JavaThread "pool-1-thread-166" [_thread_blocked, id=45008, stack(0x000000b610b00000,0x000000b610c00000)]
  0x000001ddda22c920 JavaThread "pool-1-thread-167" [_thread_blocked, id=45012, stack(0x000000b610c00000,0x000000b610d00000)]
  0x000001ddda22c410 JavaThread "pool-1-thread-168" [_thread_blocked, id=45024, stack(0x000000b610d00000,0x000000b610e00000)]
  0x000001ddda22b9f0 JavaThread "pool-1-thread-169" [_thread_blocked, id=45020, stack(0x000000b610e00000,0x000000b610f00000)]
  0x000001ddda22ce30 JavaThread "pool-1-thread-170" [_thread_blocked, id=41708, stack(0x000000b610f00000,0x000000b611000000)]
  0x000001ddda22d340 JavaThread "pool-1-thread-171" [_thread_blocked, id=26104, stack(0x000000b611000000,0x000000b611100000)]
  0x000001ddda22d850 JavaThread "pool-1-thread-172" [_thread_blocked, id=42984, stack(0x000000b611100000,0x000000b611200000)]
  0x000001ddda22a5b0 JavaThread "pool-1-thread-173" [_thread_blocked, id=42980, stack(0x000000b611200000,0x000000b611300000)]
  0x000001ddda22e270 JavaThread "pool-1-thread-174" [_thread_blocked, id=45032, stack(0x000000b611300000,0x000000b611400000)]
  0x000001ddda22e780 JavaThread "pool-1-thread-175" [_thread_blocked, id=36880, stack(0x000000b611400000,0x000000b611500000)]
  0x000001ddda22bf00 JavaThread "pool-1-thread-176" [_thread_blocked, id=42924, stack(0x000000b611500000,0x000000b611600000)]
  0x000001ddda22afd0 JavaThread "pool-1-thread-177" [_thread_blocked, id=10388, stack(0x000000b611600000,0x000000b611700000)]
  0x000001ddda22ec90 JavaThread "pool-1-thread-178" [_thread_blocked, id=42964, stack(0x000000b611700000,0x000000b611800000)]
  0x000001ddda22b4e0 JavaThread "pool-1-thread-179" [_thread_blocked, id=34300, stack(0x000000b611800000,0x000000b611900000)]
  0x000001ddda231000 JavaThread "pool-1-thread-180" [_thread_blocked, id=36844, stack(0x000000b611900000,0x000000b611a00000)]
  0x000001ddda231f30 JavaThread "pool-1-thread-181" [_thread_blocked, id=15768, stack(0x000000b611a00000,0x000000b611b00000)]
  0x000001ddda22fbc0 JavaThread "pool-1-thread-182" [_thread_blocked, id=42968, stack(0x000000b611b00000,0x000000b611c00000)]
  0x000001ddda2305e0 JavaThread "pool-1-thread-183" [_thread_blocked, id=45044, stack(0x000000b611c00000,0x000000b611d00000)]
  0x000001ddda2300d0 JavaThread "pool-1-thread-184" [_thread_blocked, id=45040, stack(0x000000b611d00000,0x000000b611e00000)]
  0x000001ddda22f1a0 JavaThread "pool-1-thread-185" [_thread_blocked, id=42936, stack(0x000000b611e00000,0x000000b611f00000)]
  0x000001ddda230af0 JavaThread "pool-1-thread-186" [_thread_blocked, id=42920, stack(0x000000b611f00000,0x000000b612000000)]
  0x000001ddda231510 JavaThread "pool-1-thread-187" [_thread_blocked, id=42928, stack(0x000000b612000000,0x000000b612100000)]
  0x000001ddda231a20 JavaThread "pool-1-thread-188" [_thread_blocked, id=45168, stack(0x000000b612100000,0x000000b612200000)]
  0x000001ddda22f6b0 JavaThread "pool-1-thread-189" [_thread_blocked, id=45164, stack(0x000000b612200000,0x000000b612300000)]
  0x000001ddda49a2d0 JavaThread "pool-1-thread-190" [_thread_blocked, id=42932, stack(0x000000b612300000,0x000000b612400000)]
  0x000001ddda49a7e0 JavaThread "pool-1-thread-191" [_thread_blocked, id=38156, stack(0x000000b612400000,0x000000b612500000)]
  0x000001ddda4998b0 JavaThread "pool-1-thread-192" [_thread_blocked, id=36840, stack(0x000000b612500000,0x000000b612600000)]
  0x000001ddda49bc20 JavaThread "pool-1-thread-193" [_thread_blocked, id=41412, stack(0x000000b612600000,0x000000b612700000)]
  0x000001ddda49d060 JavaThread "pool-1-thread-194" [_thread_blocked, id=47880, stack(0x000000b612700000,0x000000b612800000)]
  0x000001ddda49c130 JavaThread "pool-1-thread-195" [_thread_blocked, id=47872, stack(0x000000b612800000,0x000000b612900000)]
  0x000001ddda49d570 JavaThread "pool-1-thread-196" [_thread_blocked, id=47884, stack(0x000000b612900000,0x000000b612a00000)]
  0x000001ddda499dc0 JavaThread "pool-1-thread-197" [_thread_blocked, id=47936, stack(0x000000b612a00000,0x000000b612b00000)]
  0x000001ddda49e4a0 JavaThread "pool-1-thread-198" [_thread_blocked, id=47868, stack(0x000000b612b00000,0x000000b612c00000)]
  0x000001ddda49acf0 JavaThread "pool-1-thread-199" [_thread_blocked, id=47864, stack(0x000000b612c00000,0x000000b612d00000)]
  0x000001ddda49e9b0 JavaThread "pool-1-thread-200" [_thread_blocked, id=47860, stack(0x000000b612d00000,0x000000b612e00000)]
  0x000001ddda49c640 JavaThread "AWT-Shutdown" [_thread_blocked, id=48036, stack(0x000000b606400000,0x000000b606500000)]

Other Threads:
=>0x000001dd845c5670 VMThread "VM Thread" [stack: 0x000000b604100000,0x000000b604200000] [id=46732]
  0x000001dde873dd90 GCTaskThread "GC Thread#0" [stack: 0x000000b603c00000,0x000000b603d00000] [id=46776]
  0x000001ddcc032240 GCTaskThread "GC Thread#1" [stack: 0x000000b605900000,0x000000b605a00000] [id=47004]
  0x000001ddcc032500 GCTaskThread "GC Thread#2" [stack: 0x000000b605a00000,0x000000b605b00000] [id=47000]
  0x000001ddcc0327c0 GCTaskThread "GC Thread#3" [stack: 0x000000b605b00000,0x000000b605c00000] [id=47012]
  0x000001ddcc032a80 GCTaskThread "GC Thread#4" [stack: 0x000000b605c00000,0x000000b605d00000] [id=47020]
  0x000001ddcc033150 GCTaskThread "GC Thread#5" [stack: 0x000000b605d00000,0x000000b605e00000] [id=46920]
  0x000001ddcc06baf0 GCTaskThread "GC Thread#6" [stack: 0x000000b605e00000,0x000000b605f00000] [id=46928]
  0x000001ddcc06bdb0 GCTaskThread "GC Thread#7" [stack: 0x000000b605f00000,0x000000b606000000] [id=46924]
  0x000001dde8746bf0 ConcurrentGCThread "G1 Main Marker" terminated
  0x000001dde8747520 ConcurrentGCThread "G1 Conc#0" [stack: 0x000000b603e00000,0x000000b603f00000] [id=46716]
  0x000001ddda250780 ConcurrentGCThread "G1 Conc#1" [stack: 0x000000b612e00000,0x000000b612f00000] [id=47888]
  0x000001dd84487da0 ConcurrentGCThread "G1 Refine#0" terminated
  0x000001dd84488480 ConcurrentGCThread "G1 Service" terminated

Threads with active compile tasks:

VM state: at safepoint (shutting down)

VM Mutex/Monitor currently owned by a thread:  ([mutex/lock_event])
[0x000001dde644d080] Threads_lock - owner thread: 0x000001dd845c5670
[0x000001dde644dfb0] Heap_lock - owner thread: 0x000001ddca2fb040

Heap address: 0x00000000c0000000, size: 1024 MB, Compressed Oops mode: 32-bit

CDS archive(s) mapped at: [0x000001dd85000000-0x000001dd85bb0000-0x000001dd85bb0000), size 12255232, SharedBaseAddress: 0x000001dd85000000, ArchiveRelocationMode: 1.
Compressed class space mapped at: 0x000001dd86000000-0x000001ddc6000000, reserved size: 1073741824
Narrow klass base: 0x000001dd85000000, Narrow klass shift: 0, Narrow klass range: 0x100000000

GC Precious Log:
 CPUs: 8 total, 8 available
 Memory: 7975M
 Large Page Support: Disabled
 NUMA Support: Disabled
 Compressed Oops: Enabled (32-bit)
 Heap Region Size: 1M
 Heap Min Capacity: 64M
 Heap Initial Capacity: 64M
 Heap Max Capacity: 1G
 Pre-touch: Disabled
 Parallel Workers: 8
 Concurrent Workers: 2
 Concurrent Refinement Workers: 8
 Periodic GC: Disabled

Heap:
 garbage-first heap   total 265216K, used 162026K [0x00000000c0000000, 0x0000000100000000)
  region size 1024K, 10 young (10240K), 2 survivors (2048K)
 Metaspace       used 12858K, committed 13056K, reserved 1114112K
  class space    used 918K, committed 1024K, reserved 1048576K

Heap Regions: E=young(eden), S=young(survivor), O=old, HS=humongous(starts), HC=humongous(continues), CS=collection set, F=free, OA=open archive, CA=closed archive, TAMS=top-at-mark-start (previous, next)
|   0|0x00000000c0000000, 0x00000000c0100000, 0x00000000c0100000|100%| O|  |TAMS 0x00000000c0100000, 0x00000000c0000000| Untracked 
|   1|0x00000000c0100000, 0x00000000c0200000, 0x00000000c0200000|100%| O|  |TAMS 0x00000000c0200000, 0x00000000c0100000| Untracked 
|   2|0x00000000c0200000, 0x00000000c0300000, 0x00000000c0300000|100%| O|  |TAMS 0x00000000c0300000, 0x00000000c0200000| Untracked 
|   3|0x00000000c0300000, 0x00000000c0400000, 0x00000000c0400000|100%| O|  |TAMS 0x00000000c0400000, 0x00000000c0300000| Untracked 
|   4|0x00000000c0400000, 0x00000000c0500000, 0x00000000c0500000|100%| O|  |TAMS 0x00000000c0500000, 0x00000000c0400000| Untracked 
|   5|0x00000000c0500000, 0x00000000c0600000, 0x00000000c0600000|100%| O|  |TAMS 0x00000000c0600000, 0x00000000c0500000| Untracked 
|   6|0x00000000c0600000, 0x00000000c0700000, 0x00000000c0700000|100%| O|  |TAMS 0x00000000c0700000, 0x00000000c0600000| Untracked 
|   7|0x00000000c0700000, 0x00000000c0800000, 0x00000000c0800000|100%| O|  |TAMS 0x00000000c0800000, 0x00000000c0700000| Untracked 
|   8|0x00000000c0800000, 0x00000000c0900000, 0x00000000c0900000|100%| O|  |TAMS 0x00000000c0900000, 0x00000000c0800000| Untracked 
|   9|0x00000000c0900000, 0x00000000c0a00000, 0x00000000c0a00000|100%| O|  |TAMS 0x00000000c0a00000, 0x00000000c0900000| Untracked 
|  10|0x00000000c0a00000, 0x00000000c0a00000, 0x00000000c0b00000|  0%| F|  |TAMS 0x00000000c0a00000, 0x00000000c0a00000| Untracked 
|  11|0x00000000c0b00000, 0x00000000c0c00000, 0x00000000c0c00000|100%| O|  |TAMS 0x00000000c0b16600, 0x00000000c0b00000| Untracked 
|  12|0x00000000c0c00000, 0x00000000c0d00000, 0x00000000c0d00000|100%| O|  |TAMS 0x00000000c0d00000, 0x00000000c0c00000| Untracked 
|  13|0x00000000c0d00000, 0x00000000c0e00000, 0x00000000c0e00000|100%| O|  |TAMS 0x00000000c0e00000, 0x00000000c0d00000| Untracked 
|  14|0x00000000c0e00000, 0x00000000c0f00000, 0x00000000c0f00000|100%| O|  |TAMS 0x00000000c0e00000, 0x00000000c0e00000| Untracked 
|  15|0x00000000c0f00000, 0x00000000c1000000, 0x00000000c1000000|100%|HS|  |TAMS 0x00000000c1000000, 0x00000000c0f00000| Complete 
|  16|0x00000000c1000000, 0x00000000c1100000, 0x00000000c1100000|100%|HS|  |TAMS 0x00000000c1100000, 0x00000000c1000000| Complete 
|  17|0x00000000c1100000, 0x00000000c1200000, 0x00000000c1200000|100%|HS|  |TAMS 0x00000000c1200000, 0x00000000c1100000| Complete 
|  18|0x00000000c1200000, 0x00000000c1300000, 0x00000000c1300000|100%|HS|  |TAMS 0x00000000c1300000, 0x00000000c1200000| Complete 
|  19|0x00000000c1300000, 0x00000000c1400000, 0x00000000c1400000|100%|HC|  |TAMS 0x00000000c1400000, 0x00000000c1300000| Complete 
|  20|0x00000000c1400000, 0x00000000c1500000, 0x00000000c1500000|100%|HC|  |TAMS 0x00000000c1500000, 0x00000000c1400000| Complete 
|  21|0x00000000c1500000, 0x00000000c1600000, 0x00000000c1600000|100%|HC|  |TAMS 0x00000000c1600000, 0x00000000c1500000| Complete 
|  22|0x00000000c1600000, 0x00000000c1700000, 0x00000000c1700000|100%|HC|  |TAMS 0x00000000c1700000, 0x00000000c1600000| Complete 
|  23|0x00000000c1700000, 0x00000000c1800000, 0x00000000c1800000|100%|HC|  |TAMS 0x00000000c1800000, 0x00000000c1700000| Complete 
|  24|0x00000000c1800000, 0x00000000c1900000, 0x00000000c1900000|100%|HC|  |TAMS 0x00000000c1900000, 0x00000000c1800000| Complete 
|  25|0x00000000c1900000, 0x00000000c1a00000, 0x00000000c1a00000|100%|HC|  |TAMS 0x00000000c1a00000, 0x00000000c1900000| Complete 
|  26|0x00000000c1a00000, 0x00000000c1b00000, 0x00000000c1b00000|100%|HC|  |TAMS 0x00000000c1b00000, 0x00000000c1a00000| Complete 
|  27|0x00000000c1b00000, 0x00000000c1c00000, 0x00000000c1c00000|100%|HC|  |TAMS 0x00000000c1c00000, 0x00000000c1b00000| Complete 
|  28|0x00000000c1c00000, 0x00000000c1d00000, 0x00000000c1d00000|100%|HC|  |TAMS 0x00000000c1d00000, 0x00000000c1c00000| Complete 
|  29|0x00000000c1d00000, 0x00000000c1e00000, 0x00000000c1e00000|100%|HC|  |TAMS 0x00000000c1e00000, 0x00000000c1d00000| Complete 
|  30|0x00000000c1e00000, 0x00000000c1f00000, 0x00000000c1f00000|100%|HC|  |TAMS 0x00000000c1f00000, 0x00000000c1e00000| Complete 
|  31|0x00000000c1f00000, 0x00000000c2000000, 0x00000000c2000000|100%|HC|  |TAMS 0x00000000c2000000, 0x00000000c1f00000| Complete 
|  32|0x00000000c2000000, 0x00000000c2100000, 0x00000000c2100000|100%|HC|  |TAMS 0x00000000c2100000, 0x00000000c2000000| Complete 
|  33|0x00000000c2100000, 0x00000000c2200000, 0x00000000c2200000|100%|HC|  |TAMS 0x00000000c2200000, 0x00000000c2100000| Complete 
|  34|0x00000000c2200000, 0x00000000c2300000, 0x00000000c2300000|100%|HC|  |TAMS 0x00000000c2300000, 0x00000000c2200000| Complete 
|  35|0x00000000c2300000, 0x00000000c2400000, 0x00000000c2400000|100%|HC|  |TAMS 0x00000000c2400000, 0x00000000c2300000| Complete 
|  36|0x00000000c2400000, 0x00000000c2500000, 0x00000000c2500000|100%|HC|  |TAMS 0x00000000c2500000, 0x00000000c2400000| Complete 
|  37|0x00000000c2500000, 0x00000000c2600000, 0x00000000c2600000|100%|HC|  |TAMS 0x00000000c2600000, 0x00000000c2500000| Complete 
|  38|0x00000000c2600000, 0x00000000c2700000, 0x00000000c2700000|100%|HC|  |TAMS 0x00000000c2700000, 0x00000000c2600000| Complete 
|  39|0x00000000c2700000, 0x00000000c2800000, 0x00000000c2800000|100%|HC|  |TAMS 0x00000000c2800000, 0x00000000c2700000| Complete 
|  40|0x00000000c2800000, 0x00000000c2900000, 0x00000000c2900000|100%|HC|  |TAMS 0x00000000c2900000, 0x00000000c2800000| Complete 
|  41|0x00000000c2900000, 0x00000000c2a00000, 0x00000000c2a00000|100%|HC|  |TAMS 0x00000000c2a00000, 0x00000000c2900000| Complete 
|  42|0x00000000c2a00000, 0x00000000c2b00000, 0x00000000c2b00000|100%|HC|  |TAMS 0x00000000c2b00000, 0x00000000c2a00000| Complete 
|  43|0x00000000c2b00000, 0x00000000c2c00000, 0x00000000c2c00000|100%|HC|  |TAMS 0x00000000c2c00000, 0x00000000c2b00000| Complete 
|  44|0x00000000c2c00000, 0x00000000c2d00000, 0x00000000c2d00000|100%|HC|  |TAMS 0x00000000c2d00000, 0x00000000c2c00000| Complete 
|  45|0x00000000c2d00000, 0x00000000c2e00000, 0x00000000c2e00000|100%|HC|  |TAMS 0x00000000c2e00000, 0x00000000c2d00000| Complete 
|  46|0x00000000c2e00000, 0x00000000c2f00000, 0x00000000c2f00000|100%|HC|  |TAMS 0x00000000c2f00000, 0x00000000c2e00000| Complete 
|  47|0x00000000c2f00000, 0x00000000c3000000, 0x00000000c3000000|100%|HC|  |TAMS 0x00000000c3000000, 0x00000000c2f00000| Complete 
|  48|0x00000000c3000000, 0x00000000c3100000, 0x00000000c3100000|100%|HC|  |TAMS 0x00000000c3100000, 0x00000000c3000000| Complete 
|  49|0x00000000c3100000, 0x00000000c3200000, 0x00000000c3200000|100%|HC|  |TAMS 0x00000000c3200000, 0x00000000c3100000| Complete 
|  50|0x00000000c3200000, 0x00000000c3300000, 0x00000000c3300000|100%|HC|  |TAMS 0x00000000c3300000, 0x00000000c3200000| Complete 
|  51|0x00000000c3300000, 0x00000000c3400000, 0x00000000c3400000|100%| O|  |TAMS 0x00000000c3300000, 0x00000000c3300000| Untracked 
|  52|0x00000000c3400000, 0x00000000c3500000, 0x00000000c3500000|100%| O|  |TAMS 0x00000000c3500000, 0x00000000c3400000| Untracked 
|  53|0x00000000c3500000, 0x00000000c3600000, 0x00000000c3600000|100%| O|  |TAMS 0x00000000c3600000, 0x00000000c3500000| Untracked 
|  54|0x00000000c3600000, 0x00000000c363a800, 0x00000000c3700000| 22%| O|  |TAMS 0x00000000c3600000, 0x00000000c3600000| Untracked 
|  55|0x00000000c3700000, 0x00000000c3700000, 0x00000000c3800000|  0%| F|  |TAMS 0x00000000c3700000, 0x00000000c3700000| Untracked 
|  56|0x00000000c3800000, 0x00000000c3900000, 0x00000000c3900000|100%| O|  |TAMS 0x00000000c3900000, 0x00000000c3800000| Untracked 
|  57|0x00000000c3900000, 0x00000000c3900000, 0x00000000c3a00000|  0%| F|  |TAMS 0x00000000c3900000, 0x00000000c3900000| Untracked 
|  58|0x00000000c3a00000, 0x00000000c3a00000, 0x00000000c3b00000|  0%| F|  |TAMS 0x00000000c3a00000, 0x00000000c3a00000| Untracked 
|  59|0x00000000c3b00000, 0x00000000c3b00000, 0x00000000c3c00000|  0%| F|  |TAMS 0x00000000c3b00000, 0x00000000c3b00000| Untracked 
|  60|0x00000000c3c00000, 0x00000000c3c00000, 0x00000000c3d00000|  0%| F|  |TAMS 0x00000000c3c00000, 0x00000000c3c00000| Untracked 
|  61|0x00000000c3d00000, 0x00000000c3d00000, 0x00000000c3e00000|  0%| F|  |TAMS 0x00000000c3d00000, 0x00000000c3d00000| Untracked 
|  62|0x00000000c3e00000, 0x00000000c3e00000, 0x00000000c3f00000|  0%| F|  |TAMS 0x00000000c3e00000, 0x00000000c3e00000| Untracked 
|  63|0x00000000c3f00000, 0x00000000c4000000, 0x00000000c4000000|100%|HS|  |TAMS 0x00000000c4000000, 0x00000000c3f00000| Complete 
|  64|0x00000000c4000000, 0x00000000c4100000, 0x00000000c4100000|100%|HC|  |TAMS 0x00000000c4100000, 0x00000000c4000000| Complete 
|  65|0x00000000c4100000, 0x00000000c4200000, 0x00000000c4200000|100%|HC|  |TAMS 0x00000000c4200000, 0x00000000c4100000| Complete 
|  66|0x00000000c4200000, 0x00000000c4300000, 0x00000000c4300000|100%|HC|  |TAMS 0x00000000c4300000, 0x00000000c4200000| Complete 
|  67|0x00000000c4300000, 0x00000000c4400000, 0x00000000c4400000|100%|HC|  |TAMS 0x00000000c4400000, 0x00000000c4300000| Complete 
|  68|0x00000000c4400000, 0x00000000c4500000, 0x00000000c4500000|100%|HC|  |TAMS 0x00000000c4500000, 0x00000000c4400000| Complete 
|  69|0x00000000c4500000, 0x00000000c4600000, 0x00000000c4600000|100%|HC|  |TAMS 0x00000000c4600000, 0x00000000c4500000| Complete 
|  70|0x00000000c4600000, 0x00000000c4700000, 0x00000000c4700000|100%|HC|  |TAMS 0x00000000c4700000, 0x00000000c4600000| Complete 
|  71|0x00000000c4700000, 0x00000000c4800000, 0x00000000c4800000|100%|HC|  |TAMS 0x00000000c4800000, 0x00000000c4700000| Complete 
|  72|0x00000000c4800000, 0x00000000c4900000, 0x00000000c4900000|100%|HS|  |TAMS 0x00000000c4900000, 0x00000000c4800000| Complete 
|  73|0x00000000c4900000, 0x00000000c4a00000, 0x00000000c4a00000|100%|HC|  |TAMS 0x00000000c4a00000, 0x00000000c4900000| Complete 
|  74|0x00000000c4a00000, 0x00000000c4b00000, 0x00000000c4b00000|100%|HC|  |TAMS 0x00000000c4b00000, 0x00000000c4a00000| Complete 
|  75|0x00000000c4b00000, 0x00000000c4c00000, 0x00000000c4c00000|100%|HC|  |TAMS 0x00000000c4c00000, 0x00000000c4b00000| Complete 
|  76|0x00000000c4c00000, 0x00000000c4d00000, 0x00000000c4d00000|100%|HC|  |TAMS 0x00000000c4d00000, 0x00000000c4c00000| Complete 
|  77|0x00000000c4d00000, 0x00000000c4e00000, 0x00000000c4e00000|100%|HC|  |TAMS 0x00000000c4e00000, 0x00000000c4d00000| Complete 
|  78|0x00000000c4e00000, 0x00000000c4f00000, 0x00000000c4f00000|100%|HC|  |TAMS 0x00000000c4f00000, 0x00000000c4e00000| Complete 
|  79|0x00000000c4f00000, 0x00000000c5000000, 0x00000000c5000000|100%|HC|  |TAMS 0x00000000c5000000, 0x00000000c4f00000| Complete 
|  80|0x00000000c5000000, 0x00000000c5100000, 0x00000000c5100000|100%|HC|  |TAMS 0x00000000c5100000, 0x00000000c5000000| Complete 
|  81|0x00000000c5100000, 0x00000000c5200000, 0x00000000c5200000|100%|HC|  |TAMS 0x00000000c5200000, 0x00000000c5100000| Complete 
|  82|0x00000000c5200000, 0x00000000c5300000, 0x00000000c5300000|100%|HC|  |TAMS 0x00000000c5300000, 0x00000000c5200000| Complete 
|  83|0x00000000c5300000, 0x00000000c5400000, 0x00000000c5400000|100%|HC|  |TAMS 0x00000000c5400000, 0x00000000c5300000| Complete 
|  84|0x00000000c5400000, 0x00000000c5500000, 0x00000000c5500000|100%|HC|  |TAMS 0x00000000c5500000, 0x00000000c5400000| Complete 
|  85|0x00000000c5500000, 0x00000000c5600000, 0x00000000c5600000|100%|HC|  |TAMS 0x00000000c5600000, 0x00000000c5500000| Complete 
|  86|0x00000000c5600000, 0x00000000c5700000, 0x00000000c5700000|100%|HC|  |TAMS 0x00000000c5700000, 0x00000000c5600000| Complete 
|  87|0x00000000c5700000, 0x00000000c5800000, 0x00000000c5800000|100%|HC|  |TAMS 0x00000000c5800000, 0x00000000c5700000| Complete 
|  88|0x00000000c5800000, 0x00000000c5900000, 0x00000000c5900000|100%|HC|  |TAMS 0x00000000c5900000, 0x00000000c5800000| Complete 
|  89|0x00000000c5900000, 0x00000000c5a00000, 0x00000000c5a00000|100%|HC|  |TAMS 0x00000000c5a00000, 0x00000000c5900000| Complete 
|  90|0x00000000c5a00000, 0x00000000c5b00000, 0x00000000c5b00000|100%|HC|  |TAMS 0x00000000c5b00000, 0x00000000c5a00000| Complete 
|  91|0x00000000c5b00000, 0x00000000c5c00000, 0x00000000c5c00000|100%|HC|  |TAMS 0x00000000c5c00000, 0x00000000c5b00000| Complete 
|  92|0x00000000c5c00000, 0x00000000c5d00000, 0x00000000c5d00000|100%|HC|  |TAMS 0x00000000c5d00000, 0x00000000c5c00000| Complete 
|  93|0x00000000c5d00000, 0x00000000c5e00000, 0x00000000c5e00000|100%|HC|  |TAMS 0x00000000c5e00000, 0x00000000c5d00000| Complete 
|  94|0x00000000c5e00000, 0x00000000c5f00000, 0x00000000c5f00000|100%|HC|  |TAMS 0x00000000c5f00000, 0x00000000c5e00000| Complete 
|  95|0x00000000c5f00000, 0x00000000c6000000, 0x00000000c6000000|100%|HC|  |TAMS 0x00000000c6000000, 0x00000000c5f00000| Complete 
|  96|0x00000000c6000000, 0x00000000c6100000, 0x00000000c6100000|100%|HC|  |TAMS 0x00000000c6100000, 0x00000000c6000000| Complete 
|  97|0x00000000c6100000, 0x00000000c6200000, 0x00000000c6200000|100%|HS|  |TAMS 0x00000000c6200000, 0x00000000c6100000| Complete 
|  98|0x00000000c6200000, 0x00000000c6300000, 0x00000000c6300000|100%|HC|  |TAMS 0x00000000c6300000, 0x00000000c6200000| Complete 
|  99|0x00000000c6300000, 0x00000000c6400000, 0x00000000c6400000|100%|HC|  |TAMS 0x00000000c6400000, 0x00000000c6300000| Complete 
| 100|0x00000000c6400000, 0x00000000c6500000, 0x00000000c6500000|100%|HC|  |TAMS 0x00000000c6500000, 0x00000000c6400000| Complete 
| 101|0x00000000c6500000, 0x00000000c6600000, 0x00000000c6600000|100%|HC|  |TAMS 0x00000000c6600000, 0x00000000c6500000| Complete 
| 102|0x00000000c6600000, 0x00000000c6700000, 0x00000000c6700000|100%|HC|  |TAMS 0x00000000c6700000, 0x00000000c6600000| Complete 
| 103|0x00000000c6700000, 0x00000000c6800000, 0x00000000c6800000|100%|HC|  |TAMS 0x00000000c6800000, 0x00000000c6700000| Complete 
| 104|0x00000000c6800000, 0x00000000c6900000, 0x00000000c6900000|100%|HC|  |TAMS 0x00000000c6900000, 0x00000000c6800000| Complete 
| 105|0x00000000c6900000, 0x00000000c6a00000, 0x00000000c6a00000|100%|HC|  |TAMS 0x00000000c6a00000, 0x00000000c6900000| Complete 
| 106|0x00000000c6a00000, 0x00000000c6b00000, 0x00000000c6b00000|100%|HC|  |TAMS 0x00000000c6b00000, 0x00000000c6a00000| Complete 
| 107|0x00000000c6b00000, 0x00000000c6c00000, 0x00000000c6c00000|100%|HC|  |TAMS 0x00000000c6c00000, 0x00000000c6b00000| Complete 
| 108|0x00000000c6c00000, 0x00000000c6d00000, 0x00000000c6d00000|100%|HC|  |TAMS 0x00000000c6d00000, 0x00000000c6c00000| Complete 
| 109|0x00000000c6d00000, 0x00000000c6e00000, 0x00000000c6e00000|100%|HC|  |TAMS 0x00000000c6e00000, 0x00000000c6d00000| Complete 
| 110|0x00000000c6e00000, 0x00000000c6f00000, 0x00000000c6f00000|100%|HC|  |TAMS 0x00000000c6f00000, 0x00000000c6e00000| Complete 
| 111|0x00000000c6f00000, 0x00000000c7000000, 0x00000000c7000000|100%|HC|  |TAMS 0x00000000c7000000, 0x00000000c6f00000| Complete 
| 112|0x00000000c7000000, 0x00000000c7100000, 0x00000000c7100000|100%|HC|  |TAMS 0x00000000c7100000, 0x00000000c7000000| Complete 
| 113|0x00000000c7100000, 0x00000000c7200000, 0x00000000c7200000|100%|HC|  |TAMS 0x00000000c7200000, 0x00000000c7100000| Complete 
| 114|0x00000000c7200000, 0x00000000c7300000, 0x00000000c7300000|100%|HS|  |TAMS 0x00000000c7300000, 0x00000000c7200000| Complete 
| 115|0x00000000c7300000, 0x00000000c7400000, 0x00000000c7400000|100%|HC|  |TAMS 0x00000000c7400000, 0x00000000c7300000| Complete 
| 116|0x00000000c7400000, 0x00000000c7500000, 0x00000000c7500000|100%|HC|  |TAMS 0x00000000c7500000, 0x00000000c7400000| Complete 
| 117|0x00000000c7500000, 0x00000000c7600000, 0x00000000c7600000|100%|HC|  |TAMS 0x00000000c7600000, 0x00000000c7500000| Complete 
| 118|0x00000000c7600000, 0x00000000c7700000, 0x00000000c7700000|100%|HC|  |TAMS 0x00000000c7700000, 0x00000000c7600000| Complete 
| 119|0x00000000c7700000, 0x00000000c7800000, 0x00000000c7800000|100%|HC|  |TAMS 0x00000000c7800000, 0x00000000c7700000| Complete 
| 120|0x00000000c7800000, 0x00000000c7900000, 0x00000000c7900000|100%|HC|  |TAMS 0x00000000c7900000, 0x00000000c7800000| Complete 
| 121|0x00000000c7900000, 0x00000000c7a00000, 0x00000000c7a00000|100%|HC|  |TAMS 0x00000000c7a00000, 0x00000000c7900000| Complete 
| 122|0x00000000c7a00000, 0x00000000c7b00000, 0x00000000c7b00000|100%|HC|  |TAMS 0x00000000c7b00000, 0x00000000c7a00000| Complete 
| 123|0x00000000c7b00000, 0x00000000c7c00000, 0x00000000c7c00000|100%|HS|  |TAMS 0x00000000c7c00000, 0x00000000c7b00000| Complete 
| 124|0x00000000c7c00000, 0x00000000c7d00000, 0x00000000c7d00000|100%|HC|  |TAMS 0x00000000c7d00000, 0x00000000c7c00000| Complete 
| 125|0x00000000c7d00000, 0x00000000c7e00000, 0x00000000c7e00000|100%|HC|  |TAMS 0x00000000c7e00000, 0x00000000c7d00000| Complete 
| 126|0x00000000c7e00000, 0x00000000c7f00000, 0x00000000c7f00000|100%|HC|  |TAMS 0x00000000c7f00000, 0x00000000c7e00000| Complete 
| 127|0x00000000c7f00000, 0x00000000c8000000, 0x00000000c8000000|100%|HC|  |TAMS 0x00000000c8000000, 0x00000000c7f00000| Complete 
| 128|0x00000000c8000000, 0x00000000c8100000, 0x00000000c8100000|100%|HC|  |TAMS 0x00000000c8100000, 0x00000000c8000000| Complete 
| 129|0x00000000c8100000, 0x00000000c8200000, 0x00000000c8200000|100%|HC|  |TAMS 0x00000000c8200000, 0x00000000c8100000| Complete 
| 130|0x00000000c8200000, 0x00000000c8300000, 0x00000000c8300000|100%|HC|  |TAMS 0x00000000c8300000, 0x00000000c8200000| Complete 
| 131|0x00000000c8300000, 0x00000000c8400000, 0x00000000c8400000|100%|HC|  |TAMS 0x00000000c8400000, 0x00000000c8300000| Complete 
| 132|0x00000000c8400000, 0x00000000c8500000, 0x00000000c8500000|100%|HS|  |TAMS 0x00000000c8500000, 0x00000000c8400000| Complete 
| 133|0x00000000c8500000, 0x00000000c8600000, 0x00000000c8600000|100%|HC|  |TAMS 0x00000000c8600000, 0x00000000c8500000| Complete 
| 134|0x00000000c8600000, 0x00000000c8700000, 0x00000000c8700000|100%|HC|  |TAMS 0x00000000c8700000, 0x00000000c8600000| Complete 
| 135|0x00000000c8700000, 0x00000000c8800000, 0x00000000c8800000|100%|HC|  |TAMS 0x00000000c8800000, 0x00000000c8700000| Complete 
| 136|0x00000000c8800000, 0x00000000c8900000, 0x00000000c8900000|100%|HC|  |TAMS 0x00000000c8900000, 0x00000000c8800000| Complete 
| 137|0x00000000c8900000, 0x00000000c8a00000, 0x00000000c8a00000|100%|HC|  |TAMS 0x00000000c8a00000, 0x00000000c8900000| Complete 
| 138|0x00000000c8a00000, 0x00000000c8b00000, 0x00000000c8b00000|100%|HC|  |TAMS 0x00000000c8b00000, 0x00000000c8a00000| Complete 
| 139|0x00000000c8b00000, 0x00000000c8c00000, 0x00000000c8c00000|100%|HC|  |TAMS 0x00000000c8c00000, 0x00000000c8b00000| Complete 
| 140|0x00000000c8c00000, 0x00000000c8d00000, 0x00000000c8d00000|100%|HC|  |TAMS 0x00000000c8d00000, 0x00000000c8c00000| Complete 
| 141|0x00000000c8d00000, 0x00000000c8e00000, 0x00000000c8e00000|100%|HS|  |TAMS 0x00000000c8e00000, 0x00000000c8d00000| Complete 
| 142|0x00000000c8e00000, 0x00000000c8f00000, 0x00000000c8f00000|100%|HC|  |TAMS 0x00000000c8f00000, 0x00000000c8e00000| Complete 
| 143|0x00000000c8f00000, 0x00000000c9000000, 0x00000000c9000000|100%|HC|  |TAMS 0x00000000c9000000, 0x00000000c8f00000| Complete 
| 144|0x00000000c9000000, 0x00000000c9100000, 0x00000000c9100000|100%|HC|  |TAMS 0x00000000c9100000, 0x00000000c9000000| Complete 
| 145|0x00000000c9100000, 0x00000000c9200000, 0x00000000c9200000|100%|HC|  |TAMS 0x00000000c9200000, 0x00000000c9100000| Complete 
| 146|0x00000000c9200000, 0x00000000c9300000, 0x00000000c9300000|100%|HC|  |TAMS 0x00000000c9300000, 0x00000000c9200000| Complete 
| 147|0x00000000c9300000, 0x00000000c9400000, 0x00000000c9400000|100%|HC|  |TAMS 0x00000000c9400000, 0x00000000c9300000| Complete 
| 148|0x00000000c9400000, 0x00000000c9500000, 0x00000000c9500000|100%|HC|  |TAMS 0x00000000c9500000, 0x00000000c9400000| Complete 
| 149|0x00000000c9500000, 0x00000000c9600000, 0x00000000c9600000|100%|HC|  |TAMS 0x00000000c9600000, 0x00000000c9500000| Complete 
| 150|0x00000000c9600000, 0x00000000c9600000, 0x00000000c9700000|  0%| F|  |TAMS 0x00000000c9600000, 0x00000000c9600000| Untracked 
| 151|0x00000000c9700000, 0x00000000c9700000, 0x00000000c9800000|  0%| F|  |TAMS 0x00000000c9700000, 0x00000000c9700000| Untracked 
| 152|0x00000000c9800000, 0x00000000c9900000, 0x00000000c9900000|100%|HS|  |TAMS 0x00000000c9900000, 0x00000000c9800000| Complete 
| 153|0x00000000c9900000, 0x00000000c9a00000, 0x00000000c9a00000|100%|HC|  |TAMS 0x00000000c9a00000, 0x00000000c9900000| Complete 
| 154|0x00000000c9a00000, 0x00000000c9b00000, 0x00000000c9b00000|100%|HC|  |TAMS 0x00000000c9b00000, 0x00000000c9a00000| Complete 
| 155|0x00000000c9b00000, 0x00000000c9c00000, 0x00000000c9c00000|100%|HC|  |TAMS 0x00000000c9c00000, 0x00000000c9b00000| Complete 
| 156|0x00000000c9c00000, 0x00000000c9d00000, 0x00000000c9d00000|100%|HC|  |TAMS 0x00000000c9d00000, 0x00000000c9c00000| Complete 
| 157|0x00000000c9d00000, 0x00000000c9e00000, 0x00000000c9e00000|100%|HC|  |TAMS 0x00000000c9e00000, 0x00000000c9d00000| Complete 
| 158|0x00000000c9e00000, 0x00000000c9f00000, 0x00000000c9f00000|100%|HC|  |TAMS 0x00000000c9f00000, 0x00000000c9e00000| Complete 
| 159|0x00000000c9f00000, 0x00000000ca000000, 0x00000000ca000000|100%|HC|  |TAMS 0x00000000ca000000, 0x00000000c9f00000| Complete 
| 160|0x00000000ca000000, 0x00000000ca100000, 0x00000000ca100000|100%|HC|  |TAMS 0x00000000ca100000, 0x00000000ca000000| Complete 
| 161|0x00000000ca100000, 0x00000000ca100000, 0x00000000ca200000|  0%| F|  |TAMS 0x00000000ca100000, 0x00000000ca100000| Untracked 
| 162|0x00000000ca200000, 0x00000000ca200000, 0x00000000ca300000|  0%| F|  |TAMS 0x00000000ca200000, 0x00000000ca200000| Untracked 
| 163|0x00000000ca300000, 0x00000000ca300000, 0x00000000ca400000|  0%| F|  |TAMS 0x00000000ca300000, 0x00000000ca300000| Untracked 
| 164|0x00000000ca400000, 0x00000000ca400000, 0x00000000ca500000|  0%| F|  |TAMS 0x00000000ca400000, 0x00000000ca400000| Untracked 
| 165|0x00000000ca500000, 0x00000000ca500000, 0x00000000ca600000|  0%| F|  |TAMS 0x00000000ca500000, 0x00000000ca500000| Untracked 
| 166|0x00000000ca600000, 0x00000000ca600000, 0x00000000ca700000|  0%| F|  |TAMS 0x00000000ca600000, 0x00000000ca600000| Untracked 
| 167|0x00000000ca700000, 0x00000000ca700000, 0x00000000ca800000|  0%| F|  |TAMS 0x00000000ca700000, 0x00000000ca700000| Untracked 
| 168|0x00000000ca800000, 0x00000000ca800000, 0x00000000ca900000|  0%| F|  |TAMS 0x00000000ca800000, 0x00000000ca800000| Untracked 
| 169|0x00000000ca900000, 0x00000000ca900000, 0x00000000caa00000|  0%| F|  |TAMS 0x00000000ca900000, 0x00000000ca900000| Untracked 
| 170|0x00000000caa00000, 0x00000000caa00000, 0x00000000cab00000|  0%| F|  |TAMS 0x00000000caa00000, 0x00000000caa00000| Untracked 
| 171|0x00000000cab00000, 0x00000000cab00000, 0x00000000cac00000|  0%| F|  |TAMS 0x00000000cab00000, 0x00000000cab00000| Untracked 
| 172|0x00000000cac00000, 0x00000000cac00000, 0x00000000cad00000|  0%| F|  |TAMS 0x00000000cac00000, 0x00000000cac00000| Untracked 
| 173|0x00000000cad00000, 0x00000000cad00000, 0x00000000cae00000|  0%| F|  |TAMS 0x00000000cad00000, 0x00000000cad00000| Untracked 
| 174|0x00000000cae00000, 0x00000000cae00000, 0x00000000caf00000|  0%| F|  |TAMS 0x00000000cae00000, 0x00000000cae00000| Untracked 
| 175|0x00000000caf00000, 0x00000000caf00000, 0x00000000cb000000|  0%| F|  |TAMS 0x00000000caf00000, 0x00000000caf00000| Untracked 
| 176|0x00000000cb000000, 0x00000000cb000000, 0x00000000cb100000|  0%| F|  |TAMS 0x00000000cb000000, 0x00000000cb000000| Untracked 
| 177|0x00000000cb100000, 0x00000000cb100000, 0x00000000cb200000|  0%| F|  |TAMS 0x00000000cb100000, 0x00000000cb100000| Untracked 
| 178|0x00000000cb200000, 0x00000000cb200000, 0x00000000cb300000|  0%| F|  |TAMS 0x00000000cb200000, 0x00000000cb200000| Untracked 
| 179|0x00000000cb300000, 0x00000000cb300000, 0x00000000cb400000|  0%| F|  |TAMS 0x00000000cb300000, 0x00000000cb300000| Untracked 
| 180|0x00000000cb400000, 0x00000000cb400000, 0x00000000cb500000|  0%| F|  |TAMS 0x00000000cb400000, 0x00000000cb400000| Untracked 
| 181|0x00000000cb500000, 0x00000000cb500000, 0x00000000cb600000|  0%| F|  |TAMS 0x00000000cb500000, 0x00000000cb500000| Untracked 
| 182|0x00000000cb600000, 0x00000000cb600000, 0x00000000cb700000|  0%| F|  |TAMS 0x00000000cb600000, 0x00000000cb600000| Untracked 
| 183|0x00000000cb700000, 0x00000000cb700000, 0x00000000cb800000|  0%| F|  |TAMS 0x00000000cb700000, 0x00000000cb700000| Untracked 
| 184|0x00000000cb800000, 0x00000000cb800000, 0x00000000cb900000|  0%| F|  |TAMS 0x00000000cb800000, 0x00000000cb800000| Untracked 
| 185|0x00000000cb900000, 0x00000000cb900000, 0x00000000cba00000|  0%| F|  |TAMS 0x00000000cb900000, 0x00000000cb900000| Untracked 
| 186|0x00000000cba00000, 0x00000000cba00000, 0x00000000cbb00000|  0%| F|  |TAMS 0x00000000cba00000, 0x00000000cba00000| Untracked 
| 187|0x00000000cbb00000, 0x00000000cbb00000, 0x00000000cbc00000|  0%| F|  |TAMS 0x00000000cbb00000, 0x00000000cbb00000| Untracked 
| 188|0x00000000cbc00000, 0x00000000cbc00000, 0x00000000cbd00000|  0%| F|  |TAMS 0x00000000cbc00000, 0x00000000cbc00000| Untracked 
| 189|0x00000000cbd00000, 0x00000000cbd00000, 0x00000000cbe00000|  0%| F|  |TAMS 0x00000000cbd00000, 0x00000000cbd00000| Untracked 
| 190|0x00000000cbe00000, 0x00000000cbe00000, 0x00000000cbf00000|  0%| F|  |TAMS 0x00000000cbe00000, 0x00000000cbe00000| Untracked 
| 191|0x00000000cbf00000, 0x00000000cbf00000, 0x00000000cc000000|  0%| F|  |TAMS 0x00000000cbf00000, 0x00000000cbf00000| Untracked 
| 192|0x00000000cc000000, 0x00000000cc000000, 0x00000000cc100000|  0%| F|  |TAMS 0x00000000cc000000, 0x00000000cc000000| Untracked 
| 193|0x00000000cc100000, 0x00000000cc100000, 0x00000000cc200000|  0%| F|  |TAMS 0x00000000cc100000, 0x00000000cc100000| Untracked 
| 194|0x00000000cc200000, 0x00000000cc200000, 0x00000000cc300000|  0%| F|  |TAMS 0x00000000cc200000, 0x00000000cc200000| Untracked 
| 195|0x00000000cc300000, 0x00000000cc300000, 0x00000000cc400000|  0%| F|  |TAMS 0x00000000cc300000, 0x00000000cc300000| Untracked 
| 196|0x00000000cc400000, 0x00000000cc400000, 0x00000000cc500000|  0%| F|  |TAMS 0x00000000cc400000, 0x00000000cc400000| Untracked 
| 197|0x00000000cc500000, 0x00000000cc500000, 0x00000000cc600000|  0%| F|  |TAMS 0x00000000cc500000, 0x00000000cc500000| Untracked 
| 198|0x00000000cc600000, 0x00000000cc600000, 0x00000000cc700000|  0%| F|  |TAMS 0x00000000cc600000, 0x00000000cc600000| Untracked 
| 199|0x00000000cc700000, 0x00000000cc700000, 0x00000000cc800000|  0%| F|  |TAMS 0x00000000cc700000, 0x00000000cc700000| Untracked 
| 200|0x00000000cc800000, 0x00000000cc800000, 0x00000000cc900000|  0%| F|  |TAMS 0x00000000cc800000, 0x00000000cc800000| Untracked 
| 201|0x00000000cc900000, 0x00000000cc900000, 0x00000000cca00000|  0%| F|  |TAMS 0x00000000cc900000, 0x00000000cc900000| Untracked 
| 202|0x00000000cca00000, 0x00000000cca00000, 0x00000000ccb00000|  0%| F|  |TAMS 0x00000000cca00000, 0x00000000cca00000| Untracked 
| 203|0x00000000ccb00000, 0x00000000ccb00000, 0x00000000ccc00000|  0%| F|  |TAMS 0x00000000ccb00000, 0x00000000ccb00000| Untracked 
| 204|0x00000000ccc00000, 0x00000000ccc00000, 0x00000000ccd00000|  0%| F|  |TAMS 0x00000000ccc00000, 0x00000000ccc00000| Untracked 
| 205|0x00000000ccd00000, 0x00000000ccd00000, 0x00000000cce00000|  0%| F|  |TAMS 0x00000000ccd00000, 0x00000000ccd00000| Untracked 
| 206|0x00000000cce00000, 0x00000000cce00000, 0x00000000ccf00000|  0%| F|  |TAMS 0x00000000cce00000, 0x00000000cce00000| Untracked 
| 207|0x00000000ccf00000, 0x00000000ccf00000, 0x00000000cd000000|  0%| F|  |TAMS 0x00000000ccf00000, 0x00000000ccf00000| Untracked 
| 208|0x00000000cd000000, 0x00000000cd000000, 0x00000000cd100000|  0%| F|  |TAMS 0x00000000cd000000, 0x00000000cd000000| Untracked 
| 209|0x00000000cd100000, 0x00000000cd100000, 0x00000000cd200000|  0%| F|  |TAMS 0x00000000cd100000, 0x00000000cd100000| Untracked 
| 210|0x00000000cd200000, 0x00000000cd200000, 0x00000000cd300000|  0%| F|  |TAMS 0x00000000cd200000, 0x00000000cd200000| Untracked 
| 211|0x00000000cd300000, 0x00000000cd300000, 0x00000000cd400000|  0%| F|  |TAMS 0x00000000cd300000, 0x00000000cd300000| Untracked 
| 212|0x00000000cd400000, 0x00000000cd400000, 0x00000000cd500000|  0%| F|  |TAMS 0x00000000cd400000, 0x00000000cd400000| Untracked 
| 213|0x00000000cd500000, 0x00000000cd500000, 0x00000000cd600000|  0%| F|  |TAMS 0x00000000cd500000, 0x00000000cd500000| Untracked 
| 214|0x00000000cd600000, 0x00000000cd600000, 0x00000000cd700000|  0%| F|  |TAMS 0x00000000cd600000, 0x00000000cd600000| Untracked 
| 215|0x00000000cd700000, 0x00000000cd700000, 0x00000000cd800000|  0%| F|  |TAMS 0x00000000cd700000, 0x00000000cd700000| Untracked 
| 216|0x00000000cd800000, 0x00000000cd800000, 0x00000000cd900000|  0%| F|  |TAMS 0x00000000cd800000, 0x00000000cd800000| Untracked 
| 217|0x00000000cd900000, 0x00000000cd900000, 0x00000000cda00000|  0%| F|  |TAMS 0x00000000cd900000, 0x00000000cd900000| Untracked 
| 218|0x00000000cda00000, 0x00000000cda00000, 0x00000000cdb00000|  0%| F|  |TAMS 0x00000000cda00000, 0x00000000cda00000| Untracked 
| 219|0x00000000cdb00000, 0x00000000cdb00000, 0x00000000cdc00000|  0%| F|  |TAMS 0x00000000cdb00000, 0x00000000cdb00000| Untracked 
| 220|0x00000000cdc00000, 0x00000000cdc00000, 0x00000000cdd00000|  0%| F|  |TAMS 0x00000000cdc00000, 0x00000000cdc00000| Untracked 
| 221|0x00000000cdd00000, 0x00000000cdd00000, 0x00000000cde00000|  0%| F|  |TAMS 0x00000000cdd00000, 0x00000000cdd00000| Untracked 
| 222|0x00000000cde00000, 0x00000000cde00000, 0x00000000cdf00000|  0%| F|  |TAMS 0x00000000cde00000, 0x00000000cde00000| Untracked 
| 223|0x00000000cdf00000, 0x00000000cdf00000, 0x00000000ce000000|  0%| F|  |TAMS 0x00000000cdf00000, 0x00000000cdf00000| Untracked 
| 224|0x00000000ce000000, 0x00000000ce000000, 0x00000000ce100000|  0%| F|  |TAMS 0x00000000ce000000, 0x00000000ce000000| Untracked 
| 225|0x00000000ce100000, 0x00000000ce100000, 0x00000000ce200000|  0%| F|  |TAMS 0x00000000ce100000, 0x00000000ce100000| Untracked 
| 226|0x00000000ce200000, 0x00000000ce200000, 0x00000000ce300000|  0%| F|  |TAMS 0x00000000ce200000, 0x00000000ce200000| Untracked 
| 227|0x00000000ce300000, 0x00000000ce300000, 0x00000000ce400000|  0%| F|  |TAMS 0x00000000ce300000, 0x00000000ce300000| Untracked 
| 228|0x00000000ce400000, 0x00000000ce400000, 0x00000000ce500000|  0%| F|  |TAMS 0x00000000ce400000, 0x00000000ce400000| Untracked 
| 229|0x00000000ce500000, 0x00000000ce500000, 0x00000000ce600000|  0%| F|  |TAMS 0x00000000ce500000, 0x00000000ce500000| Untracked 
| 230|0x00000000ce600000, 0x00000000ce600000, 0x00000000ce700000|  0%| F|  |TAMS 0x00000000ce600000, 0x00000000ce600000| Untracked 
| 231|0x00000000ce700000, 0x00000000ce700000, 0x00000000ce800000|  0%| F|  |TAMS 0x00000000ce700000, 0x00000000ce700000| Untracked 
| 232|0x00000000ce800000, 0x00000000ce800000, 0x00000000ce900000|  0%| F|  |TAMS 0x00000000ce800000, 0x00000000ce800000| Untracked 
| 233|0x00000000ce900000, 0x00000000ce900000, 0x00000000cea00000|  0%| F|  |TAMS 0x00000000ce900000, 0x00000000ce900000| Untracked 
| 234|0x00000000cea00000, 0x00000000cea00000, 0x00000000ceb00000|  0%| F|  |TAMS 0x00000000cea00000, 0x00000000cea00000| Untracked 
| 235|0x00000000ceb00000, 0x00000000ceb00000, 0x00000000cec00000|  0%| F|  |TAMS 0x00000000ceb00000, 0x00000000ceb00000| Untracked 
| 236|0x00000000cec00000, 0x00000000cec00000, 0x00000000ced00000|  0%| F|  |TAMS 0x00000000cec00000, 0x00000000cec00000| Untracked 
| 237|0x00000000ced00000, 0x00000000ced00000, 0x00000000cee00000|  0%| F|  |TAMS 0x00000000ced00000, 0x00000000ced00000| Untracked 
| 238|0x00000000cee00000, 0x00000000cee00000, 0x00000000cef00000|  0%| F|  |TAMS 0x00000000cee00000, 0x00000000cee00000| Untracked 
| 239|0x00000000cef00000, 0x00000000cef00000, 0x00000000cf000000|  0%| F|  |TAMS 0x00000000cef00000, 0x00000000cef00000| Untracked 
| 240|0x00000000cf000000, 0x00000000cf000000, 0x00000000cf100000|  0%| F|  |TAMS 0x00000000cf000000, 0x00000000cf000000| Untracked 
| 241|0x00000000cf100000, 0x00000000cf100000, 0x00000000cf200000|  0%| F|  |TAMS 0x00000000cf100000, 0x00000000cf100000| Untracked 
| 242|0x00000000cf200000, 0x00000000cf200000, 0x00000000cf300000|  0%| F|  |TAMS 0x00000000cf200000, 0x00000000cf200000| Untracked 
| 243|0x00000000cf300000, 0x00000000cf300000, 0x00000000cf400000|  0%| F|  |TAMS 0x00000000cf300000, 0x00000000cf300000| Untracked 
| 244|0x00000000cf400000, 0x00000000cf400000, 0x00000000cf500000|  0%| F|  |TAMS 0x00000000cf400000, 0x00000000cf400000| Untracked 
| 245|0x00000000cf500000, 0x00000000cf500000, 0x00000000cf600000|  0%| F|  |TAMS 0x00000000cf500000, 0x00000000cf500000| Untracked 
| 246|0x00000000cf600000, 0x00000000cf600000, 0x00000000cf700000|  0%| F|  |TAMS 0x00000000cf600000, 0x00000000cf600000| Untracked 
| 247|0x00000000cf700000, 0x00000000cf700000, 0x00000000cf800000|  0%| F|  |TAMS 0x00000000cf700000, 0x00000000cf700000| Untracked 
| 248|0x00000000cf800000, 0x00000000cf900000, 0x00000000cf900000|100%| S|CS|TAMS 0x00000000cf800000, 0x00000000cf800000| Complete 
| 249|0x00000000cf900000, 0x00000000cfa00000, 0x00000000cfa00000|100%| S|CS|TAMS 0x00000000cf900000, 0x00000000cf900000| Complete 
| 250|0x00000000cfa00000, 0x00000000cfa00000, 0x00000000cfb00000|  0%| F|  |TAMS 0x00000000cfa00000, 0x00000000cfa00000| Untracked 
| 251|0x00000000cfb00000, 0x00000000cfb15b58, 0x00000000cfc00000|  8%| E|  |TAMS 0x00000000cfb00000, 0x00000000cfb00000| Complete 
| 252|0x00000000cfc00000, 0x00000000cfd00000, 0x00000000cfd00000|100%| E|  |TAMS 0x00000000cfc00000, 0x00000000cfc00000| Complete 
| 253|0x00000000cfd00000, 0x00000000cfe00000, 0x00000000cfe00000|100%| E|CS|TAMS 0x00000000cfd00000, 0x00000000cfd00000| Complete 
| 254|0x00000000cfe00000, 0x00000000cff00000, 0x00000000cff00000|100%| E|CS|TAMS 0x00000000cfe00000, 0x00000000cfe00000| Complete 
| 255|0x00000000cff00000, 0x00000000d0000000, 0x00000000d0000000|100%| E|CS|TAMS 0x00000000cff00000, 0x00000000cff00000| Complete 
| 256|0x00000000d0000000, 0x00000000d0100000, 0x00000000d0100000|100%| E|CS|TAMS 0x00000000d0000000, 0x00000000d0000000| Complete 
| 257|0x00000000d0100000, 0x00000000d0200000, 0x00000000d0200000|100%| E|CS|TAMS 0x00000000d0100000, 0x00000000d0100000| Complete 
| 258|0x00000000d0200000, 0x00000000d0300000, 0x00000000d0300000|100%| E|CS|TAMS 0x00000000d0200000, 0x00000000d0200000| Complete 

Card table byte_map: [0x000001ddff780000,0x000001ddff980000] _byte_map_base: 0x000001ddff180000

Marking Bits (Prev, Next): (CMBitMap*) 0x000001dde873e300, (CMBitMap*) 0x000001dde873e2c0
 Prev Bits: [0x000001dd81000000, 0x000001dd82000000)
 Next Bits: [0x000001dd80000000, 0x000001dd81000000)

Polling page: 0x000001dde6630000

Metaspace:

Usage:
  Non-class:     11.66 MB used.
      Class:    918.73 KB used.
       Both:     12.56 MB used.

Virtual space:
  Non-class space:       64.00 MB reserved,      11.75 MB ( 18%) committed,  1 nodes.
      Class space:        1.00 GB reserved,       1.00 MB ( <1%) committed,  1 nodes.
             Both:        1.06 GB reserved,      12.75 MB (  1%) committed. 

Chunk freelists:
   Non-Class:  3.64 MB
       Class:  14.91 MB
        Both:  18.55 MB

MaxMetaspaceSize: unlimited
CompressedClassSpaceSize: 1.00 GB
Initial GC threshold: 21.00 MB
Current GC threshold: 21.00 MB
CDS: on
MetaspaceReclaimPolicy: balanced
 - commit_granule_bytes: 65536.
 - commit_granule_words: 8192.
 - virtual_space_node_default_size: 8388608.
 - enlarge_chunks_in_place: 1.
 - new_chunks_are_fully_committed: 0.
 - uncommit_free_chunks: 1.
 - use_allocation_guard: 0.
 - handle_deallocations: 1.


Internal statistics:

num_allocs_failed_limit: 0.
num_arena_births: 106.
num_arena_deaths: 0.
num_vsnodes_births: 2.
num_vsnodes_deaths: 0.
num_space_committed: 200.
num_space_uncommitted: 0.
num_chunks_returned_to_freelist: 0.
num_chunks_taken_from_freelist: 383.
num_chunk_merges: 0.
num_chunk_splits: 297.
num_chunks_enlarged: 236.
num_inconsistent_stats: 0.

CodeHeap 'non-profiled nmethods': size=120000Kb used=841Kb max_used=841Kb free=119158Kb
 bounds [0x000001ddf7d00000, 0x000001ddf7f70000, 0x000001ddff230000]
CodeHeap 'profiled nmethods': size=120000Kb used=2753Kb max_used=2753Kb free=117246Kb
 bounds [0x000001ddf0230000, 0x000001ddf04f0000, 0x000001ddf7760000]
CodeHeap 'non-nmethods': size=5760Kb used=1612Kb max_used=1655Kb free=4147Kb
 bounds [0x000001ddf7760000, 0x000001ddf79d0000, 0x000001ddf7d00000]
 total_blobs=2478 nmethods=1540 adapters=851
 compilation: enabled
              stopped_count=0, restarted_count=0
 full_count=0

Compilation events (20 events):
Event: 6.209 Thread 0x000001dd845f39b0 1527       3       java.nio.Buffer::rewind (12 bytes)
Event: 6.209 Thread 0x000001dd845f39b0 nmethod 1527 0x000001ddf04dca10 code [0x000001ddf04dcba0, 0x000001ddf04dccb8]
Event: 6.213 Thread 0x000001dd845f39b0 1528       1       com.jogamp.opengl.util.FPSAnimator::access$100 (5 bytes)
Event: 6.213 Thread 0x000001dd845f39b0 nmethod 1528 0x000001ddf7dd0e90 code [0x000001ddf7dd1020, 0x000001ddf7dd10d8]
Event: 6.213 Thread 0x000001dd845f39b0 1529       3       processing.opengl.PGraphicsOpenGL$TessGeometry::clear (112 bytes)
Event: 6.213 Thread 0x000001dd845f39b0 nmethod 1529 0x000001ddf04dcd90 code [0x000001ddf04dcf40, 0x000001ddf04dd258]
Event: 6.213 Thread 0x000001dd845f39b0 1531       3       processing.opengl.PGraphicsOpenGL$TexCache::clear (24 bytes)
Event: 6.213 Thread 0x000001dd845f39b0 nmethod 1531 0x000001ddf04dd390 code [0x000001ddf04dd560, 0x000001ddf04dd988]
Event: 6.285 Thread 0x000001dd845f39b0 1533       3       processing.opengl.PGraphicsOpenGL::report (46 bytes)
Event: 6.285 Thread 0x000001dd845f39b0 nmethod 1533 0x000001ddf04ddb10 code [0x000001ddf04ddd00, 0x000001ddf04de1d8]
Event: 6.285 Thread 0x000001dd845f39b0 1532       1       processing.opengl.PGraphicsOpenGL::setCurrentPG (6 bytes)
Event: 6.285 Thread 0x000001dd845f39b0 nmethod 1532 0x000001ddf7dd1590 code [0x000001ddf7dd1720, 0x000001ddf7dd1838]
Event: 6.359 Thread 0x000001dd845f39b0 1534       1       java.nio.DirectShortBufferU::isDirect (2 bytes)
Event: 6.360 Thread 0x000001dd845f39b0 nmethod 1534 0x000001ddf7dd1890 code [0x000001ddf7dd1a20, 0x000001ddf7dd1af8]
Event: 6.433 Thread 0x000001dd845f39b0 1538       3       java.lang.String::newStringUTF8NoRepl (272 bytes)
Event: 6.434 Thread 0x000001dd845f39b0 nmethod 1538 0x000001ddf04de510 code [0x000001ddf04de7e0, 0x000001ddf04df6a8]
Event: 6.461 Thread 0x000001dd845f39b0 1539       3       jdk.internal.misc.Unsafe::getAndAddLong (27 bytes)
Event: 6.461 Thread 0x000001dd845f39b0 nmethod 1539 0x000001ddf04dfc10 code [0x000001ddf04dfdc0, 0x000001ddf04e0008]
Event: 6.461 Thread 0x000001dd845f39b0 1540       3       jdk.internal.misc.Unsafe::weakCompareAndSetLong (11 bytes)
Event: 6.461 Thread 0x000001dd845f39b0 nmethod 1540 0x000001ddf04e0110 code [0x000001ddf04e02a0, 0x000001ddf04e03d8]

GC Heap History (20 events):
Event: 1.835 GC heap before
{Heap before GC invocations=8 (full 0):
 garbage-first heap   total 230400K, used 175638K [0x00000000c0000000, 0x0000000100000000)
  region size 1024K, 22 young (22528K), 1 survivors (1024K)
 Metaspace       used 12737K, committed 12928K, reserved 1114112K
  class space    used 913K, committed 1024K, reserved 1048576K
}
Event: 1.837 GC heap after
{Heap after GC invocations=9 (full 0):
 garbage-first heap   total 230400K, used 157549K [0x00000000c0000000, 0x0000000100000000)
  region size 1024K, 3 young (3072K), 3 survivors (3072K)
 Metaspace       used 12737K, committed 12928K, reserved 1114112K
  class space    used 913K, committed 1024K, reserved 1048576K
}
Event: 2.185 GC heap before
{Heap before GC invocations=9 (full 0):
 garbage-first heap   total 230400K, used 193389K [0x00000000c0000000, 0x0000000100000000)
  region size 1024K, 38 young (38912K), 3 survivors (3072K)
 Metaspace       used 12765K, committed 12992K, reserved 1114112K
  class space    used 914K, committed 1024K, reserved 1048576K
}
Event: 2.186 GC heap after
{Heap after GC invocations=10 (full 0):
 garbage-first heap   total 230400K, used 155013K [0x00000000c0000000, 0x0000000100000000)
  region size 1024K, 1 young (1024K), 1 survivors (1024K)
 Metaspace       used 12765K, committed 12992K, reserved 1114112K
  class space    used 914K, committed 1024K, reserved 1048576K
}
Event: 2.565 GC heap before
{Heap before GC invocations=11 (full 0):
 garbage-first heap   total 261120K, used 192901K [0x00000000c0000000, 0x0000000100000000)
  region size 1024K, 39 young (39936K), 1 survivors (1024K)
 Metaspace       used 12773K, committed 12992K, reserved 1114112K
  class space    used 914K, committed 1024K, reserved 1048576K
}
Event: 2.566 GC heap after
{Heap after GC invocations=12 (full 0):
 garbage-first heap   total 261120K, used 155443K [0x00000000c0000000, 0x0000000100000000)
  region size 1024K, 2 young (2048K), 2 survivors (2048K)
 Metaspace       used 12773K, committed 12992K, reserved 1114112K
  class space    used 914K, committed 1024K, reserved 1048576K
}
Event: 2.649 GC heap before
{Heap before GC invocations=12 (full 0):
 garbage-first heap   total 261120K, used 165683K [0x00000000c0000000, 0x0000000100000000)
  region size 1024K, 12 young (12288K), 2 survivors (2048K)
 Metaspace       used 12773K, committed 12992K, reserved 1114112K
  class space    used 914K, committed 1024K, reserved 1048576K
}
Event: 2.651 GC heap after
{Heap after GC invocations=13 (full 0):
 garbage-first heap   total 261120K, used 157214K [0x00000000c0000000, 0x0000000100000000)
  region size 1024K, 2 young (2048K), 2 survivors (2048K)
 Metaspace       used 12773K, committed 12992K, reserved 1114112K
  class space    used 914K, committed 1024K, reserved 1048576K
}
Event: 3.427 GC heap before
{Heap before GC invocations=13 (full 0):
 garbage-first heap   total 261120K, used 222750K [0x00000000c0000000, 0x0000000100000000)
  region size 1024K, 66 young (67584K), 2 survivors (2048K)
 Metaspace       used 12775K, committed 12992K, reserved 1114112K
  class space    used 914K, committed 1024K, reserved 1048576K
}
Event: 3.428 GC heap after
{Heap after GC invocations=14 (full 0):
 garbage-first heap   total 261120K, used 158172K [0x00000000c0000000, 0x0000000100000000)
  region size 1024K, 3 young (3072K), 3 survivors (3072K)
 Metaspace       used 12775K, committed 12992K, reserved 1114112K
  class space    used 914K, committed 1024K, reserved 1048576K
}
Event: 4.237 GC heap before
{Heap before GC invocations=15 (full 0):
 garbage-first heap   total 265216K, used 220093K [0x00000000c0000000, 0x0000000100000000)
  region size 1024K, 66 young (67584K), 3 survivors (3072K)
 Metaspace       used 12780K, committed 12992K, reserved 1114112K
  class space    used 914K, committed 1024K, reserved 1048576K
}
Event: 4.238 GC heap after
{Heap after GC invocations=16 (full 0):
 garbage-first heap   total 265216K, used 154571K [0x00000000c0000000, 0x0000000100000000)
  region size 1024K, 2 young (2048K), 2 survivors (2048K)
 Metaspace       used 12780K, committed 12992K, reserved 1114112K
  class space    used 914K, committed 1024K, reserved 1048576K
}
Event: 4.376 GC heap before
{Heap before GC invocations=16 (full 0):
 garbage-first heap   total 265216K, used 164811K [0x00000000c0000000, 0x0000000100000000)
  region size 1024K, 12 young (12288K), 2 survivors (2048K)
 Metaspace       used 12782K, committed 12992K, reserved 1114112K
  class space    used 914K, committed 1024K, reserved 1048576K
}
Event: 4.377 GC heap after
{Heap after GC invocations=17 (full 0):
 garbage-first heap   total 265216K, used 152328K [0x00000000c0000000, 0x0000000100000000)
  region size 1024K, 1 young (1024K), 1 survivors (1024K)
 Metaspace       used 12782K, committed 12992K, reserved 1114112K
  class space    used 914K, committed 1024K, reserved 1048576K
}
Event: 5.255 GC heap before
{Heap before GC invocations=17 (full 0):
 garbage-first heap   total 265216K, used 224008K [0x00000000c0000000, 0x0000000100000000)
  region size 1024K, 71 young (72704K), 1 survivors (1024K)
 Metaspace       used 12789K, committed 12992K, reserved 1114112K
  class space    used 914K, committed 1024K, reserved 1048576K
}
Event: 5.257 GC heap after
{Heap after GC invocations=18 (full 0):
 garbage-first heap   total 265216K, used 154903K [0x00000000c0000000, 0x0000000100000000)
  region size 1024K, 4 young (4096K), 4 survivors (4096K)
 Metaspace       used 12789K, committed 12992K, reserved 1114112K
  class space    used 914K, committed 1024K, reserved 1048576K
}
Event: 6.221 GC heap before
{Heap before GC invocations=19 (full 0):
 garbage-first heap   total 265216K, used 227607K [0x00000000c0000000, 0x0000000100000000)
  region size 1024K, 75 young (76800K), 4 survivors (4096K)
 Metaspace       used 12809K, committed 12992K, reserved 1114112K
  class space    used 914K, committed 1024K, reserved 1048576K
}
Event: 6.222 GC heap after
{Heap after GC invocations=20 (full 0):
 garbage-first heap   total 265216K, used 154211K [0x00000000c0000000, 0x0000000100000000)
  region size 1024K, 3 young (3072K), 3 survivors (3072K)
 Metaspace       used 12809K, committed 12992K, reserved 1114112K
  class space    used 914K, committed 1024K, reserved 1048576K
}
Event: 6.306 GC heap before
{Heap before GC invocations=20 (full 0):
 garbage-first heap   total 265216K, used 163427K [0x00000000c0000000, 0x0000000100000000)
  region size 1024K, 12 young (12288K), 3 survivors (3072K)
 Metaspace       used 12811K, committed 12992K, reserved 1114112K
  class space    used 914K, committed 1024K, reserved 1048576K
}
Event: 6.308 GC heap after
{Heap after GC invocations=21 (full 0):
 garbage-first heap   total 265216K, used 155882K [0x00000000c0000000, 0x0000000100000000)
  region size 1024K, 2 young (2048K), 2 survivors (2048K)
 Metaspace       used 12811K, committed 12992K, reserved 1114112K
  class space    used 914K, committed 1024K, reserved 1048576K
}

Dll operation events (14 events):
Event: 0.006 Loaded shared library C:\Program Files\Processing\app\resources\jdk-17.0.14+7\bin\java.dll
Event: 0.016 Loaded shared library C:\Program Files\Processing\app\resources\jdk-17.0.14+7\bin\jsvml.dll
Event: 0.087 Loaded shared library C:\Program Files\Processing\app\resources\jdk-17.0.14+7\bin\net.dll
Event: 0.088 Loaded shared library C:\Program Files\Processing\app\resources\jdk-17.0.14+7\bin\nio.dll
Event: 0.090 Loaded shared library C:\Program Files\Processing\app\resources\jdk-17.0.14+7\bin\zip.dll
Event: 0.125 Loaded shared library C:\Program Files\Processing\app\resources\jdk-17.0.14+7\bin\jimage.dll
Event: 0.127 Loaded shared library C:\Program Files\Processing\app\resources\jdk-17.0.14+7\bin\awt.dll
Event: 0.379 Loaded shared library C:\Users\danil\AppData\Local\Temp\jogamp_0000\file_cache\jln7276723787525772910\jln17404182573725371620\natives\windows-amd64\gluegen_rt.dll
Event: 0.386 Loaded shared library C:\Program Files\Processing\app\resources\jdk-17.0.14+7\bin\jawt.dll
Event: 0.396 Loaded shared library C:\Users\danil\AppData\Local\Temp\jogamp_0000\file_cache\jln7276723787525772910\jln17404182573725371620\natives\windows-amd64\nativewindow_awt.dll
Event: 0.420 Loaded shared library C:\Users\danil\AppData\Local\Temp\jogamp_0000\file_cache\jln7276723787525772910\jln17404182573725371620\natives\windows-amd64\nativewindow_win32.dll
Event: 0.495 Loaded shared library C:\Users\danil\AppData\Local\Temp\jogamp_0000\file_cache\jln7276723787525772910\jln17404182573725371620\natives\windows-amd64\jogl_desktop.dll
Event: 0.652 Loaded shared library C:\Users\danil\AppData\Local\Temp\jogamp_0000\file_cache\jln7276723787525772910\jln17404182573725371620\natives\windows-amd64\jogl_mobile.dll
Event: 1.365 Loaded shared library C:\Users\danil\AppData\Local\Temp\jogamp_0000\file_cache\jln7276723787525772910\jln17404182573725371620\natives\windows-amd64\newt_head.dll

Deoptimization events (20 events):
Event: 1.885 Thread 0x000001ddca2fb040 DEOPT PACKING pc=0x000001ddf044a81a sp=0x000000b6062fec50
Event: 1.885 Thread 0x000001ddca2fb040 DEOPT UNPACKING pc=0x000001ddf77bace3 sp=0x000000b6062fe140 mode 0
Event: 1.947 Thread 0x000001ddca2fb040 DEOPT PACKING pc=0x000001ddf04aef64 sp=0x000000b6062fee90
Event: 1.947 Thread 0x000001ddca2fb040 DEOPT UNPACKING pc=0x000001ddf77bace3 sp=0x000000b6062fe3f8 mode 0
Event: 1.950 Thread 0x000001ddca2fb040 DEOPT PACKING pc=0x000001ddf044a81a sp=0x000000b6062fec50
Event: 1.950 Thread 0x000001ddca2fb040 DEOPT UNPACKING pc=0x000001ddf77bace3 sp=0x000000b6062fe140 mode 0
Event: 3.659 Thread 0x000001ddca2fb040 Uncommon trap: trap_request=0xffffff5c fr.pc=0x000001ddf7dbdf44 relative=0x00000000000011c4
Event: 3.659 Thread 0x000001ddca2fb040 Uncommon trap: reason=speculate_null_check action=make_not_entrant pc=0x000001ddf7dbdf44 method=java.util.concurrent.locks.AbstractQueuedSynchronizer.acquire(Ljava/util/concurrent/locks/AbstractQueuedSynchronizer$Node;IZZZJ)I @ 254 c2
Event: 3.659 Thread 0x000001ddca2fb040 DEOPT PACKING pc=0x000001ddf7dbdf44 sp=0x000000b6062fed30
Event: 3.659 Thread 0x000001ddca2fb040 DEOPT UNPACKING pc=0x000001ddf77ba1a3 sp=0x000000b6062fed00 mode 2
Event: 6.433 Thread 0x000001ddda49cb50 DEOPT PACKING pc=0x000001ddf0368697 sp=0x000000b6065fdfc0
Event: 6.433 Thread 0x000001ddda49cb50 DEOPT UNPACKING pc=0x000001ddf77bace3 sp=0x000000b6065fd420 mode 0
Event: 6.454 Thread 0x000001ddca5de960 Uncommon trap: trap_request=0xffffff45 fr.pc=0x000001ddf7d82f68 relative=0x00000000000001e8
Event: 6.454 Thread 0x000001ddca5de960 Uncommon trap: reason=unstable_if action=reinterpret pc=0x000001ddf7d82f68 method=java.util.HashMap$HashIterator.<init>(Ljava/util/HashMap;)V @ 38 c2
Event: 6.454 Thread 0x000001ddca5de960 DEOPT PACKING pc=0x000001ddf7d82f68 sp=0x000000b6056fef20
Event: 6.454 Thread 0x000001ddca5de960 DEOPT UNPACKING pc=0x000001ddf77ba1a3 sp=0x000000b6056feec8 mode 2
Event: 6.458 Thread 0x000001ddca5de960 Uncommon trap: trap_request=0xffffff45 fr.pc=0x000001ddf7dcbe70 relative=0x00000000000000f0
Event: 6.458 Thread 0x000001ddca5de960 Uncommon trap: reason=unstable_if action=reinterpret pc=0x000001ddf7dcbe70 method=com.jogamp.common.util.IntIntHashMap.put(II)I @ 21 c2
Event: 6.458 Thread 0x000001ddca5de960 DEOPT PACKING pc=0x000001ddf7dcbe70 sp=0x000000b6056feca0
Event: 6.458 Thread 0x000001ddca5de960 DEOPT UNPACKING pc=0x000001ddf77ba1a3 sp=0x000000b6056fec08 mode 2

Classes loaded (20 events):
Event: 1.537 Loading class java/util/concurrent/Callable done
Event: 1.537 Loading class java/util/concurrent/Executors$RunnableAdapter done
Event: 1.537 Loading class java/util/concurrent/ThreadPoolExecutor$Worker
Event: 1.538 Loading class java/util/concurrent/ThreadPoolExecutor$Worker done
Event: 1.562 Loading class java/util/concurrent/locks/AbstractQueuedSynchronizer$SharedNode
Event: 1.562 Loading class java/util/concurrent/locks/AbstractQueuedSynchronizer$SharedNode done
Event: 1.703 Loading class sun/nio/cs/StreamDecoder
Event: 1.703 Loading class sun/nio/cs/StreamDecoder done
Event: 1.703 Loading class java/util/regex/Pattern$LookBehindEndNode
Event: 1.703 Loading class java/util/regex/Pattern$LookBehindEndNode done
Event: 1.703 Loading class java/util/regex/Pattern$NotBehind
Event: 1.703 Loading class java/util/regex/Pattern$NotBehind done
Event: 1.703 Loading class java/util/regex/Pattern$Neg
Event: 1.703 Loading class java/util/regex/Pattern$Neg done
Event: 1.704 Loading class java/util/regex/Pattern$Pos
Event: 1.704 Loading class java/util/regex/Pattern$Pos done
Event: 1.710 Loading class java/util/regex/Pattern$SliceS
Event: 1.710 Loading class java/util/regex/Pattern$SliceS done
Event: 6.433 Loading class java/nio/channels/ClosedChannelException
Event: 6.433 Loading class java/nio/channels/ClosedChannelException done

Classes unloaded (0 events):
No events

Classes redefined (0 events):
No events

Internal exceptions (20 events):
Event: 0.115 Thread 0x000001dde86fa460 Exception <a 'java/lang/NoSuchMethodError'{0x00000000c3ce75a8}: 'void java.lang.invoke.DirectMethodHandle$Holder.invokeStatic(java.lang.Object, java.lang.Object, java.lang.Object)'> (0x00000000c3ce75a8) 
thrown [s\src\hotspot\share\interpreter\linkResolver.cpp, line 759]
Event: 0.121 Thread 0x000001dde86fa460 Exception <a 'java/lang/ClassNotFoundException'{0x00000000c3b0ef40}: sun/awt/resources/spi/awtProvider> (0x00000000c3b0ef40) 
thrown [s\src\hotspot\share\classfile\systemDictionary.cpp, line 256]
Event: 0.134 Thread 0x000001dde86fa460 Exception <a 'java/io/FileNotFoundException'{0x00000000c3b64880}> (0x00000000c3b64880) 
thrown [s\src\hotspot\share\prims\jni.cpp, line 516]
Event: 0.138 Thread 0x000001dde86fa460 Exception <a 'java/io/FileNotFoundException'{0x00000000c3b91cd8}> (0x00000000c3b91cd8) 
thrown [s\src\hotspot\share\prims\jni.cpp, line 516]
Event: 0.163 Thread 0x000001dde86fa460 Exception <a 'java/lang/NoSuchMethodError'{0x00000000c3a3f2a8}: 'java.lang.Object java.lang.invoke.DirectMethodHandle$Holder.invokeStaticInit(java.lang.Object)'> (0x00000000c3a3f2a8) 
thrown [s\src\hotspot\share\interpreter\linkResolver.cpp, line 759]
Event: 0.245 Thread 0x000001dde86fa460 Exception <a 'java/lang/NoSuchMethodError'{0x00000000c364f288}: 'java.lang.Object java.lang.invoke.DirectMethodHandle$Holder.invokeStaticInit(java.lang.Object, int, int, int, int)'> (0x00000000c364f288) 
thrown [s\src\hotspot\share\interpreter\linkResolver.cpp, line 759]
Event: 0.278 Thread 0x000001dde86fa460 Exception <a 'java/lang/NoSuchMethodError'{0x00000000c3538d68}: 'java.lang.Object java.lang.invoke.DirectMethodHandle$Holder.invokeStaticInit(java.lang.Object, java.lang.Object, int, int, int, int)'> (0x00000000c3538d68) 
thrown [s\src\hotspot\share\interpreter\linkResolver.cpp, line 759]
Event: 0.297 Thread 0x000001dde86fa460 Exception <a 'java/lang/NoSuchMethodError'{0x00000000c35444b8}: 'void java.lang.invoke.DirectMethodHandle$Holder.invokeStatic(java.lang.Object, long)'> (0x00000000c35444b8) 
thrown [s\src\hotspot\share\interpreter\linkResolver.cpp, line 759]
Event: 0.298 Thread 0x000001dde86fa460 Exception <a 'java/lang/NoSuchMethodError'{0x00000000c3549a98}: 'java.lang.Object java.lang.invoke.DirectMethodHandle$Holder.newInvokeSpecial(java.lang.Object, long)'> (0x00000000c3549a98) 
thrown [s\src\hotspot\share\interpreter\linkResolver.cpp, line 759]
Event: 0.299 Thread 0x000001dde86fa460 Exception <a 'java/lang/NoSuchMethodError'{0x00000000c35542b0}: 'java.lang.Object java.lang.invoke.DirectMethodHandle$Holder.invokeStaticInit(java.lang.Object, java.lang.Object, long, java.lang.Object)'> (0x00000000c35542b0) 
thrown [s\src\hotspot\share\interpreter\linkResolver.cpp, line 759]
Event: 0.300 Thread 0x000001dde86fa460 Exception <a 'java/lang/NoSuchMethodError'{0x00000000c355a870}: 'java.lang.Object java.lang.invoke.DirectMethodHandle$Holder.newInvokeSpecial(java.lang.Object, java.lang.Object, long)'> (0x00000000c355a870) 
thrown [s\src\hotspot\share\interpreter\linkResolver.cpp, line 759]
Event: 0.301 Thread 0x000001dde86fa460 Exception <a 'java/lang/NoSuchMethodError'{0x00000000c355e3e0}: 'java.lang.Object java.lang.invoke.Invokers$Holder.linkToTargetMethod(java.lang.Object, long, java.lang.Object)'> (0x00000000c355e3e0) 
thrown [s\src\hotspot\share\interpreter\linkResolver.cpp, line 759]
Event: 0.405 Thread 0x000001dde86fa460 Exception <a 'java/lang/NoSuchMethodError'{0x00000000c34ce198}: 'java.lang.Object java.lang.invoke.DirectMethodHandle$Holder.invokeInterface(java.lang.Object, java.lang.Object)'> (0x00000000c34ce198) 
thrown [s\src\hotspot\share\interpreter\linkResolver.cpp, line 759]
Event: 0.405 Thread 0x000001dde86fa460 Exception <a 'java/lang/IncompatibleClassChangeError'{0x00000000c34d1ab8}: Found class java.lang.Object, but interface was expected> (0x00000000c34d1ab8) 
thrown [s\src\hotspot\share\interpreter\linkResolver.cpp, line 826]
Event: 1.426 Thread 0x000001dde86fa460 Exception <a 'java/lang/NoSuchMethodError'{0x00000000c3214370}: 'void java.lang.invoke.DirectMethodHandle$Holder.invokeSpecial(java.lang.Object, java.lang.Object, java.lang.Object, java.lang.Object, java.lang.Object)'> (0x00000000c3214370) 
thrown [s\src\hotspot\share\interpreter\linkResolver.cpp, line 759]
Event: 1.427 Thread 0x000001dde86fa460 Exception <a 'java/lang/NoSuchMethodError'{0x00000000c321d330}: 'void java.lang.invoke.DirectMethodHandle$Holder.invokeSpecial(java.lang.Object, java.lang.Object, java.lang.Object)'> (0x00000000c321d330) 
thrown [s\src\hotspot\share\interpreter\linkResolver.cpp, line 759]
Event: 1.428 Thread 0x000001dde86fa460 Exception <a 'java/lang/NoSuchMethodError'{0x00000000c3223660}: 'void java.lang.invoke.DirectMethodHandle$Holder.invokeSpecial(java.lang.Object, java.lang.Object, int)'> (0x00000000c3223660) 
thrown [s\src\hotspot\share\interpreter\linkResolver.cpp, line 759]
Event: 1.428 Thread 0x000001dde86fa460 Exception <a 'java/lang/NoSuchMethodError'{0x00000000c3229678}: 'java.lang.Object java.lang.invoke.DirectMethodHandle$Holder.newInvokeSpecial(java.lang.Object, java.lang.Object, int)'> (0x00000000c3229678) 
thrown [s\src\hotspot\share\interpreter\linkResolver.cpp, line 759]
Event: 6.433 Thread 0x000001ddcc52ef20 Exception <a 'java/lang/InterruptedException'{0x00000000cfc12f08}> (0x00000000cfc12f08) 
thrown [s\src\hotspot\share\runtime\objectMonitor.cpp, line 1658]
Event: 6.458 Thread 0x000001ddca5de960 Implicit null exception at 0x000001ddf7dcbdc4 to 0x000001ddf7dcbe4c

VM Operations (20 events):
Event: 3.428 Executing VM operation: G1CollectForAllocation done
Event: 3.435 Executing VM operation: G1PauseRemark
Event: 3.435 Executing VM operation: G1PauseRemark done
Event: 3.438 Executing VM operation: G1PauseCleanup
Event: 3.438 Executing VM operation: G1PauseCleanup done
Event: 4.237 Executing VM operation: G1CollectForAllocation
Event: 4.238 Executing VM operation: G1CollectForAllocation done
Event: 4.376 Executing VM operation: G1CollectForAllocation
Event: 4.377 Executing VM operation: G1CollectForAllocation done
Event: 5.255 Executing VM operation: G1CollectForAllocation
Event: 5.257 Executing VM operation: G1CollectForAllocation done
Event: 5.264 Executing VM operation: G1PauseRemark
Event: 5.264 Executing VM operation: G1PauseRemark done
Event: 5.267 Executing VM operation: G1PauseCleanup
Event: 5.267 Executing VM operation: G1PauseCleanup done
Event: 6.221 Executing VM operation: G1CollectForAllocation
Event: 6.222 Executing VM operation: G1CollectForAllocation done
Event: 6.306 Executing VM operation: G1CollectForAllocation
Event: 6.308 Executing VM operation: G1CollectForAllocation done
Event: 6.535 Executing VM operation: Exit

Memory protections (0 events):
No events

Nmethod flushes (0 events):
No events

Events (20 events):
Event: 1.561 Thread 0x000001ddca2fb040 Thread added: 0x000001ddda49c130
Event: 1.561 Thread 0x000001ddca2fb040 Thread added: 0x000001ddda49d570
Event: 1.561 Thread 0x000001ddca2fb040 Thread added: 0x000001ddda499dc0
Event: 1.562 Thread 0x000001ddca2fb040 Thread added: 0x000001ddda49e4a0
Event: 1.562 Thread 0x000001ddca2fb040 Thread added: 0x000001ddda49acf0
Event: 1.562 Thread 0x000001ddca2fb040 Thread added: 0x000001ddda49e9b0
Event: 1.885 Thread 0x000001ddd9ac1530 Thread exited: 0x000001ddd9ac1530
Event: 2.069 Thread 0x000001ddd9ac1010 Thread exited: 0x000001ddd9ac1010
Event: 6.183 Thread 0x000001ddca08cf60 Thread added: 0x000001ddda49c640
Event: 6.433 Thread 0x000001ddca2fb040 Thread added: 0x000001ddda49cb50
Event: 6.433 Thread 0x000001ddca2fb040 Thread added: 0x000001ddda49da80
Event: 6.433 Thread 0x000001ddca2fb040 Thread added: 0x000001ddda49b200
Event: 6.433 Thread 0x000001ddcc52ef20 Thread exited: 0x000001ddcc52ef20
Event: 6.434 Thread 0x000001ddda49b200 Thread exited: 0x000001ddda49b200
Event: 6.434 Thread 0x000001ddcc4f8bd0 Thread exited: 0x000001ddcc4f8bd0
Event: 6.435 Thread 0x000001ddca08cf60 Thread exited: 0x000001ddca08cf60
Event: 6.459 Thread 0x000001ddca5de960 Thread exited: 0x000001ddca5de960
Event: 6.461 Thread 0x000001ddda49cb50 Thread exited: 0x000001ddda49cb50
Event: 6.534 Thread 0x000001ddda49da80 Thread exited: 0x000001ddda49da80
Event: 6.534 Thread 0x000001ddca2fb040 Before exit entered


Dynamic libraries:
0x00007ff7c9de0000 - 0x00007ff7c9dee000 	C:\Program Files\Processing\app\resources\jdk-17.0.14+7\bin\java.exe
0x00007ffa7da60000 - 0x00007ffa7dcc7000 	C:\WINDOWS\SYSTEM32\ntdll.dll
0x00007ffa7c020000 - 0x00007ffa7c0e9000 	C:\WINDOWS\System32\KERNEL32.DLL
0x00007ffa7a540000 - 0x00007ffa7a937000 	C:\WINDOWS\System32\KERNELBASE.dll
0x00007ffa7ab20000 - 0x00007ffa7ac6b000 	C:\WINDOWS\System32\ucrtbase.dll
0x00007ffa4d900000 - 0x00007ffa4d917000 	C:\Program Files\Processing\app\resources\jdk-17.0.14+7\bin\jli.dll
0x00007ffa4d920000 - 0x00007ffa4d93e000 	C:\Program Files\Processing\app\resources\jdk-17.0.14+7\bin\VCRUNTIME140.dll
0x00007ffa7bdd0000 - 0x00007ffa7bf96000 	C:\WINDOWS\System32\USER32.dll
0x00007ffa7b630000 - 0x00007ffa7b657000 	C:\WINDOWS\System32\win32u.dll
0x00007ffa7cc40000 - 0x00007ffa7cc6b000 	C:\WINDOWS\System32\GDI32.dll
0x00007ffa61590000 - 0x00007ffa61822000 	C:\WINDOWS\WinSxS\amd64_microsoft.windows.common-controls_6595b64144ccf1df_6.0.26100.8457_none_3e0b2faee331e92d\COMCTL32.dll
0x00007ffa7a940000 - 0x00007ffa7aa6c000 	C:\WINDOWS\System32\gdi32full.dll
0x00007ffa7b7e0000 - 0x00007ffa7b889000 	C:\WINDOWS\System32\msvcrt.dll
0x00007ffa7a490000 - 0x00007ffa7a533000 	C:\WINDOWS\System32\msvcp_win.dll
0x00007ffa7ba00000 - 0x00007ffa7ba32000 	C:\WINDOWS\System32\IMM32.DLL
0x00007ffa73680000 - 0x00007ffa7368c000 	C:\Program Files\Processing\app\resources\jdk-17.0.14+7\bin\vcruntime140_1.dll
0x00007ffa457d0000 - 0x00007ffa4585d000 	C:\Program Files\Processing\app\resources\jdk-17.0.14+7\bin\msvcp140.dll
0x00007ff9b1440000 - 0x00007ff9b20ab000 	C:\Program Files\Processing\app\resources\jdk-17.0.14+7\bin\server\jvm.dll
0x00007ffa7d380000 - 0x00007ffa7d436000 	C:\WINDOWS\System32\ADVAPI32.dll
0x00007ffa7d450000 - 0x00007ffa7d4f7000 	C:\WINDOWS\System32\sechost.dll
0x00007ffa7d610000 - 0x00007ffa7d728000 	C:\WINDOWS\System32\RPCRT4.dll
0x00007ffa7d500000 - 0x00007ffa7d580000 	C:\WINDOWS\System32\WS2_32.dll
0x00007ffa7a310000 - 0x00007ffa7a36e000 	C:\WINDOWS\SYSTEM32\POWRPROF.dll
0x00007ffa704a0000 - 0x00007ffa704ab000 	C:\WINDOWS\SYSTEM32\VERSION.dll
0x00007ffa61e60000 - 0x00007ffa61e96000 	C:\WINDOWS\SYSTEM32\WINMM.dll
0x00007ffa7a2f0000 - 0x00007ffa7a304000 	C:\WINDOWS\SYSTEM32\UMPDC.dll
0x00007ffa79220000 - 0x00007ffa7923b000 	C:\WINDOWS\SYSTEM32\kernel.appcore.dll
0x00007ffa6a5b0000 - 0x00007ffa6a5ba000 	C:\Program Files\Processing\app\resources\jdk-17.0.14+7\bin\jimage.dll
0x00007ffa72470000 - 0x00007ffa726b2000 	C:\WINDOWS\SYSTEM32\DBGHELP.DLL
0x00007ffa7c870000 - 0x00007ffa7cbf3000 	C:\WINDOWS\System32\combase.dll
0x00007ffa7bc30000 - 0x00007ffa7bd09000 	C:\WINDOWS\System32\OLEAUT32.dll
0x00007ffa410a0000 - 0x00007ffa410db000 	C:\WINDOWS\SYSTEM32\dbgcore.DLL
0x00007ffa7aa70000 - 0x00007ffa7ab18000 	C:\WINDOWS\System32\bcryptPrimitives.dll
0x00007ffa478a0000 - 0x00007ffa478db000 	C:\Program Files\Processing\app\resources\jdk-17.0.14+7\bin\jdwp.dll
0x00007ffa4c330000 - 0x00007ffa4c355000 	C:\Program Files\Processing\app\resources\jdk-17.0.14+7\bin\java.dll
0x00007ffa41a00000 - 0x00007ffa41ad7000 	C:\Program Files\Processing\app\resources\jdk-17.0.14+7\bin\jsvml.dll
0x00007ffa7c0f0000 - 0x00007ffa7c85e000 	C:\WINDOWS\System32\SHELL32.dll
0x00007ffa7ac70000 - 0x00007ffa7b4dc000 	C:\WINDOWS\System32\windows.storage.dll
0x00007ffa7d730000 - 0x00007ffa7d826000 	C:\WINDOWS\System32\SHCORE.dll
0x00007ffa7d210000 - 0x00007ffa7d276000 	C:\WINDOWS\System32\shlwapi.dll
0x00007ffa7a3b0000 - 0x00007ffa7a3d9000 	C:\WINDOWS\SYSTEM32\profapi.dll
0x00007ffa4d410000 - 0x00007ffa4d41c000 	C:\Program Files\Processing\app\resources\jdk-17.0.14+7\bin\dt_socket.dll
0x00007ffa78c30000 - 0x00007ffa78c62000 	C:\WINDOWS\SYSTEM32\IPHLPAPI.DLL
0x00007ffa79790000 - 0x00007ffa797fc000 	C:\WINDOWS\system32\mswsock.dll
0x00007ffa4ce10000 - 0x00007ffa4ce29000 	C:\Program Files\Processing\app\resources\jdk-17.0.14+7\bin\net.dll
0x00007ffa775b0000 - 0x00007ffa776d9000 	C:\WINDOWS\SYSTEM32\WINHTTP.dll
0x00007ffa4cd70000 - 0x00007ffa4cd86000 	C:\Program Files\Processing\app\resources\jdk-17.0.14+7\bin\nio.dll
0x00007ffa47880000 - 0x00007ffa47898000 	C:\Program Files\Processing\app\resources\jdk-17.0.14+7\bin\zip.dll
0x00007ffa24050000 - 0x00007ffa241e0000 	C:\Program Files\Processing\app\resources\jdk-17.0.14+7\bin\awt.dll
0x00007ffa76060000 - 0x00007ffa76100000 	C:\WINDOWS\SYSTEM32\apphelp.dll
0x00007ffa77ee0000 - 0x00007ffa77f8a000 	C:\WINDOWS\system32\uxtheme.dll
0x00007ffa7b890000 - 0x00007ffa7b9ec000 	C:\WINDOWS\System32\MSCTF.dll
0x00007ffa7ba40000 - 0x00007ffa7bbd7000 	C:\WINDOWS\System32\ole32.dll
0x00007ffa781d0000 - 0x00007ffa781ff000 	C:\WINDOWS\system32\DWMAPI.DLL
0x00007ffa33d40000 - 0x00007ffa33e4f000 	C:\WINDOWS\system32\opengl32.dll
0x00007ffa36620000 - 0x00007ffa3664d000 	C:\WINDOWS\SYSTEM32\GLU32.dll
0x00007ffa77ff0000 - 0x00007ffa78035000 	C:\WINDOWS\SYSTEM32\dxcore.dll
0x00007ffa79a70000 - 0x00007ffa79a8b000 	C:\WINDOWS\SYSTEM32\CRYPTSP.dll
0x00007ffa79180000 - 0x00007ffa791b9000 	C:\WINDOWS\system32\rsaenh.dll
0x00007ffa79840000 - 0x00007ffa79873000 	C:\WINDOWS\SYSTEM32\USERENV.dll
0x00007ffa7a380000 - 0x00007ffa7a3aa000 	C:\WINDOWS\SYSTEM32\bcrypt.dll
0x00007ffa79a90000 - 0x00007ffa79a9c000 	C:\WINDOWS\SYSTEM32\CRYPTBASE.dll
0x00007ffa7cc00000 - 0x00007ffa7cc0a000 	C:\WINDOWS\System32\NSI.dll
0x00007ffa77800000 - 0x00007ffa7781d000 	C:\WINDOWS\SYSTEM32\dhcpcsvc6.DLL
0x00007ffa77750000 - 0x00007ffa77775000 	C:\WINDOWS\SYSTEM32\dhcpcsvc.DLL
0x00007ffa78ce0000 - 0x00007ffa78e12000 	C:\WINDOWS\SYSTEM32\DNSAPI.dll
0x00007ffa44850000 - 0x00007ffa44863000 	C:\Users\danil\AppData\Local\Temp\jogamp_0000\file_cache\jln7276723787525772910\jln17404182573725371620\natives\windows-amd64\gluegen_rt.dll
0x00007ffa4d400000 - 0x00007ffa4d407000 	C:\Program Files\Processing\app\resources\jdk-17.0.14+7\bin\jawt.dll
0x00007ffa4cd50000 - 0x00007ffa4cd5d000 	C:\Users\danil\AppData\Local\Temp\jogamp_0000\file_cache\jln7276723787525772910\jln17404182573725371620\natives\windows-amd64\nativewindow_awt.dll
0x00007ffa419e0000 - 0x00007ffa419f5000 	C:\Users\danil\AppData\Local\Temp\jogamp_0000\file_cache\jln7276723787525772910\jln17404182573725371620\natives\windows-amd64\nativewindow_win32.dll
0x00007ffa3fac0000 - 0x00007ffa3fb43000 	C:\Users\danil\AppData\Local\Temp\jogamp_0000\file_cache\jln7276723787525772910\jln17404182573725371620\natives\windows-amd64\jogl_desktop.dll
0x00007ffa24380000 - 0x00007ffa243d2000 	C:\Users\danil\AppData\Local\Temp\jogamp_0000\file_cache\jln7276723787525772910\jln17404182573725371620\natives\windows-amd64\jogl_mobile.dll
0x00007ffa73470000 - 0x00007ffa734d1000 	C:\WINDOWS\SYSTEM32\directxdatabasehelper.dll
0x00007ffa665e0000 - 0x00007ffa665fd000 	C:\WINDOWS\SYSTEM32\windows.staterepositorycore.dll
0x00007ff9b0460000 - 0x00007ff9b1433000 	C:\WINDOWS\System32\DriverStore\FileRepository\iigd_dch.inf_amd64_225f37aa3862fc3f\igxelpicd64.dll
0x00007ffa78040000 - 0x00007ffa7817e000 	C:\WINDOWS\system32\dxgi.dll
0x00007ff9ec6a0000 - 0x00007ff9ecb27000 	C:\WINDOWS\System32\DriverStore\FileRepository\iigd_dch.inf_amd64_225f37aa3862fc3f\igdml64.dll
0x00007ffa7a000000 - 0x00007ffa7a051000 	C:\WINDOWS\SYSTEM32\cfgmgr32.dll
0x00007ffa704b0000 - 0x00007ffa70871000 	C:\WINDOWS\System32\DriverStore\FileRepository\iigd_dch.inf_amd64_225f37aa3862fc3f\igdgmm64.dll
0x00007ffa6d290000 - 0x00007ffa70496000 	C:\WINDOWS\System32\DriverStore\FileRepository\iigd_dch.inf_amd64_225f37aa3862fc3f\igc64.dll
0x00007ffa41800000 - 0x00007ffa41819000 	C:\Users\danil\AppData\Local\Temp\jogamp_0000\file_cache\jln7276723787525772910\jln17404182573725371620\natives\windows-amd64\newt_head.dll
0x00007ffa6bce0000 - 0x00007ffa6bd9f000 	C:\WINDOWS\SYSTEM32\mscms.dll
0x00007ffa111b0000 - 0x00007ffa111f9000 	C:\WINDOWS\SYSTEM32\icm32.dll
0x00007ffa7cc70000 - 0x00007ffa7d0f7000 	C:\WINDOWS\System32\setupapi.dll
0x00007ffa79fd0000 - 0x00007ffa79ffd000 	C:\WINDOWS\SYSTEM32\DEVOBJ.dll
0x00007ffa7b4e0000 - 0x00007ffa7b562000 	C:\WINDOWS\System32\WINTRUST.dll
0x00007ffa7b660000 - 0x00007ffa7b7d8000 	C:\WINDOWS\System32\CRYPT32.dll
0x00007ffa79ba0000 - 0x00007ffa79bb3000 	C:\WINDOWS\SYSTEM32\MSASN1.dll
0x00007ffa4d4c0000 - 0x00007ffa4d606000 	C:\WINDOWS\SYSTEM32\textinputframework.dll
0x00007ffa76ea0000 - 0x00007ffa76fc7000 	C:\WINDOWS\SYSTEM32\CoreMessaging.dll
0x00007ffa726c0000 - 0x00007ffa729a2000 	C:\WINDOWS\SYSTEM32\CoreUIComponents.dll
0x00007ffa737b0000 - 0x00007ffa7391a000 	C:\WINDOWS\SYSTEM32\wintypes.dll

dbghelp: loaded successfully - version: 4.0.5 - missing functions: none
symbol engine: initialized successfully - sym options: 0x614 - pdb path: .;C:\Program Files\Processing\app\resources\jdk-17.0.14+7\bin;C:\WINDOWS\SYSTEM32;C:\WINDOWS\WinSxS\amd64_microsoft.windows.common-controls_6595b64144ccf1df_6.0.26100.8457_none_3e0b2faee331e92d;C:\Program Files\Processing\app\resources\jdk-17.0.14+7\bin\server;C:\Users\danil\AppData\Local\Temp\jogamp_0000\file_cache\jln7276723787525772910\jln17404182573725371620\natives\windows-amd64;C:\WINDOWS\System32\DriverStore\FileRepository\iigd_dch.inf_amd64_225f37aa3862fc3f

VM Arguments:
jvm_args: -agentlib:jdwp=transport=dt_socket,address=8484,server=y,suspend=y,quiet=y -Xms64m -Xmx1024m -Djna.nosys=true -Djava.library.path=;C:\Program Files\Processing\app\resources\core\library;C:\Program Files\Processing;C:\WINDOWS\system32;C:\WINDOWS;C:\Program Files\PlasticSCM5\server;C:\Program Files\PlasticSCM5\client;C:\Program Files\Common Files\Oracle\Java\javapath;C:\Program Files (x86)\Common Files\Oracle\Java\javapath;C:\Windows\System32\HWAudioDriverLibs;C:\Windows\system32;C:\Windows;C:\Windows\System32\Wbem;C:\Windows\System32\WindowsPowerShell\v1.0;C:\Windows\System32\OpenSSH;C:\Program Files\Microsoft SQL Server\150\Tools\Binn;C:\Program Files\Microsoft SQL Server\Client SDK\ODBC\170\Tools\Binn;C:\Program Files\dotnet;D:\Windows Kits\10\Windows Performance Toolkit;C:\Program Files\Java\jdk-23\bin;C:\WINDOWS\system32;C:\WINDOWS;C:\WINDOWS\System32\Wbem;C:\WINDOWS\System32\WindowsPowerShell\v1.0;C:\WINDOWS\System32\OpenSSH;C:\Program Files\nodejs;C:\Program Files\Docker\Docker\resources\bin;C:\Program Files\TortoiseGit\bin;C:\Program Files\Git\cmd;C:\Users\danil\AppData\Local\Programs\Python\Python312\Scripts;C:\Users\danil\AppData\Local\Programs\Python\Python312;C:\Users\danil\AppData\Local\Microsoft\WindowsApps;C:\Users\danil\AppData\Local\Programs\Microsoft VS Code\bin;C:\Users\danil\AppData\Roaming\npm;D:\DataBase\18\bin;C:\Program Files\Processing\app;. -ea 
java_command: processing.core.PApplet --editor-location=-7,-7 --external --display=1 --sketch-path=C:\Users\danil\Desktop\Gravity_simul Gravity_simul
java_class_path (initial): C:\Users\danil\AppData\Local\Temp\processing\Gravity_simul15091405972484648832temp;C:\Program Files\Processing\app\resources\core\library\annotations-13.0.jar;C:\Program Files\Processing\app\resources\core\library\antlr-2.7.7.jar;C:\Program Files\Processing\app\resources\core\library\core-4.4.1.jar;C:\Program Files\Processing\app\resources\core\library\gluegen-rt-2.5.0-natives-android-aarch64.jar;C:\Program Files\Processing\app\resources\core\library\gluegen-rt-2.5.0-natives-linux-aarch64.jar;C:\Program Files\Processing\app\resources\core\library\gluegen-rt-2.5.0-natives-linux-amd64.jar;C:\Program Files\Processing\app\resources\core\library\gluegen-rt-2.5.0-natives-linux-armv6hf.jar;C:\Program Files\Processing\app\resources\core\library\gluegen-rt-2.5.0-natives-macosx-universal.jar;C:\Program Files\Processing\app\resources\core\library\gluegen-rt-2.5.0-natives-windows-amd64.jar;C:\Program Files\Processing\app\resources\core\library\gluegen-rt-2.5.0.jar;C:\Program Files\Processing\app\resources\core\library\gluegen-rt-main-2.5.0.jar;C:\Program Files\Processing\app\resources\core\library\jogl-all-2.5.0-natives-android-aarch64.jar;C:\Program Files\Processing\app\resources\core\library\jogl-all-2.5.0-natives-linux-aarch64.jar;C:\Program Files\Processing\app\resources\core\library\jogl-all-2.5.0-natives-linux-amd64.jar;C:\Program Files\Processing\app\resources\core\library\jogl-all-2.5.0-natives-linux-armv6hf.jar;C:\Program Files\Processing\app\resources\core\library\jogl-all-2.5.0-natives-macosx-universal.jar;C:\Program Files\Processing\app\resources\core\library\jogl-all-2.5.0-natives-windows-amd64.jar;C:\Program Files\Processing\app\resources\core\library\jogl-all-2.5.0.jar;C:\Program Files\Processing\app\resources\core\library\jogl-all-main-2.5.0.jar;C:\Program Files\Processing\app\resources\core\library\kotlin-stdlib-2.0.20.jar
Launcher Type: SUN_STANDARD

[Global flags]
     intx CICompilerCount                          = 4                                         {product} {ergonomic}
     uint ConcGCThreads                            = 2                                         {product} {ergonomic}
     uint G1ConcRefinementThreads                  = 8                                         {product} {ergonomic}
   size_t G1HeapRegionSize                         = 1048576                                   {product} {ergonomic}
    uintx GCDrainStackTargetSize                   = 64                                        {product} {ergonomic}
   size_t InitialHeapSize                          = 67108864                                  {product} {command line}
   size_t MarkStackSize                            = 4194304                                   {product} {ergonomic}
   size_t MaxHeapSize                              = 1073741824                                {product} {command line}
   size_t MaxNewSize                               = 643825664                                 {product} {ergonomic}
   size_t MinHeapDeltaBytes                        = 1048576                                   {product} {ergonomic}
   size_t MinHeapSize                              = 67108864                                  {product} {command line}
    uintx NonNMethodCodeHeapSize                   = 5839372                                {pd product} {ergonomic}
    uintx NonProfiledCodeHeapSize                  = 122909434                              {pd product} {ergonomic}
    uintx ProfiledCodeHeapSize                     = 122909434                              {pd product} {ergonomic}
    uintx ReservedCodeCacheSize                    = 251658240                              {pd product} {ergonomic}
     bool SegmentedCodeCache                       = true                                      {product} {ergonomic}
   size_t SoftMaxHeapSize                          = 1073741824                             {manageable} {ergonomic}
     bool UseCompressedClassPointers               = true                           {product lp64_product} {ergonomic}
     bool UseCompressedOops                        = true                           {product lp64_product} {ergonomic}
     bool UseG1GC                                  = true                                      {product} {ergonomic}
     bool UseLargePagesIndividualAllocation        = false                                  {pd product} {ergonomic}

Logging:
Log output configuration:
 #0: stdout all=off uptime,level,tags
 #1: stderr all=off uptime,level,tags

Environment Variables:
JAVA_HOME=C:\Program Files\Java\jdk-23
PATH=C:\Program Files\PlasticSCM5\server;C:\Program Files\PlasticSCM5\client;C:\Program Files\Common Files\Oracle\Java\javapath;C:\Program Files (x86)\Common Files\Oracle\Java\javapath;C:\Windows\System32\HWAudioDriverLibs;C:\Windows\system32;C:\Windows;C:\Windows\System32\Wbem;C:\Windows\System32\WindowsPowerShell\v1.0\;C:\Windows\System32\OpenSSH\;C:\Users\Administrator\AppData\Local\Microsoft\WindowsApps;C:\Program Files\Microsoft SQL Server\150\Tools\Binn\;C:\Program Files\Microsoft SQL Server\Client SDK\ODBC\170\Tools\Binn\;C:\Program Files\dotnet\;D:\Windows Kits\10\Windows Performance Toolkit\;C:\Program Files\Java\jdk-23\bin;C:\WINDOWS\system32;C:\WINDOWS;C:\WINDOWS\System32\Wbem;C:\WINDOWS\System32\WindowsPowerShell\v1.0\;C:\WINDOWS\System32\OpenSSH\;C:\Program Files\nodejs\;C:\Program Files\Docker\Docker\resources\bin;C:\Program Files\TortoiseGit\bin;C:\Program Files\Git\cmd;C:\Users\danil\AppData\Local\Programs\Python\Python312\Scripts\;C:\Users\danil\AppData\Local\Programs\Python\Python312\;C:\Users\danil\AppData\Local\Microsoft\WindowsApps;C:\Users\danil\.dotnet\tools;C:\Users\danil\AppData\Local\Programs\Microsoft VS Code\bin;C:\Users\danil\AppData\Roaming\npm;D:\DataBase\18\bin;C:\Program Files\Processing\app
USERNAME=danil
OS=Windows_NT
PROCESSOR_IDENTIFIER=Intel64 Family 6 Model 140 Stepping 2, GenuineIntel
TMP=C:\Users\danil\AppData\Local\Temp
TEMP=C:\Users\danil\AppData\Local\Temp



Periodic native trim disabled


---------------  S Y S T E M  ---------------

OS:
 Windows 11 , 64 bit Build 26100 (10.0.26100.8328)
OS uptime: 0 days 3:58 hours
Hyper-V role detected

CPU: total 8 (initial active 8) (4 cores per cpu, 2 threads per core) family 6 model 140 stepping 2 microcode 0x16, cx8, cmov, fxsr, ht, mmx, 3dnowpref, sse, sse2, sse3, ssse3, sse4.1, sse4.2, popcnt, lzcnt, tsc, tscinvbit, avx, avx2, aes, erms, clmul, bmi1, bmi2, adx, avx512f, avx512dq, avx512cd, avx512bw, avx512vl, sha, fma, vzeroupper, avx512_vpopcntdq, avx512_vpclmulqdq, avx512_vaes, avx512_vnni, clflush, clflushopt, clwb, avx512_vbmi2, avx512_vbmi, hv
Processor Information for all 8 processors :
  Max Mhz: 2496, Current Mhz: 2496, Mhz Limit: 2496

Memory: 4k page, system-wide physical 7975M (2310M free)
TotalPageFile size 17703M (AvailPageFile size 8019M)
current process WorkingSet (physical memory assigned to process): 726M, peak: 738M
current process commit charge ("private bytes"): 738M, peak: 762M

vm_info: OpenJDK 64-Bit Server VM (17.0.14+7) for windows-amd64 JRE (17.0.14+7), built on Jan 21 2025 23:40:15 by "admin" with MS VC++ 17.7 (VS2022)

END.
