#
# A fatal error has been detected by the Java Runtime Environment:
#
#  EXCEPTION_ACCESS_VIOLATION (0xc0000005) at pc=0x00007ff9b069b386, pid=31572, tid=34860
#
# JRE version: OpenJDK Runtime Environment Temurin-17.0.14+7 (17.0.14+7) (build 17.0.14+7)
# Java VM: OpenJDK 64-Bit Server VM Temurin-17.0.14+7 (17.0.14+7, mixed mode, sharing, tiered, compressed oops, compressed class ptrs, g1 gc, windows-amd64)
# Problematic frame:
# C  [igxelpicd64.dll+0x23b386]
#
# No core dump will be written. Minidumps are not enabled by default on client versions of Windows
#
# If you would like to submit a bug report, please visit:
#   https://github.com/adoptium/adoptium-support/issues
#

---------------  S U M M A R Y ------------

Command Line: -agentlib:jdwp=transport=dt_socket,address=8775,server=y,suspend=y,quiet=y -Xms64m -Xmx1024m -Djna.nosys=true -Djava.library.path=;C:\Program Files\Processing\app\resources\core\library;C:\Program Files\Processing;C:\WINDOWS\system32;C:\WINDOWS;C:\Program Files\PlasticSCM5\server;C:\Program Files\PlasticSCM5\client;C:\Program Files\Common Files\Oracle\Java\javapath;C:\Program Files (x86)\Common Files\Oracle\Java\javapath;C:\Windows\System32\HWAudioDriverLibs;C:\Windows\system32;C:\Windows;C:\Windows\System32\Wbem;C:\Windows\System32\WindowsPowerShell\v1.0;C:\Windows\System32\OpenSSH;C:\Program Files\Microsoft SQL Server\150\Tools\Binn;C:\Program Files\Microsoft SQL Server\Client SDK\ODBC\170\Tools\Binn;C:\Program Files\dotnet;D:\Windows Kits\10\Windows Performance Toolkit;C:\Program Files\Java\jdk-23\bin;C:\WINDOWS\system32;C:\WINDOWS;C:\WINDOWS\System32\Wbem;C:\WINDOWS\System32\WindowsPowerShell\v1.0;C:\WINDOWS\System32\OpenSSH;C:\Program Files\nodejs;C:\Program Files\Docker\Docker\resources\bin;C:\Program Files\TortoiseGit\bin;C:\Program Files\Git\cmd;C:\Users\danil\AppData\Local\Programs\Python\Python312\Scripts;C:\Users\danil\AppData\Local\Programs\Python\Python312;C:\Users\danil\AppData\Local\Microsoft\WindowsApps;C:\Users\danil\AppData\Local\Programs\Microsoft VS Code\bin;C:\Users\danil\AppData\Roaming\npm;D:\DataBase\18\bin;C:\Program Files\Processing\app;. -ea processing.core.PApplet --editor-location=-7,-7 --external --display=1 --sketch-path=C:\Users\danil\Desktop\Gravity_simul Gravity_simul

Host: 11th Gen Intel(R) Core(TM) i5-1155G7 @ 2.50GHz, 8 cores, 7G,  Windows 11 , 64 bit Build 26100 (10.0.26100.8328)
Time: Sat Jun 27 23:38:20 2026 RTZ 3 (s 11 , 64 bit Build 26100 (10.0.26100.8328) elapsed time: 7.105564 seconds (0d 0h 0m 7s)

---------------  T H R E A D  ---------------

Current thread (0x0000025da8debbf0):  VMThread "VM Thread" [stack: 0x000000b5fc400000,0x000000b5fc500000] [id=34860]

Stack: [0x000000b5fc400000,0x000000b5fc500000],  sp=0x000000b5fc4fe000,  free space=1016k
Native frames: (J=compiled Java code, j=interpreted, Vv=VM code, C=native code)
C  [igxelpicd64.dll+0x23b386]


siginfo: EXCEPTION_ACCESS_VIOLATION (0xc0000005), reading address 0x0000000000035468


Registers:
RAX=0x0000025df13326b0, RBX=0x0000025deeb94b10, RCX=0x0000000000000004, RDX=0x0000000000000000
RSP=0x000000b5fc4fe000, RBP=0x0000000000000000, RSI=0x0000025df13324b0, RDI=0x0000025dee620300
R8 =0x0000025df13325b0, R9 =0x000000b5fb891000, R10=0x0000000000000000, R11=0x0000000000000246
R12=0x0000025df13324b0, R13=0x0000000000000000, R14=0x0000025df13329f8, R15=0x0000025df1335330
RIP=0x00007ff9b069b386, EFLAGS=0x0000000000010202


Register to memory mapping:

RIP=0x00007ff9b069b386 igxelpicd64.dll
RAX=0x0000025df13326b0 points into unknown readable memory: 0x0000000000006296 | 96 62 00 00 00 00 00 00
RBX=0x0000025deeb94b10 points into unknown readable memory: 0xffffffffffffffff | ff ff ff ff ff ff ff ff
RCX=0x0000000000000004 is an unknown value
RDX=0x0 is NULL
RSP=0x000000b5fc4fe000 points into unknown readable memory: 0x0000025deeb94b10 | 10 4b b9 ee 5d 02 00 00
RBP=0x0 is NULL
RSI=0x0000025df13324b0 points into unknown readable memory: 0x0000025deebf9850 | 50 98 bf ee 5d 02 00 00
RDI=0x0000025dee620300 points into unknown readable memory: 0x502f6c676e657000 | 00 70 65 6e 67 6c 2f 50
R8 =0x0000025df13325b0 points into unknown readable memory: 0x0000000000000000 | 00 00 00 00 00 00 00 00
R9 =0x000000b5fb891000 points into unknown readable memory: 0x0000000000000000 | 00 00 00 00 00 00 00 00
R10=0x0 is NULL
R11=0x0000000000000246 is an unknown value
R12=0x0000025df13324b0 points into unknown readable memory: 0x0000025deebf9850 | 50 98 bf ee 5d 02 00 00
R13=0x0 is NULL
R14=0x0000025df13329f8 points into unknown readable memory: 0x0000025df1335330 | 30 53 33 f1 5d 02 00 00
R15=0x0000025df1335330 points into unknown readable memory: 0x0000025deebf9850 | 50 98 bf ee 5d 02 00 00


Top of Stack: (sp=0x000000b5fc4fe000)
0x000000b5fc4fe000:   0000025deeb94b10 00007ff9b04d0ab4
0x000000b5fc4fe010:   0000000000000000 0000025df118a2e0
0x000000b5fc4fe020:   0000001600000000 0000000000000000
0x000000b5fc4fe030:   0000025d00000000 0000025df11864c0
0x000000b5fc4fe040:   0000025deeb94b10 0000025df1149f40
0x000000b5fc4fe050:   0000025df3780504 0000025df3459000
0x000000b5fc4fe060:   02db39a602a81c00 0000025df118a8e0
0x000000b5fc4fe070:   00b3e9a603a7cba6 00007000196fe000
0x000000b5fc4fe080:   0326f4a70133c2a7 031e5ea90399e2a8
0x000000b5fc4fe090:   036a28aa00000000 035b9aaa02fe53aa
0x000000b5fc4fe0a0:   022dceaa02eccdaa 02fe53ab02bf12ab
0x000000b5fc4fe0b0:   02b97dab02e266ab 036fedab021f82ab
0x000000b5fc4fe0c0:   03990eac01e702ac 02c01eac039d16ac
0x000000b5fc4fe0d0:   0000000000000000 0000000000000000
0x000000b5fc4fe0e0:   0366020000000000 00007ffa7dbc5b54
0x000000b5fc4fe0f0:   0000000000000000 0000000000000000
0x000000b5fc4fe100:   000000b5fc4fe2a0 00007ffa7be21259
0x000000b5fc4fe110:   000000b5fc4fe198 0000000000000000
0x000000b5fc4fe120:   0000000000000054 0000000000000000
0x000000b5fc4fe130:   0000000000000000 00007ffa7dbc5cc4
0x000000b5fc4fe140:   000000007a000004 005273b3035461b3
0x000000b5fc4fe150:   0000eb80c61c13dd 001040007a000004
0x000000b5fc4fe160:   0000025df117eb78 0000000000006722
0x000000b5fc4fe170:   0000000000000000 0000000000000016
0x000000b5fc4fe180:   0000000000000000 0000000000000000
0x000000b5fc4fe190:   000000b5fc4fe2a0 00007ff9b06c82ae
0x000000b5fc4fe1a0:   0000025dee620300 0000000000000000
0x000000b5fc4fe1b0:   0000025dee620300 000010027a000004
0x000000b5fc4fe1c0:   000000b5000009e8 0000740400870000
0x000000b5fc4fe1d0:   0000000000000000 033838be036430be
0x000000b5fc4fe1e0:   0000000000000000 000010027a000004
0x000000b5fc4fe1f0:   038ec2bf02f831bf 0000000000000000 

Instructions: (pc=0x00007ff9b069b386)
0x00007ff9b069b286:   00 90 4c 8b bf 80 02 00 00 48 8b 05 9a 85 bd 00
0x00007ff9b069b296:   8b 80 c8 0a 00 00 89 44 24 24 c6 44 24 20 00 48
0x00007ff9b069b2a6:   c7 87 80 02 00 00 00 00 00 00 c7 87 88 02 00 00
0x00007ff9b069b2b6:   00 00 00 00 48 c7 87 a0 02 00 00 00 00 00 00 48
0x00007ff9b069b2c6:   c7 87 90 02 00 00 00 00 00 00 48 85 ed 75 3d 8b
0x00007ff9b069b2d6:   35 0d 77 cd 00 65 48 8b 04 25 58 00 00 00 b9 14
0x00007ff9b069b2e6:   00 00 00 48 8b 04 f0 40 38 2c 01 0f 84 c9 e7 75
0x00007ff9b069b2f6:   00 65 48 8b 04 25 58 00 00 00 bd 20 00 00 00 48
0x00007ff9b069b306:   8b 04 f0 48 8b 2c 28 48 89 6c 24 28 48 3b 2d 07
0x00007ff9b069b316:   9b cd 00 0f 84 9b 10 00 00 4d 85 ff 0f 84 3a 01
0x00007ff9b069b326:   00 00 0f 1f 84 00 00 00 00 00 49 8b f7 4d 8b e7
0x00007ff9b069b336:   4d 8d b7 48 05 00 00 4d 8b 3e 45 84 ed 0f 85 d9
0x00007ff9b069b346:   0e 00 00 8b 8f d0 01 00 00 48 8b 05 da 84 bd 00
0x00007ff9b069b356:   83 b8 64 03 00 00 02 75 34 4d 8d 84 24 00 01 00
0x00007ff9b069b366:   00 83 f9 10 0f 83 3a 01 00 00 8b c1 48 c1 e0 06
0x00007ff9b069b376:   49 03 c0 48 85 c0 0f 84 9b 01 00 00 48 8b 50 08
0x00007ff9b069b386:   48 3b 95 68 54 03 00 0f 87 b6 0e 00 00 48 83 be
0x00007ff9b069b396:   c0 05 00 00 00 0f 85 50 e7 75 00 44 8b 8f d0 01
0x00007ff9b069b3a6:   00 00 48 8b 87 e8 01 00 00 4c 8b 00 8b 8f d0 01
0x00007ff9b069b3b6:   00 00 48 8d 9e 00 01 00 00 83 f9 10 0f 83 1e 01
0x00007ff9b069b3c6:   00 00 8b c1 48 c1 e0 06 48 03 c3 48 85 c0 0f 84
0x00007ff9b069b3d6:   4a 01 00 00 4c 39 40 08 0f 86 40 01 00 00 48 8b
0x00007ff9b069b3e6:   87 80 02 00 00 49 89 06 48 89 b7 80 02 00 00 ff
0x00007ff9b069b3f6:   87 88 02 00 00 48 8b 4e 08 48 8b 01 ba 01 00 00
0x00007ff9b069b406:   00 48 8b 80 e0 02 00 00 ff 15 f4 c1 88 00 0f b7
0x00007ff9b069b416:   c8 48 2b c1 48 05 00 00 01 00 48 01 87 90 02 00
0x00007ff9b069b426:   00 48 8b 4e 08 48 8b 01 ba 01 00 00 00 48 8b 80
0x00007ff9b069b436:   e0 02 00 00 ff 15 c8 c1 88 00 48 01 87 a0 02 00
0x00007ff9b069b446:   00 0f b6 54 24 20 4d 85 ff 0f 85 db fe ff ff 84
0x00007ff9b069b456:   d2 0f 85 37 0f 00 00 48 8b 5c 24 40 48 8b cf 80
0x00007ff9b069b466:   7c 24 22 00 0f 85 40 0f 00 00 e8 3b f9 ff ff 90
0x00007ff9b069b476:   48 8b cb ff 15 99 bc 88 00 48 8b 8c 24 50 01 00 


Stack slot to memory mapping:
stack at sp + 0 slots: 0x0000025deeb94b10 points into unknown readable memory: 0xffffffffffffffff | ff ff ff ff ff ff ff ff
stack at sp + 1 slots: 0x00007ff9b04d0ab4 igxelpicd64.dll
stack at sp + 2 slots: 0x0 is NULL
stack at sp + 3 slots: 0x0000025df118a2e0 points into unknown readable memory: 0x00000000000006c0 | c0 06 00 00 00 00 00 00
stack at sp + 4 slots: 0x0000001600000000 is an unknown value
stack at sp + 5 slots: 0x0 is NULL
stack at sp + 6 slots: 0x0000025d00000000 is an unknown value
stack at sp + 7 slots: 0x0000025df11864c0 points into unknown readable memory: 0x0000025df1186530 | 30 65 18 f1 5d 02 00 00

VM_Operation (0x000000b5fe7fe710): Exit, mode: safepoint, requested by thread 0x0000025df0f005c0


---------------  P R O C E S S  ---------------

Threads class SMR info:
_java_thread_list=0x0000025df06ad0a0, length=23, elements={
0x0000025da8df0040, 0x0000025da8df2a20, 0x0000025da8e08f80, 0x0000025da8e09850,
0x0000025da8e0a120, 0x0000025da8e0a9f0, 0x0000025da8e0ca10, 0x0000025da8e0f330,
0x0000025da8e15c70, 0x0000025dee0f4a20, 0x0000025dee10b370, 0x0000025dee10d880,
0x0000025dee1126e0, 0x0000025dee11b8a0, 0x0000025dee5d9a10, 0x0000025deeabf520,
0x0000025df0f005c0, 0x0000025df0f00ad0, 0x0000025df0efd830, 0x0000025df0efe760,
0x0000025df0effba0, 0x0000025df0efdd40, 0x0000025df0efec70
}

Java Threads: ( => current thread )
  0x0000025da8df0040 JavaThread "Reference Handler" daemon [_thread_blocked, id=31584, stack(0x000000b5fc500000,0x000000b5fc600000)]
  0x0000025da8df2a20 JavaThread "Finalizer" daemon [_thread_blocked, id=34780, stack(0x000000b5fc600000,0x000000b5fc700000)]
  0x0000025da8e08f80 JavaThread "Signal Dispatcher" daemon [_thread_blocked, id=30560, stack(0x000000b5fc700000,0x000000b5fc800000)]
  0x0000025da8e09850 JavaThread "Attach Listener" daemon [_thread_blocked, id=32776, stack(0x000000b5fc800000,0x000000b5fc900000)]
  0x0000025da8e0a120 JavaThread "Service Thread" daemon [_thread_blocked, id=25596, stack(0x000000b5fc900000,0x000000b5fca00000)]
  0x0000025da8e0a9f0 JavaThread "Monitor Deflation Thread" daemon [_thread_blocked, id=31988, stack(0x000000b5fca00000,0x000000b5fcb00000)]
  0x0000025da8e0ca10 JavaThread "C2 CompilerThread0" daemon [_thread_blocked, id=30780, stack(0x000000b5fcb00000,0x000000b5fcc00000)]
  0x0000025da8e0f330 JavaThread "C1 CompilerThread0" daemon [_thread_blocked, id=30580, stack(0x000000b5fcc00000,0x000000b5fcd00000)]
  0x0000025da8e15c70 JavaThread "Sweeper thread" daemon [_thread_blocked, id=30792, stack(0x000000b5fcd00000,0x000000b5fce00000)]
  0x0000025dee0f4a20 JavaThread "JDWP Transport Listener: dt_socket" daemon [_thread_blocked, id=30808, stack(0x000000b5fce00000,0x000000b5fcf00000)]
  0x0000025dee10b370 JavaThread "JDWP Event Helper Thread" daemon [_thread_blocked, id=23344, stack(0x000000b5fcf00000,0x000000b5fd000000)]
  0x0000025dee10d880 JavaThread "JDWP Command Reader" daemon [_thread_blocked, id=2412, stack(0x000000b5fd000000,0x000000b5fd100000)]
  0x0000025dee1126e0 JavaThread "Notification Thread" daemon [_thread_blocked, id=28084, stack(0x000000b5fd100000,0x000000b5fd200000)]
  0x0000025dee11b8a0 JavaThread "Common-Cleaner" daemon [_thread_blocked, id=30112, stack(0x000000b5fd300000,0x000000b5fd400000)]
  0x0000025dee5d9a10 JavaThread "Java2D Disposer" daemon [_thread_blocked, id=17008, stack(0x000000b5fd400000,0x000000b5fd500000)]
  0x0000025deeabf520 JavaThread "HighResTimerThread" daemon [_thread_blocked, id=25592, stack(0x000000b5fe500000,0x000000b5fe600000)]
  0x0000025df0f005c0 JavaThread "main-FPSAWTAnimator#00-Timer0" [_thread_blocked, id=30104, stack(0x000000b5fe700000,0x000000b5fe800000)]
  0x0000025df0f00ad0 JavaThread "DestroyJavaVM" [_thread_blocked, id=31568, stack(0x000000b5fbe00000,0x000000b5fbf00000)]
  0x0000025df0efd830 JavaThread "pool-1-thread-1" [_thread_blocked, id=28668, stack(0x000000b5fe900000,0x000000b5fea00000)]
  0x0000025df0efe760 JavaThread "pool-1-thread-2" [_thread_blocked, id=8116, stack(0x000000b5fea00000,0x000000b5feb00000)]
  0x0000025df0effba0 JavaThread "pool-1-thread-3" [_thread_blocked, id=46908, stack(0x000000b5feb00000,0x000000b5fec00000)]
  0x0000025df0efdd40 JavaThread "pool-1-thread-4" [_thread_blocked, id=25072, stack(0x000000b5fec00000,0x000000b5fed00000)]
  0x0000025df0efec70 JavaThread "AWT-Shutdown" [_thread_blocked, id=30784, stack(0x000000b5fe600000,0x000000b5fe700000)]

Other Threads:
=>0x0000025da8debbf0 VMThread "VM Thread" [stack: 0x000000b5fc400000,0x000000b5fc500000] [id=34860]
  0x0000025d8cfdca00 GCTaskThread "GC Thread#0" [stack: 0x000000b5fbf00000,0x000000b5fc000000] [id=34796]
  0x0000025deed3f6c0 GCTaskThread "GC Thread#1" [stack: 0x000000b5fdc00000,0x000000b5fdd00000] [id=20040]
  0x0000025deed3f980 GCTaskThread "GC Thread#2" [stack: 0x000000b5fdd00000,0x000000b5fde00000] [id=29728]
  0x0000025deed3fc40 GCTaskThread "GC Thread#3" [stack: 0x000000b5fde00000,0x000000b5fdf00000] [id=32644]
  0x0000025deed3ff00 GCTaskThread "GC Thread#4" [stack: 0x000000b5fdf00000,0x000000b5fe000000] [id=28520]
  0x0000025deed401c0 GCTaskThread "GC Thread#5" [stack: 0x000000b5fe000000,0x000000b5fe100000] [id=41760]
  0x0000025df06ec200 GCTaskThread "GC Thread#6" [stack: 0x000000b5fe100000,0x000000b5fe200000] [id=28768]
  0x0000025df06f04d0 GCTaskThread "GC Thread#7" [stack: 0x000000b5fe200000,0x000000b5fe300000] [id=18624]
  0x0000025d8cfe5860 ConcurrentGCThread "G1 Main Marker" terminated
  0x0000025d8cfe6190 ConcurrentGCThread "G1 Conc#0" [stack: 0x000000b5fc100000,0x000000b5fc200000] [id=31608]
  0x0000025df1080550 ConcurrentGCThread "G1 Conc#1" [stack: 0x000000b5ff200000,0x000000b5ff300000] [id=30512]
  0x0000025da8cb2500 ConcurrentGCThread "G1 Refine#0" terminated
  0x0000025df05474b0 ConcurrentGCThread "G1 Refine#1" terminated
  0x0000025dfe898a30 ConcurrentGCThread "G1 Refine#2" terminated
  0x0000025dfeecbc30 ConcurrentGCThread "G1 Refine#3" terminated
  0x0000025dff549530 ConcurrentGCThread "G1 Refine#4" terminated
  0x0000025df0ceb180 ConcurrentGCThread "G1 Refine#5" terminated
  0x0000025da8cb2ce0 ConcurrentGCThread "G1 Service" terminated

Threads with active compile tasks:

VM state: at safepoint (shutting down)

VM Mutex/Monitor currently owned by a thread:  ([mutex/lock_event])
[0x0000025d8adf7f90] Threads_lock - owner thread: 0x0000025da8debbf0
[0x0000025d8cf99fa0] Heap_lock - owner thread: 0x0000025df0f005c0

Heap address: 0x00000000c0000000, size: 1024 MB, Compressed Oops mode: 32-bit

CDS archive(s) mapped at: [0x0000025da9000000-0x0000025da9bb0000-0x0000025da9bb0000), size 12255232, SharedBaseAddress: 0x0000025da9000000, ArchiveRelocationMode: 1.
Compressed class space mapped at: 0x0000025daa000000-0x0000025dea000000, reserved size: 1073741824
Narrow klass base: 0x0000025da9000000, Narrow klass shift: 0, Narrow klass range: 0x100000000

GC Precious Log:
 CPUs: 8 total, 8 available
 Memory: 7975M
 Large Page Support: Disabled
 NUMA Support: Disabled
 Compressed Oops: Enabled (32-bit)
 Heap Region Size: 1M
 Heap Min Capacity: 64M
 Heap Initial Capacity: 64M
 Heap Max Capacity: 1G
 Pre-touch: Disabled
 Parallel Workers: 8
 Concurrent Workers: 2
 Concurrent Refinement Workers: 8
 Periodic GC: Disabled

Heap:
 garbage-first heap   total 532480K, used 320479K [0x00000000c0000000, 0x0000000100000000)
  region size 1024K, 27 young (27648K), 10 survivors (10240K)
 Metaspace       used 12770K, committed 12992K, reserved 1114112K
  class space    used 918K, committed 1024K, reserved 1048576K

Heap Regions: E=young(eden), S=young(survivor), O=old, HS=humongous(starts), HC=humongous(continues), CS=collection set, F=free, OA=open archive, CA=closed archive, TAMS=top-at-mark-start (previous, next)
|   0|0x00000000c0000000, 0x00000000c0100000, 0x00000000c0100000|100%|HS|  |TAMS 0x00000000c0100000, 0x00000000c0000000| Complete 
|   1|0x00000000c0100000, 0x00000000c0200000, 0x00000000c0200000|100%| O|  |TAMS 0x00000000c0200000, 0x00000000c0100000| Untracked 
|   2|0x00000000c0200000, 0x00000000c0300000, 0x00000000c0300000|100%| O|  |TAMS 0x00000000c0300000, 0x00000000c0200000| Untracked 
|   3|0x00000000c0300000, 0x00000000c0400000, 0x00000000c0400000|100%| O|  |TAMS 0x00000000c0400000, 0x00000000c0300000| Untracked 
|   4|0x00000000c0400000, 0x00000000c0500000, 0x00000000c0500000|100%| O|  |TAMS 0x00000000c0500000, 0x00000000c0400000| Untracked 
|   5|0x00000000c0500000, 0x00000000c0600000, 0x00000000c0600000|100%| O|  |TAMS 0x00000000c0600000, 0x00000000c0500000| Untracked 
|   6|0x00000000c0600000, 0x00000000c0700000, 0x00000000c0700000|100%| O|  |TAMS 0x00000000c0700000, 0x00000000c0600000| Untracked 
|   7|0x00000000c0700000, 0x00000000c0800000, 0x00000000c0800000|100%| O|  |TAMS 0x00000000c0800000, 0x00000000c0700000| Untracked 
|   8|0x00000000c0800000, 0x00000000c0900000, 0x00000000c0900000|100%| O|  |TAMS 0x00000000c0900000, 0x00000000c0800000| Untracked 
|   9|0x00000000c0900000, 0x00000000c0a00000, 0x00000000c0a00000|100%| O|  |TAMS 0x00000000c0a00000, 0x00000000c0900000| Untracked 
|  10|0x00000000c0a00000, 0x00000000c0b00000, 0x00000000c0b00000|100%| O|  |TAMS 0x00000000c0b00000, 0x00000000c0a00000| Untracked 
|  11|0x00000000c0b00000, 0x00000000c0c00000, 0x00000000c0c00000|100%| O|  |TAMS 0x00000000c0c00000, 0x00000000c0b00000| Untracked 
|  12|0x00000000c0c00000, 0x00000000c0d00000, 0x00000000c0d00000|100%| O|  |TAMS 0x00000000c0d00000, 0x00000000c0c00000| Untracked 
|  13|0x00000000c0d00000, 0x00000000c0e00000, 0x00000000c0e00000|100%| O|  |TAMS 0x00000000c0e00000, 0x00000000c0d00000| Untracked 
|  14|0x00000000c0e00000, 0x00000000c0f00000, 0x00000000c0f00000|100%| O|  |TAMS 0x00000000c0f00000, 0x00000000c0e00000| Untracked 
|  15|0x00000000c0f00000, 0x00000000c1000000, 0x00000000c1000000|100%| O|  |TAMS 0x00000000c1000000, 0x00000000c0f00000| Untracked 
|  16|0x00000000c1000000, 0x00000000c1100000, 0x00000000c1100000|100%| O|  |TAMS 0x00000000c1100000, 0x00000000c1000000| Untracked 
|  17|0x00000000c1100000, 0x00000000c1100000, 0x00000000c1200000|  0%| F|  |TAMS 0x00000000c1100000, 0x00000000c1100000| Untracked 
|  18|0x00000000c1200000, 0x00000000c1200000, 0x00000000c1300000|  0%| F|  |TAMS 0x00000000c1200000, 0x00000000c1200000| Untracked 
|  19|0x00000000c1300000, 0x00000000c1300000, 0x00000000c1400000|  0%| F|  |TAMS 0x00000000c1300000, 0x00000000c1300000| Untracked 
|  20|0x00000000c1400000, 0x00000000c1400000, 0x00000000c1500000|  0%| F|  |TAMS 0x00000000c1400000, 0x00000000c1400000| Untracked 
|  21|0x00000000c1500000, 0x00000000c1500000, 0x00000000c1600000|  0%| F|  |TAMS 0x00000000c1500000, 0x00000000c1500000| Untracked 
|  22|0x00000000c1600000, 0x00000000c1700000, 0x00000000c1700000|100%| O|  |TAMS 0x00000000c1700000, 0x00000000c1600000| Untracked 
|  23|0x00000000c1700000, 0x00000000c1800000, 0x00000000c1800000|100%| O|  |TAMS 0x00000000c1800000, 0x00000000c1700000| Complete 
|  24|0x00000000c1800000, 0x00000000c1900000, 0x00000000c1900000|100%| O|  |TAMS 0x00000000c1900000, 0x00000000c1800000| Untracked 
|  25|0x00000000c1900000, 0x00000000c1900000, 0x00000000c1a00000|  0%| F|  |TAMS 0x00000000c1900000, 0x00000000c1900000| Untracked 
|  26|0x00000000c1a00000, 0x00000000c1a00000, 0x00000000c1b00000|  0%| F|  |TAMS 0x00000000c1a00000, 0x00000000c1a00000| Untracked 
|  27|0x00000000c1b00000, 0x00000000c1b00000, 0x00000000c1c00000|  0%| F|  |TAMS 0x00000000c1b00000, 0x00000000c1b00000| Untracked 
|  28|0x00000000c1c00000, 0x00000000c1c00000, 0x00000000c1d00000|  0%| F|  |TAMS 0x00000000c1c00000, 0x00000000c1c00000| Untracked 
|  29|0x00000000c1d00000, 0x00000000c1e00000, 0x00000000c1e00000|100%| O|  |TAMS 0x00000000c1e00000, 0x00000000c1d00000| Untracked 
|  30|0x00000000c1e00000, 0x00000000c1f00000, 0x00000000c1f00000|100%| O|  |TAMS 0x00000000c1f00000, 0x00000000c1e00000| Untracked 
|  31|0x00000000c1f00000, 0x00000000c2000000, 0x00000000c2000000|100%| O|  |TAMS 0x00000000c2000000, 0x00000000c1f00000| Untracked 
|  32|0x00000000c2000000, 0x00000000c2100000, 0x00000000c2100000|100%| O|  |TAMS 0x00000000c2100000, 0x00000000c2000000| Untracked 
|  33|0x00000000c2100000, 0x00000000c2100000, 0x00000000c2200000|  0%| F|  |TAMS 0x00000000c2100000, 0x00000000c2100000| Untracked 
|  34|0x00000000c2200000, 0x00000000c2300000, 0x00000000c2300000|100%|HS|  |TAMS 0x00000000c2300000, 0x00000000c2200000| Complete 
|  35|0x00000000c2300000, 0x00000000c2400000, 0x00000000c2400000|100%|HC|  |TAMS 0x00000000c2400000, 0x00000000c2300000| Complete 
|  36|0x00000000c2400000, 0x00000000c2500000, 0x00000000c2500000|100%|HS|  |TAMS 0x00000000c2500000, 0x00000000c2400000| Complete 
|  37|0x00000000c2500000, 0x00000000c2600000, 0x00000000c2600000|100%|HS|  |TAMS 0x00000000c2600000, 0x00000000c2500000| Complete 
|  38|0x00000000c2600000, 0x00000000c2700000, 0x00000000c2700000|100%|HC|  |TAMS 0x00000000c2700000, 0x00000000c2600000| Complete 
|  39|0x00000000c2700000, 0x00000000c2800000, 0x00000000c2800000|100%|HS|  |TAMS 0x00000000c2800000, 0x00000000c2700000| Complete 
|  40|0x00000000c2800000, 0x00000000c2900000, 0x00000000c2900000|100%|HC|  |TAMS 0x00000000c2900000, 0x00000000c2800000| Complete 
|  41|0x00000000c2900000, 0x00000000c2a00000, 0x00000000c2a00000|100%|HS|  |TAMS 0x00000000c2a00000, 0x00000000c2900000| Complete 
|  42|0x00000000c2a00000, 0x00000000c2b00000, 0x00000000c2b00000|100%|HS|  |TAMS 0x00000000c2b00000, 0x00000000c2a00000| Complete 
|  43|0x00000000c2b00000, 0x00000000c2c00000, 0x00000000c2c00000|100%|HS|  |TAMS 0x00000000c2c00000, 0x00000000c2b00000| Complete 
|  44|0x00000000c2c00000, 0x00000000c2d00000, 0x00000000c2d00000|100%|HS|  |TAMS 0x00000000c2d00000, 0x00000000c2c00000| Complete 
|  45|0x00000000c2d00000, 0x00000000c2e00000, 0x00000000c2e00000|100%|HS|  |TAMS 0x00000000c2e00000, 0x00000000c2d00000| Complete 
|  46|0x00000000c2e00000, 0x00000000c2f00000, 0x00000000c2f00000|100%|HS|  |TAMS 0x00000000c2f00000, 0x00000000c2e00000| Complete 
|  47|0x00000000c2f00000, 0x00000000c2f00000, 0x00000000c3000000|  0%| F|  |TAMS 0x00000000c2f00000, 0x00000000c2f00000| Untracked 
|  48|0x00000000c3000000, 0x00000000c3000000, 0x00000000c3100000|  0%| F|  |TAMS 0x00000000c3000000, 0x00000000c3000000| Untracked 
|  49|0x00000000c3100000, 0x00000000c3100000, 0x00000000c3200000|  0%| F|  |TAMS 0x00000000c3100000, 0x00000000c3100000| Untracked 
|  50|0x00000000c3200000, 0x00000000c3200000, 0x00000000c3300000|  0%| F|  |TAMS 0x00000000c3200000, 0x00000000c3200000| Untracked 
|  51|0x00000000c3300000, 0x00000000c3300000, 0x00000000c3400000|  0%| F|  |TAMS 0x00000000c3300000, 0x00000000c3300000| Untracked 
|  52|0x00000000c3400000, 0x00000000c3400000, 0x00000000c3500000|  0%| F|  |TAMS 0x00000000c3400000, 0x00000000c3400000| Untracked 
|  53|0x00000000c3500000, 0x00000000c3500000, 0x00000000c3600000|  0%| F|  |TAMS 0x00000000c3500000, 0x00000000c3500000| Untracked 
|  54|0x00000000c3600000, 0x00000000c3600000, 0x00000000c3700000|  0%| F|  |TAMS 0x00000000c3600000, 0x00000000c3600000| Untracked 
|  55|0x00000000c3700000, 0x00000000c3700000, 0x00000000c3800000|  0%| F|  |TAMS 0x00000000c3700000, 0x00000000c3700000| Untracked 
|  56|0x00000000c3800000, 0x00000000c3800000, 0x00000000c3900000|  0%| F|  |TAMS 0x00000000c3800000, 0x00000000c3800000| Untracked 
|  57|0x00000000c3900000, 0x00000000c3900000, 0x00000000c3a00000|  0%| F|  |TAMS 0x00000000c3900000, 0x00000000c3900000| Untracked 
|  58|0x00000000c3a00000, 0x00000000c3a00000, 0x00000000c3b00000|  0%| F|  |TAMS 0x00000000c3a00000, 0x00000000c3a00000| Untracked 
|  59|0x00000000c3b00000, 0x00000000c3b00000, 0x00000000c3c00000|  0%| F|  |TAMS 0x00000000c3b00000, 0x00000000c3b00000| Untracked 
|  60|0x00000000c3c00000, 0x00000000c3c00000, 0x00000000c3d00000|  0%| F|  |TAMS 0x00000000c3c00000, 0x00000000c3c00000| Untracked 
|  61|0x00000000c3d00000, 0x00000000c3d00000, 0x00000000c3e00000|  0%| F|  |TAMS 0x00000000c3d00000, 0x00000000c3d00000| Untracked 
|  62|0x00000000c3e00000, 0x00000000c3e00000, 0x00000000c3f00000|  0%| F|  |TAMS 0x00000000c3e00000, 0x00000000c3e00000| Untracked 
|  63|0x00000000c3f00000, 0x00000000c3f00000, 0x00000000c4000000|  0%| F|  |TAMS 0x00000000c3f00000, 0x00000000c3f00000| Untracked 
|  64|0x00000000c4000000, 0x00000000c4100000, 0x00000000c4100000|100%|HS|  |TAMS 0x00000000c4100000, 0x00000000c4000000| Complete 
|  65|0x00000000c4100000, 0x00000000c4200000, 0x00000000c4200000|100%|HC|  |TAMS 0x00000000c4200000, 0x00000000c4100000| Complete 
|  66|0x00000000c4200000, 0x00000000c4300000, 0x00000000c4300000|100%|HC|  |TAMS 0x00000000c4300000, 0x00000000c4200000| Complete 
|  67|0x00000000c4300000, 0x00000000c4400000, 0x00000000c4400000|100%|HC|  |TAMS 0x00000000c4400000, 0x00000000c4300000| Complete 
|  68|0x00000000c4400000, 0x00000000c4500000, 0x00000000c4500000|100%|HC|  |TAMS 0x00000000c4500000, 0x00000000c4400000| Complete 
|  69|0x00000000c4500000, 0x00000000c4600000, 0x00000000c4600000|100%|HC|  |TAMS 0x00000000c4600000, 0x00000000c4500000| Complete 
|  70|0x00000000c4600000, 0x00000000c4700000, 0x00000000c4700000|100%|HC|  |TAMS 0x00000000c4700000, 0x00000000c4600000| Complete 
|  71|0x00000000c4700000, 0x00000000c4800000, 0x00000000c4800000|100%|HC|  |TAMS 0x00000000c4800000, 0x00000000c4700000| Complete 
|  72|0x00000000c4800000, 0x00000000c4900000, 0x00000000c4900000|100%|HC|  |TAMS 0x00000000c4900000, 0x00000000c4800000| Complete 
|  73|0x00000000c4900000, 0x00000000c4a00000, 0x00000000c4a00000|100%|HC|  |TAMS 0x00000000c4a00000, 0x00000000c4900000| Complete 
|  74|0x00000000c4a00000, 0x00000000c4b00000, 0x00000000c4b00000|100%|HC|  |TAMS 0x00000000c4b00000, 0x00000000c4a00000| Complete 
|  75|0x00000000c4b00000, 0x00000000c4c00000, 0x00000000c4c00000|100%|HC|  |TAMS 0x00000000c4c00000, 0x00000000c4b00000| Complete 
|  76|0x00000000c4c00000, 0x00000000c4d00000, 0x00000000c4d00000|100%|HC|  |TAMS 0x00000000c4d00000, 0x00000000c4c00000| Complete 
|  77|0x00000000c4d00000, 0x00000000c4e00000, 0x00000000c4e00000|100%|HC|  |TAMS 0x00000000c4e00000, 0x00000000c4d00000| Complete 
|  78|0x00000000c4e00000, 0x00000000c4f00000, 0x00000000c4f00000|100%|HC|  |TAMS 0x00000000c4f00000, 0x00000000c4e00000| Complete 
|  79|0x00000000c4f00000, 0x00000000c5000000, 0x00000000c5000000|100%|HC|  |TAMS 0x00000000c5000000, 0x00000000c4f00000| Complete 
|  80|0x00000000c5000000, 0x00000000c5100000, 0x00000000c5100000|100%|HC|  |TAMS 0x00000000c5100000, 0x00000000c5000000| Complete 
|  81|0x00000000c5100000, 0x00000000c5200000, 0x00000000c5200000|100%|HC|  |TAMS 0x00000000c5200000, 0x00000000c5100000| Complete 
|  82|0x00000000c5200000, 0x00000000c5300000, 0x00000000c5300000|100%|HC|  |TAMS 0x00000000c5300000, 0x00000000c5200000| Complete 
|  83|0x00000000c5300000, 0x00000000c5400000, 0x00000000c5400000|100%|HC|  |TAMS 0x00000000c5400000, 0x00000000c5300000| Complete 
|  84|0x00000000c5400000, 0x00000000c5500000, 0x00000000c5500000|100%|HC|  |TAMS 0x00000000c5500000, 0x00000000c5400000| Complete 
|  85|0x00000000c5500000, 0x00000000c5600000, 0x00000000c5600000|100%|HC|  |TAMS 0x00000000c5600000, 0x00000000c5500000| Complete 
|  86|0x00000000c5600000, 0x00000000c5700000, 0x00000000c5700000|100%|HC|  |TAMS 0x00000000c5700000, 0x00000000c5600000| Complete 
|  87|0x00000000c5700000, 0x00000000c5800000, 0x00000000c5800000|100%|HC|  |TAMS 0x00000000c5800000, 0x00000000c5700000| Complete 
|  88|0x00000000c5800000, 0x00000000c5900000, 0x00000000c5900000|100%|HC|  |TAMS 0x00000000c5900000, 0x00000000c5800000| Complete 
|  89|0x00000000c5900000, 0x00000000c5a00000, 0x00000000c5a00000|100%|HC|  |TAMS 0x00000000c5a00000, 0x00000000c5900000| Complete 
|  90|0x00000000c5a00000, 0x00000000c5b00000, 0x00000000c5b00000|100%|HC|  |TAMS 0x00000000c5b00000, 0x00000000c5a00000| Complete 
|  91|0x00000000c5b00000, 0x00000000c5c00000, 0x00000000c5c00000|100%|HC|  |TAMS 0x00000000c5c00000, 0x00000000c5b00000| Complete 
|  92|0x00000000c5c00000, 0x00000000c5d00000, 0x00000000c5d00000|100%|HC|  |TAMS 0x00000000c5d00000, 0x00000000c5c00000| Complete 
|  93|0x00000000c5d00000, 0x00000000c5e00000, 0x00000000c5e00000|100%|HC|  |TAMS 0x00000000c5e00000, 0x00000000c5d00000| Complete 
|  94|0x00000000c5e00000, 0x00000000c5f00000, 0x00000000c5f00000|100%|HC|  |TAMS 0x00000000c5f00000, 0x00000000c5e00000| Complete 
|  95|0x00000000c5f00000, 0x00000000c6000000, 0x00000000c6000000|100%|HC|  |TAMS 0x00000000c6000000, 0x00000000c5f00000| Complete 
|  96|0x00000000c6000000, 0x00000000c6100000, 0x00000000c6100000|100%|HC|  |TAMS 0x00000000c6100000, 0x00000000c6000000| Complete 
|  97|0x00000000c6100000, 0x00000000c6200000, 0x00000000c6200000|100%|HC|  |TAMS 0x00000000c6200000, 0x00000000c6100000| Complete 
|  98|0x00000000c6200000, 0x00000000c6300000, 0x00000000c6300000|100%|HC|  |TAMS 0x00000000c6300000, 0x00000000c6200000| Complete 
|  99|0x00000000c6300000, 0x00000000c6400000, 0x00000000c6400000|100%|HC|  |TAMS 0x00000000c6400000, 0x00000000c6300000| Complete 
| 100|0x00000000c6400000, 0x00000000c6500000, 0x00000000c6500000|100%|HC|  |TAMS 0x00000000c6500000, 0x00000000c6400000| Complete 
| 101|0x00000000c6500000, 0x00000000c6600000, 0x00000000c6600000|100%|HC|  |TAMS 0x00000000c6600000, 0x00000000c6500000| Complete 
| 102|0x00000000c6600000, 0x00000000c6700000, 0x00000000c6700000|100%|HC|  |TAMS 0x00000000c6700000, 0x00000000c6600000| Complete 
| 103|0x00000000c6700000, 0x00000000c6800000, 0x00000000c6800000|100%|HC|  |TAMS 0x00000000c6800000, 0x00000000c6700000| Complete 
| 104|0x00000000c6800000, 0x00000000c6900000, 0x00000000c6900000|100%|HC|  |TAMS 0x00000000c6900000, 0x00000000c6800000| Complete 
| 105|0x00000000c6900000, 0x00000000c6a00000, 0x00000000c6a00000|100%|HC|  |TAMS 0x00000000c6a00000, 0x00000000c6900000| Complete 
| 106|0x00000000c6a00000, 0x00000000c6b00000, 0x00000000c6b00000|100%|HC|  |TAMS 0x00000000c6b00000, 0x00000000c6a00000| Complete 
| 107|0x00000000c6b00000, 0x00000000c6c00000, 0x00000000c6c00000|100%|HC|  |TAMS 0x00000000c6c00000, 0x00000000c6b00000| Complete 
| 108|0x00000000c6c00000, 0x00000000c6d00000, 0x00000000c6d00000|100%|HC|  |TAMS 0x00000000c6d00000, 0x00000000c6c00000| Complete 
| 109|0x00000000c6d00000, 0x00000000c6e00000, 0x00000000c6e00000|100%|HC|  |TAMS 0x00000000c6e00000, 0x00000000c6d00000| Complete 
| 110|0x00000000c6e00000, 0x00000000c6f00000, 0x00000000c6f00000|100%|HC|  |TAMS 0x00000000c6f00000, 0x00000000c6e00000| Complete 
| 111|0x00000000c6f00000, 0x00000000c7000000, 0x00000000c7000000|100%|HC|  |TAMS 0x00000000c7000000, 0x00000000c6f00000| Complete 
| 112|0x00000000c7000000, 0x00000000c7100000, 0x00000000c7100000|100%|HC|  |TAMS 0x00000000c7100000, 0x00000000c7000000| Complete 
| 113|0x00000000c7100000, 0x00000000c7200000, 0x00000000c7200000|100%|HC|  |TAMS 0x00000000c7200000, 0x00000000c7100000| Complete 
| 114|0x00000000c7200000, 0x00000000c7300000, 0x00000000c7300000|100%|HC|  |TAMS 0x00000000c7300000, 0x00000000c7200000| Complete 
| 115|0x00000000c7300000, 0x00000000c7400000, 0x00000000c7400000|100%|HC|  |TAMS 0x00000000c7400000, 0x00000000c7300000| Complete 
| 116|0x00000000c7400000, 0x00000000c7500000, 0x00000000c7500000|100%|HC|  |TAMS 0x00000000c7500000, 0x00000000c7400000| Complete 
| 117|0x00000000c7500000, 0x00000000c7600000, 0x00000000c7600000|100%|HC|  |TAMS 0x00000000c7600000, 0x00000000c7500000| Complete 
| 118|0x00000000c7600000, 0x00000000c7700000, 0x00000000c7700000|100%|HC|  |TAMS 0x00000000c7700000, 0x00000000c7600000| Complete 
| 119|0x00000000c7700000, 0x00000000c7800000, 0x00000000c7800000|100%|HC|  |TAMS 0x00000000c7800000, 0x00000000c7700000| Complete 
| 120|0x00000000c7800000, 0x00000000c7900000, 0x00000000c7900000|100%|HC|  |TAMS 0x00000000c7900000, 0x00000000c7800000| Complete 
| 121|0x00000000c7900000, 0x00000000c7a00000, 0x00000000c7a00000|100%|HC|  |TAMS 0x00000000c7a00000, 0x00000000c7900000| Complete 
| 122|0x00000000c7a00000, 0x00000000c7b00000, 0x00000000c7b00000|100%|HC|  |TAMS 0x00000000c7b00000, 0x00000000c7a00000| Complete 
| 123|0x00000000c7b00000, 0x00000000c7c00000, 0x00000000c7c00000|100%|HC|  |TAMS 0x00000000c7c00000, 0x00000000c7b00000| Complete 
| 124|0x00000000c7c00000, 0x00000000c7d00000, 0x00000000c7d00000|100%|HC|  |TAMS 0x00000000c7d00000, 0x00000000c7c00000| Complete 
| 125|0x00000000c7d00000, 0x00000000c7e00000, 0x00000000c7e00000|100%|HC|  |TAMS 0x00000000c7e00000, 0x00000000c7d00000| Complete 
| 126|0x00000000c7e00000, 0x00000000c7f00000, 0x00000000c7f00000|100%|HC|  |TAMS 0x00000000c7f00000, 0x00000000c7e00000| Complete 
| 127|0x00000000c7f00000, 0x00000000c8000000, 0x00000000c8000000|100%|HC|  |TAMS 0x00000000c8000000, 0x00000000c7f00000| Complete 
| 128|0x00000000c8000000, 0x00000000c8100000, 0x00000000c8100000|100%|HC|  |TAMS 0x00000000c8100000, 0x00000000c8000000| Complete 
| 129|0x00000000c8100000, 0x00000000c8200000, 0x00000000c8200000|100%|HS|  |TAMS 0x00000000c8200000, 0x00000000c8100000| Complete 
| 130|0x00000000c8200000, 0x00000000c8300000, 0x00000000c8300000|100%|HC|  |TAMS 0x00000000c8300000, 0x00000000c8200000| Complete 
| 131|0x00000000c8300000, 0x00000000c8400000, 0x00000000c8400000|100%|HC|  |TAMS 0x00000000c8400000, 0x00000000c8300000| Complete 
| 132|0x00000000c8400000, 0x00000000c8500000, 0x00000000c8500000|100%|HC|  |TAMS 0x00000000c8500000, 0x00000000c8400000| Complete 
| 133|0x00000000c8500000, 0x00000000c8600000, 0x00000000c8600000|100%|HC|  |TAMS 0x00000000c8600000, 0x00000000c8500000| Complete 
| 134|0x00000000c8600000, 0x00000000c8700000, 0x00000000c8700000|100%|HC|  |TAMS 0x00000000c8700000, 0x00000000c8600000| Complete 
| 135|0x00000000c8700000, 0x00000000c8800000, 0x00000000c8800000|100%|HC|  |TAMS 0x00000000c8800000, 0x00000000c8700000| Complete 
| 136|0x00000000c8800000, 0x00000000c8900000, 0x00000000c8900000|100%|HC|  |TAMS 0x00000000c8900000, 0x00000000c8800000| Complete 
| 137|0x00000000c8900000, 0x00000000c8a00000, 0x00000000c8a00000|100%|HC|  |TAMS 0x00000000c8a00000, 0x00000000c8900000| Complete 
| 138|0x00000000c8a00000, 0x00000000c8b00000, 0x00000000c8b00000|100%|HC|  |TAMS 0x00000000c8b00000, 0x00000000c8a00000| Complete 
| 139|0x00000000c8b00000, 0x00000000c8c00000, 0x00000000c8c00000|100%|HC|  |TAMS 0x00000000c8c00000, 0x00000000c8b00000| Complete 
| 140|0x00000000c8c00000, 0x00000000c8d00000, 0x00000000c8d00000|100%|HC|  |TAMS 0x00000000c8d00000, 0x00000000c8c00000| Complete 
| 141|0x00000000c8d00000, 0x00000000c8e00000, 0x00000000c8e00000|100%|HC|  |TAMS 0x00000000c8e00000, 0x00000000c8d00000| Complete 
| 142|0x00000000c8e00000, 0x00000000c8f00000, 0x00000000c8f00000|100%|HC|  |TAMS 0x00000000c8f00000, 0x00000000c8e00000| Complete 
| 143|0x00000000c8f00000, 0x00000000c9000000, 0x00000000c9000000|100%|HC|  |TAMS 0x00000000c9000000, 0x00000000c8f00000| Complete 
| 144|0x00000000c9000000, 0x00000000c9100000, 0x00000000c9100000|100%|HC|  |TAMS 0x00000000c9100000, 0x00000000c9000000| Complete 
| 145|0x00000000c9100000, 0x00000000c9200000, 0x00000000c9200000|100%|HC|  |TAMS 0x00000000c9200000, 0x00000000c9100000| Complete 
| 146|0x00000000c9200000, 0x00000000c9300000, 0x00000000c9300000|100%|HS|  |TAMS 0x00000000c9300000, 0x00000000c9200000| Complete 
| 147|0x00000000c9300000, 0x00000000c9400000, 0x00000000c9400000|100%|HC|  |TAMS 0x00000000c9400000, 0x00000000c9300000| Complete 
| 148|0x00000000c9400000, 0x00000000c9500000, 0x00000000c9500000|100%|HC|  |TAMS 0x00000000c9500000, 0x00000000c9400000| Complete 
| 149|0x00000000c9500000, 0x00000000c9600000, 0x00000000c9600000|100%|HC|  |TAMS 0x00000000c9600000, 0x00000000c9500000| Complete 
| 150|0x00000000c9600000, 0x00000000c9700000, 0x00000000c9700000|100%|HC|  |TAMS 0x00000000c9700000, 0x00000000c9600000| Complete 
| 151|0x00000000c9700000, 0x00000000c9800000, 0x00000000c9800000|100%|HC|  |TAMS 0x00000000c9800000, 0x00000000c9700000| Complete 
| 152|0x00000000c9800000, 0x00000000c9900000, 0x00000000c9900000|100%|HC|  |TAMS 0x00000000c9900000, 0x00000000c9800000| Complete 
| 153|0x00000000c9900000, 0x00000000c9a00000, 0x00000000c9a00000|100%|HC|  |TAMS 0x00000000c9a00000, 0x00000000c9900000| Complete 
| 154|0x00000000c9a00000, 0x00000000c9b00000, 0x00000000c9b00000|100%|HC|  |TAMS 0x00000000c9b00000, 0x00000000c9a00000| Complete 
| 155|0x00000000c9b00000, 0x00000000c9c00000, 0x00000000c9c00000|100%|HC|  |TAMS 0x00000000c9c00000, 0x00000000c9b00000| Complete 
| 156|0x00000000c9c00000, 0x00000000c9d00000, 0x00000000c9d00000|100%|HC|  |TAMS 0x00000000c9d00000, 0x00000000c9c00000| Complete 
| 157|0x00000000c9d00000, 0x00000000c9e00000, 0x00000000c9e00000|100%|HC|  |TAMS 0x00000000c9e00000, 0x00000000c9d00000| Complete 
| 158|0x00000000c9e00000, 0x00000000c9f00000, 0x00000000c9f00000|100%|HC|  |TAMS 0x00000000c9f00000, 0x00000000c9e00000| Complete 
| 159|0x00000000c9f00000, 0x00000000ca000000, 0x00000000ca000000|100%|HC|  |TAMS 0x00000000ca000000, 0x00000000c9f00000| Complete 
| 160|0x00000000ca000000, 0x00000000ca100000, 0x00000000ca100000|100%|HC|  |TAMS 0x00000000ca100000, 0x00000000ca000000| Complete 
| 161|0x00000000ca100000, 0x00000000ca200000, 0x00000000ca200000|100%|HC|  |TAMS 0x00000000ca200000, 0x00000000ca100000| Complete 
| 162|0x00000000ca200000, 0x00000000ca300000, 0x00000000ca300000|100%|HC|  |TAMS 0x00000000ca300000, 0x00000000ca200000| Complete 
| 163|0x00000000ca300000, 0x00000000ca400000, 0x00000000ca400000|100%|HC|  |TAMS 0x00000000ca400000, 0x00000000ca300000| Complete 
| 164|0x00000000ca400000, 0x00000000ca500000, 0x00000000ca500000|100%|HC|  |TAMS 0x00000000ca500000, 0x00000000ca400000| Complete 
| 165|0x00000000ca500000, 0x00000000ca600000, 0x00000000ca600000|100%|HC|  |TAMS 0x00000000ca600000, 0x00000000ca500000| Complete 
| 166|0x00000000ca600000, 0x00000000ca700000, 0x00000000ca700000|100%|HC|  |TAMS 0x00000000ca700000, 0x00000000ca600000| Complete 
| 167|0x00000000ca700000, 0x00000000ca800000, 0x00000000ca800000|100%|HC|  |TAMS 0x00000000ca800000, 0x00000000ca700000| Complete 
| 168|0x00000000ca800000, 0x00000000ca900000, 0x00000000ca900000|100%|HC|  |TAMS 0x00000000ca900000, 0x00000000ca800000| Complete 
| 169|0x00000000ca900000, 0x00000000caa00000, 0x00000000caa00000|100%|HC|  |TAMS 0x00000000caa00000, 0x00000000ca900000| Complete 
| 170|0x00000000caa00000, 0x00000000cab00000, 0x00000000cab00000|100%|HC|  |TAMS 0x00000000cab00000, 0x00000000caa00000| Complete 
| 171|0x00000000cab00000, 0x00000000cac00000, 0x00000000cac00000|100%|HC|  |TAMS 0x00000000cac00000, 0x00000000cab00000| Complete 
| 172|0x00000000cac00000, 0x00000000cad00000, 0x00000000cad00000|100%|HC|  |TAMS 0x00000000cad00000, 0x00000000cac00000| Complete 
| 173|0x00000000cad00000, 0x00000000cae00000, 0x00000000cae00000|100%|HC|  |TAMS 0x00000000cae00000, 0x00000000cad00000| Complete 
| 174|0x00000000cae00000, 0x00000000caf00000, 0x00000000caf00000|100%|HC|  |TAMS 0x00000000caf00000, 0x00000000cae00000| Complete 
| 175|0x00000000caf00000, 0x00000000cb000000, 0x00000000cb000000|100%|HC|  |TAMS 0x00000000cb000000, 0x00000000caf00000| Complete 
| 176|0x00000000cb000000, 0x00000000cb100000, 0x00000000cb100000|100%|HC|  |TAMS 0x00000000cb100000, 0x00000000cb000000| Complete 
| 177|0x00000000cb100000, 0x00000000cb200000, 0x00000000cb200000|100%|HC|  |TAMS 0x00000000cb200000, 0x00000000cb100000| Complete 
| 178|0x00000000cb200000, 0x00000000cb300000, 0x00000000cb300000|100%|HC|  |TAMS 0x00000000cb300000, 0x00000000cb200000| Complete 
| 179|0x00000000cb300000, 0x00000000cb400000, 0x00000000cb400000|100%|HC|  |TAMS 0x00000000cb400000, 0x00000000cb300000| Complete 
| 180|0x00000000cb400000, 0x00000000cb500000, 0x00000000cb500000|100%|HC|  |TAMS 0x00000000cb500000, 0x00000000cb400000| Complete 
| 181|0x00000000cb500000, 0x00000000cb600000, 0x00000000cb600000|100%|HC|  |TAMS 0x00000000cb600000, 0x00000000cb500000| Complete 
| 182|0x00000000cb600000, 0x00000000cb700000, 0x00000000cb700000|100%|HC|  |TAMS 0x00000000cb700000, 0x00000000cb600000| Complete 
| 183|0x00000000cb700000, 0x00000000cb800000, 0x00000000cb800000|100%|HC|  |TAMS 0x00000000cb800000, 0x00000000cb700000| Complete 
| 184|0x00000000cb800000, 0x00000000cb900000, 0x00000000cb900000|100%|HC|  |TAMS 0x00000000cb900000, 0x00000000cb800000| Complete 
| 185|0x00000000cb900000, 0x00000000cba00000, 0x00000000cba00000|100%|HC|  |TAMS 0x00000000cba00000, 0x00000000cb900000| Complete 
| 186|0x00000000cba00000, 0x00000000cbb00000, 0x00000000cbb00000|100%|HC|  |TAMS 0x00000000cbb00000, 0x00000000cba00000| Complete 
| 187|0x00000000cbb00000, 0x00000000cbc00000, 0x00000000cbc00000|100%|HC|  |TAMS 0x00000000cbc00000, 0x00000000cbb00000| Complete 
| 188|0x00000000cbc00000, 0x00000000cbd00000, 0x00000000cbd00000|100%|HC|  |TAMS 0x00000000cbd00000, 0x00000000cbc00000| Complete 
| 189|0x00000000cbd00000, 0x00000000cbe00000, 0x00000000cbe00000|100%|HC|  |TAMS 0x00000000cbe00000, 0x00000000cbd00000| Complete 
| 190|0x00000000cbe00000, 0x00000000cbf00000, 0x00000000cbf00000|100%|HC|  |TAMS 0x00000000cbf00000, 0x00000000cbe00000| Complete 
| 191|0x00000000cbf00000, 0x00000000cc000000, 0x00000000cc000000|100%|HC|  |TAMS 0x00000000cc000000, 0x00000000cbf00000| Complete 
| 192|0x00000000cc000000, 0x00000000cc100000, 0x00000000cc100000|100%|HC|  |TAMS 0x00000000cc100000, 0x00000000cc000000| Complete 
| 193|0x00000000cc100000, 0x00000000cc200000, 0x00000000cc200000|100%|HC|  |TAMS 0x00000000cc200000, 0x00000000cc100000| Complete 
| 194|0x00000000cc200000, 0x00000000cc300000, 0x00000000cc300000|100%|HC|  |TAMS 0x00000000cc300000, 0x00000000cc200000| Complete 
| 195|0x00000000cc300000, 0x00000000cc400000, 0x00000000cc400000|100%|HS|  |TAMS 0x00000000cc400000, 0x00000000cc300000| Complete 
| 196|0x00000000cc400000, 0x00000000cc500000, 0x00000000cc500000|100%|HC|  |TAMS 0x00000000cc500000, 0x00000000cc400000| Complete 
| 197|0x00000000cc500000, 0x00000000cc600000, 0x00000000cc600000|100%|HC|  |TAMS 0x00000000cc600000, 0x00000000cc500000| Complete 
| 198|0x00000000cc600000, 0x00000000cc700000, 0x00000000cc700000|100%|HC|  |TAMS 0x00000000cc700000, 0x00000000cc600000| Complete 
| 199|0x00000000cc700000, 0x00000000cc800000, 0x00000000cc800000|100%|HC|  |TAMS 0x00000000cc800000, 0x00000000cc700000| Complete 
| 200|0x00000000cc800000, 0x00000000cc900000, 0x00000000cc900000|100%|HC|  |TAMS 0x00000000cc900000, 0x00000000cc800000| Complete 
| 201|0x00000000cc900000, 0x00000000cca00000, 0x00000000cca00000|100%|HC|  |TAMS 0x00000000cca00000, 0x00000000cc900000| Complete 
| 202|0x00000000cca00000, 0x00000000ccb00000, 0x00000000ccb00000|100%|HC|  |TAMS 0x00000000ccb00000, 0x00000000cca00000| Complete 
| 203|0x00000000ccb00000, 0x00000000ccc00000, 0x00000000ccc00000|100%|HC|  |TAMS 0x00000000ccc00000, 0x00000000ccb00000| Complete 
| 204|0x00000000ccc00000, 0x00000000ccd00000, 0x00000000ccd00000|100%|HC|  |TAMS 0x00000000ccd00000, 0x00000000ccc00000| Complete 
| 205|0x00000000ccd00000, 0x00000000cce00000, 0x00000000cce00000|100%|HC|  |TAMS 0x00000000cce00000, 0x00000000ccd00000| Complete 
| 206|0x00000000cce00000, 0x00000000ccf00000, 0x00000000ccf00000|100%|HC|  |TAMS 0x00000000ccf00000, 0x00000000cce00000| Complete 
| 207|0x00000000ccf00000, 0x00000000cd000000, 0x00000000cd000000|100%|HC|  |TAMS 0x00000000cd000000, 0x00000000ccf00000| Complete 
| 208|0x00000000cd000000, 0x00000000cd100000, 0x00000000cd100000|100%|HC|  |TAMS 0x00000000cd100000, 0x00000000cd000000| Complete 
| 209|0x00000000cd100000, 0x00000000cd200000, 0x00000000cd200000|100%|HC|  |TAMS 0x00000000cd200000, 0x00000000cd100000| Complete 
| 210|0x00000000cd200000, 0x00000000cd300000, 0x00000000cd300000|100%|HC|  |TAMS 0x00000000cd300000, 0x00000000cd200000| Complete 
| 211|0x00000000cd300000, 0x00000000cd400000, 0x00000000cd400000|100%|HC|  |TAMS 0x00000000cd400000, 0x00000000cd300000| Complete 
| 212|0x00000000cd400000, 0x00000000cd500000, 0x00000000cd500000|100%|HC|  |TAMS 0x00000000cd500000, 0x00000000cd400000| Complete 
| 213|0x00000000cd500000, 0x00000000cd600000, 0x00000000cd600000|100%|HC|  |TAMS 0x00000000cd600000, 0x00000000cd500000| Complete 
| 214|0x00000000cd600000, 0x00000000cd700000, 0x00000000cd700000|100%|HC|  |TAMS 0x00000000cd700000, 0x00000000cd600000| Complete 
| 215|0x00000000cd700000, 0x00000000cd800000, 0x00000000cd800000|100%|HC|  |TAMS 0x00000000cd800000, 0x00000000cd700000| Complete 
| 216|0x00000000cd800000, 0x00000000cd900000, 0x00000000cd900000|100%|HC|  |TAMS 0x00000000cd900000, 0x00000000cd800000| Complete 
| 217|0x00000000cd900000, 0x00000000cda00000, 0x00000000cda00000|100%|HC|  |TAMS 0x00000000cda00000, 0x00000000cd900000| Complete 
| 218|0x00000000cda00000, 0x00000000cdb00000, 0x00000000cdb00000|100%|HC|  |TAMS 0x00000000cdb00000, 0x00000000cda00000| Complete 
| 219|0x00000000cdb00000, 0x00000000cdc00000, 0x00000000cdc00000|100%|HC|  |TAMS 0x00000000cdc00000, 0x00000000cdb00000| Complete 
| 220|0x00000000cdc00000, 0x00000000cdd00000, 0x00000000cdd00000|100%|HC|  |TAMS 0x00000000cdd00000, 0x00000000cdc00000| Complete 
| 221|0x00000000cdd00000, 0x00000000cde00000, 0x00000000cde00000|100%|HC|  |TAMS 0x00000000cde00000, 0x00000000cdd00000| Complete 
| 222|0x00000000cde00000, 0x00000000cdf00000, 0x00000000cdf00000|100%|HC|  |TAMS 0x00000000cdf00000, 0x00000000cde00000| Complete 
| 223|0x00000000cdf00000, 0x00000000ce000000, 0x00000000ce000000|100%|HC|  |TAMS 0x00000000ce000000, 0x00000000cdf00000| Complete 
| 224|0x00000000ce000000, 0x00000000ce100000, 0x00000000ce100000|100%|HC|  |TAMS 0x00000000ce100000, 0x00000000ce000000| Complete 
| 225|0x00000000ce100000, 0x00000000ce200000, 0x00000000ce200000|100%|HC|  |TAMS 0x00000000ce200000, 0x00000000ce100000| Complete 
| 226|0x00000000ce200000, 0x00000000ce300000, 0x00000000ce300000|100%|HC|  |TAMS 0x00000000ce300000, 0x00000000ce200000| Complete 
| 227|0x00000000ce300000, 0x00000000ce400000, 0x00000000ce400000|100%|HC|  |TAMS 0x00000000ce400000, 0x00000000ce300000| Complete 
| 228|0x00000000ce400000, 0x00000000ce500000, 0x00000000ce500000|100%|HS|  |TAMS 0x00000000ce500000, 0x00000000ce400000| Complete 
| 229|0x00000000ce500000, 0x00000000ce600000, 0x00000000ce600000|100%|HC|  |TAMS 0x00000000ce600000, 0x00000000ce500000| Complete 
| 230|0x00000000ce600000, 0x00000000ce700000, 0x00000000ce700000|100%|HC|  |TAMS 0x00000000ce700000, 0x00000000ce600000| Complete 
| 231|0x00000000ce700000, 0x00000000ce800000, 0x00000000ce800000|100%|HC|  |TAMS 0x00000000ce800000, 0x00000000ce700000| Complete 
| 232|0x00000000ce800000, 0x00000000ce900000, 0x00000000ce900000|100%|HC|  |TAMS 0x00000000ce900000, 0x00000000ce800000| Complete 
| 233|0x00000000ce900000, 0x00000000cea00000, 0x00000000cea00000|100%|HC|  |TAMS 0x00000000cea00000, 0x00000000ce900000| Complete 
| 234|0x00000000cea00000, 0x00000000ceb00000, 0x00000000ceb00000|100%|HC|  |TAMS 0x00000000ceb00000, 0x00000000cea00000| Complete 
| 235|0x00000000ceb00000, 0x00000000cec00000, 0x00000000cec00000|100%|HC|  |TAMS 0x00000000cec00000, 0x00000000ceb00000| Complete 
| 236|0x00000000cec00000, 0x00000000ced00000, 0x00000000ced00000|100%|HC|  |TAMS 0x00000000ced00000, 0x00000000cec00000| Complete 
| 237|0x00000000ced00000, 0x00000000cee00000, 0x00000000cee00000|100%|HC|  |TAMS 0x00000000cee00000, 0x00000000ced00000| Complete 
| 238|0x00000000cee00000, 0x00000000cef00000, 0x00000000cef00000|100%|HC|  |TAMS 0x00000000cef00000, 0x00000000cee00000| Complete 
| 239|0x00000000cef00000, 0x00000000cf000000, 0x00000000cf000000|100%|HC|  |TAMS 0x00000000cf000000, 0x00000000cef00000| Complete 
| 240|0x00000000cf000000, 0x00000000cf100000, 0x00000000cf100000|100%|HC|  |TAMS 0x00000000cf100000, 0x00000000cf000000| Complete 
| 241|0x00000000cf100000, 0x00000000cf200000, 0x00000000cf200000|100%|HC|  |TAMS 0x00000000cf200000, 0x00000000cf100000| Complete 
| 242|0x00000000cf200000, 0x00000000cf300000, 0x00000000cf300000|100%|HC|  |TAMS 0x00000000cf300000, 0x00000000cf200000| Complete 
| 243|0x00000000cf300000, 0x00000000cf400000, 0x00000000cf400000|100%|HC|  |TAMS 0x00000000cf400000, 0x00000000cf300000| Complete 
| 244|0x00000000cf400000, 0x00000000cf500000, 0x00000000cf500000|100%|HC|  |TAMS 0x00000000cf500000, 0x00000000cf400000| Complete 
| 245|0x00000000cf500000, 0x00000000cf600000, 0x00000000cf600000|100%|HS|  |TAMS 0x00000000cf600000, 0x00000000cf500000| Complete 
| 246|0x00000000cf600000, 0x00000000cf700000, 0x00000000cf700000|100%|HC|  |TAMS 0x00000000cf700000, 0x00000000cf600000| Complete 
| 247|0x00000000cf700000, 0x00000000cf800000, 0x00000000cf800000|100%|HC|  |TAMS 0x00000000cf800000, 0x00000000cf700000| Complete 
| 248|0x00000000cf800000, 0x00000000cf900000, 0x00000000cf900000|100%|HC|  |TAMS 0x00000000cf900000, 0x00000000cf800000| Complete 
| 249|0x00000000cf900000, 0x00000000cfa00000, 0x00000000cfa00000|100%|HC|  |TAMS 0x00000000cfa00000, 0x00000000cf900000| Complete 
| 250|0x00000000cfa00000, 0x00000000cfb00000, 0x00000000cfb00000|100%|HC|  |TAMS 0x00000000cfb00000, 0x00000000cfa00000| Complete 
| 251|0x00000000cfb00000, 0x00000000cfc00000, 0x00000000cfc00000|100%|HC|  |TAMS 0x00000000cfc00000, 0x00000000cfb00000| Complete 
| 252|0x00000000cfc00000, 0x00000000cfd00000, 0x00000000cfd00000|100%|HC|  |TAMS 0x00000000cfd00000, 0x00000000cfc00000| Complete 
| 253|0x00000000cfd00000, 0x00000000cfe00000, 0x00000000cfe00000|100%|HC|  |TAMS 0x00000000cfe00000, 0x00000000cfd00000| Complete 
| 254|0x00000000cfe00000, 0x00000000cff00000, 0x00000000cff00000|100%|HC|  |TAMS 0x00000000cff00000, 0x00000000cfe00000| Complete 
| 255|0x00000000cff00000, 0x00000000d0000000, 0x00000000d0000000|100%|HC|  |TAMS 0x00000000d0000000, 0x00000000cff00000| Complete 
| 256|0x00000000d0000000, 0x00000000d0100000, 0x00000000d0100000|100%|HC|  |TAMS 0x00000000d0100000, 0x00000000d0000000| Complete 
| 257|0x00000000d0100000, 0x00000000d0200000, 0x00000000d0200000|100%|HC|  |TAMS 0x00000000d0200000, 0x00000000d0100000| Complete 
| 258|0x00000000d0200000, 0x00000000d0300000, 0x00000000d0300000|100%|HC|  |TAMS 0x00000000d0300000, 0x00000000d0200000| Complete 
| 259|0x00000000d0300000, 0x00000000d0400000, 0x00000000d0400000|100%|HC|  |TAMS 0x00000000d0400000, 0x00000000d0300000| Complete 
| 260|0x00000000d0400000, 0x00000000d0500000, 0x00000000d0500000|100%|HC|  |TAMS 0x00000000d0500000, 0x00000000d0400000| Complete 
| 261|0x00000000d0500000, 0x00000000d0600000, 0x00000000d0600000|100%|HC|  |TAMS 0x00000000d0600000, 0x00000000d0500000| Complete 
| 262|0x00000000d0600000, 0x00000000d0700000, 0x00000000d0700000|100%|HS|  |TAMS 0x00000000d0700000, 0x00000000d0600000| Complete 
| 263|0x00000000d0700000, 0x00000000d0800000, 0x00000000d0800000|100%|HC|  |TAMS 0x00000000d0800000, 0x00000000d0700000| Complete 
| 264|0x00000000d0800000, 0x00000000d0900000, 0x00000000d0900000|100%|HC|  |TAMS 0x00000000d0900000, 0x00000000d0800000| Complete 
| 265|0x00000000d0900000, 0x00000000d0a00000, 0x00000000d0a00000|100%|HC|  |TAMS 0x00000000d0a00000, 0x00000000d0900000| Complete 
| 266|0x00000000d0a00000, 0x00000000d0b00000, 0x00000000d0b00000|100%|HC|  |TAMS 0x00000000d0b00000, 0x00000000d0a00000| Complete 
| 267|0x00000000d0b00000, 0x00000000d0c00000, 0x00000000d0c00000|100%|HC|  |TAMS 0x00000000d0c00000, 0x00000000d0b00000| Complete 
| 268|0x00000000d0c00000, 0x00000000d0d00000, 0x00000000d0d00000|100%|HC|  |TAMS 0x00000000d0d00000, 0x00000000d0c00000| Complete 
| 269|0x00000000d0d00000, 0x00000000d0e00000, 0x00000000d0e00000|100%|HC|  |TAMS 0x00000000d0e00000, 0x00000000d0d00000| Complete 
| 270|0x00000000d0e00000, 0x00000000d0f00000, 0x00000000d0f00000|100%|HC|  |TAMS 0x00000000d0f00000, 0x00000000d0e00000| Complete 
| 271|0x00000000d0f00000, 0x00000000d1000000, 0x00000000d1000000|100%|HC|  |TAMS 0x00000000d1000000, 0x00000000d0f00000| Complete 
| 272|0x00000000d1000000, 0x00000000d1100000, 0x00000000d1100000|100%|HC|  |TAMS 0x00000000d1100000, 0x00000000d1000000| Complete 
| 273|0x00000000d1100000, 0x00000000d1200000, 0x00000000d1200000|100%|HC|  |TAMS 0x00000000d1200000, 0x00000000d1100000| Complete 
| 274|0x00000000d1200000, 0x00000000d1300000, 0x00000000d1300000|100%|HC|  |TAMS 0x00000000d1300000, 0x00000000d1200000| Complete 
| 275|0x00000000d1300000, 0x00000000d1400000, 0x00000000d1400000|100%|HC|  |TAMS 0x00000000d1400000, 0x00000000d1300000| Complete 
| 276|0x00000000d1400000, 0x00000000d1500000, 0x00000000d1500000|100%|HC|  |TAMS 0x00000000d1500000, 0x00000000d1400000| Complete 
| 277|0x00000000d1500000, 0x00000000d1600000, 0x00000000d1600000|100%|HC|  |TAMS 0x00000000d1600000, 0x00000000d1500000| Complete 
| 278|0x00000000d1600000, 0x00000000d1700000, 0x00000000d1700000|100%|HC|  |TAMS 0x00000000d1700000, 0x00000000d1600000| Complete 
| 279|0x00000000d1700000, 0x00000000d1800000, 0x00000000d1800000|100%|HS|  |TAMS 0x00000000d1800000, 0x00000000d1700000| Complete 
| 280|0x00000000d1800000, 0x00000000d1900000, 0x00000000d1900000|100%|HC|  |TAMS 0x00000000d1900000, 0x00000000d1800000| Complete 
| 281|0x00000000d1900000, 0x00000000d1a00000, 0x00000000d1a00000|100%|HC|  |TAMS 0x00000000d1a00000, 0x00000000d1900000| Complete 
| 282|0x00000000d1a00000, 0x00000000d1b00000, 0x00000000d1b00000|100%|HC|  |TAMS 0x00000000d1b00000, 0x00000000d1a00000| Complete 
| 283|0x00000000d1b00000, 0x00000000d1c00000, 0x00000000d1c00000|100%|HC|  |TAMS 0x00000000d1c00000, 0x00000000d1b00000| Complete 
| 284|0x00000000d1c00000, 0x00000000d1d00000, 0x00000000d1d00000|100%|HC|  |TAMS 0x00000000d1d00000, 0x00000000d1c00000| Complete 
| 285|0x00000000d1d00000, 0x00000000d1e00000, 0x00000000d1e00000|100%|HC|  |TAMS 0x00000000d1e00000, 0x00000000d1d00000| Complete 
| 286|0x00000000d1e00000, 0x00000000d1f00000, 0x00000000d1f00000|100%|HC|  |TAMS 0x00000000d1f00000, 0x00000000d1e00000| Complete 
| 287|0x00000000d1f00000, 0x00000000d2000000, 0x00000000d2000000|100%|HC|  |TAMS 0x00000000d2000000, 0x00000000d1f00000| Complete 
| 288|0x00000000d2000000, 0x00000000d2100000, 0x00000000d2100000|100%|HC|  |TAMS 0x00000000d2100000, 0x00000000d2000000| Complete 
| 289|0x00000000d2100000, 0x00000000d2200000, 0x00000000d2200000|100%|HC|  |TAMS 0x00000000d2200000, 0x00000000d2100000| Complete 
| 290|0x00000000d2200000, 0x00000000d2300000, 0x00000000d2300000|100%|HC|  |TAMS 0x00000000d2300000, 0x00000000d2200000| Complete 
| 291|0x00000000d2300000, 0x00000000d2400000, 0x00000000d2400000|100%|HC|  |TAMS 0x00000000d2400000, 0x00000000d2300000| Complete 
| 292|0x00000000d2400000, 0x00000000d2500000, 0x00000000d2500000|100%|HC|  |TAMS 0x00000000d2500000, 0x00000000d2400000| Complete 
| 293|0x00000000d2500000, 0x00000000d2600000, 0x00000000d2600000|100%|HC|  |TAMS 0x00000000d2600000, 0x00000000d2500000| Complete 
| 294|0x00000000d2600000, 0x00000000d2700000, 0x00000000d2700000|100%|HC|  |TAMS 0x00000000d2700000, 0x00000000d2600000| Complete 
| 295|0x00000000d2700000, 0x00000000d2800000, 0x00000000d2800000|100%|HC|  |TAMS 0x00000000d2800000, 0x00000000d2700000| Complete 
| 296|0x00000000d2800000, 0x00000000d2900000, 0x00000000d2900000|100%|HS|  |TAMS 0x00000000d2900000, 0x00000000d2800000| Complete 
| 297|0x00000000d2900000, 0x00000000d2a00000, 0x00000000d2a00000|100%|HC|  |TAMS 0x00000000d2a00000, 0x00000000d2900000| Complete 
| 298|0x00000000d2a00000, 0x00000000d2b00000, 0x00000000d2b00000|100%|HC|  |TAMS 0x00000000d2b00000, 0x00000000d2a00000| Complete 
| 299|0x00000000d2b00000, 0x00000000d2c00000, 0x00000000d2c00000|100%|HC|  |TAMS 0x00000000d2c00000, 0x00000000d2b00000| Complete 
| 300|0x00000000d2c00000, 0x00000000d2d00000, 0x00000000d2d00000|100%|HC|  |TAMS 0x00000000d2d00000, 0x00000000d2c00000| Complete 
| 301|0x00000000d2d00000, 0x00000000d2e00000, 0x00000000d2e00000|100%|HC|  |TAMS 0x00000000d2e00000, 0x00000000d2d00000| Complete 
| 302|0x00000000d2e00000, 0x00000000d2f00000, 0x00000000d2f00000|100%|HC|  |TAMS 0x00000000d2f00000, 0x00000000d2e00000| Complete 
| 303|0x00000000d2f00000, 0x00000000d3000000, 0x00000000d3000000|100%|HC|  |TAMS 0x00000000d3000000, 0x00000000d2f00000| Complete 
| 304|0x00000000d3000000, 0x00000000d3100000, 0x00000000d3100000|100%|HC|  |TAMS 0x00000000d3100000, 0x00000000d3000000| Complete 
| 305|0x00000000d3100000, 0x00000000d3200000, 0x00000000d3200000|100%|HC|  |TAMS 0x00000000d3200000, 0x00000000d3100000| Complete 
| 306|0x00000000d3200000, 0x00000000d3300000, 0x00000000d3300000|100%|HC|  |TAMS 0x00000000d3300000, 0x00000000d3200000| Complete 
| 307|0x00000000d3300000, 0x00000000d3400000, 0x00000000d3400000|100%|HC|  |TAMS 0x00000000d3400000, 0x00000000d3300000| Complete 
| 308|0x00000000d3400000, 0x00000000d3500000, 0x00000000d3500000|100%|HC|  |TAMS 0x00000000d3500000, 0x00000000d3400000| Complete 
| 309|0x00000000d3500000, 0x00000000d3600000, 0x00000000d3600000|100%|HC|  |TAMS 0x00000000d3600000, 0x00000000d3500000| Complete 
| 310|0x00000000d3600000, 0x00000000d3700000, 0x00000000d3700000|100%|HC|  |TAMS 0x00000000d3700000, 0x00000000d3600000| Complete 
| 311|0x00000000d3700000, 0x00000000d3800000, 0x00000000d3800000|100%|HC|  |TAMS 0x00000000d3800000, 0x00000000d3700000| Complete 
| 312|0x00000000d3800000, 0x00000000d3900000, 0x00000000d3900000|100%|HC|  |TAMS 0x00000000d3900000, 0x00000000d3800000| Complete 
| 313|0x00000000d3900000, 0x00000000d3900000, 0x00000000d3a00000|  0%| F|  |TAMS 0x00000000d3900000, 0x00000000d3900000| Untracked 
| 314|0x00000000d3a00000, 0x00000000d3a00000, 0x00000000d3b00000|  0%| F|  |TAMS 0x00000000d3a00000, 0x00000000d3a00000| Untracked 
| 315|0x00000000d3b00000, 0x00000000d3b00000, 0x00000000d3c00000|  0%| F|  |TAMS 0x00000000d3b00000, 0x00000000d3b00000| Untracked 
| 316|0x00000000d3c00000, 0x00000000d3c00000, 0x00000000d3d00000|  0%| F|  |TAMS 0x00000000d3c00000, 0x00000000d3c00000| Untracked 
| 317|0x00000000d3d00000, 0x00000000d3d00000, 0x00000000d3e00000|  0%| F|  |TAMS 0x00000000d3d00000, 0x00000000d3d00000| Untracked 
| 318|0x00000000d3e00000, 0x00000000d3e00000, 0x00000000d3f00000|  0%| F|  |TAMS 0x00000000d3e00000, 0x00000000d3e00000| Untracked 
| 319|0x00000000d3f00000, 0x00000000d3f00000, 0x00000000d4000000|  0%| F|  |TAMS 0x00000000d3f00000, 0x00000000d3f00000| Untracked 
| 320|0x00000000d4000000, 0x00000000d4000000, 0x00000000d4100000|  0%| F|  |TAMS 0x00000000d4000000, 0x00000000d4000000| Untracked 
| 321|0x00000000d4100000, 0x00000000d4100000, 0x00000000d4200000|  0%| F|  |TAMS 0x00000000d4100000, 0x00000000d4100000| Untracked 
| 322|0x00000000d4200000, 0x00000000d4200000, 0x00000000d4300000|  0%| F|  |TAMS 0x00000000d4200000, 0x00000000d4200000| Untracked 
| 323|0x00000000d4300000, 0x00000000d4300000, 0x00000000d4400000|  0%| F|  |TAMS 0x00000000d4300000, 0x00000000d4300000| Untracked 
| 324|0x00000000d4400000, 0x00000000d4400000, 0x00000000d4500000|  0%| F|  |TAMS 0x00000000d4400000, 0x00000000d4400000| Untracked 
| 325|0x00000000d4500000, 0x00000000d4500000, 0x00000000d4600000|  0%| F|  |TAMS 0x00000000d4500000, 0x00000000d4500000| Untracked 
| 326|0x00000000d4600000, 0x00000000d4600000, 0x00000000d4700000|  0%| F|  |TAMS 0x00000000d4600000, 0x00000000d4600000| Untracked 
| 327|0x00000000d4700000, 0x00000000d4700000, 0x00000000d4800000|  0%| F|  |TAMS 0x00000000d4700000, 0x00000000d4700000| Untracked 
| 328|0x00000000d4800000, 0x00000000d4800000, 0x00000000d4900000|  0%| F|  |TAMS 0x00000000d4800000, 0x00000000d4800000| Untracked 
| 329|0x00000000d4900000, 0x00000000d4900000, 0x00000000d4a00000|  0%| F|  |TAMS 0x00000000d4900000, 0x00000000d4900000| Untracked 
| 330|0x00000000d4a00000, 0x00000000d4a00000, 0x00000000d4b00000|  0%| F|  |TAMS 0x00000000d4a00000, 0x00000000d4a00000| Untracked 
| 331|0x00000000d4b00000, 0x00000000d4b00000, 0x00000000d4c00000|  0%| F|  |TAMS 0x00000000d4b00000, 0x00000000d4b00000| Untracked 
| 332|0x00000000d4c00000, 0x00000000d4c00000, 0x00000000d4d00000|  0%| F|  |TAMS 0x00000000d4c00000, 0x00000000d4c00000| Untracked 
| 333|0x00000000d4d00000, 0x00000000d4d00000, 0x00000000d4e00000|  0%| F|  |TAMS 0x00000000d4d00000, 0x00000000d4d00000| Untracked 
| 334|0x00000000d4e00000, 0x00000000d4e00000, 0x00000000d4f00000|  0%| F|  |TAMS 0x00000000d4e00000, 0x00000000d4e00000| Untracked 
| 335|0x00000000d4f00000, 0x00000000d4f00000, 0x00000000d5000000|  0%| F|  |TAMS 0x00000000d4f00000, 0x00000000d4f00000| Untracked 
| 336|0x00000000d5000000, 0x00000000d5000000, 0x00000000d5100000|  0%| F|  |TAMS 0x00000000d5000000, 0x00000000d5000000| Untracked 
| 337|0x00000000d5100000, 0x00000000d5100000, 0x00000000d5200000|  0%| F|  |TAMS 0x00000000d5100000, 0x00000000d5100000| Untracked 
| 338|0x00000000d5200000, 0x00000000d5200000, 0x00000000d5300000|  0%| F|  |TAMS 0x00000000d5200000, 0x00000000d5200000| Untracked 
| 339|0x00000000d5300000, 0x00000000d5300000, 0x00000000d5400000|  0%| F|  |TAMS 0x00000000d5300000, 0x00000000d5300000| Untracked 
| 340|0x00000000d5400000, 0x00000000d5400000, 0x00000000d5500000|  0%| F|  |TAMS 0x00000000d5400000, 0x00000000d5400000| Untracked 
| 341|0x00000000d5500000, 0x00000000d5500000, 0x00000000d5600000|  0%| F|  |TAMS 0x00000000d5500000, 0x00000000d5500000| Untracked 
| 342|0x00000000d5600000, 0x00000000d5600000, 0x00000000d5700000|  0%| F|  |TAMS 0x00000000d5600000, 0x00000000d5600000| Untracked 
| 343|0x00000000d5700000, 0x00000000d5700000, 0x00000000d5800000|  0%| F|  |TAMS 0x00000000d5700000, 0x00000000d5700000| Untracked 
| 344|0x00000000d5800000, 0x00000000d5800000, 0x00000000d5900000|  0%| F|  |TAMS 0x00000000d5800000, 0x00000000d5800000| Untracked 
| 345|0x00000000d5900000, 0x00000000d5900000, 0x00000000d5a00000|  0%| F|  |TAMS 0x00000000d5900000, 0x00000000d5900000| Untracked 
| 346|0x00000000d5a00000, 0x00000000d5a00000, 0x00000000d5b00000|  0%| F|  |TAMS 0x00000000d5a00000, 0x00000000d5a00000| Untracked 
| 347|0x00000000d5b00000, 0x00000000d5b00000, 0x00000000d5c00000|  0%| F|  |TAMS 0x00000000d5b00000, 0x00000000d5b00000| Untracked 
| 348|0x00000000d5c00000, 0x00000000d5c00000, 0x00000000d5d00000|  0%| F|  |TAMS 0x00000000d5c00000, 0x00000000d5c00000| Untracked 
| 349|0x00000000d5d00000, 0x00000000d5d00000, 0x00000000d5e00000|  0%| F|  |TAMS 0x00000000d5d00000, 0x00000000d5d00000| Untracked 
| 350|0x00000000d5e00000, 0x00000000d5e00000, 0x00000000d5f00000|  0%| F|  |TAMS 0x00000000d5e00000, 0x00000000d5e00000| Untracked 
| 351|0x00000000d5f00000, 0x00000000d5f00000, 0x00000000d6000000|  0%| F|  |TAMS 0x00000000d5f00000, 0x00000000d5f00000| Untracked 
| 352|0x00000000d6000000, 0x00000000d6000000, 0x00000000d6100000|  0%| F|  |TAMS 0x00000000d6000000, 0x00000000d6000000| Untracked 
| 353|0x00000000d6100000, 0x00000000d6100000, 0x00000000d6200000|  0%| F|  |TAMS 0x00000000d6100000, 0x00000000d6100000| Untracked 
| 354|0x00000000d6200000, 0x00000000d6200000, 0x00000000d6300000|  0%| F|  |TAMS 0x00000000d6200000, 0x00000000d6200000| Untracked 
| 355|0x00000000d6300000, 0x00000000d6300000, 0x00000000d6400000|  0%| F|  |TAMS 0x00000000d6300000, 0x00000000d6300000| Untracked 
| 356|0x00000000d6400000, 0x00000000d6400000, 0x00000000d6500000|  0%| F|  |TAMS 0x00000000d6400000, 0x00000000d6400000| Untracked 
| 357|0x00000000d6500000, 0x00000000d6500000, 0x00000000d6600000|  0%| F|  |TAMS 0x00000000d6500000, 0x00000000d6500000| Untracked 
| 358|0x00000000d6600000, 0x00000000d6600000, 0x00000000d6700000|  0%| F|  |TAMS 0x00000000d6600000, 0x00000000d6600000| Untracked 
| 359|0x00000000d6700000, 0x00000000d6700000, 0x00000000d6800000|  0%| F|  |TAMS 0x00000000d6700000, 0x00000000d6700000| Untracked 
| 360|0x00000000d6800000, 0x00000000d6800000, 0x00000000d6900000|  0%| F|  |TAMS 0x00000000d6800000, 0x00000000d6800000| Untracked 
| 361|0x00000000d6900000, 0x00000000d6900000, 0x00000000d6a00000|  0%| F|  |TAMS 0x00000000d6900000, 0x00000000d6900000| Untracked 
| 362|0x00000000d6a00000, 0x00000000d6a00000, 0x00000000d6b00000|  0%| F|  |TAMS 0x00000000d6a00000, 0x00000000d6a00000| Untracked 
| 363|0x00000000d6b00000, 0x00000000d6b00000, 0x00000000d6c00000|  0%| F|  |TAMS 0x00000000d6b00000, 0x00000000d6b00000| Untracked 
| 364|0x00000000d6c00000, 0x00000000d6c00000, 0x00000000d6d00000|  0%| F|  |TAMS 0x00000000d6c00000, 0x00000000d6c00000| Untracked 
| 365|0x00000000d6d00000, 0x00000000d6d00000, 0x00000000d6e00000|  0%| F|  |TAMS 0x00000000d6d00000, 0x00000000d6d00000| Untracked 
| 366|0x00000000d6e00000, 0x00000000d6e00000, 0x00000000d6f00000|  0%| F|  |TAMS 0x00000000d6e00000, 0x00000000d6e00000| Untracked 
| 367|0x00000000d6f00000, 0x00000000d6f00000, 0x00000000d7000000|  0%| F|  |TAMS 0x00000000d6f00000, 0x00000000d6f00000| Untracked 
| 368|0x00000000d7000000, 0x00000000d7000000, 0x00000000d7100000|  0%| F|  |TAMS 0x00000000d7000000, 0x00000000d7000000| Untracked 
| 369|0x00000000d7100000, 0x00000000d7100000, 0x00000000d7200000|  0%| F|  |TAMS 0x00000000d7100000, 0x00000000d7100000| Untracked 
| 370|0x00000000d7200000, 0x00000000d7200000, 0x00000000d7300000|  0%| F|  |TAMS 0x00000000d7200000, 0x00000000d7200000| Untracked 
| 371|0x00000000d7300000, 0x00000000d7300000, 0x00000000d7400000|  0%| F|  |TAMS 0x00000000d7300000, 0x00000000d7300000| Untracked 
| 372|0x00000000d7400000, 0x00000000d7400000, 0x00000000d7500000|  0%| F|  |TAMS 0x00000000d7400000, 0x00000000d7400000| Untracked 
| 373|0x00000000d7500000, 0x00000000d7500000, 0x00000000d7600000|  0%| F|  |TAMS 0x00000000d7500000, 0x00000000d7500000| Untracked 
| 374|0x00000000d7600000, 0x00000000d7600000, 0x00000000d7700000|  0%| F|  |TAMS 0x00000000d7600000, 0x00000000d7600000| Untracked 
| 375|0x00000000d7700000, 0x00000000d7700000, 0x00000000d7800000|  0%| F|  |TAMS 0x00000000d7700000, 0x00000000d7700000| Untracked 
| 376|0x00000000d7800000, 0x00000000d7800000, 0x00000000d7900000|  0%| F|  |TAMS 0x00000000d7800000, 0x00000000d7800000| Untracked 
| 377|0x00000000d7900000, 0x00000000d7900000, 0x00000000d7a00000|  0%| F|  |TAMS 0x00000000d7900000, 0x00000000d7900000| Untracked 
| 378|0x00000000d7a00000, 0x00000000d7a00000, 0x00000000d7b00000|  0%| F|  |TAMS 0x00000000d7a00000, 0x00000000d7a00000| Untracked 
| 379|0x00000000d7b00000, 0x00000000d7b00000, 0x00000000d7c00000|  0%| F|  |TAMS 0x00000000d7b00000, 0x00000000d7b00000| Untracked 
| 380|0x00000000d7c00000, 0x00000000d7c00000, 0x00000000d7d00000|  0%| F|  |TAMS 0x00000000d7c00000, 0x00000000d7c00000| Untracked 
| 381|0x00000000d7d00000, 0x00000000d7d00000, 0x00000000d7e00000|  0%| F|  |TAMS 0x00000000d7d00000, 0x00000000d7d00000| Untracked 
| 382|0x00000000d7e00000, 0x00000000d7e00000, 0x00000000d7f00000|  0%| F|  |TAMS 0x00000000d7e00000, 0x00000000d7e00000| Untracked 
| 383|0x00000000d7f00000, 0x00000000d7f00000, 0x00000000d8000000|  0%| F|  |TAMS 0x00000000d7f00000, 0x00000000d7f00000| Untracked 
| 384|0x00000000d8000000, 0x00000000d8000000, 0x00000000d8100000|  0%| F|  |TAMS 0x00000000d8000000, 0x00000000d8000000| Untracked 
| 385|0x00000000d8100000, 0x00000000d8100000, 0x00000000d8200000|  0%| F|  |TAMS 0x00000000d8100000, 0x00000000d8100000| Untracked 
| 386|0x00000000d8200000, 0x00000000d8200000, 0x00000000d8300000|  0%| F|  |TAMS 0x00000000d8200000, 0x00000000d8200000| Untracked 
| 387|0x00000000d8300000, 0x00000000d8300000, 0x00000000d8400000|  0%| F|  |TAMS 0x00000000d8300000, 0x00000000d8300000| Untracked 
| 388|0x00000000d8400000, 0x00000000d8400000, 0x00000000d8500000|  0%| F|  |TAMS 0x00000000d8400000, 0x00000000d8400000| Untracked 
| 389|0x00000000d8500000, 0x00000000d8500000, 0x00000000d8600000|  0%| F|  |TAMS 0x00000000d8500000, 0x00000000d8500000| Untracked 
| 390|0x00000000d8600000, 0x00000000d8600000, 0x00000000d8700000|  0%| F|  |TAMS 0x00000000d8600000, 0x00000000d8600000| Untracked 
| 391|0x00000000d8700000, 0x00000000d8700000, 0x00000000d8800000|  0%| F|  |TAMS 0x00000000d8700000, 0x00000000d8700000| Untracked 
| 392|0x00000000d8800000, 0x00000000d8800000, 0x00000000d8900000|  0%| F|  |TAMS 0x00000000d8800000, 0x00000000d8800000| Untracked 
| 393|0x00000000d8900000, 0x00000000d8900000, 0x00000000d8a00000|  0%| F|  |TAMS 0x00000000d8900000, 0x00000000d8900000| Untracked 
| 394|0x00000000d8a00000, 0x00000000d8a00000, 0x00000000d8b00000|  0%| F|  |TAMS 0x00000000d8a00000, 0x00000000d8a00000| Untracked 
| 395|0x00000000d8b00000, 0x00000000d8b00000, 0x00000000d8c00000|  0%| F|  |TAMS 0x00000000d8b00000, 0x00000000d8b00000| Untracked 
| 396|0x00000000d8c00000, 0x00000000d8c00000, 0x00000000d8d00000|  0%| F|  |TAMS 0x00000000d8c00000, 0x00000000d8c00000| Untracked 
| 397|0x00000000d8d00000, 0x00000000d8d00000, 0x00000000d8e00000|  0%| F|  |TAMS 0x00000000d8d00000, 0x00000000d8d00000| Untracked 
| 398|0x00000000d8e00000, 0x00000000d8e00000, 0x00000000d8f00000|  0%| F|  |TAMS 0x00000000d8e00000, 0x00000000d8e00000| Untracked 
| 399|0x00000000d8f00000, 0x00000000d8f00000, 0x00000000d9000000|  0%| F|  |TAMS 0x00000000d8f00000, 0x00000000d8f00000| Untracked 
| 400|0x00000000d9000000, 0x00000000d9000000, 0x00000000d9100000|  0%| F|  |TAMS 0x00000000d9000000, 0x00000000d9000000| Untracked 
| 401|0x00000000d9100000, 0x00000000d9100000, 0x00000000d9200000|  0%| F|  |TAMS 0x00000000d9100000, 0x00000000d9100000| Untracked 
| 402|0x00000000d9200000, 0x00000000d9200000, 0x00000000d9300000|  0%| F|  |TAMS 0x00000000d9200000, 0x00000000d9200000| Untracked 
| 403|0x00000000d9300000, 0x00000000d9300000, 0x00000000d9400000|  0%| F|  |TAMS 0x00000000d9300000, 0x00000000d9300000| Untracked 
| 404|0x00000000d9400000, 0x00000000d9400000, 0x00000000d9500000|  0%| F|  |TAMS 0x00000000d9400000, 0x00000000d9400000| Untracked 
| 405|0x00000000d9500000, 0x00000000d9500000, 0x00000000d9600000|  0%| F|  |TAMS 0x00000000d9500000, 0x00000000d9500000| Untracked 
| 406|0x00000000d9600000, 0x00000000d9600000, 0x00000000d9700000|  0%| F|  |TAMS 0x00000000d9600000, 0x00000000d9600000| Untracked 
| 407|0x00000000d9700000, 0x00000000d9700000, 0x00000000d9800000|  0%| F|  |TAMS 0x00000000d9700000, 0x00000000d9700000| Untracked 
| 408|0x00000000d9800000, 0x00000000d9800000, 0x00000000d9900000|  0%| F|  |TAMS 0x00000000d9800000, 0x00000000d9800000| Untracked 
| 409|0x00000000d9900000, 0x00000000d9900000, 0x00000000d9a00000|  0%| F|  |TAMS 0x00000000d9900000, 0x00000000d9900000| Untracked 
| 410|0x00000000d9a00000, 0x00000000d9a00000, 0x00000000d9b00000|  0%| F|  |TAMS 0x00000000d9a00000, 0x00000000d9a00000| Untracked 
| 411|0x00000000d9b00000, 0x00000000d9b00000, 0x00000000d9c00000|  0%| F|  |TAMS 0x00000000d9b00000, 0x00000000d9b00000| Untracked 
| 412|0x00000000d9c00000, 0x00000000d9c00000, 0x00000000d9d00000|  0%| F|  |TAMS 0x00000000d9c00000, 0x00000000d9c00000| Untracked 
| 413|0x00000000d9d00000, 0x00000000d9d00000, 0x00000000d9e00000|  0%| F|  |TAMS 0x00000000d9d00000, 0x00000000d9d00000| Untracked 
| 414|0x00000000d9e00000, 0x00000000d9e00000, 0x00000000d9f00000|  0%| F|  |TAMS 0x00000000d9e00000, 0x00000000d9e00000| Untracked 
| 415|0x00000000d9f00000, 0x00000000d9f00000, 0x00000000da000000|  0%| F|  |TAMS 0x00000000d9f00000, 0x00000000d9f00000| Untracked 
| 416|0x00000000da000000, 0x00000000da000000, 0x00000000da100000|  0%| F|  |TAMS 0x00000000da000000, 0x00000000da000000| Untracked 
| 417|0x00000000da100000, 0x00000000da100000, 0x00000000da200000|  0%| F|  |TAMS 0x00000000da100000, 0x00000000da100000| Untracked 
| 418|0x00000000da200000, 0x00000000da200000, 0x00000000da300000|  0%| F|  |TAMS 0x00000000da200000, 0x00000000da200000| Untracked 
| 419|0x00000000da300000, 0x00000000da300000, 0x00000000da400000|  0%| F|  |TAMS 0x00000000da300000, 0x00000000da300000| Untracked 
| 420|0x00000000da400000, 0x00000000da400000, 0x00000000da500000|  0%| F|  |TAMS 0x00000000da400000, 0x00000000da400000| Untracked 
| 421|0x00000000da500000, 0x00000000da5f7fc0, 0x00000000da600000| 96%| S|CS|TAMS 0x00000000da500000, 0x00000000da500000| Complete 
| 422|0x00000000da600000, 0x00000000da700000, 0x00000000da700000|100%| S|CS|TAMS 0x00000000da600000, 0x00000000da600000| Complete 
| 423|0x00000000da700000, 0x00000000da800000, 0x00000000da800000|100%| S|CS|TAMS 0x00000000da700000, 0x00000000da700000| Complete 
| 424|0x00000000da800000, 0x00000000da900000, 0x00000000da900000|100%| S|CS|TAMS 0x00000000da800000, 0x00000000da800000| Complete 
| 425|0x00000000da900000, 0x00000000daa00000, 0x00000000daa00000|100%| S|CS|TAMS 0x00000000da900000, 0x00000000da900000| Complete 
| 426|0x00000000daa00000, 0x00000000dab00000, 0x00000000dab00000|100%| S|CS|TAMS 0x00000000daa00000, 0x00000000daa00000| Complete 
| 427|0x00000000dab00000, 0x00000000dac00000, 0x00000000dac00000|100%| S|CS|TAMS 0x00000000dab00000, 0x00000000dab00000| Complete 
| 428|0x00000000dac00000, 0x00000000dad00000, 0x00000000dad00000|100%| S|CS|TAMS 0x00000000dac00000, 0x00000000dac00000| Complete 
| 429|0x00000000dad00000, 0x00000000dae00000, 0x00000000dae00000|100%| S|CS|TAMS 0x00000000dad00000, 0x00000000dad00000| Complete 
| 430|0x00000000dae00000, 0x00000000daf00000, 0x00000000daf00000|100%| S|CS|TAMS 0x00000000dae00000, 0x00000000dae00000| Complete 
| 431|0x00000000daf00000, 0x00000000daf00000, 0x00000000db000000|  0%| F|  |TAMS 0x00000000daf00000, 0x00000000daf00000| Untracked 
| 432|0x00000000db000000, 0x00000000db000000, 0x00000000db100000|  0%| F|  |TAMS 0x00000000db000000, 0x00000000db000000| Untracked 
| 433|0x00000000db100000, 0x00000000db100000, 0x00000000db200000|  0%| F|  |TAMS 0x00000000db100000, 0x00000000db100000| Untracked 
| 434|0x00000000db200000, 0x00000000db200000, 0x00000000db300000|  0%| F|  |TAMS 0x00000000db200000, 0x00000000db200000| Untracked 
| 435|0x00000000db300000, 0x00000000db300000, 0x00000000db400000|  0%| F|  |TAMS 0x00000000db300000, 0x00000000db300000| Untracked 
| 436|0x00000000db400000, 0x00000000db400000, 0x00000000db500000|  0%| F|  |TAMS 0x00000000db400000, 0x00000000db400000| Untracked 
| 437|0x00000000db500000, 0x00000000db500000, 0x00000000db600000|  0%| F|  |TAMS 0x00000000db500000, 0x00000000db500000| Untracked 
| 438|0x00000000db600000, 0x00000000db600000, 0x00000000db700000|  0%| F|  |TAMS 0x00000000db600000, 0x00000000db600000| Untracked 
| 439|0x00000000db700000, 0x00000000db700000, 0x00000000db800000|  0%| F|  |TAMS 0x00000000db700000, 0x00000000db700000| Untracked 
| 440|0x00000000db800000, 0x00000000db800000, 0x00000000db900000|  0%| F|  |TAMS 0x00000000db800000, 0x00000000db800000| Untracked 
| 441|0x00000000db900000, 0x00000000db900000, 0x00000000dba00000|  0%| F|  |TAMS 0x00000000db900000, 0x00000000db900000| Untracked 
| 442|0x00000000dba00000, 0x00000000dba00000, 0x00000000dbb00000|  0%| F|  |TAMS 0x00000000dba00000, 0x00000000dba00000| Untracked 
| 443|0x00000000dbb00000, 0x00000000dbb00000, 0x00000000dbc00000|  0%| F|  |TAMS 0x00000000dbb00000, 0x00000000dbb00000| Untracked 
| 444|0x00000000dbc00000, 0x00000000dbc00000, 0x00000000dbd00000|  0%| F|  |TAMS 0x00000000dbc00000, 0x00000000dbc00000| Untracked 
| 445|0x00000000dbd00000, 0x00000000dbd00000, 0x00000000dbe00000|  0%| F|  |TAMS 0x00000000dbd00000, 0x00000000dbd00000| Untracked 
| 446|0x00000000dbe00000, 0x00000000dbe00000, 0x00000000dbf00000|  0%| F|  |TAMS 0x00000000dbe00000, 0x00000000dbe00000| Untracked 
| 447|0x00000000dbf00000, 0x00000000dbf00000, 0x00000000dc000000|  0%| F|  |TAMS 0x00000000dbf00000, 0x00000000dbf00000| Untracked 
| 448|0x00000000dc000000, 0x00000000dc000000, 0x00000000dc100000|  0%| F|  |TAMS 0x00000000dc000000, 0x00000000dc000000| Untracked 
| 449|0x00000000dc100000, 0x00000000dc100000, 0x00000000dc200000|  0%| F|  |TAMS 0x00000000dc100000, 0x00000000dc100000| Untracked 
| 450|0x00000000dc200000, 0x00000000dc200000, 0x00000000dc300000|  0%| F|  |TAMS 0x00000000dc200000, 0x00000000dc200000| Untracked 
| 451|0x00000000dc300000, 0x00000000dc300000, 0x00000000dc400000|  0%| F|  |TAMS 0x00000000dc300000, 0x00000000dc300000| Untracked 
| 452|0x00000000dc400000, 0x00000000dc400000, 0x00000000dc500000|  0%| F|  |TAMS 0x00000000dc400000, 0x00000000dc400000| Untracked 
| 453|0x00000000dc500000, 0x00000000dc500000, 0x00000000dc600000|  0%| F|  |TAMS 0x00000000dc500000, 0x00000000dc500000| Untracked 
| 454|0x00000000dc600000, 0x00000000dc600000, 0x00000000dc700000|  0%| F|  |TAMS 0x00000000dc600000, 0x00000000dc600000| Untracked 
| 455|0x00000000dc700000, 0x00000000dc700000, 0x00000000dc800000|  0%| F|  |TAMS 0x00000000dc700000, 0x00000000dc700000| Untracked 
| 456|0x00000000dc800000, 0x00000000dc800000, 0x00000000dc900000|  0%| F|  |TAMS 0x00000000dc800000, 0x00000000dc800000| Untracked 
| 457|0x00000000dc900000, 0x00000000dc900000, 0x00000000dca00000|  0%| F|  |TAMS 0x00000000dc900000, 0x00000000dc900000| Untracked 
| 458|0x00000000dca00000, 0x00000000dca00000, 0x00000000dcb00000|  0%| F|  |TAMS 0x00000000dca00000, 0x00000000dca00000| Untracked 
| 459|0x00000000dcb00000, 0x00000000dcb00000, 0x00000000dcc00000|  0%| F|  |TAMS 0x00000000dcb00000, 0x00000000dcb00000| Untracked 
| 460|0x00000000dcc00000, 0x00000000dcc00000, 0x00000000dcd00000|  0%| F|  |TAMS 0x00000000dcc00000, 0x00000000dcc00000| Untracked 
| 461|0x00000000dcd00000, 0x00000000dcd00000, 0x00000000dce00000|  0%| F|  |TAMS 0x00000000dcd00000, 0x00000000dcd00000| Untracked 
| 462|0x00000000dce00000, 0x00000000dce00000, 0x00000000dcf00000|  0%| F|  |TAMS 0x00000000dce00000, 0x00000000dce00000| Untracked 
| 463|0x00000000dcf00000, 0x00000000dcf00000, 0x00000000dd000000|  0%| F|  |TAMS 0x00000000dcf00000, 0x00000000dcf00000| Untracked 
| 464|0x00000000dd000000, 0x00000000dd000000, 0x00000000dd100000|  0%| F|  |TAMS 0x00000000dd000000, 0x00000000dd000000| Untracked 
| 465|0x00000000dd100000, 0x00000000dd100000, 0x00000000dd200000|  0%| F|  |TAMS 0x00000000dd100000, 0x00000000dd100000| Untracked 
| 466|0x00000000dd200000, 0x00000000dd200000, 0x00000000dd300000|  0%| F|  |TAMS 0x00000000dd200000, 0x00000000dd200000| Untracked 
| 467|0x00000000dd300000, 0x00000000dd300000, 0x00000000dd400000|  0%| F|  |TAMS 0x00000000dd300000, 0x00000000dd300000| Untracked 
| 468|0x00000000dd400000, 0x00000000dd400000, 0x00000000dd500000|  0%| F|  |TAMS 0x00000000dd400000, 0x00000000dd400000| Untracked 
| 469|0x00000000dd500000, 0x00000000dd500000, 0x00000000dd600000|  0%| F|  |TAMS 0x00000000dd500000, 0x00000000dd500000| Untracked 
| 470|0x00000000dd600000, 0x00000000dd600000, 0x00000000dd700000|  0%| F|  |TAMS 0x00000000dd600000, 0x00000000dd600000| Untracked 
| 471|0x00000000dd700000, 0x00000000dd700000, 0x00000000dd800000|  0%| F|  |TAMS 0x00000000dd700000, 0x00000000dd700000| Untracked 
| 472|0x00000000dd800000, 0x00000000dd800000, 0x00000000dd900000|  0%| F|  |TAMS 0x00000000dd800000, 0x00000000dd800000| Untracked 
| 473|0x00000000dd900000, 0x00000000dd900000, 0x00000000dda00000|  0%| F|  |TAMS 0x00000000dd900000, 0x00000000dd900000| Untracked 
| 474|0x00000000dda00000, 0x00000000dda00000, 0x00000000ddb00000|  0%| F|  |TAMS 0x00000000dda00000, 0x00000000dda00000| Untracked 
| 475|0x00000000ddb00000, 0x00000000ddb00000, 0x00000000ddc00000|  0%| F|  |TAMS 0x00000000ddb00000, 0x00000000ddb00000| Untracked 
| 476|0x00000000ddc00000, 0x00000000ddc00000, 0x00000000ddd00000|  0%| F|  |TAMS 0x00000000ddc00000, 0x00000000ddc00000| Untracked 
| 477|0x00000000ddd00000, 0x00000000ddd00000, 0x00000000dde00000|  0%| F|  |TAMS 0x00000000ddd00000, 0x00000000ddd00000| Untracked 
| 478|0x00000000dde00000, 0x00000000dde00000, 0x00000000ddf00000|  0%| F|  |TAMS 0x00000000dde00000, 0x00000000dde00000| Untracked 
| 479|0x00000000ddf00000, 0x00000000ddf00000, 0x00000000de000000|  0%| F|  |TAMS 0x00000000ddf00000, 0x00000000ddf00000| Untracked 
| 480|0x00000000de000000, 0x00000000de000000, 0x00000000de100000|  0%| F|  |TAMS 0x00000000de000000, 0x00000000de000000| Untracked 
| 481|0x00000000de100000, 0x00000000de100000, 0x00000000de200000|  0%| F|  |TAMS 0x00000000de100000, 0x00000000de100000| Untracked 
| 482|0x00000000de200000, 0x00000000de200000, 0x00000000de300000|  0%| F|  |TAMS 0x00000000de200000, 0x00000000de200000| Untracked 
| 483|0x00000000de300000, 0x00000000de300000, 0x00000000de400000|  0%| F|  |TAMS 0x00000000de300000, 0x00000000de300000| Untracked 
| 484|0x00000000de400000, 0x00000000de400000, 0x00000000de500000|  0%| F|  |TAMS 0x00000000de400000, 0x00000000de400000| Untracked 
| 485|0x00000000de500000, 0x00000000de500000, 0x00000000de600000|  0%| F|  |TAMS 0x00000000de500000, 0x00000000de500000| Untracked 
| 486|0x00000000de600000, 0x00000000de600000, 0x00000000de700000|  0%| F|  |TAMS 0x00000000de600000, 0x00000000de600000| Untracked 
| 487|0x00000000de700000, 0x00000000de700000, 0x00000000de800000|  0%| F|  |TAMS 0x00000000de700000, 0x00000000de700000| Untracked 
| 488|0x00000000de800000, 0x00000000de800000, 0x00000000de900000|  0%| F|  |TAMS 0x00000000de800000, 0x00000000de800000| Untracked 
| 489|0x00000000de900000, 0x00000000de900000, 0x00000000dea00000|  0%| F|  |TAMS 0x00000000de900000, 0x00000000de900000| Untracked 
| 490|0x00000000dea00000, 0x00000000dea00000, 0x00000000deb00000|  0%| F|  |TAMS 0x00000000dea00000, 0x00000000dea00000| Untracked 
| 491|0x00000000deb00000, 0x00000000deb00000, 0x00000000dec00000|  0%| F|  |TAMS 0x00000000deb00000, 0x00000000deb00000| Untracked 
| 492|0x00000000dec00000, 0x00000000dec00000, 0x00000000ded00000|  0%| F|  |TAMS 0x00000000dec00000, 0x00000000dec00000| Untracked 
| 493|0x00000000ded00000, 0x00000000ded00000, 0x00000000dee00000|  0%| F|  |TAMS 0x00000000ded00000, 0x00000000ded00000| Untracked 
| 494|0x00000000dee00000, 0x00000000dee00000, 0x00000000def00000|  0%| F|  |TAMS 0x00000000dee00000, 0x00000000dee00000| Untracked 
| 495|0x00000000def00000, 0x00000000def00000, 0x00000000df000000|  0%| F|  |TAMS 0x00000000def00000, 0x00000000def00000| Untracked 
| 496|0x00000000df000000, 0x00000000df000000, 0x00000000df100000|  0%| F|  |TAMS 0x00000000df000000, 0x00000000df000000| Untracked 
| 497|0x00000000df100000, 0x00000000df100000, 0x00000000df200000|  0%| F|  |TAMS 0x00000000df100000, 0x00000000df100000| Untracked 
| 498|0x00000000df200000, 0x00000000df200000, 0x00000000df300000|  0%| F|  |TAMS 0x00000000df200000, 0x00000000df200000| Untracked 
| 499|0x00000000df300000, 0x00000000df300000, 0x00000000df400000|  0%| F|  |TAMS 0x00000000df300000, 0x00000000df300000| Untracked 
| 500|0x00000000df400000, 0x00000000df400000, 0x00000000df500000|  0%| F|  |TAMS 0x00000000df400000, 0x00000000df400000| Untracked 
| 501|0x00000000df500000, 0x00000000df500000, 0x00000000df600000|  0%| F|  |TAMS 0x00000000df500000, 0x00000000df500000| Untracked 
| 502|0x00000000df600000, 0x00000000df700000, 0x00000000df700000|100%| E|  |TAMS 0x00000000df600000, 0x00000000df600000| Complete 
| 503|0x00000000df700000, 0x00000000df800000, 0x00000000df800000|100%| E|CS|TAMS 0x00000000df700000, 0x00000000df700000| Complete 
| 504|0x00000000df800000, 0x00000000df900000, 0x00000000df900000|100%| E|CS|TAMS 0x00000000df800000, 0x00000000df800000| Complete 
| 505|0x00000000df900000, 0x00000000dfa00000, 0x00000000dfa00000|100%| E|CS|TAMS 0x00000000df900000, 0x00000000df900000| Complete 
| 506|0x00000000dfa00000, 0x00000000dfb00000, 0x00000000dfb00000|100%| E|CS|TAMS 0x00000000dfa00000, 0x00000000dfa00000| Complete 
| 507|0x00000000dfb00000, 0x00000000dfc00000, 0x00000000dfc00000|100%| E|CS|TAMS 0x00000000dfb00000, 0x00000000dfb00000| Complete 
| 508|0x00000000dfc00000, 0x00000000dfd00000, 0x00000000dfd00000|100%| E|CS|TAMS 0x00000000dfc00000, 0x00000000dfc00000| Complete 
| 509|0x00000000dfd00000, 0x00000000dfe00000, 0x00000000dfe00000|100%| E|CS|TAMS 0x00000000dfd00000, 0x00000000dfd00000| Complete 
| 510|0x00000000dfe00000, 0x00000000dff00000, 0x00000000dff00000|100%| E|CS|TAMS 0x00000000dfe00000, 0x00000000dfe00000| Complete 
| 511|0x00000000dff00000, 0x00000000e0000000, 0x00000000e0000000|100%| E|CS|TAMS 0x00000000dff00000, 0x00000000dff00000| Complete 
| 512|0x00000000e0000000, 0x00000000e0100000, 0x00000000e0100000|100%| E|CS|TAMS 0x00000000e0000000, 0x00000000e0000000| Complete 
| 513|0x00000000e0100000, 0x00000000e0200000, 0x00000000e0200000|100%| E|CS|TAMS 0x00000000e0100000, 0x00000000e0100000| Complete 
| 514|0x00000000e0200000, 0x00000000e0300000, 0x00000000e0300000|100%| E|CS|TAMS 0x00000000e0200000, 0x00000000e0200000| Complete 
| 515|0x00000000e0300000, 0x00000000e0400000, 0x00000000e0400000|100%| E|CS|TAMS 0x00000000e0300000, 0x00000000e0300000| Complete 
|1020|0x00000000ffc00000, 0x00000000ffd00000, 0x00000000ffd00000|100%| O|  |TAMS 0x00000000ffd00000, 0x00000000ffc00000| Untracked 
|1021|0x00000000ffd00000, 0x00000000ffe00000, 0x00000000ffe00000|100%| E|CS|TAMS 0x00000000ffd00000, 0x00000000ffd00000| Complete 
|1022|0x00000000ffe00000, 0x00000000fff00000, 0x00000000fff00000|100%| E|CS|TAMS 0x00000000ffe00000, 0x00000000ffe00000| Complete 
|1023|0x00000000fff00000, 0x0000000100000000, 0x0000000100000000|100%| E|CS|TAMS 0x00000000fff00000, 0x00000000fff00000| Complete 

Card table byte_map: [0x0000025da4000000,0x0000025da4200000] _byte_map_base: 0x0000025da3a00000

Marking Bits (Prev, Next): (CMBitMap*) 0x0000025d8cfdcf30, (CMBitMap*) 0x0000025d8cfdcf70
 Prev Bits: [0x0000025da4400000, 0x0000025da5400000)
 Next Bits: [0x0000025da5400000, 0x0000025da6400000)

Polling page: 0x0000025d8ace0000

Metaspace:

Usage:
  Non-class:     11.57 MB used.
      Class:    918.72 KB used.
       Both:     12.47 MB used.

Virtual space:
  Non-class space:       64.00 MB reserved,      11.69 MB ( 18%) committed,  1 nodes.
      Class space:        1.00 GB reserved,       1.00 MB ( <1%) committed,  1 nodes.
             Both:        1.06 GB reserved,      12.69 MB (  1%) committed. 

Chunk freelists:
   Non-Class:  3.98 MB
       Class:  14.91 MB
        Both:  18.90 MB

MaxMetaspaceSize: unlimited
CompressedClassSpaceSize: 1.00 GB
Initial GC threshold: 21.00 MB
Current GC threshold: 21.00 MB
CDS: on
MetaspaceReclaimPolicy: balanced
 - commit_granule_bytes: 65536.
 - commit_granule_words: 8192.
 - virtual_space_node_default_size: 8388608.
 - enlarge_chunks_in_place: 1.
 - new_chunks_are_fully_committed: 0.
 - uncommit_free_chunks: 1.
 - use_allocation_guard: 0.
 - handle_deallocations: 1.


Internal statistics:

num_allocs_failed_limit: 0.
num_arena_births: 106.
num_arena_deaths: 0.
num_vsnodes_births: 2.
num_vsnodes_deaths: 0.
num_space_committed: 199.
num_space_uncommitted: 0.
num_chunks_returned_to_freelist: 0.
num_chunks_taken_from_freelist: 382.
num_chunk_merges: 0.
num_chunk_splits: 299.
num_chunks_enlarged: 237.
num_inconsistent_stats: 0.

CodeHeap 'non-profiled nmethods': size=120000Kb used=735Kb max_used=735Kb free=119264Kb
 bounds [0x0000025d9c5a0000, 0x0000025d9c810000, 0x0000025da3ad0000]
CodeHeap 'profiled nmethods': size=120000Kb used=2527Kb max_used=2527Kb free=117472Kb
 bounds [0x0000025d94ad0000, 0x0000025d94d50000, 0x0000025d9c000000]
CodeHeap 'non-nmethods': size=5760Kb used=1613Kb max_used=1661Kb free=4146Kb
 bounds [0x0000025d9c000000, 0x0000025d9c270000, 0x0000025d9c5a0000]
 total_blobs=2303 nmethods=1365 adapters=851
 compilation: enabled
              stopped_count=0, restarted_count=0
 full_count=0

Compilation events (20 events):
Event: 6.413 Thread 0x0000025da8e0f330 1355       1       jogamp.newt.driver.windows.WindowDriver::getSurfaceHandle (5 bytes)
Event: 6.413 Thread 0x0000025da8e0f330 nmethod 1355 0x0000025d9c656290 code [0x0000025d9c656420, 0x0000025d9c6564f8]
Event: 6.466 Thread 0x0000025da8e0f330 1356       3       jdk.internal.misc.Unsafe::getAndAddInt (27 bytes)
Event: 6.466 Thread 0x0000025da8e0f330 nmethod 1356 0x0000025d94d46010 code [0x0000025d94d461c0, 0x0000025d94d46408]
Event: 6.746 Thread 0x0000025da8e0f330 1358       3       jdk.internal.misc.Unsafe::putReferenceOpaque (9 bytes)
Event: 6.747 Thread 0x0000025da8e0f330 nmethod 1358 0x0000025d94d46510 code [0x0000025d94d466a0, 0x0000025d94d467f8]
Event: 6.798 Thread 0x0000025da8e0ca10 1359       4       com.jogamp.common.util.IntIntHashMap::get (52 bytes)
Event: 6.799 Thread 0x0000025da8e0ca10 nmethod 1359 0x0000025d9c656990 code [0x0000025d9c656b00, 0x0000025d9c656c18]
Event: 6.844 Thread 0x0000025da8e0ca10 1360 %     4       java.lang.StringCoding::hasNegatives @ 2 (25 bytes)
Event: 6.846 Thread 0x0000025da8e0ca10 nmethod 1360% 0x0000025d9c656d90 code [0x0000025d9c656f20, 0x0000025d9c657138]
Event: 6.851 Thread 0x0000025da8e0f330 1361       3       java.util.concurrent.locks.ReentrantLock$NonfairSync::initialTryLock (58 bytes)
Event: 6.852 Thread 0x0000025da8e0f330 nmethod 1361 0x0000025d94d46890 code [0x0000025d94d46a80, 0x0000025d94d46e98]
Event: 6.852 Thread 0x0000025da8e0f330 1363       3       java.util.concurrent.locks.ReentrantLock::unlock (10 bytes)
Event: 6.852 Thread 0x0000025da8e0f330 nmethod 1363 0x0000025d94d47010 code [0x0000025d94d471e0, 0x0000025d94d474b8]
Event: 6.993 Thread 0x0000025da8e0ca10 1364       4       jogamp.opengl.gl4.GL4bcImpl::checkBufferObject (187 bytes)
Event: 6.994 Thread 0x0000025da8e0ca10 nmethod 1364 0x0000025d9c657690 code [0x0000025d9c657820, 0x0000025d9c657b18]
Event: 7.022 Thread 0x0000025da8e0f330 1365       3       jdk.internal.misc.Unsafe::getAndAddLong (27 bytes)
Event: 7.022 Thread 0x0000025da8e0f330 nmethod 1365 0x0000025d94d47610 code [0x0000025d94d477c0, 0x0000025d94d47a08]
Event: 7.022 Thread 0x0000025da8e0f330 1366       3       jdk.internal.misc.Unsafe::weakCompareAndSetLong (11 bytes)
Event: 7.022 Thread 0x0000025da8e0f330 nmethod 1366 0x0000025d94d47b10 code [0x0000025d94d47ca0, 0x0000025d94d47dd8]

GC Heap History (20 events):
Event: 1.718 GC heap before
{Heap before GC invocations=3 (full 0):
 garbage-first heap   total 65536K, used 34443K [0x00000000c0000000, 0x0000000100000000)
  region size 1024K, 7 young (7168K), 4 survivors (4096K)
 Metaspace       used 12535K, committed 12736K, reserved 1114112K
  class space    used 905K, committed 1024K, reserved 1048576K
}
Event: 1.721 GC heap after
{Heap after GC invocations=4 (full 0):
 garbage-first heap   total 65536K, used 34645K [0x00000000c0000000, 0x0000000100000000)
  region size 1024K, 2 young (2048K), 2 survivors (2048K)
 Metaspace       used 12535K, committed 12736K, reserved 1114112K
  class space    used 905K, committed 1024K, reserved 1048576K
}
Event: 1.924 GC heap before
{Heap before GC invocations=5 (full 0):
 garbage-first heap   total 320512K, used 310101K [0x00000000c0000000, 0x0000000100000000)
  region size 1024K, 10 young (10240K), 2 survivors (2048K)
 Metaspace       used 12681K, committed 12928K, reserved 1114112K
  class space    used 913K, committed 1024K, reserved 1048576K
}
Event: 1.925 GC heap after
{Heap after GC invocations=6 (full 0):
 garbage-first heap   total 320512K, used 301017K [0x00000000c0000000, 0x0000000100000000)
  region size 1024K, 2 young (2048K), 2 survivors (2048K)
 Metaspace       used 12681K, committed 12928K, reserved 1114112K
  class space    used 913K, committed 1024K, reserved 1048576K
}
Event: 1.965 GC heap before
{Heap before GC invocations=6 (full 0):
 garbage-first heap   total 320512K, used 310233K [0x00000000c0000000, 0x0000000100000000)
  region size 1024K, 12 young (12288K), 2 survivors (2048K)
 Metaspace       used 12681K, committed 12928K, reserved 1114112K
  class space    used 913K, committed 1024K, reserved 1048576K
}
Event: 1.969 GC heap after
{Heap after GC invocations=7 (full 0):
 garbage-first heap   total 323584K, used 309593K [0x00000000c0000000, 0x0000000100000000)
  region size 1024K, 2 young (2048K), 2 survivors (2048K)
 Metaspace       used 12681K, committed 12928K, reserved 1114112K
  class space    used 913K, committed 1024K, reserved 1048576K
}
Event: 2.141 GC heap before
{Heap before GC invocations=7 (full 0):
 garbage-first heap   total 323584K, used 314713K [0x00000000c0000000, 0x0000000100000000)
  region size 1024K, 8 young (8192K), 2 survivors (2048K)
 Metaspace       used 12694K, committed 12928K, reserved 1114112K
  class space    used 913K, committed 1024K, reserved 1048576K
}
Event: 2.143 GC heap after
{Heap after GC invocations=8 (full 0):
 garbage-first heap   total 324608K, used 315750K [0x00000000c0000000, 0x0000000100000000)
  region size 1024K, 2 young (2048K), 2 survivors (2048K)
 Metaspace       used 12694K, committed 12928K, reserved 1114112K
  class space    used 913K, committed 1024K, reserved 1048576K
}
Event: 2.361 GC heap before
{Heap before GC invocations=9 (full 0):
 garbage-first heap   total 517120K, used 319846K [0x00000000c0000000, 0x0000000100000000)
  region size 1024K, 15 young (15360K), 2 survivors (2048K)
 Metaspace       used 12698K, committed 12928K, reserved 1114112K
  class space    used 913K, committed 1024K, reserved 1048576K
}
Event: 2.364 GC heap after
{Heap after GC invocations=10 (full 0):
 garbage-first heap   total 517120K, used 312890K [0x00000000c0000000, 0x0000000100000000)
  region size 1024K, 2 young (2048K), 2 survivors (2048K)
 Metaspace       used 12698K, committed 12928K, reserved 1114112K
  class space    used 913K, committed 1024K, reserved 1048576K
}
Event: 2.761 GC heap before
{Heap before GC invocations=10 (full 0):
 garbage-first heap   total 517120K, used 336442K [0x00000000c0000000, 0x0000000100000000)
  region size 1024K, 25 young (25600K), 2 survivors (2048K)
 Metaspace       used 12701K, committed 12928K, reserved 1114112K
  class space    used 913K, committed 1024K, reserved 1048576K
}
Event: 2.765 GC heap after
{Heap after GC invocations=11 (full 0):
 garbage-first heap   total 517120K, used 322560K [0x00000000c0000000, 0x0000000100000000)
  region size 1024K, 4 young (4096K), 4 survivors (4096K)
 Metaspace       used 12701K, committed 12928K, reserved 1114112K
  class space    used 913K, committed 1024K, reserved 1048576K
}
Event: 3.949 GC heap before
{Heap before GC invocations=11 (full 0):
 garbage-first heap   total 517120K, used 390144K [0x00000000c0000000, 0x0000000100000000)
  region size 1024K, 70 young (71680K), 4 survivors (4096K)
 Metaspace       used 12708K, committed 12928K, reserved 1114112K
  class space    used 913K, committed 1024K, reserved 1048576K
}
Event: 3.954 GC heap after
{Heap after GC invocations=12 (full 0):
 garbage-first heap   total 517120K, used 329272K [0x00000000c0000000, 0x0000000100000000)
  region size 1024K, 9 young (9216K), 9 survivors (9216K)
 Metaspace       used 12708K, committed 12928K, reserved 1114112K
  class space    used 913K, committed 1024K, reserved 1048576K
}
Event: 5.081 GC heap before
{Heap before GC invocations=13 (full 0):
 garbage-first heap   total 532480K, used 387640K [0x00000000c0000000, 0x0000000100000000)
  region size 1024K, 81 young (82944K), 9 survivors (9216K)
 Metaspace       used 12713K, committed 12928K, reserved 1114112K
  class space    used 913K, committed 1024K, reserved 1048576K
}
Event: 5.083 GC heap after
{Heap after GC invocations=14 (full 0):
 garbage-first heap   total 532480K, used 314629K [0x00000000c0000000, 0x0000000100000000)
  region size 1024K, 8 young (8192K), 8 survivors (8192K)
 Metaspace       used 12713K, committed 12928K, reserved 1114112K
  class space    used 913K, committed 1024K, reserved 1048576K
}
Event: 5.293 GC heap before
{Heap before GC invocations=14 (full 0):
 garbage-first heap   total 532480K, used 333061K [0x00000000c0000000, 0x0000000100000000)
  region size 1024K, 26 young (26624K), 8 survivors (8192K)
 Metaspace       used 12713K, committed 12928K, reserved 1114112K
  class space    used 913K, committed 1024K, reserved 1048576K
}
Event: 5.297 GC heap after
{Heap after GC invocations=15 (full 0):
 garbage-first heap   total 532480K, used 317788K [0x00000000c0000000, 0x0000000100000000)
  region size 1024K, 4 young (4096K), 4 survivors (4096K)
 Metaspace       used 12713K, committed 12928K, reserved 1114112K
  class space    used 913K, committed 1024K, reserved 1048576K
}
Event: 6.646 GC heap before
{Heap before GC invocations=15 (full 0):
 garbage-first heap   total 532480K, used 403804K [0x00000000c0000000, 0x0000000100000000)
  region size 1024K, 88 young (90112K), 4 survivors (4096K)
 Metaspace       used 12718K, committed 12928K, reserved 1114112K
  class space    used 913K, committed 1024K, reserved 1048576K
}
Event: 6.649 GC heap after
{Heap after GC invocations=16 (full 0):
 garbage-first heap   total 532480K, used 323899K [0x00000000c0000000, 0x0000000100000000)
  region size 1024K, 10 young (10240K), 10 survivors (10240K)
 Metaspace       used 12718K, committed 12928K, reserved 1114112K
  class space    used 913K, committed 1024K, reserved 1048576K
}

Dll operation events (14 events):
Event: 0.006 Loaded shared library C:\Program Files\Processing\app\resources\jdk-17.0.14+7\bin\java.dll
Event: 0.017 Loaded shared library C:\Program Files\Processing\app\resources\jdk-17.0.14+7\bin\jsvml.dll
Event: 0.089 Loaded shared library C:\Program Files\Processing\app\resources\jdk-17.0.14+7\bin\net.dll
Event: 0.089 Loaded shared library C:\Program Files\Processing\app\resources\jdk-17.0.14+7\bin\nio.dll
Event: 0.091 Loaded shared library C:\Program Files\Processing\app\resources\jdk-17.0.14+7\bin\zip.dll
Event: 0.127 Loaded shared library C:\Program Files\Processing\app\resources\jdk-17.0.14+7\bin\jimage.dll
Event: 0.129 Loaded shared library C:\Program Files\Processing\app\resources\jdk-17.0.14+7\bin\awt.dll
Event: 0.381 Loaded shared library C:\Users\danil\AppData\Local\Temp\jogamp_0000\file_cache\jln8374120106758342888\jln6743498847486493445\natives\windows-amd64\gluegen_rt.dll
Event: 0.387 Loaded shared library C:\Program Files\Processing\app\resources\jdk-17.0.14+7\bin\jawt.dll
Event: 0.396 Loaded shared library C:\Users\danil\AppData\Local\Temp\jogamp_0000\file_cache\jln8374120106758342888\jln6743498847486493445\natives\windows-amd64\nativewindow_awt.dll
Event: 0.420 Loaded shared library C:\Users\danil\AppData\Local\Temp\jogamp_0000\file_cache\jln8374120106758342888\jln6743498847486493445\natives\windows-amd64\nativewindow_win32.dll
Event: 0.495 Loaded shared library C:\Users\danil\AppData\Local\Temp\jogamp_0000\file_cache\jln8374120106758342888\jln6743498847486493445\natives\windows-amd64\jogl_desktop.dll
Event: 0.649 Loaded shared library C:\Users\danil\AppData\Local\Temp\jogamp_0000\file_cache\jln8374120106758342888\jln6743498847486493445\natives\windows-amd64\jogl_mobile.dll
Event: 1.338 Loaded shared library C:\Users\danil\AppData\Local\Temp\jogamp_0000\file_cache\jln8374120106758342888\jln6743498847486493445\natives\windows-amd64\newt_head.dll

Deoptimization events (20 events):
Event: 2.131 Thread 0x0000025df0f005c0 DEOPT PACKING pc=0x0000025d94cdaa2e sp=0x000000b5fe7fe800
Event: 2.131 Thread 0x0000025df0f005c0 DEOPT UNPACKING pc=0x0000025d9c05ace3 sp=0x000000b5fe7fdd60 mode 0
Event: 2.294 Thread 0x0000025df0f005c0 DEOPT PACKING pc=0x0000025d94cefcfc sp=0x000000b5fe7fe530
Event: 2.294 Thread 0x0000025df0f005c0 DEOPT UNPACKING pc=0x0000025d9c05ace3 sp=0x000000b5fe7fdaa0 mode 0
Event: 2.295 Thread 0x0000025df0f005c0 DEOPT PACKING pc=0x0000025d94d34f54 sp=0x000000b5fe7fe520
Event: 2.295 Thread 0x0000025df0f005c0 DEOPT UNPACKING pc=0x0000025d9c05ace3 sp=0x000000b5fe7fdaa0 mode 0
Event: 2.295 Thread 0x0000025df0f005c0 DEOPT PACKING pc=0x0000025d94d34f54 sp=0x000000b5fe7fe520
Event: 2.295 Thread 0x0000025df0f005c0 DEOPT UNPACKING pc=0x0000025d9c05ace3 sp=0x000000b5fe7fdaa0 mode 0
Event: 2.295 Thread 0x0000025df0f005c0 DEOPT PACKING pc=0x0000025d94d34f54 sp=0x000000b5fe7fe520
Event: 2.295 Thread 0x0000025df0f005c0 DEOPT UNPACKING pc=0x0000025d9c05ace3 sp=0x000000b5fe7fdaa0 mode 0
Event: 2.295 Thread 0x0000025df0f005c0 DEOPT PACKING pc=0x0000025d94d34f54 sp=0x000000b5fe7fe520
Event: 2.295 Thread 0x0000025df0f005c0 DEOPT UNPACKING pc=0x0000025d9c05ace3 sp=0x000000b5fe7fdaa0 mode 0
Event: 7.015 Thread 0x0000025deecfa300 Uncommon trap: trap_request=0xffffff45 fr.pc=0x0000025d9c62c9e8 relative=0x00000000000001e8
Event: 7.015 Thread 0x0000025deecfa300 Uncommon trap: reason=unstable_if action=reinterpret pc=0x0000025d9c62c9e8 method=java.util.HashMap$HashIterator.<init>(Ljava/util/HashMap;)V @ 38 c2
Event: 7.015 Thread 0x0000025deecfa300 DEOPT PACKING pc=0x0000025d9c62c9e8 sp=0x000000b5fd9ff300
Event: 7.015 Thread 0x0000025deecfa300 DEOPT UNPACKING pc=0x0000025d9c05a1a3 sp=0x000000b5fd9ff2a8 mode 2
Event: 7.019 Thread 0x0000025deecfa300 Uncommon trap: trap_request=0xffffff45 fr.pc=0x0000025d9c655670 relative=0x00000000000000f0
Event: 7.019 Thread 0x0000025deecfa300 Uncommon trap: reason=unstable_if action=reinterpret pc=0x0000025d9c655670 method=com.jogamp.common.util.IntIntHashMap.put(II)I @ 21 c2
Event: 7.019 Thread 0x0000025deecfa300 DEOPT PACKING pc=0x0000025d9c655670 sp=0x000000b5fd9ff080
Event: 7.019 Thread 0x0000025deecfa300 DEOPT UNPACKING pc=0x0000025d9c05a1a3 sp=0x000000b5fd9fefe8 mode 2

Classes loaded (20 events):
Event: 1.578 Loading class java/util/concurrent/Callable done
Event: 1.578 Loading class java/util/concurrent/Executors$RunnableAdapter done
Event: 1.578 Loading class java/util/concurrent/ThreadPoolExecutor$Worker
Event: 1.578 Loading class java/util/concurrent/ThreadPoolExecutor$Worker done
Event: 1.578 Loading class java/util/concurrent/locks/AbstractQueuedSynchronizer$SharedNode
Event: 1.578 Loading class java/util/concurrent/locks/AbstractQueuedSynchronizer$SharedNode done
Event: 1.887 Loading class sun/nio/cs/StreamDecoder
Event: 1.887 Loading class sun/nio/cs/StreamDecoder done
Event: 1.887 Loading class java/util/regex/Pattern$LookBehindEndNode
Event: 1.887 Loading class java/util/regex/Pattern$LookBehindEndNode done
Event: 1.887 Loading class java/util/regex/Pattern$NotBehind
Event: 1.887 Loading class java/util/regex/Pattern$NotBehind done
Event: 1.887 Loading class java/util/regex/Pattern$Neg
Event: 1.888 Loading class java/util/regex/Pattern$Neg done
Event: 1.888 Loading class java/util/regex/Pattern$Pos
Event: 1.888 Loading class java/util/regex/Pattern$Pos done
Event: 1.893 Loading class java/util/regex/Pattern$SliceS
Event: 1.893 Loading class java/util/regex/Pattern$SliceS done
Event: 6.994 Loading class java/nio/channels/ClosedChannelException
Event: 6.994 Loading class java/nio/channels/ClosedChannelException done

Classes unloaded (0 events):
No events

Classes redefined (0 events):
No events

Internal exceptions (20 events):
Event: 0.116 Thread 0x0000025d8cf9c310 Exception <a 'java/lang/NoSuchMethodError'{0x00000000c3ce62b0}: 'void java.lang.invoke.DirectMethodHandle$Holder.invokeStatic(java.lang.Object, java.lang.Object, java.lang.Object)'> (0x00000000c3ce62b0) 
thrown [s\src\hotspot\share\interpreter\linkResolver.cpp, line 759]
Event: 0.122 Thread 0x0000025d8cf9c310 Exception <a 'java/lang/ClassNotFoundException'{0x00000000c3b0de00}: sun/awt/resources/spi/awtProvider> (0x00000000c3b0de00) 
thrown [s\src\hotspot\share\classfile\systemDictionary.cpp, line 256]
Event: 0.136 Thread 0x0000025d8cf9c310 Exception <a 'java/io/FileNotFoundException'{0x00000000c3b63740}> (0x00000000c3b63740) 
thrown [s\src\hotspot\share\prims\jni.cpp, line 516]
Event: 0.140 Thread 0x0000025d8cf9c310 Exception <a 'java/io/FileNotFoundException'{0x00000000c3b90b88}> (0x00000000c3b90b88) 
thrown [s\src\hotspot\share\prims\jni.cpp, line 516]
Event: 0.166 Thread 0x0000025d8cf9c310 Exception <a 'java/lang/NoSuchMethodError'{0x00000000c3a3e218}: 'java.lang.Object java.lang.invoke.DirectMethodHandle$Holder.invokeStaticInit(java.lang.Object)'> (0x00000000c3a3e218) 
thrown [s\src\hotspot\share\interpreter\linkResolver.cpp, line 759]
Event: 0.247 Thread 0x0000025d8cf9c310 Exception <a 'java/lang/NoSuchMethodError'{0x00000000c364c2b0}: 'java.lang.Object java.lang.invoke.DirectMethodHandle$Holder.invokeStaticInit(java.lang.Object, int, int, int, int)'> (0x00000000c364c2b0) 
thrown [s\src\hotspot\share\interpreter\linkResolver.cpp, line 759]
Event: 0.280 Thread 0x0000025d8cf9c310 Exception <a 'java/lang/NoSuchMethodError'{0x00000000c3535c98}: 'java.lang.Object java.lang.invoke.DirectMethodHandle$Holder.invokeStaticInit(java.lang.Object, java.lang.Object, int, int, int, int)'> (0x00000000c3535c98) 
thrown [s\src\hotspot\share\interpreter\linkResolver.cpp, line 759]
Event: 0.301 Thread 0x0000025d8cf9c310 Exception <a 'java/lang/NoSuchMethodError'{0x00000000c3541338}: 'void java.lang.invoke.DirectMethodHandle$Holder.invokeStatic(java.lang.Object, long)'> (0x00000000c3541338) 
thrown [s\src\hotspot\share\interpreter\linkResolver.cpp, line 759]
Event: 0.301 Thread 0x0000025d8cf9c310 Exception <a 'java/lang/NoSuchMethodError'{0x00000000c3546918}: 'java.lang.Object java.lang.invoke.DirectMethodHandle$Holder.newInvokeSpecial(java.lang.Object, long)'> (0x00000000c3546918) 
thrown [s\src\hotspot\share\interpreter\linkResolver.cpp, line 759]
Event: 0.303 Thread 0x0000025d8cf9c310 Exception <a 'java/lang/NoSuchMethodError'{0x00000000c3551130}: 'java.lang.Object java.lang.invoke.DirectMethodHandle$Holder.invokeStaticInit(java.lang.Object, java.lang.Object, long, java.lang.Object)'> (0x00000000c3551130) 
thrown [s\src\hotspot\share\interpreter\linkResolver.cpp, line 759]
Event: 0.304 Thread 0x0000025d8cf9c310 Exception <a 'java/lang/NoSuchMethodError'{0x00000000c35576f0}: 'java.lang.Object java.lang.invoke.DirectMethodHandle$Holder.newInvokeSpecial(java.lang.Object, java.lang.Object, long)'> (0x00000000c35576f0) 
thrown [s\src\hotspot\share\interpreter\linkResolver.cpp, line 759]
Event: 0.304 Thread 0x0000025d8cf9c310 Exception <a 'java/lang/NoSuchMethodError'{0x00000000c355b260}: 'java.lang.Object java.lang.invoke.Invokers$Holder.linkToTargetMethod(java.lang.Object, long, java.lang.Object)'> (0x00000000c355b260) 
thrown [s\src\hotspot\share\interpreter\linkResolver.cpp, line 759]
Event: 0.404 Thread 0x0000025d8cf9c310 Exception <a 'java/lang/NoSuchMethodError'{0x00000000c34cc130}: 'java.lang.Object java.lang.invoke.DirectMethodHandle$Holder.invokeInterface(java.lang.Object, java.lang.Object)'> (0x00000000c34cc130) 
thrown [s\src\hotspot\share\interpreter\linkResolver.cpp, line 759]
Event: 0.404 Thread 0x0000025d8cf9c310 Exception <a 'java/lang/IncompatibleClassChangeError'{0x00000000c34cfa50}: Found class java.lang.Object, but interface was expected> (0x00000000c34cfa50) 
thrown [s\src\hotspot\share\interpreter\linkResolver.cpp, line 826]
Event: 1.402 Thread 0x0000025d8cf9c310 Exception <a 'java/lang/NoSuchMethodError'{0x00000000c33498b0}: 'void java.lang.invoke.DirectMethodHandle$Holder.invokeSpecial(java.lang.Object, java.lang.Object, java.lang.Object, java.lang.Object, java.lang.Object)'> (0x00000000c33498b0) 
thrown [s\src\hotspot\share\interpreter\linkResolver.cpp, line 759]
Event: 1.403 Thread 0x0000025d8cf9c310 Exception <a 'java/lang/NoSuchMethodError'{0x00000000c3352840}: 'void java.lang.invoke.DirectMethodHandle$Holder.invokeSpecial(java.lang.Object, java.lang.Object, java.lang.Object)'> (0x00000000c3352840) 
thrown [s\src\hotspot\share\interpreter\linkResolver.cpp, line 759]
Event: 1.403 Thread 0x0000025d8cf9c310 Exception <a 'java/lang/NoSuchMethodError'{0x00000000c3358b70}: 'void java.lang.invoke.DirectMethodHandle$Holder.invokeSpecial(java.lang.Object, java.lang.Object, int)'> (0x00000000c3358b70) 
thrown [s\src\hotspot\share\interpreter\linkResolver.cpp, line 759]
Event: 1.404 Thread 0x0000025d8cf9c310 Exception <a 'java/lang/NoSuchMethodError'{0x00000000c335eb88}: 'java.lang.Object java.lang.invoke.DirectMethodHandle$Holder.newInvokeSpecial(java.lang.Object, java.lang.Object, int)'> (0x00000000c335eb88) 
thrown [s\src\hotspot\share\interpreter\linkResolver.cpp, line 759]
Event: 6.993 Thread 0x0000025df0f00fe0 Exception <a 'java/lang/InterruptedException'{0x00000000df8a1e00}> (0x00000000df8a1e00) 
thrown [s\src\hotspot\share\runtime\objectMonitor.cpp, line 1658]
Event: 7.019 Thread 0x0000025deecfa300 Implicit null exception at 0x0000025d9c6555c4 to 0x0000025d9c65564c

VM Operations (20 events):
Event: 2.765 Executing VM operation: G1CollectForAllocation done
Event: 3.949 Executing VM operation: G1CollectForAllocation
Event: 3.954 Executing VM operation: G1CollectForAllocation done
Event: 3.968 Executing VM operation: G1PauseRemark
Event: 3.969 Executing VM operation: G1PauseRemark done
Event: 3.977 Executing VM operation: G1PauseCleanup
Event: 3.977 Executing VM operation: G1PauseCleanup done
Event: 4.977 Executing VM operation: Cleanup
Event: 4.977 Executing VM operation: Cleanup done
Event: 5.081 Executing VM operation: G1CollectForAllocation
Event: 5.083 Executing VM operation: G1CollectForAllocation done
Event: 5.293 Executing VM operation: G1CollectForAllocation
Event: 5.297 Executing VM operation: G1CollectForAllocation done
Event: 6.646 Executing VM operation: G1CollectForAllocation
Event: 6.649 Executing VM operation: G1CollectForAllocation done
Event: 6.660 Executing VM operation: G1PauseRemark
Event: 6.661 Executing VM operation: G1PauseRemark done
Event: 6.664 Executing VM operation: G1PauseCleanup
Event: 6.664 Executing VM operation: G1PauseCleanup done
Event: 7.096 Executing VM operation: Exit

Memory protections (0 events):
No events

Nmethod flushes (0 events):
No events

Events (20 events):
Event: 1.463 Thread 0x0000025da8e0ca10 Thread added: 0x0000025df1090ac0
Event: 1.463 Thread 0x0000025da8e0ca10 Thread added: 0x0000025df0e4c550
Event: 1.578 Thread 0x0000025df0f005c0 Thread added: 0x0000025df0efd830
Event: 1.578 Thread 0x0000025df0f005c0 Thread added: 0x0000025df0efe760
Event: 1.578 Thread 0x0000025df0f005c0 Thread added: 0x0000025df0effba0
Event: 1.578 Thread 0x0000025df0f005c0 Thread added: 0x0000025df0efdd40
Event: 1.821 Thread 0x0000025df0e4c550 Thread exited: 0x0000025df0e4c550
Event: 2.061 Thread 0x0000025df1090ac0 Thread exited: 0x0000025df1090ac0
Event: 6.993 Thread 0x0000025df0f005c0 Thread added: 0x0000025df0eff690
Event: 6.993 Thread 0x0000025df0f00fe0 Thread exited: 0x0000025df0f00fe0
Event: 6.993 Thread 0x0000025df0f005c0 Thread added: 0x0000025df0f000b0
Event: 6.993 Thread 0x0000025df0f005c0 Thread added: 0x0000025df0efe250
Event: 6.994 Thread 0x0000025dee5db000 Thread added: 0x0000025df0efec70
Event: 6.994 Thread 0x0000025df0efe250 Thread exited: 0x0000025df0efe250
Event: 6.994 Thread 0x0000025df0578720 Thread exited: 0x0000025df0578720
Event: 6.995 Thread 0x0000025dee5db000 Thread exited: 0x0000025dee5db000
Event: 7.020 Thread 0x0000025deecfa300 Thread exited: 0x0000025deecfa300
Event: 7.022 Thread 0x0000025df0eff690 Thread exited: 0x0000025df0eff690
Event: 7.095 Thread 0x0000025df0f000b0 Thread exited: 0x0000025df0f000b0
Event: 7.095 Thread 0x0000025df0f005c0 Before exit entered


Dynamic libraries:
0x00007ff7c9de0000 - 0x00007ff7c9dee000 	C:\Program Files\Processing\app\resources\jdk-17.0.14+7\bin\java.exe
0x00007ffa7da60000 - 0x00007ffa7dcc7000 	C:\WINDOWS\SYSTEM32\ntdll.dll
0x00007ffa7c020000 - 0x00007ffa7c0e9000 	C:\WINDOWS\System32\KERNEL32.DLL
0x00007ffa7a540000 - 0x00007ffa7a937000 	C:\WINDOWS\System32\KERNELBASE.dll
0x00007ffa7ab20000 - 0x00007ffa7ac6b000 	C:\WINDOWS\System32\ucrtbase.dll
0x00007ffa4d920000 - 0x00007ffa4d937000 	C:\Program Files\Processing\app\resources\jdk-17.0.14+7\bin\jli.dll
0x00007ffa4d900000 - 0x00007ffa4d91e000 	C:\Program Files\Processing\app\resources\jdk-17.0.14+7\bin\VCRUNTIME140.dll
0x00007ffa61590000 - 0x00007ffa61822000 	C:\WINDOWS\WinSxS\amd64_microsoft.windows.common-controls_6595b64144ccf1df_6.0.26100.8457_none_3e0b2faee331e92d\COMCTL32.dll
0x00007ffa7b7e0000 - 0x00007ffa7b889000 	C:\WINDOWS\System32\msvcrt.dll
0x00007ffa7bdd0000 - 0x00007ffa7bf96000 	C:\WINDOWS\System32\USER32.dll
0x00007ffa7cc40000 - 0x00007ffa7cc6b000 	C:\WINDOWS\System32\GDI32.dll
0x00007ffa7b630000 - 0x00007ffa7b657000 	C:\WINDOWS\System32\win32u.dll
0x00007ffa7a940000 - 0x00007ffa7aa6c000 	C:\WINDOWS\System32\gdi32full.dll
0x00007ffa7a490000 - 0x00007ffa7a533000 	C:\WINDOWS\System32\msvcp_win.dll
0x00007ffa7ba00000 - 0x00007ffa7ba32000 	C:\WINDOWS\System32\IMM32.DLL
0x00007ffa736e0000 - 0x00007ffa736ec000 	C:\Program Files\Processing\app\resources\jdk-17.0.14+7\bin\vcruntime140_1.dll
0x00007ffa457d0000 - 0x00007ffa4585d000 	C:\Program Files\Processing\app\resources\jdk-17.0.14+7\bin\msvcp140.dll
0x00007ff9b1440000 - 0x00007ff9b20ab000 	C:\Program Files\Processing\app\resources\jdk-17.0.14+7\bin\server\jvm.dll
0x00007ffa7d380000 - 0x00007ffa7d436000 	C:\WINDOWS\System32\ADVAPI32.dll
0x00007ffa7d450000 - 0x00007ffa7d4f7000 	C:\WINDOWS\System32\sechost.dll
0x00007ffa7d610000 - 0x00007ffa7d728000 	C:\WINDOWS\System32\RPCRT4.dll
0x00007ffa7d500000 - 0x00007ffa7d580000 	C:\WINDOWS\System32\WS2_32.dll
0x00007ffa7a310000 - 0x00007ffa7a36e000 	C:\WINDOWS\SYSTEM32\POWRPROF.dll
0x00007ffa704a0000 - 0x00007ffa704ab000 	C:\WINDOWS\SYSTEM32\VERSION.dll
0x00007ffa61e60000 - 0x00007ffa61e96000 	C:\WINDOWS\SYSTEM32\WINMM.dll
0x00007ffa7a2f0000 - 0x00007ffa7a304000 	C:\WINDOWS\SYSTEM32\UMPDC.dll
0x00007ffa79220000 - 0x00007ffa7923b000 	C:\WINDOWS\SYSTEM32\kernel.appcore.dll
0x00007ffa6a5b0000 - 0x00007ffa6a5ba000 	C:\Program Files\Processing\app\resources\jdk-17.0.14+7\bin\jimage.dll
0x00007ffa72470000 - 0x00007ffa726b2000 	C:\WINDOWS\SYSTEM32\DBGHELP.DLL
0x00007ffa7c870000 - 0x00007ffa7cbf3000 	C:\WINDOWS\System32\combase.dll
0x00007ffa7bc30000 - 0x00007ffa7bd09000 	C:\WINDOWS\System32\OLEAUT32.dll
0x00007ffa410a0000 - 0x00007ffa410db000 	C:\WINDOWS\SYSTEM32\dbgcore.DLL
0x00007ffa7aa70000 - 0x00007ffa7ab18000 	C:\WINDOWS\System32\bcryptPrimitives.dll
0x00007ffa478a0000 - 0x00007ffa478db000 	C:\Program Files\Processing\app\resources\jdk-17.0.14+7\bin\jdwp.dll
0x00007ffa4c330000 - 0x00007ffa4c355000 	C:\Program Files\Processing\app\resources\jdk-17.0.14+7\bin\java.dll
0x00007ffa24100000 - 0x00007ffa241d7000 	C:\Program Files\Processing\app\resources\jdk-17.0.14+7\bin\jsvml.dll
0x00007ffa7c0f0000 - 0x00007ffa7c85e000 	C:\WINDOWS\System32\SHELL32.dll
0x00007ffa7ac70000 - 0x00007ffa7b4dc000 	C:\WINDOWS\System32\windows.storage.dll
0x00007ffa7d730000 - 0x00007ffa7d826000 	C:\WINDOWS\System32\SHCORE.dll
0x00007ffa7d210000 - 0x00007ffa7d276000 	C:\WINDOWS\System32\shlwapi.dll
0x00007ffa7a3b0000 - 0x00007ffa7a3d9000 	C:\WINDOWS\SYSTEM32\profapi.dll
0x00007ffa4d410000 - 0x00007ffa4d41c000 	C:\Program Files\Processing\app\resources\jdk-17.0.14+7\bin\dt_socket.dll
0x00007ffa78c30000 - 0x00007ffa78c62000 	C:\WINDOWS\SYSTEM32\IPHLPAPI.DLL
0x00007ffa79790000 - 0x00007ffa797fc000 	C:\WINDOWS\system32\mswsock.dll
0x00007ffa4ce10000 - 0x00007ffa4ce29000 	C:\Program Files\Processing\app\resources\jdk-17.0.14+7\bin\net.dll
0x00007ffa775b0000 - 0x00007ffa776d9000 	C:\WINDOWS\SYSTEM32\WINHTTP.dll
0x00007ffa4cd70000 - 0x00007ffa4cd86000 	C:\Program Files\Processing\app\resources\jdk-17.0.14+7\bin\nio.dll
0x00007ffa47880000 - 0x00007ffa47898000 	C:\Program Files\Processing\app\resources\jdk-17.0.14+7\bin\zip.dll
0x00007ff9ec9a0000 - 0x00007ff9ecb30000 	C:\Program Files\Processing\app\resources\jdk-17.0.14+7\bin\awt.dll
0x00007ffa76060000 - 0x00007ffa76100000 	C:\WINDOWS\SYSTEM32\apphelp.dll
0x00007ffa77ee0000 - 0x00007ffa77f8a000 	C:\WINDOWS\system32\uxtheme.dll
0x00007ffa7b890000 - 0x00007ffa7b9ec000 	C:\WINDOWS\System32\MSCTF.dll
0x00007ffa7ba40000 - 0x00007ffa7bbd7000 	C:\WINDOWS\System32\ole32.dll
0x00007ffa781d0000 - 0x00007ffa781ff000 	C:\WINDOWS\system32\DWMAPI.DLL
0x00007ffa33d40000 - 0x00007ffa33e4f000 	C:\WINDOWS\system32\opengl32.dll
0x00007ffa36620000 - 0x00007ffa3664d000 	C:\WINDOWS\SYSTEM32\GLU32.dll
0x00007ffa77ff0000 - 0x00007ffa78035000 	C:\WINDOWS\SYSTEM32\dxcore.dll
0x00007ffa79a70000 - 0x00007ffa79a8b000 	C:\WINDOWS\SYSTEM32\CRYPTSP.dll
0x00007ffa79180000 - 0x00007ffa791b9000 	C:\WINDOWS\system32\rsaenh.dll
0x00007ffa79840000 - 0x00007ffa79873000 	C:\WINDOWS\SYSTEM32\USERENV.dll
0x00007ffa7a380000 - 0x00007ffa7a3aa000 	C:\WINDOWS\SYSTEM32\bcrypt.dll
0x00007ffa79a90000 - 0x00007ffa79a9c000 	C:\WINDOWS\SYSTEM32\CRYPTBASE.dll
0x00007ffa7cc00000 - 0x00007ffa7cc0a000 	C:\WINDOWS\System32\NSI.dll
0x00007ffa77800000 - 0x00007ffa7781d000 	C:\WINDOWS\SYSTEM32\dhcpcsvc6.DLL
0x00007ffa77750000 - 0x00007ffa77775000 	C:\WINDOWS\SYSTEM32\dhcpcsvc.DLL
0x00007ffa78ce0000 - 0x00007ffa78e12000 	C:\WINDOWS\SYSTEM32\DNSAPI.dll
0x00007ffa44850000 - 0x00007ffa44863000 	C:\Users\danil\AppData\Local\Temp\jogamp_0000\file_cache\jln8374120106758342888\jln6743498847486493445\natives\windows-amd64\gluegen_rt.dll
0x00007ffa4d400000 - 0x00007ffa4d407000 	C:\Program Files\Processing\app\resources\jdk-17.0.14+7\bin\jawt.dll
0x00007ffa4cd50000 - 0x00007ffa4cd5d000 	C:\Users\danil\AppData\Local\Temp\jogamp_0000\file_cache\jln8374120106758342888\jln6743498847486493445\natives\windows-amd64\nativewindow_awt.dll
0x00007ffa419e0000 - 0x00007ffa419f5000 	C:\Users\danil\AppData\Local\Temp\jogamp_0000\file_cache\jln8374120106758342888\jln6743498847486493445\natives\windows-amd64\nativewindow_win32.dll
0x00007ffa3fac0000 - 0x00007ffa3fb43000 	C:\Users\danil\AppData\Local\Temp\jogamp_0000\file_cache\jln8374120106758342888\jln6743498847486493445\natives\windows-amd64\jogl_desktop.dll
0x00007ffa24380000 - 0x00007ffa243d2000 	C:\Users\danil\AppData\Local\Temp\jogamp_0000\file_cache\jln8374120106758342888\jln6743498847486493445\natives\windows-amd64\jogl_mobile.dll
0x00007ffa73470000 - 0x00007ffa734d1000 	C:\WINDOWS\SYSTEM32\directxdatabasehelper.dll
0x00007ffa665e0000 - 0x00007ffa665fd000 	C:\WINDOWS\SYSTEM32\windows.staterepositorycore.dll
0x00007ff9b0460000 - 0x00007ff9b1433000 	C:\WINDOWS\System32\DriverStore\FileRepository\iigd_dch.inf_amd64_225f37aa3862fc3f\igxelpicd64.dll
0x00007ffa78040000 - 0x00007ffa7817e000 	C:\WINDOWS\system32\dxgi.dll
0x00007ff9ceb30000 - 0x00007ff9cefb7000 	C:\WINDOWS\System32\DriverStore\FileRepository\iigd_dch.inf_amd64_225f37aa3862fc3f\igdml64.dll
0x00007ffa7a000000 - 0x00007ffa7a051000 	C:\WINDOWS\SYSTEM32\cfgmgr32.dll
0x00007ffa704b0000 - 0x00007ffa70871000 	C:\WINDOWS\System32\DriverStore\FileRepository\iigd_dch.inf_amd64_225f37aa3862fc3f\igdgmm64.dll
0x00007ffa6d290000 - 0x00007ffa70496000 	C:\WINDOWS\System32\DriverStore\FileRepository\iigd_dch.inf_amd64_225f37aa3862fc3f\igc64.dll
0x00007ffa41800000 - 0x00007ffa41819000 	C:\Users\danil\AppData\Local\Temp\jogamp_0000\file_cache\jln8374120106758342888\jln6743498847486493445\natives\windows-amd64\newt_head.dll
0x00007ffa6bce0000 - 0x00007ffa6bd9f000 	C:\WINDOWS\SYSTEM32\mscms.dll
0x00007ffa111b0000 - 0x00007ffa111f9000 	C:\WINDOWS\SYSTEM32\icm32.dll
0x00007ffa7cc70000 - 0x00007ffa7d0f7000 	C:\WINDOWS\System32\setupapi.dll
0x00007ffa79fd0000 - 0x00007ffa79ffd000 	C:\WINDOWS\SYSTEM32\DEVOBJ.dll
0x00007ffa7b4e0000 - 0x00007ffa7b562000 	C:\WINDOWS\System32\WINTRUST.dll
0x00007ffa7b660000 - 0x00007ffa7b7d8000 	C:\WINDOWS\System32\CRYPT32.dll
0x00007ffa79ba0000 - 0x00007ffa79bb3000 	C:\WINDOWS\SYSTEM32\MSASN1.dll
0x00007ffa4d4c0000 - 0x00007ffa4d606000 	C:\WINDOWS\SYSTEM32\textinputframework.dll
0x00007ffa76ea0000 - 0x00007ffa76fc7000 	C:\WINDOWS\SYSTEM32\CoreMessaging.dll
0x00007ffa726c0000 - 0x00007ffa729a2000 	C:\WINDOWS\SYSTEM32\CoreUIComponents.dll
0x00007ffa737b0000 - 0x00007ffa7391a000 	C:\WINDOWS\SYSTEM32\wintypes.dll

dbghelp: loaded successfully - version: 4.0.5 - missing functions: none
symbol engine: initialized successfully - sym options: 0x614 - pdb path: .;C:\Program Files\Processing\app\resources\jdk-17.0.14+7\bin;C:\WINDOWS\SYSTEM32;C:\WINDOWS\WinSxS\amd64_microsoft.windows.common-controls_6595b64144ccf1df_6.0.26100.8457_none_3e0b2faee331e92d;C:\Program Files\Processing\app\resources\jdk-17.0.14+7\bin\server;C:\Users\danil\AppData\Local\Temp\jogamp_0000\file_cache\jln8374120106758342888\jln6743498847486493445\natives\windows-amd64;C:\WINDOWS\System32\DriverStore\FileRepository\iigd_dch.inf_amd64_225f37aa3862fc3f

VM Arguments:
jvm_args: -agentlib:jdwp=transport=dt_socket,address=8775,server=y,suspend=y,quiet=y -Xms64m -Xmx1024m -Djna.nosys=true -Djava.library.path=;C:\Program Files\Processing\app\resources\core\library;C:\Program Files\Processing;C:\WINDOWS\system32;C:\WINDOWS;C:\Program Files\PlasticSCM5\server;C:\Program Files\PlasticSCM5\client;C:\Program Files\Common Files\Oracle\Java\javapath;C:\Program Files (x86)\Common Files\Oracle\Java\javapath;C:\Windows\System32\HWAudioDriverLibs;C:\Windows\system32;C:\Windows;C:\Windows\System32\Wbem;C:\Windows\System32\WindowsPowerShell\v1.0;C:\Windows\System32\OpenSSH;C:\Program Files\Microsoft SQL Server\150\Tools\Binn;C:\Program Files\Microsoft SQL Server\Client SDK\ODBC\170\Tools\Binn;C:\Program Files\dotnet;D:\Windows Kits\10\Windows Performance Toolkit;C:\Program Files\Java\jdk-23\bin;C:\WINDOWS\system32;C:\WINDOWS;C:\WINDOWS\System32\Wbem;C:\WINDOWS\System32\WindowsPowerShell\v1.0;C:\WINDOWS\System32\OpenSSH;C:\Program Files\nodejs;C:\Program Files\Docker\Docker\resources\bin;C:\Program Files\TortoiseGit\bin;C:\Program Files\Git\cmd;C:\Users\danil\AppData\Local\Programs\Python\Python312\Scripts;C:\Users\danil\AppData\Local\Programs\Python\Python312;C:\Users\danil\AppData\Local\Microsoft\WindowsApps;C:\Users\danil\AppData\Local\Programs\Microsoft VS Code\bin;C:\Users\danil\AppData\Roaming\npm;D:\DataBase\18\bin;C:\Program Files\Processing\app;. -ea 
java_command: processing.core.PApplet --editor-location=-7,-7 --external --display=1 --sketch-path=C:\Users\danil\Desktop\Gravity_simul Gravity_simul
java_class_path (initial): C:\Users\danil\AppData\Local\Temp\processing\Gravity_simul5763866317094269118temp;C:\Program Files\Processing\app\resources\core\library\annotations-13.0.jar;C:\Program Files\Processing\app\resources\core\library\antlr-2.7.7.jar;C:\Program Files\Processing\app\resources\core\library\core-4.4.1.jar;C:\Program Files\Processing\app\resources\core\library\gluegen-rt-2.5.0-natives-android-aarch64.jar;C:\Program Files\Processing\app\resources\core\library\gluegen-rt-2.5.0-natives-linux-aarch64.jar;C:\Program Files\Processing\app\resources\core\library\gluegen-rt-2.5.0-natives-linux-amd64.jar;C:\Program Files\Processing\app\resources\core\library\gluegen-rt-2.5.0-natives-linux-armv6hf.jar;C:\Program Files\Processing\app\resources\core\library\gluegen-rt-2.5.0-natives-macosx-universal.jar;C:\Program Files\Processing\app\resources\core\library\gluegen-rt-2.5.0-natives-windows-amd64.jar;C:\Program Files\Processing\app\resources\core\library\gluegen-rt-2.5.0.jar;C:\Program Files\Processing\app\resources\core\library\gluegen-rt-main-2.5.0.jar;C:\Program Files\Processing\app\resources\core\library\jogl-all-2.5.0-natives-android-aarch64.jar;C:\Program Files\Processing\app\resources\core\library\jogl-all-2.5.0-natives-linux-aarch64.jar;C:\Program Files\Processing\app\resources\core\library\jogl-all-2.5.0-natives-linux-amd64.jar;C:\Program Files\Processing\app\resources\core\library\jogl-all-2.5.0-natives-linux-armv6hf.jar;C:\Program Files\Processing\app\resources\core\library\jogl-all-2.5.0-natives-macosx-universal.jar;C:\Program Files\Processing\app\resources\core\library\jogl-all-2.5.0-natives-windows-amd64.jar;C:\Program Files\Processing\app\resources\core\library\jogl-all-2.5.0.jar;C:\Program Files\Processing\app\resources\core\library\jogl-all-main-2.5.0.jar;C:\Program Files\Processing\app\resources\core\library\kotlin-stdlib-2.0.20.jar
Launcher Type: SUN_STANDARD

[Global flags]
     intx CICompilerCount                          = 4                                         {product} {ergonomic}
     uint ConcGCThreads                            = 2                                         {product} {ergonomic}
     uint G1ConcRefinementThreads                  = 8                                         {product} {ergonomic}
   size_t G1HeapRegionSize                         = 1048576                                   {product} {ergonomic}
    uintx GCDrainStackTargetSize                   = 64                                        {product} {ergonomic}
   size_t InitialHeapSize                          = 67108864                                  {product} {command line}
   size_t MarkStackSize                            = 4194304                                   {product} {ergonomic}
   size_t MaxHeapSize                              = 1073741824                                {product} {command line}
   size_t MaxNewSize                               = 643825664                                 {product} {ergonomic}
   size_t MinHeapDeltaBytes                        = 1048576                                   {product} {ergonomic}
   size_t MinHeapSize                              = 67108864                                  {product} {command line}
    uintx NonNMethodCodeHeapSize                   = 5839372                                {pd product} {ergonomic}
    uintx NonProfiledCodeHeapSize                  = 122909434                              {pd product} {ergonomic}
    uintx ProfiledCodeHeapSize                     = 122909434                              {pd product} {ergonomic}
    uintx ReservedCodeCacheSize                    = 251658240                              {pd product} {ergonomic}
     bool SegmentedCodeCache                       = true                                      {product} {ergonomic}
   size_t SoftMaxHeapSize                          = 1073741824                             {manageable} {ergonomic}
     bool UseCompressedClassPointers               = true                           {product lp64_product} {ergonomic}
     bool UseCompressedOops                        = true                           {product lp64_product} {ergonomic}
     bool UseG1GC                                  = true                                      {product} {ergonomic}
     bool UseLargePagesIndividualAllocation        = false                                  {pd product} {ergonomic}

Logging:
Log output configuration:
 #0: stdout all=off uptime,level,tags
 #1: stderr all=off uptime,level,tags

Environment Variables:
JAVA_HOME=C:\Program Files\Java\jdk-23
PATH=C:\Program Files\PlasticSCM5\server;C:\Program Files\PlasticSCM5\client;C:\Program Files\Common Files\Oracle\Java\javapath;C:\Program Files (x86)\Common Files\Oracle\Java\javapath;C:\Windows\System32\HWAudioDriverLibs;C:\Windows\system32;C:\Windows;C:\Windows\System32\Wbem;C:\Windows\System32\WindowsPowerShell\v1.0\;C:\Windows\System32\OpenSSH\;C:\Users\Administrator\AppData\Local\Microsoft\WindowsApps;C:\Program Files\Microsoft SQL Server\150\Tools\Binn\;C:\Program Files\Microsoft SQL Server\Client SDK\ODBC\170\Tools\Binn\;C:\Program Files\dotnet\;D:\Windows Kits\10\Windows Performance Toolkit\;C:\Program Files\Java\jdk-23\bin;C:\WINDOWS\system32;C:\WINDOWS;C:\WINDOWS\System32\Wbem;C:\WINDOWS\System32\WindowsPowerShell\v1.0\;C:\WINDOWS\System32\OpenSSH\;C:\Program Files\nodejs\;C:\Program Files\Docker\Docker\resources\bin;C:\Program Files\TortoiseGit\bin;C:\Program Files\Git\cmd;C:\Users\danil\AppData\Local\Programs\Python\Python312\Scripts\;C:\Users\danil\AppData\Local\Programs\Python\Python312\;C:\Users\danil\AppData\Local\Microsoft\WindowsApps;C:\Users\danil\.dotnet\tools;C:\Users\danil\AppData\Local\Programs\Microsoft VS Code\bin;C:\Users\danil\AppData\Roaming\npm;D:\DataBase\18\bin;C:\Program Files\Processing\app
USERNAME=danil
OS=Windows_NT
PROCESSOR_IDENTIFIER=Intel64 Family 6 Model 140 Stepping 2, GenuineIntel
TMP=C:\Users\danil\AppData\Local\Temp
TEMP=C:\Users\danil\AppData\Local\Temp



Periodic native trim disabled


---------------  S Y S T E M  ---------------

OS:
 Windows 11 , 64 bit Build 26100 (10.0.26100.8328)
OS uptime: 0 days 4:13 hours
Hyper-V role detected

CPU: total 8 (initial active 8) (4 cores per cpu, 2 threads per core) family 6 model 140 stepping 2 microcode 0x16, cx8, cmov, fxsr, ht, mmx, 3dnowpref, sse, sse2, sse3, ssse3, sse4.1, sse4.2, popcnt, lzcnt, tsc, tscinvbit, avx, avx2, aes, erms, clmul, bmi1, bmi2, adx, avx512f, avx512dq, avx512cd, avx512bw, avx512vl, sha, fma, vzeroupper, avx512_vpopcntdq, avx512_vpclmulqdq, avx512_vaes, avx512_vnni, clflush, clflushopt, clwb, avx512_vbmi2, avx512_vbmi, hv
Processor Information for all 8 processors :
  Max Mhz: 2496, Current Mhz: 2496, Mhz Limit: 2496

Memory: 4k page, system-wide physical 7975M (1908M free)
TotalPageFile size 17703M (AvailPageFile size 7632M)
current process WorkingSet (physical memory assigned to process): 1077M, peak: 1090M
current process commit charge ("private bytes"): 1168M, peak: 1192M

vm_info: OpenJDK 64-Bit Server VM (17.0.14+7) for windows-amd64 JRE (17.0.14+7), built on Jan 21 2025 23:40:15 by "admin" with MS VC++ 17.7 (VS2022)

END.
